figure,panel,record_type,source_path,source_sha256,model,frequency,metric,raw_value,display_value,display_unit,transform,method,row,column,node_index,node_label,original_node,x_px,y_px,node_u,node_v,persistence,length_px,coupling,mapping,status,setting_id,condition,seed,profile_amplitude,profile_calibration_error,crosstalk_fraction,noise_fraction,repeats,query_or_read_count,fit_success,relative_J_error,weighted_residual_norm,optimizer_message,source_row_index,case_id,filter,nominal_query_count,actual_query_count,total_count,finite_count,converged_count,raw_q25,raw_median,raw_q75,raw_p90,display_q25,display_median,display_q75,display_p90
2,b,forward,code/run_k8_morphology_validation.py,babd751a7e52245e96791a51c9b203186b69fd6dcf491ae37c1f5375af4e9b64,Original,0.34999999999999998,coherent_real,0.326720120735496,0.326720120735496,dimensionless,identity,Frozen deterministic forward; seed 41001; no fitting,NA,NA,NA,NA,NA,NA,NA,NA,NA,NA,NA,NA,NA,NA,NA,NA,NA,NA,NA,NA,NA,NA,NA,NA,NA,NA,NA,NA,NA,NA,NA,NA,NA,NA,NA,NA,NA,NA,NA,NA,NA,NA,NA
2,b,forward,code/run_k8_morphology_validation.py,babd751a7e52245e96791a51c9b203186b69fd6dcf491ae37c1f5375af4e9b64,Original,0.34999999999999998,coherent_imag,-0.085489216962960565,-0.085489216962960565,dimensionless,identity,Frozen deterministic forward; seed 41001; no fitting,NA,NA,NA,NA,NA,NA,NA,NA,NA,NA,NA,NA,NA,NA,NA,NA,NA,NA,NA,NA,NA,NA,NA,NA,NA,NA,NA,NA,NA,NA,NA,NA,NA,NA,NA,NA,NA,NA,NA,NA,NA,NA,NA
2,b,forward,code/run_k8_morphology_validation.py,babd751a7e52245e96791a51c9b203186b69fd6dcf491ae37c1f5375af4e9b64,Original,0.34999999999999998,coherent_abs,0.33771947457965351,0.33771947457965351,dimensionless,identity,Frozen deterministic forward; seed 41001; no fitting,NA,NA,NA,NA,NA,NA,NA,NA,NA,NA,NA,NA,NA,NA,NA,NA,NA,NA,NA,NA,NA,NA,NA,NA,NA,NA,NA,NA,NA,NA,NA,NA,NA,NA,NA,NA,NA,NA,NA,NA,NA,NA,NA
2,c,forward,code/run_k8_morphology_validation.py,babd751a7e52245e96791a51c9b203186b69fd6dcf491ae37c1f5375af4e9b64,Original,0.34999999999999998,added_root_power_P2,0.032554614997003739,0.032554614997003739,dimensionless,identity,Frozen deterministic forward; seed 41001; no fitting,NA,NA,NA,NA,NA,NA,NA,NA,NA,NA,NA,NA,NA,NA,NA,NA,NA,NA,NA,NA,NA,NA,NA,NA,NA,NA,NA,NA,NA,NA,NA,NA,NA,NA,NA,NA,NA,NA,NA,NA,NA,NA,NA
2,b,forward,code/run_k8_morphology_validation.py,babd751a7e52245e96791a51c9b203186b69fd6dcf491ae37c1f5375af4e9b64,Original,0.75,coherent_real,0.26080933559340996,0.26080933559340996,dimensionless,identity,Frozen deterministic forward; seed 41001; no fitting,NA,NA,NA,NA,NA,NA,NA,NA,NA,NA,NA,NA,NA,NA,NA,NA,NA,NA,NA,NA,NA,NA,NA,NA,NA,NA,NA,NA,NA,NA,NA,NA,NA,NA,NA,NA,NA,NA,NA,NA,NA,NA,NA
2,b,forward,code/run_k8_morphology_validation.py,babd751a7e52245e96791a51c9b203186b69fd6dcf491ae37c1f5375af4e9b64,Original,0.75,coherent_imag,-0.13190690200878369,-0.13190690200878369,dimensionless,identity,Frozen deterministic forward; seed 41001; no fitting,NA,NA,NA,NA,NA,NA,NA,NA,NA,NA,NA,NA,NA,NA,NA,NA,NA,NA,NA,NA,NA,NA,NA,NA,NA,NA,NA,NA,NA,NA,NA,NA,NA,NA,NA,NA,NA,NA,NA,NA,NA,NA,NA
2,b,forward,code/run_k8_morphology_validation.py,babd751a7e52245e96791a51c9b203186b69fd6dcf491ae37c1f5375af4e9b64,Original,0.75,coherent_abs,0.29226860989547065,0.29226860989547065,dimensionless,identity,Frozen deterministic forward; seed 41001; no fitting,NA,NA,NA,NA,NA,NA,NA,NA,NA,NA,NA,NA,NA,NA,NA,NA,NA,NA,NA,NA,NA,NA,NA,NA,NA,NA,NA,NA,NA,NA,NA,NA,NA,NA,NA,NA,NA,NA,NA,NA,NA,NA,NA
2,c,forward,code/run_k8_morphology_validation.py,babd751a7e52245e96791a51c9b203186b69fd6dcf491ae37c1f5375af4e9b64,Original,0.75,added_root_power_P2,0.022600068857342892,0.022600068857342892,dimensionless,identity,Frozen deterministic forward; seed 41001; no fitting,NA,NA,NA,NA,NA,NA,NA,NA,NA,NA,NA,NA,NA,NA,NA,NA,NA,NA,NA,NA,NA,NA,NA,NA,NA,NA,NA,NA,NA,NA,NA,NA,NA,NA,NA,NA,NA,NA,NA,NA,NA,NA,NA
2,b,forward,code/run_k8_morphology_validation.py,babd751a7e52245e96791a51c9b203186b69fd6dcf491ae37c1f5375af4e9b64,Original,1.2,coherent_real,0.20205676345614612,0.20205676345614612,dimensionless,identity,Frozen deterministic forward; seed 41001; no fitting,NA,NA,NA,NA,NA,NA,NA,NA,NA,NA,NA,NA,NA,NA,NA,NA,NA,NA,NA,NA,NA,NA,NA,NA,NA,NA,NA,NA,NA,NA,NA,NA,NA,NA,NA,NA,NA,NA,NA,NA,NA,NA,NA
2,b,forward,code/run_k8_morphology_validation.py,babd751a7e52245e96791a51c9b203186b69fd6dcf491ae37c1f5375af4e9b64,Original,1.2,coherent_imag,-0.13930831400145868,-0.13930831400145868,dimensionless,identity,Frozen deterministic forward; seed 41001; no fitting,NA,NA,NA,NA,NA,NA,NA,NA,NA,NA,NA,NA,NA,NA,NA,NA,NA,NA,NA,NA,NA,NA,NA,NA,NA,NA,NA,NA,NA,NA,NA,NA,NA,NA,NA,NA,NA,NA,NA,NA,NA,NA,NA
2,b,forward,code/run_k8_morphology_validation.py,babd751a7e52245e96791a51c9b203186b69fd6dcf491ae37c1f5375af4e9b64,Original,1.2,coherent_abs,0.24542563437485906,0.24542563437485906,dimensionless,identity,Frozen deterministic forward; seed 41001; no fitting,NA,NA,NA,NA,NA,NA,NA,NA,NA,NA,NA,NA,NA,NA,NA,NA,NA,NA,NA,NA,NA,NA,NA,NA,NA,NA,NA,NA,NA,NA,NA,NA,NA,NA,NA,NA,NA,NA,NA,NA,NA,NA,NA
2,c,forward,code/run_k8_morphology_validation.py,babd751a7e52245e96791a51c9b203186b69fd6dcf491ae37c1f5375af4e9b64,Original,1.2,added_root_power_P2,0.013929735311115854,0.013929735311115854,dimensionless,identity,Frozen deterministic forward; seed 41001; no fitting,NA,NA,NA,NA,NA,NA,NA,NA,NA,NA,NA,NA,NA,NA,NA,NA,NA,NA,NA,NA,NA,NA,NA,NA,NA,NA,NA,NA,NA,NA,NA,NA,NA,NA,NA,NA,NA,NA,NA,NA,NA,NA,NA
2,b,forward,code/run_k8_morphology_validation.py,babd751a7e52245e96791a51c9b203186b69fd6dcf491ae37c1f5375af4e9b64,Original,1.75,coherent_real,0.15941136746407558,0.15941136746407558,dimensionless,identity,Frozen deterministic forward; seed 41001; no fitting,NA,NA,NA,NA,NA,NA,NA,NA,NA,NA,NA,NA,NA,NA,NA,NA,NA,NA,NA,NA,NA,NA,NA,NA,NA,NA,NA,NA,NA,NA,NA,NA,NA,NA,NA,NA,NA,NA,NA,NA,NA,NA,NA
2,b,forward,code/run_k8_morphology_validation.py,babd751a7e52245e96791a51c9b203186b69fd6dcf491ae37c1f5375af4e9b64,Original,1.75,coherent_imag,-0.13102769816337026,-0.13102769816337026,dimensionless,identity,Frozen deterministic forward; seed 41001; no fitting,NA,NA,NA,NA,NA,NA,NA,NA,NA,NA,NA,NA,NA,NA,NA,NA,NA,NA,NA,NA,NA,NA,NA,NA,NA,NA,NA,NA,NA,NA,NA,NA,NA,NA,NA,NA,NA,NA,NA,NA,NA,NA,NA
2,b,forward,code/run_k8_morphology_validation.py,babd751a7e52245e96791a51c9b203186b69fd6dcf491ae37c1f5375af4e9b64,Original,1.75,coherent_abs,0.20634980436811129,0.20634980436811129,dimensionless,identity,Frozen deterministic forward; seed 41001; no fitting,NA,NA,NA,NA,NA,NA,NA,NA,NA,NA,NA,NA,NA,NA,NA,NA,NA,NA,NA,NA,NA,NA,NA,NA,NA,NA,NA,NA,NA,NA,NA,NA,NA,NA,NA,NA,NA,NA,NA,NA,NA,NA,NA
2,c,forward,code/run_k8_morphology_validation.py,babd751a7e52245e96791a51c9b203186b69fd6dcf491ae37c1f5375af4e9b64,Original,1.75,added_root_power_P2,0.008016264302314724,0.008016264302314724,dimensionless,identity,Frozen deterministic forward; seed 41001; no fitting,NA,NA,NA,NA,NA,NA,NA,NA,NA,NA,NA,NA,NA,NA,NA,NA,NA,NA,NA,NA,NA,NA,NA,NA,NA,NA,NA,NA,NA,NA,NA,NA,NA,NA,NA,NA,NA,NA,NA,NA,NA,NA,NA
2,b,forward,code/run_k8_morphology_validation.py,babd751a7e52245e96791a51c9b203186b69fd6dcf491ae37c1f5375af4e9b64,Daughter-swapped,0.34999999999999998,coherent_real,0.326720120735496,0.326720120735496,dimensionless,identity,Frozen deterministic forward; seed 41001; no fitting,NA,NA,NA,NA,NA,NA,NA,NA,NA,NA,NA,NA,NA,NA,NA,NA,NA,NA,NA,NA,NA,NA,NA,NA,NA,NA,NA,NA,NA,NA,NA,NA,NA,NA,NA,NA,NA,NA,NA,NA,NA,NA,NA
2,b,forward,code/run_k8_morphology_validation.py,babd751a7e52245e96791a51c9b203186b69fd6dcf491ae37c1f5375af4e9b64,Daughter-swapped,0.34999999999999998,coherent_imag,-0.085489216962960565,-0.085489216962960565,dimensionless,identity,Frozen deterministic forward; seed 41001; no fitting,NA,NA,NA,NA,NA,NA,NA,NA,NA,NA,NA,NA,NA,NA,NA,NA,NA,NA,NA,NA,NA,NA,NA,NA,NA,NA,NA,NA,NA,NA,NA,NA,NA,NA,NA,NA,NA,NA,NA,NA,NA,NA,NA
2,b,forward,code/run_k8_morphology_validation.py,babd751a7e52245e96791a51c9b203186b69fd6dcf491ae37c1f5375af4e9b64,Daughter-swapped,0.34999999999999998,coherent_abs,0.33771947457965351,0.33771947457965351,dimensionless,identity,Frozen deterministic forward; seed 41001; no fitting,NA,NA,NA,NA,NA,NA,NA,NA,NA,NA,NA,NA,NA,NA,NA,NA,NA,NA,NA,NA,NA,NA,NA,NA,NA,NA,NA,NA,NA,NA,NA,NA,NA,NA,NA,NA,NA,NA,NA,NA,NA,NA,NA
2,c,forward,code/run_k8_morphology_validation.py,babd751a7e52245e96791a51c9b203186b69fd6dcf491ae37c1f5375af4e9b64,Daughter-swapped,0.34999999999999998,added_root_power_P2,0.039816080247460417,0.039816080247460417,dimensionless,identity,Frozen deterministic forward; seed 41001; no fitting,NA,NA,NA,NA,NA,NA,NA,NA,NA,NA,NA,NA,NA,NA,NA,NA,NA,NA,NA,NA,NA,NA,NA,NA,NA,NA,NA,NA,NA,NA,NA,NA,NA,NA,NA,NA,NA,NA,NA,NA,NA,NA,NA
2,b,forward,code/run_k8_morphology_validation.py,babd751a7e52245e96791a51c9b203186b69fd6dcf491ae37c1f5375af4e9b64,Daughter-swapped,0.75,coherent_real,0.26080933559340996,0.26080933559340996,dimensionless,identity,Frozen deterministic forward; seed 41001; no fitting,NA,NA,NA,NA,NA,NA,NA,NA,NA,NA,NA,NA,NA,NA,NA,NA,NA,NA,NA,NA,NA,NA,NA,NA,NA,NA,NA,NA,NA,NA,NA,NA,NA,NA,NA,NA,NA,NA,NA,NA,NA,NA,NA
2,b,forward,code/run_k8_morphology_validation.py,babd751a7e52245e96791a51c9b203186b69fd6dcf491ae37c1f5375af4e9b64,Daughter-swapped,0.75,coherent_imag,-0.13190690200878369,-0.13190690200878369,dimensionless,identity,Frozen deterministic forward; seed 41001; no fitting,NA,NA,NA,NA,NA,NA,NA,NA,NA,NA,NA,NA,NA,NA,NA,NA,NA,NA,NA,NA,NA,NA,NA,NA,NA,NA,NA,NA,NA,NA,NA,NA,NA,NA,NA,NA,NA,NA,NA,NA,NA,NA,NA
2,b,forward,code/run_k8_morphology_validation.py,babd751a7e52245e96791a51c9b203186b69fd6dcf491ae37c1f5375af4e9b64,Daughter-swapped,0.75,coherent_abs,0.29226860989547065,0.29226860989547065,dimensionless,identity,Frozen deterministic forward; seed 41001; no fitting,NA,NA,NA,NA,NA,NA,NA,NA,NA,NA,NA,NA,NA,NA,NA,NA,NA,NA,NA,NA,NA,NA,NA,NA,NA,NA,NA,NA,NA,NA,NA,NA,NA,NA,NA,NA,NA,NA,NA,NA,NA,NA,NA
2,c,forward,code/run_k8_morphology_validation.py,babd751a7e52245e96791a51c9b203186b69fd6dcf491ae37c1f5375af4e9b64,Daughter-swapped,0.75,added_root_power_P2,0.027338831632551575,0.027338831632551575,dimensionless,identity,Frozen deterministic forward; seed 41001; no fitting,NA,NA,NA,NA,NA,NA,NA,NA,NA,NA,NA,NA,NA,NA,NA,NA,NA,NA,NA,NA,NA,NA,NA,NA,NA,NA,NA,NA,NA,NA,NA,NA,NA,NA,NA,NA,NA,NA,NA,NA,NA,NA,NA
2,b,forward,code/run_k8_morphology_validation.py,babd751a7e52245e96791a51c9b203186b69fd6dcf491ae37c1f5375af4e9b64,Daughter-swapped,1.2,coherent_real,0.20205676345614607,0.20205676345614607,dimensionless,identity,Frozen deterministic forward; seed 41001; no fitting,NA,NA,NA,NA,NA,NA,NA,NA,NA,NA,NA,NA,NA,NA,NA,NA,NA,NA,NA,NA,NA,NA,NA,NA,NA,NA,NA,NA,NA,NA,NA,NA,NA,NA,NA,NA,NA,NA,NA,NA,NA,NA,NA
2,b,forward,code/run_k8_morphology_validation.py,babd751a7e52245e96791a51c9b203186b69fd6dcf491ae37c1f5375af4e9b64,Daughter-swapped,1.2,coherent_imag,-0.13930831400145866,-0.13930831400145866,dimensionless,identity,Frozen deterministic forward; seed 41001; no fitting,NA,NA,NA,NA,NA,NA,NA,NA,NA,NA,NA,NA,NA,NA,NA,NA,NA,NA,NA,NA,NA,NA,NA,NA,NA,NA,NA,NA,NA,NA,NA,NA,NA,NA,NA,NA,NA,NA,NA,NA,NA,NA,NA
2,b,forward,code/run_k8_morphology_validation.py,babd751a7e52245e96791a51c9b203186b69fd6dcf491ae37c1f5375af4e9b64,Daughter-swapped,1.2,coherent_abs,0.24542563437485898,0.24542563437485898,dimensionless,identity,Frozen deterministic forward; seed 41001; no fitting,NA,NA,NA,NA,NA,NA,NA,NA,NA,NA,NA,NA,NA,NA,NA,NA,NA,NA,NA,NA,NA,NA,NA,NA,NA,NA,NA,NA,NA,NA,NA,NA,NA,NA,NA,NA,NA,NA,NA,NA,NA,NA,NA
2,c,forward,code/run_k8_morphology_validation.py,babd751a7e52245e96791a51c9b203186b69fd6dcf491ae37c1f5375af4e9b64,Daughter-swapped,1.2,added_root_power_P2,0.016500280698009906,0.016500280698009906,dimensionless,identity,Frozen deterministic forward; seed 41001; no fitting,NA,NA,NA,NA,NA,NA,NA,NA,NA,NA,NA,NA,NA,NA,NA,NA,NA,NA,NA,NA,NA,NA,NA,NA,NA,NA,NA,NA,NA,NA,NA,NA,NA,NA,NA,NA,NA,NA,NA,NA,NA,NA,NA
2,b,forward,code/run_k8_morphology_validation.py,babd751a7e52245e96791a51c9b203186b69fd6dcf491ae37c1f5375af4e9b64,Daughter-swapped,1.75,coherent_real,0.15941136746407558,0.15941136746407558,dimensionless,identity,Frozen deterministic forward; seed 41001; no fitting,NA,NA,NA,NA,NA,NA,NA,NA,NA,NA,NA,NA,NA,NA,NA,NA,NA,NA,NA,NA,NA,NA,NA,NA,NA,NA,NA,NA,NA,NA,NA,NA,NA,NA,NA,NA,NA,NA,NA,NA,NA,NA,NA
2,b,forward,code/run_k8_morphology_validation.py,babd751a7e52245e96791a51c9b203186b69fd6dcf491ae37c1f5375af4e9b64,Daughter-swapped,1.75,coherent_imag,-0.13102769816337026,-0.13102769816337026,dimensionless,identity,Frozen deterministic forward; seed 41001; no fitting,NA,NA,NA,NA,NA,NA,NA,NA,NA,NA,NA,NA,NA,NA,NA,NA,NA,NA,NA,NA,NA,NA,NA,NA,NA,NA,NA,NA,NA,NA,NA,NA,NA,NA,NA,NA,NA,NA,NA,NA,NA,NA,NA
2,b,forward,code/run_k8_morphology_validation.py,babd751a7e52245e96791a51c9b203186b69fd6dcf491ae37c1f5375af4e9b64,Daughter-swapped,1.75,coherent_abs,0.20634980436811129,0.20634980436811129,dimensionless,identity,Frozen deterministic forward; seed 41001; no fitting,NA,NA,NA,NA,NA,NA,NA,NA,NA,NA,NA,NA,NA,NA,NA,NA,NA,NA,NA,NA,NA,NA,NA,NA,NA,NA,NA,NA,NA,NA,NA,NA,NA,NA,NA,NA,NA,NA,NA,NA,NA,NA,NA
2,c,forward,code/run_k8_morphology_validation.py,babd751a7e52245e96791a51c9b203186b69fd6dcf491ae37c1f5375af4e9b64,Daughter-swapped,1.75,added_root_power_P2,0.0091608427306361095,0.0091608427306361095,dimensionless,identity,Frozen deterministic forward; seed 41001; no fitting,NA,NA,NA,NA,NA,NA,NA,NA,NA,NA,NA,NA,NA,NA,NA,NA,NA,NA,NA,NA,NA,NA,NA,NA,NA,NA,NA,NA,NA,NA,NA,NA,NA,NA,NA,NA,NA,NA,NA,NA,NA,NA,NA
2,a/c,model,code/run_k8_morphology_validation.py,babd751a7e52245e96791a51c9b203186b69fd6dcf491ae37c1f5375af4e9b64,NA,NA,J,-6.5155519387711482,NA,NA,NA,NA,0,0,NA,NA,NA,NA,NA,NA,NA,NA,NA,NA,NA,NA,NA,NA,NA,NA,NA,NA,NA,NA,NA,NA,NA,NA,NA,NA,NA,NA,NA,NA,NA,NA,NA,NA,NA,NA,NA,NA,NA,NA,NA
2,a/c,model,code/run_k8_morphology_validation.py,babd751a7e52245e96791a51c9b203186b69fd6dcf491ae37c1f5375af4e9b64,NA,NA,J,5.1578882339248295,NA,NA,NA,NA,0,1,NA,NA,NA,NA,NA,NA,NA,NA,NA,NA,NA,NA,NA,NA,NA,NA,NA,NA,NA,NA,NA,NA,NA,NA,NA,NA,NA,NA,NA,NA,NA,NA,NA,NA,NA,NA,NA,NA,NA,NA,NA
2,a/c,model,code/run_k8_morphology_validation.py,babd751a7e52245e96791a51c9b203186b69fd6dcf491ae37c1f5375af4e9b64,NA,NA,J,0,NA,NA,NA,NA,0,2,NA,NA,NA,NA,NA,NA,NA,NA,NA,NA,NA,NA,NA,NA,NA,NA,NA,NA,NA,NA,NA,NA,NA,NA,NA,NA,NA,NA,NA,NA,NA,NA,NA,NA,NA,NA,NA,NA,NA,NA,NA
2,a/c,model,code/run_k8_morphology_validation.py,babd751a7e52245e96791a51c9b203186b69fd6dcf491ae37c1f5375af4e9b64,NA,NA,J,0,NA,NA,NA,NA,0,3,NA,NA,NA,NA,NA,NA,NA,NA,NA,NA,NA,NA,NA,NA,NA,NA,NA,NA,NA,NA,NA,NA,NA,NA,NA,NA,NA,NA,NA,NA,NA,NA,NA,NA,NA,NA,NA,NA,NA,NA,NA
2,a/c,model,code/run_k8_morphology_validation.py,babd751a7e52245e96791a51c9b203186b69fd6dcf491ae37c1f5375af4e9b64,NA,NA,J,5.1578882339248295,NA,NA,NA,NA,1,0,NA,NA,NA,NA,NA,NA,NA,NA,NA,NA,NA,NA,NA,NA,NA,NA,NA,NA,NA,NA,NA,NA,NA,NA,NA,NA,NA,NA,NA,NA,NA,NA,NA,NA,NA,NA,NA,NA,NA,NA,NA
2,a/c,model,code/run_k8_morphology_validation.py,babd751a7e52245e96791a51c9b203186b69fd6dcf491ae37c1f5375af4e9b64,NA,NA,J,-14.279691444536457,NA,NA,NA,NA,1,1,NA,NA,NA,NA,NA,NA,NA,NA,NA,NA,NA,NA,NA,NA,NA,NA,NA,NA,NA,NA,NA,NA,NA,NA,NA,NA,NA,NA,NA,NA,NA,NA,NA,NA,NA,NA,NA,NA,NA,NA,NA
2,a/c,model,code/run_k8_morphology_validation.py,babd751a7e52245e96791a51c9b203186b69fd6dcf491ae37c1f5375af4e9b64,NA,NA,J,5.1881067197057531,NA,NA,NA,NA,1,2,NA,NA,NA,NA,NA,NA,NA,NA,NA,NA,NA,NA,NA,NA,NA,NA,NA,NA,NA,NA,NA,NA,NA,NA,NA,NA,NA,NA,NA,NA,NA,NA,NA,NA,NA,NA,NA,NA,NA,NA,NA
2,a/c,model,code/run_k8_morphology_validation.py,babd751a7e52245e96791a51c9b203186b69fd6dcf491ae37c1f5375af4e9b64,NA,NA,J,3.8572438190263405,NA,NA,NA,NA,1,3,NA,NA,NA,NA,NA,NA,NA,NA,NA,NA,NA,NA,NA,NA,NA,NA,NA,NA,NA,NA,NA,NA,NA,NA,NA,NA,NA,NA,NA,NA,NA,NA,NA,NA,NA,NA,NA,NA,NA,NA,NA
2,a/c,model,code/run_k8_morphology_validation.py,babd751a7e52245e96791a51c9b203186b69fd6dcf491ae37c1f5375af4e9b64,NA,NA,J,0,NA,NA,NA,NA,2,0,NA,NA,NA,NA,NA,NA,NA,NA,NA,NA,NA,NA,NA,NA,NA,NA,NA,NA,NA,NA,NA,NA,NA,NA,NA,NA,NA,NA,NA,NA,NA,NA,NA,NA,NA,NA,NA,NA,NA,NA,NA
2,a/c,model,code/run_k8_morphology_validation.py,babd751a7e52245e96791a51c9b203186b69fd6dcf491ae37c1f5375af4e9b64,NA,NA,J,5.1881067197057522,NA,NA,NA,NA,2,1,NA,NA,NA,NA,NA,NA,NA,NA,NA,NA,NA,NA,NA,NA,NA,NA,NA,NA,NA,NA,NA,NA,NA,NA,NA,NA,NA,NA,NA,NA,NA,NA,NA,NA,NA,NA,NA,NA,NA,NA,NA
2,a/c,model,code/run_k8_morphology_validation.py,babd751a7e52245e96791a51c9b203186b69fd6dcf491ae37c1f5375af4e9b64,NA,NA,J,-6.9059160460285796,NA,NA,NA,NA,2,2,NA,NA,NA,NA,NA,NA,NA,NA,NA,NA,NA,NA,NA,NA,NA,NA,NA,NA,NA,NA,NA,NA,NA,NA,NA,NA,NA,NA,NA,NA,NA,NA,NA,NA,NA,NA,NA,NA,NA,NA,NA
2,a/c,model,code/run_k8_morphology_validation.py,babd751a7e52245e96791a51c9b203186b69fd6dcf491ae37c1f5375af4e9b64,NA,NA,J,0,NA,NA,NA,NA,2,3,NA,NA,NA,NA,NA,NA,NA,NA,NA,NA,NA,NA,NA,NA,NA,NA,NA,NA,NA,NA,NA,NA,NA,NA,NA,NA,NA,NA,NA,NA,NA,NA,NA,NA,NA,NA,NA,NA,NA,NA,NA
2,a/c,model,code/run_k8_morphology_validation.py,babd751a7e52245e96791a51c9b203186b69fd6dcf491ae37c1f5375af4e9b64,NA,NA,J,0,NA,NA,NA,NA,3,0,NA,NA,NA,NA,NA,NA,NA,NA,NA,NA,NA,NA,NA,NA,NA,NA,NA,NA,NA,NA,NA,NA,NA,NA,NA,NA,NA,NA,NA,NA,NA,NA,NA,NA,NA,NA,NA,NA,NA,NA,NA
2,a/c,model,code/run_k8_morphology_validation.py,babd751a7e52245e96791a51c9b203186b69fd6dcf491ae37c1f5375af4e9b64,NA,NA,J,3.8572438190263405,NA,NA,NA,NA,3,1,NA,NA,NA,NA,NA,NA,NA,NA,NA,NA,NA,NA,NA,NA,NA,NA,NA,NA,NA,NA,NA,NA,NA,NA,NA,NA,NA,NA,NA,NA,NA,NA,NA,NA,NA,NA,NA,NA,NA,NA,NA
2,a/c,model,code/run_k8_morphology_validation.py,babd751a7e52245e96791a51c9b203186b69fd6dcf491ae37c1f5375af4e9b64,NA,NA,J,0,NA,NA,NA,NA,3,2,NA,NA,NA,NA,NA,NA,NA,NA,NA,NA,NA,NA,NA,NA,NA,NA,NA,NA,NA,NA,NA,NA,NA,NA,NA,NA,NA,NA,NA,NA,NA,NA,NA,NA,NA,NA,NA,NA,NA,NA,NA
2,a/c,model,code/run_k8_morphology_validation.py,babd751a7e52245e96791a51c9b203186b69fd6dcf491ae37c1f5375af4e9b64,NA,NA,J,-4.6354201103768196,NA,NA,NA,NA,3,3,NA,NA,NA,NA,NA,NA,NA,NA,NA,NA,NA,NA,NA,NA,NA,NA,NA,NA,NA,NA,NA,NA,NA,NA,NA,NA,NA,NA,NA,NA,NA,NA,NA,NA,NA,NA,NA,NA,NA,NA,NA
2,a/c,model,code/run_k8_morphology_validation.py,babd751a7e52245e96791a51c9b203186b69fd6dcf491ae37c1f5375af4e9b64,NA,NA,J_daughter_swapped,-6.5155519387711482,NA,NA,NA,NA,0,0,NA,NA,NA,NA,NA,NA,NA,NA,NA,NA,NA,NA,NA,NA,NA,NA,NA,NA,NA,NA,NA,NA,NA,NA,NA,NA,NA,NA,NA,NA,NA,NA,NA,NA,NA,NA,NA,NA,NA,NA,NA
2,a/c,model,code/run_k8_morphology_validation.py,babd751a7e52245e96791a51c9b203186b69fd6dcf491ae37c1f5375af4e9b64,NA,NA,J_daughter_swapped,5.1578882339248295,NA,NA,NA,NA,0,1,NA,NA,NA,NA,NA,NA,NA,NA,NA,NA,NA,NA,NA,NA,NA,NA,NA,NA,NA,NA,NA,NA,NA,NA,NA,NA,NA,NA,NA,NA,NA,NA,NA,NA,NA,NA,NA,NA,NA,NA,NA
2,a/c,model,code/run_k8_morphology_validation.py,babd751a7e52245e96791a51c9b203186b69fd6dcf491ae37c1f5375af4e9b64,NA,NA,J_daughter_swapped,0,NA,NA,NA,NA,0,2,NA,NA,NA,NA,NA,NA,NA,NA,NA,NA,NA,NA,NA,NA,NA,NA,NA,NA,NA,NA,NA,NA,NA,NA,NA,NA,NA,NA,NA,NA,NA,NA,NA,NA,NA,NA,NA,NA,NA,NA,NA
2,a/c,model,code/run_k8_morphology_validation.py,babd751a7e52245e96791a51c9b203186b69fd6dcf491ae37c1f5375af4e9b64,NA,NA,J_daughter_swapped,0,NA,NA,NA,NA,0,3,NA,NA,NA,NA,NA,NA,NA,NA,NA,NA,NA,NA,NA,NA,NA,NA,NA,NA,NA,NA,NA,NA,NA,NA,NA,NA,NA,NA,NA,NA,NA,NA,NA,NA,NA,NA,NA,NA,NA,NA,NA
2,a/c,model,code/run_k8_morphology_validation.py,babd751a7e52245e96791a51c9b203186b69fd6dcf491ae37c1f5375af4e9b64,NA,NA,J_daughter_swapped,5.1578882339248295,NA,NA,NA,NA,1,0,NA,NA,NA,NA,NA,NA,NA,NA,NA,NA,NA,NA,NA,NA,NA,NA,NA,NA,NA,NA,NA,NA,NA,NA,NA,NA,NA,NA,NA,NA,NA,NA,NA,NA,NA,NA,NA,NA,NA,NA,NA
2,a/c,model,code/run_k8_morphology_validation.py,babd751a7e52245e96791a51c9b203186b69fd6dcf491ae37c1f5375af4e9b64,NA,NA,J_daughter_swapped,-14.279691444536457,NA,NA,NA,NA,1,1,NA,NA,NA,NA,NA,NA,NA,NA,NA,NA,NA,NA,NA,NA,NA,NA,NA,NA,NA,NA,NA,NA,NA,NA,NA,NA,NA,NA,NA,NA,NA,NA,NA,NA,NA,NA,NA,NA,NA,NA,NA
2,a/c,model,code/run_k8_morphology_validation.py,babd751a7e52245e96791a51c9b203186b69fd6dcf491ae37c1f5375af4e9b64,NA,NA,J_daughter_swapped,3.8572438190263405,NA,NA,NA,NA,1,2,NA,NA,NA,NA,NA,NA,NA,NA,NA,NA,NA,NA,NA,NA,NA,NA,NA,NA,NA,NA,NA,NA,NA,NA,NA,NA,NA,NA,NA,NA,NA,NA,NA,NA,NA,NA,NA,NA,NA,NA,NA
2,a/c,model,code/run_k8_morphology_validation.py,babd751a7e52245e96791a51c9b203186b69fd6dcf491ae37c1f5375af4e9b64,NA,NA,J_daughter_swapped,5.1881067197057531,NA,NA,NA,NA,1,3,NA,NA,NA,NA,NA,NA,NA,NA,NA,NA,NA,NA,NA,NA,NA,NA,NA,NA,NA,NA,NA,NA,NA,NA,NA,NA,NA,NA,NA,NA,NA,NA,NA,NA,NA,NA,NA,NA,NA,NA,NA
2,a/c,model,code/run_k8_morphology_validation.py,babd751a7e52245e96791a51c9b203186b69fd6dcf491ae37c1f5375af4e9b64,NA,NA,J_daughter_swapped,0,NA,NA,NA,NA,2,0,NA,NA,NA,NA,NA,NA,NA,NA,NA,NA,NA,NA,NA,NA,NA,NA,NA,NA,NA,NA,NA,NA,NA,NA,NA,NA,NA,NA,NA,NA,NA,NA,NA,NA,NA,NA,NA,NA,NA,NA,NA
2,a/c,model,code/run_k8_morphology_validation.py,babd751a7e52245e96791a51c9b203186b69fd6dcf491ae37c1f5375af4e9b64,NA,NA,J_daughter_swapped,3.8572438190263405,NA,NA,NA,NA,2,1,NA,NA,NA,NA,NA,NA,NA,NA,NA,NA,NA,NA,NA,NA,NA,NA,NA,NA,NA,NA,NA,NA,NA,NA,NA,NA,NA,NA,NA,NA,NA,NA,NA,NA,NA,NA,NA,NA,NA,NA,NA
2,a/c,model,code/run_k8_morphology_validation.py,babd751a7e52245e96791a51c9b203186b69fd6dcf491ae37c1f5375af4e9b64,NA,NA,J_daughter_swapped,-4.6354201103768196,NA,NA,NA,NA,2,2,NA,NA,NA,NA,NA,NA,NA,NA,NA,NA,NA,NA,NA,NA,NA,NA,NA,NA,NA,NA,NA,NA,NA,NA,NA,NA,NA,NA,NA,NA,NA,NA,NA,NA,NA,NA,NA,NA,NA,NA,NA
2,a/c,model,code/run_k8_morphology_validation.py,babd751a7e52245e96791a51c9b203186b69fd6dcf491ae37c1f5375af4e9b64,NA,NA,J_daughter_swapped,0,NA,NA,NA,NA,2,3,NA,NA,NA,NA,NA,NA,NA,NA,NA,NA,NA,NA,NA,NA,NA,NA,NA,NA,NA,NA,NA,NA,NA,NA,NA,NA,NA,NA,NA,NA,NA,NA,NA,NA,NA,NA,NA,NA,NA,NA,NA
2,a/c,model,code/run_k8_morphology_validation.py,babd751a7e52245e96791a51c9b203186b69fd6dcf491ae37c1f5375af4e9b64,NA,NA,J_daughter_swapped,0,NA,NA,NA,NA,3,0,NA,NA,NA,NA,NA,NA,NA,NA,NA,NA,NA,NA,NA,NA,NA,NA,NA,NA,NA,NA,NA,NA,NA,NA,NA,NA,NA,NA,NA,NA,NA,NA,NA,NA,NA,NA,NA,NA,NA,NA,NA
2,a/c,model,code/run_k8_morphology_validation.py,babd751a7e52245e96791a51c9b203186b69fd6dcf491ae37c1f5375af4e9b64,NA,NA,J_daughter_swapped,5.1881067197057522,NA,NA,NA,NA,3,1,NA,NA,NA,NA,NA,NA,NA,NA,NA,NA,NA,NA,NA,NA,NA,NA,NA,NA,NA,NA,NA,NA,NA,NA,NA,NA,NA,NA,NA,NA,NA,NA,NA,NA,NA,NA,NA,NA,NA,NA,NA
2,a/c,model,code/run_k8_morphology_validation.py,babd751a7e52245e96791a51c9b203186b69fd6dcf491ae37c1f5375af4e9b64,NA,NA,J_daughter_swapped,0,NA,NA,NA,NA,3,2,NA,NA,NA,NA,NA,NA,NA,NA,NA,NA,NA,NA,NA,NA,NA,NA,NA,NA,NA,NA,NA,NA,NA,NA,NA,NA,NA,NA,NA,NA,NA,NA,NA,NA,NA,NA,NA,NA,NA,NA,NA
2,a/c,model,code/run_k8_morphology_validation.py,babd751a7e52245e96791a51c9b203186b69fd6dcf491ae37c1f5375af4e9b64,NA,NA,J_daughter_swapped,-6.9059160460285796,NA,NA,NA,NA,3,3,NA,NA,NA,NA,NA,NA,NA,NA,NA,NA,NA,NA,NA,NA,NA,NA,NA,NA,NA,NA,NA,NA,NA,NA,NA,NA,NA,NA,NA,NA,NA,NA,NA,NA,NA,NA,NA,NA,NA,NA,NA
2,a/c,model,code/run_k8_morphology_validation.py,babd751a7e52245e96791a51c9b203186b69fd6dcf491ae37c1f5375af4e9b64,NA,NA,L,5.9943077836694565,NA,NA,NA,NA,0,0,NA,NA,NA,NA,NA,NA,NA,NA,NA,NA,NA,NA,NA,NA,NA,NA,NA,NA,NA,NA,NA,NA,NA,NA,NA,NA,NA,NA,NA,NA,NA,NA,NA,NA,NA,NA,NA,NA,NA,NA,NA
2,a/c,model,code/run_k8_morphology_validation.py,babd751a7e52245e96791a51c9b203186b69fd6dcf491ae37c1f5375af4e9b64,NA,NA,L,-5.1413564983421232,NA,NA,NA,NA,0,1,NA,NA,NA,NA,NA,NA,NA,NA,NA,NA,NA,NA,NA,NA,NA,NA,NA,NA,NA,NA,NA,NA,NA,NA,NA,NA,NA,NA,NA,NA,NA,NA,NA,NA,NA,NA,NA,NA,NA,NA,NA
2,a/c,model,code/run_k8_morphology_validation.py,babd751a7e52245e96791a51c9b203186b69fd6dcf491ae37c1f5375af4e9b64,NA,NA,L,0,NA,NA,NA,NA,0,2,NA,NA,NA,NA,NA,NA,NA,NA,NA,NA,NA,NA,NA,NA,NA,NA,NA,NA,NA,NA,NA,NA,NA,NA,NA,NA,NA,NA,NA,NA,NA,NA,NA,NA,NA,NA,NA,NA,NA,NA,NA
2,a/c,model,code/run_k8_morphology_validation.py,babd751a7e52245e96791a51c9b203186b69fd6dcf491ae37c1f5375af4e9b64,NA,NA,L,0,NA,NA,NA,NA,0,3,NA,NA,NA,NA,NA,NA,NA,NA,NA,NA,NA,NA,NA,NA,NA,NA,NA,NA,NA,NA,NA,NA,NA,NA,NA,NA,NA,NA,NA,NA,NA,NA,NA,NA,NA,NA,NA,NA,NA,NA,NA
2,a/c,model,code/run_k8_morphology_validation.py,babd751a7e52245e96791a51c9b203186b69fd6dcf491ae37c1f5375af4e9b64,NA,NA,L,-5.1413564983421232,NA,NA,NA,NA,1,0,NA,NA,NA,NA,NA,NA,NA,NA,NA,NA,NA,NA,NA,NA,NA,NA,NA,NA,NA,NA,NA,NA,NA,NA,NA,NA,NA,NA,NA,NA,NA,NA,NA,NA,NA,NA,NA,NA,NA,NA,NA
2,a/c,model,code/run_k8_morphology_validation.py,babd751a7e52245e96791a51c9b203186b69fd6dcf491ae37c1f5375af4e9b64,NA,NA,L,15.422066760099376,NA,NA,NA,NA,1,1,NA,NA,NA,NA,NA,NA,NA,NA,NA,NA,NA,NA,NA,NA,NA,NA,NA,NA,NA,NA,NA,NA,NA,NA,NA,NA,NA,NA,NA,NA,NA,NA,NA,NA,NA,NA,NA,NA,NA,NA,NA
2,a/c,model,code/run_k8_morphology_validation.py,babd751a7e52245e96791a51c9b203186b69fd6dcf491ae37c1f5375af4e9b64,NA,NA,L,-5,NA,NA,NA,NA,1,2,NA,NA,NA,NA,NA,NA,NA,NA,NA,NA,NA,NA,NA,NA,NA,NA,NA,NA,NA,NA,NA,NA,NA,NA,NA,NA,NA,NA,NA,NA,NA,NA,NA,NA,NA,NA,NA,NA,NA,NA,NA
2,a/c,model,code/run_k8_morphology_validation.py,babd751a7e52245e96791a51c9b203186b69fd6dcf491ae37c1f5375af4e9b64,NA,NA,L,-4.2987074464582724,NA,NA,NA,NA,1,3,NA,NA,NA,NA,NA,NA,NA,NA,NA,NA,NA,NA,NA,NA,NA,NA,NA,NA,NA,NA,NA,NA,NA,NA,NA,NA,NA,NA,NA,NA,NA,NA,NA,NA,NA,NA,NA,NA,NA,NA,NA
2,a/c,model,code/run_k8_morphology_validation.py,babd751a7e52245e96791a51c9b203186b69fd6dcf491ae37c1f5375af4e9b64,NA,NA,L,0,NA,NA,NA,NA,2,0,NA,NA,NA,NA,NA,NA,NA,NA,NA,NA,NA,NA,NA,NA,NA,NA,NA,NA,NA,NA,NA,NA,NA,NA,NA,NA,NA,NA,NA,NA,NA,NA,NA,NA,NA,NA,NA,NA,NA,NA,NA
2,a/c,model,code/run_k8_morphology_validation.py,babd751a7e52245e96791a51c9b203186b69fd6dcf491ae37c1f5375af4e9b64,NA,NA,L,-5,NA,NA,NA,NA,2,1,NA,NA,NA,NA,NA,NA,NA,NA,NA,NA,NA,NA,NA,NA,NA,NA,NA,NA,NA,NA,NA,NA,NA,NA,NA,NA,NA,NA,NA,NA,NA,NA,NA,NA,NA,NA,NA,NA,NA,NA,NA
2,a/c,model,code/run_k8_morphology_validation.py,babd751a7e52245e96791a51c9b203186b69fd6dcf491ae37c1f5375af4e9b64,NA,NA,L,5.939087799584577,NA,NA,NA,NA,2,2,NA,NA,NA,NA,NA,NA,NA,NA,NA,NA,NA,NA,NA,NA,NA,NA,NA,NA,NA,NA,NA,NA,NA,NA,NA,NA,NA,NA,NA,NA,NA,NA,NA,NA,NA,NA,NA,NA,NA,NA,NA
2,a/c,model,code/run_k8_morphology_validation.py,babd751a7e52245e96791a51c9b203186b69fd6dcf491ae37c1f5375af4e9b64,NA,NA,L,0,NA,NA,NA,NA,2,3,NA,NA,NA,NA,NA,NA,NA,NA,NA,NA,NA,NA,NA,NA,NA,NA,NA,NA,NA,NA,NA,NA,NA,NA,NA,NA,NA,NA,NA,NA,NA,NA,NA,NA,NA,NA,NA,NA,NA,NA,NA
2,a/c,model,code/run_k8_morphology_validation.py,babd751a7e52245e96791a51c9b203186b69fd6dcf491ae37c1f5375af4e9b64,NA,NA,L,0,NA,NA,NA,NA,3,0,NA,NA,NA,NA,NA,NA,NA,NA,NA,NA,NA,NA,NA,NA,NA,NA,NA,NA,NA,NA,NA,NA,NA,NA,NA,NA,NA,NA,NA,NA,NA,NA,NA,NA,NA,NA,NA,NA,NA,NA,NA
2,a/c,model,code/run_k8_morphology_validation.py,babd751a7e52245e96791a51c9b203186b69fd6dcf491ae37c1f5375af4e9b64,NA,NA,L,-4.2987074464582724,NA,NA,NA,NA,3,1,NA,NA,NA,NA,NA,NA,NA,NA,NA,NA,NA,NA,NA,NA,NA,NA,NA,NA,NA,NA,NA,NA,NA,NA,NA,NA,NA,NA,NA,NA,NA,NA,NA,NA,NA,NA,NA,NA,NA,NA,NA
2,a/c,model,code/run_k8_morphology_validation.py,babd751a7e52245e96791a51c9b203186b69fd6dcf491ae37c1f5375af4e9b64,NA,NA,L,0,NA,NA,NA,NA,3,2,NA,NA,NA,NA,NA,NA,NA,NA,NA,NA,NA,NA,NA,NA,NA,NA,NA,NA,NA,NA,NA,NA,NA,NA,NA,NA,NA,NA,NA,NA,NA,NA,NA,NA,NA,NA,NA,NA,NA,NA,NA
2,a/c,model,code/run_k8_morphology_validation.py,babd751a7e52245e96791a51c9b203186b69fd6dcf491ae37c1f5375af4e9b64,NA,NA,L,5.3307331269333424,NA,NA,NA,NA,3,3,NA,NA,NA,NA,NA,NA,NA,NA,NA,NA,NA,NA,NA,NA,NA,NA,NA,NA,NA,NA,NA,NA,NA,NA,NA,NA,NA,NA,NA,NA,NA,NA,NA,NA,NA,NA,NA,NA,NA,NA,NA
2,a/c,model,code/run_k8_morphology_validation.py,babd751a7e52245e96791a51c9b203186b69fd6dcf491ae37c1f5375af4e9b64,NA,NA,C,0.92000000000000004,NA,NA,NA,NA,0,0,NA,NA,NA,NA,NA,NA,NA,NA,NA,NA,NA,NA,NA,NA,NA,NA,NA,NA,NA,NA,NA,NA,NA,NA,NA,NA,NA,NA,NA,NA,NA,NA,NA,NA,NA,NA,NA,NA,NA,NA,NA
2,a/c,model,code/run_k8_morphology_validation.py,babd751a7e52245e96791a51c9b203186b69fd6dcf491ae37c1f5375af4e9b64,NA,NA,C,0,NA,NA,NA,NA,0,1,NA,NA,NA,NA,NA,NA,NA,NA,NA,NA,NA,NA,NA,NA,NA,NA,NA,NA,NA,NA,NA,NA,NA,NA,NA,NA,NA,NA,NA,NA,NA,NA,NA,NA,NA,NA,NA,NA,NA,NA,NA
2,a/c,model,code/run_k8_morphology_validation.py,babd751a7e52245e96791a51c9b203186b69fd6dcf491ae37c1f5375af4e9b64,NA,NA,C,0,NA,NA,NA,NA,0,2,NA,NA,NA,NA,NA,NA,NA,NA,NA,NA,NA,NA,NA,NA,NA,NA,NA,NA,NA,NA,NA,NA,NA,NA,NA,NA,NA,NA,NA,NA,NA,NA,NA,NA,NA,NA,NA,NA,NA,NA,NA
2,a/c,model,code/run_k8_morphology_validation.py,babd751a7e52245e96791a51c9b203186b69fd6dcf491ae37c1f5375af4e9b64,NA,NA,C,0,NA,NA,NA,NA,0,3,NA,NA,NA,NA,NA,NA,NA,NA,NA,NA,NA,NA,NA,NA,NA,NA,NA,NA,NA,NA,NA,NA,NA,NA,NA,NA,NA,NA,NA,NA,NA,NA,NA,NA,NA,NA,NA,NA,NA,NA,NA
2,a/c,model,code/run_k8_morphology_validation.py,babd751a7e52245e96791a51c9b203186b69fd6dcf491ae37c1f5375af4e9b64,NA,NA,C,0,NA,NA,NA,NA,1,0,NA,NA,NA,NA,NA,NA,NA,NA,NA,NA,NA,NA,NA,NA,NA,NA,NA,NA,NA,NA,NA,NA,NA,NA,NA,NA,NA,NA,NA,NA,NA,NA,NA,NA,NA,NA,NA,NA,NA,NA,NA
2,a/c,model,code/run_k8_morphology_validation.py,babd751a7e52245e96791a51c9b203186b69fd6dcf491ae37c1f5375af4e9b64,NA,NA,C,1.0800000000000001,NA,NA,NA,NA,1,1,NA,NA,NA,NA,NA,NA,NA,NA,NA,NA,NA,NA,NA,NA,NA,NA,NA,NA,NA,NA,NA,NA,NA,NA,NA,NA,NA,NA,NA,NA,NA,NA,NA,NA,NA,NA,NA,NA,NA,NA,NA
2,a/c,model,code/run_k8_morphology_validation.py,babd751a7e52245e96791a51c9b203186b69fd6dcf491ae37c1f5375af4e9b64,NA,NA,C,0,NA,NA,NA,NA,1,2,NA,NA,NA,NA,NA,NA,NA,NA,NA,NA,NA,NA,NA,NA,NA,NA,NA,NA,NA,NA,NA,NA,NA,NA,NA,NA,NA,NA,NA,NA,NA,NA,NA,NA,NA,NA,NA,NA,NA,NA,NA
2,a/c,model,code/run_k8_morphology_validation.py,babd751a7e52245e96791a51c9b203186b69fd6dcf491ae37c1f5375af4e9b64,NA,NA,C,0,NA,NA,NA,NA,1,3,NA,NA,NA,NA,NA,NA,NA,NA,NA,NA,NA,NA,NA,NA,NA,NA,NA,NA,NA,NA,NA,NA,NA,NA,NA,NA,NA,NA,NA,NA,NA,NA,NA,NA,NA,NA,NA,NA,NA,NA,NA
2,a/c,model,code/run_k8_morphology_validation.py,babd751a7e52245e96791a51c9b203186b69fd6dcf491ae37c1f5375af4e9b64,NA,NA,C,0,NA,NA,NA,NA,2,0,NA,NA,NA,NA,NA,NA,NA,NA,NA,NA,NA,NA,NA,NA,NA,NA,NA,NA,NA,NA,NA,NA,NA,NA,NA,NA,NA,NA,NA,NA,NA,NA,NA,NA,NA,NA,NA,NA,NA,NA,NA
2,a/c,model,code/run_k8_morphology_validation.py,babd751a7e52245e96791a51c9b203186b69fd6dcf491ae37c1f5375af4e9b64,NA,NA,C,0,NA,NA,NA,NA,2,1,NA,NA,NA,NA,NA,NA,NA,NA,NA,NA,NA,NA,NA,NA,NA,NA,NA,NA,NA,NA,NA,NA,NA,NA,NA,NA,NA,NA,NA,NA,NA,NA,NA,NA,NA,NA,NA,NA,NA,NA,NA
2,a/c,model,code/run_k8_morphology_validation.py,babd751a7e52245e96791a51c9b203186b69fd6dcf491ae37c1f5375af4e9b64,NA,NA,C,0.85999999999999999,NA,NA,NA,NA,2,2,NA,NA,NA,NA,NA,NA,NA,NA,NA,NA,NA,NA,NA,NA,NA,NA,NA,NA,NA,NA,NA,NA,NA,NA,NA,NA,NA,NA,NA,NA,NA,NA,NA,NA,NA,NA,NA,NA,NA,NA,NA
2,a/c,model,code/run_k8_morphology_validation.py,babd751a7e52245e96791a51c9b203186b69fd6dcf491ae37c1f5375af4e9b64,NA,NA,C,0,NA,NA,NA,NA,2,3,NA,NA,NA,NA,NA,NA,NA,NA,NA,NA,NA,NA,NA,NA,NA,NA,NA,NA,NA,NA,NA,NA,NA,NA,NA,NA,NA,NA,NA,NA,NA,NA,NA,NA,NA,NA,NA,NA,NA,NA,NA
2,a/c,model,code/run_k8_morphology_validation.py,babd751a7e52245e96791a51c9b203186b69fd6dcf491ae37c1f5375af4e9b64,NA,NA,C,0,NA,NA,NA,NA,3,0,NA,NA,NA,NA,NA,NA,NA,NA,NA,NA,NA,NA,NA,NA,NA,NA,NA,NA,NA,NA,NA,NA,NA,NA,NA,NA,NA,NA,NA,NA,NA,NA,NA,NA,NA,NA,NA,NA,NA,NA,NA
2,a/c,model,code/run_k8_morphology_validation.py,babd751a7e52245e96791a51c9b203186b69fd6dcf491ae37c1f5375af4e9b64,NA,NA,C,0,NA,NA,NA,NA,3,1,NA,NA,NA,NA,NA,NA,NA,NA,NA,NA,NA,NA,NA,NA,NA,NA,NA,NA,NA,NA,NA,NA,NA,NA,NA,NA,NA,NA,NA,NA,NA,NA,NA,NA,NA,NA,NA,NA,NA,NA,NA
2,a/c,model,code/run_k8_morphology_validation.py,babd751a7e52245e96791a51c9b203186b69fd6dcf491ae37c1f5375af4e9b64,NA,NA,C,0,NA,NA,NA,NA,3,2,NA,NA,NA,NA,NA,NA,NA,NA,NA,NA,NA,NA,NA,NA,NA,NA,NA,NA,NA,NA,NA,NA,NA,NA,NA,NA,NA,NA,NA,NA,NA,NA,NA,NA,NA,NA,NA,NA,NA,NA,NA
2,a/c,model,code/run_k8_morphology_validation.py,babd751a7e52245e96791a51c9b203186b69fd6dcf491ae37c1f5375af4e9b64,NA,NA,C,1.1499999999999999,NA,NA,NA,NA,3,3,NA,NA,NA,NA,NA,NA,NA,NA,NA,NA,NA,NA,NA,NA,NA,NA,NA,NA,NA,NA,NA,NA,NA,NA,NA,NA,NA,NA,NA,NA,NA,NA,NA,NA,NA,NA,NA,NA,NA,NA,NA
2,a/c,model,code/run_k8_morphology_validation.py,babd751a7e52245e96791a51c9b203186b69fd6dcf491ae37c1f5375af4e9b64,NA,NA,profiles,0,NA,NA,NA,NA,0,0,NA,NA,NA,NA,NA,NA,NA,NA,NA,NA,NA,NA,NA,NA,NA,NA,NA,NA,NA,NA,NA,NA,NA,NA,NA,NA,NA,NA,NA,NA,NA,NA,NA,NA,NA,NA,NA,NA,NA,NA,NA
2,a/c,model,code/run_k8_morphology_validation.py,babd751a7e52245e96791a51c9b203186b69fd6dcf491ae37c1f5375af4e9b64,NA,NA,profiles,1,NA,NA,NA,NA,0,1,NA,NA,NA,NA,NA,NA,NA,NA,NA,NA,NA,NA,NA,NA,NA,NA,NA,NA,NA,NA,NA,NA,NA,NA,NA,NA,NA,NA,NA,NA,NA,NA,NA,NA,NA,NA,NA,NA,NA,NA,NA
2,a/c,model,code/run_k8_morphology_validation.py,babd751a7e52245e96791a51c9b203186b69fd6dcf491ae37c1f5375af4e9b64,NA,NA,profiles,0,NA,NA,NA,NA,0,2,NA,NA,NA,NA,NA,NA,NA,NA,NA,NA,NA,NA,NA,NA,NA,NA,NA,NA,NA,NA,NA,NA,NA,NA,NA,NA,NA,NA,NA,NA,NA,NA,NA,NA,NA,NA,NA,NA,NA,NA,NA
2,a/c,model,code/run_k8_morphology_validation.py,babd751a7e52245e96791a51c9b203186b69fd6dcf491ae37c1f5375af4e9b64,NA,NA,profiles,0,NA,NA,NA,NA,0,3,NA,NA,NA,NA,NA,NA,NA,NA,NA,NA,NA,NA,NA,NA,NA,NA,NA,NA,NA,NA,NA,NA,NA,NA,NA,NA,NA,NA,NA,NA,NA,NA,NA,NA,NA,NA,NA,NA,NA,NA,NA
2,a/c,model,code/run_k8_morphology_validation.py,babd751a7e52245e96791a51c9b203186b69fd6dcf491ae37c1f5375af4e9b64,NA,NA,profiles,0,NA,NA,NA,NA,1,0,NA,NA,NA,NA,NA,NA,NA,NA,NA,NA,NA,NA,NA,NA,NA,NA,NA,NA,NA,NA,NA,NA,NA,NA,NA,NA,NA,NA,NA,NA,NA,NA,NA,NA,NA,NA,NA,NA,NA,NA,NA
2,a/c,model,code/run_k8_morphology_validation.py,babd751a7e52245e96791a51c9b203186b69fd6dcf491ae37c1f5375af4e9b64,NA,NA,profiles,0,NA,NA,NA,NA,1,1,NA,NA,NA,NA,NA,NA,NA,NA,NA,NA,NA,NA,NA,NA,NA,NA,NA,NA,NA,NA,NA,NA,NA,NA,NA,NA,NA,NA,NA,NA,NA,NA,NA,NA,NA,NA,NA,NA,NA,NA,NA
2,a/c,model,code/run_k8_morphology_validation.py,babd751a7e52245e96791a51c9b203186b69fd6dcf491ae37c1f5375af4e9b64,NA,NA,profiles,1,NA,NA,NA,NA,1,2,NA,NA,NA,NA,NA,NA,NA,NA,NA,NA,NA,NA,NA,NA,NA,NA,NA,NA,NA,NA,NA,NA,NA,NA,NA,NA,NA,NA,NA,NA,NA,NA,NA,NA,NA,NA,NA,NA,NA,NA,NA
2,a/c,model,code/run_k8_morphology_validation.py,babd751a7e52245e96791a51c9b203186b69fd6dcf491ae37c1f5375af4e9b64,NA,NA,profiles,0,NA,NA,NA,NA,1,3,NA,NA,NA,NA,NA,NA,NA,NA,NA,NA,NA,NA,NA,NA,NA,NA,NA,NA,NA,NA,NA,NA,NA,NA,NA,NA,NA,NA,NA,NA,NA,NA,NA,NA,NA,NA,NA,NA,NA,NA,NA
2,a,node,results/k8_motif_selection_freeze.json,512874832f78cbfcf6cb6511b7fc221b394d24be3da7f8e101f5a0081f93bc7b,NA,NA,NA,NA,NA,NA,NA,NA,NA,NA,0,r,448,260.18717119267984,-259.5240501681717,NA,NA,NA,NA,NA,NA,NA,NA,NA,NA,NA,NA,NA,NA,NA,NA,NA,NA,NA,NA,NA,NA,NA,NA,NA,NA,NA,NA,NA,NA,NA,NA,NA,NA,NA,NA
2,a,node,results/k8_motif_selection_freeze.json,512874832f78cbfcf6cb6511b7fc221b394d24be3da7f8e101f5a0081f93bc7b,NA,NA,NA,NA,NA,NA,NA,NA,NA,NA,1,1,446,260.99115931112868,-252.7673272561438,NA,NA,NA,NA,NA,NA,NA,NA,NA,NA,NA,NA,NA,NA,NA,NA,NA,NA,NA,NA,NA,NA,NA,NA,NA,NA,NA,NA,NA,NA,NA,NA,NA,NA,NA,NA
2,a,node,results/k8_motif_selection_freeze.json,512874832f78cbfcf6cb6511b7fc221b394d24be3da7f8e101f5a0081f93bc7b,NA,NA,NA,NA,NA,NA,NA,NA,NA,NA,2,2,408,265.38921203568424,-247.32565978215601,NA,NA,NA,NA,NA,NA,NA,NA,NA,NA,NA,NA,NA,NA,NA,NA,NA,NA,NA,NA,NA,NA,NA,NA,NA,NA,NA,NA,NA,NA,NA,NA,NA,NA,NA,NA
2,a,node,results/k8_motif_selection_freeze.json,512874832f78cbfcf6cb6511b7fc221b394d24be3da7f8e101f5a0081f93bc7b,NA,NA,NA,NA,NA,NA,NA,NA,NA,NA,3,3,463,254.46986840603125,-257.63592424163011,NA,NA,NA,NA,NA,NA,NA,NA,NA,NA,NA,NA,NA,NA,NA,NA,NA,NA,NA,NA,NA,NA,NA,NA,NA,NA,NA,NA,NA,NA,NA,NA,NA,NA,NA,NA
2,a,edge,results/k8_motif_selection_freeze.json,512874832f78cbfcf6cb6511b7fc221b394d24be3da7f8e101f5a0081f93bc7b,NA,NA,NA,NA,NA,NA,NA,NA,NA,NA,NA,NA,NA,NA,NA,0,1,0.5,6.8043883931276037,5.1413564983421232,NA,NA,NA,NA,NA,NA,NA,NA,NA,NA,NA,NA,NA,NA,NA,NA,NA,NA,NA,NA,NA,NA,NA,NA,NA,NA,NA,NA,NA,NA,NA
2,a,edge,results/k8_motif_selection_freeze.json,512874832f78cbfcf6cb6511b7fc221b394d24be3da7f8e101f5a0081f93bc7b,NA,NA,NA,NA,NA,NA,NA,NA,NA,NA,NA,NA,NA,NA,NA,1,2,1,6.9967572964500651,5,NA,NA,NA,NA,NA,NA,NA,NA,NA,NA,NA,NA,NA,NA,NA,NA,NA,NA,NA,NA,NA,NA,NA,NA,NA,NA,NA,NA,NA,NA,NA
2,a,edge,results/k8_motif_selection_freeze.json,512874832f78cbfcf6cb6511b7fc221b394d24be3da7f8e101f5a0081f93bc7b,NA,NA,NA,NA,NA,NA,NA,NA,NA,NA,NA,NA,NA,NA,NA,1,3,0.5,8.1382105942272602,4.2987074464582724,NA,NA,NA,NA,NA,NA,NA,NA,NA,NA,NA,NA,NA,NA,NA,NA,NA,NA,NA,NA,NA,NA,NA,NA,NA,NA,NA,NA,NA,NA,NA
2,b/c,exact_record,results/k8_exact_checks.json,1698ec068c6a111e0d8b3f317922bbd3af042d80b53c3bf575c394763371fa97,NA,NA,coherent_daughter_swap_max_abs,6.2063353831181828e-17,NA,ratio,NA,NA,NA,NA,NA,NA,NA,NA,NA,NA,NA,NA,NA,NA,inverse_length,retained,NA,NA,NA,NA,NA,NA,NA,NA,NA,NA,NA,NA,NA,NA,NA,NA,NA,NA,NA,NA,NA,NA,NA,NA,NA,NA,NA,NA,NA
2,b/c,exact_record,results/k8_exact_checks.json,1698ec068c6a111e0d8b3f317922bbd3af042d80b53c3bf575c394763371fa97,NA,NA,labelled_profile_swap_max_abs,0.0072614652504566779,NA,ratio,NA,NA,NA,NA,NA,NA,NA,NA,NA,NA,NA,NA,NA,NA,inverse_length,retained,NA,NA,NA,NA,NA,NA,NA,NA,NA,NA,NA,NA,NA,NA,NA,NA,NA,NA,NA,NA,NA,NA,NA,NA,NA,NA,NA,NA,NA
2,d,exact_record,results/k8_exact_checks.json,1698ec068c6a111e0d8b3f317922bbd3af042d80b53c3bf575c394763371fa97,NA,NA,known_tree_fit_relative_L_error,2.9476873166123604e-14,NA,ratio,NA,NA,NA,NA,NA,NA,NA,NA,NA,NA,NA,NA,NA,NA,inverse_length,retained,NA,NA,NA,NA,NA,NA,NA,NA,NA,NA,NA,NA,NA,NA,NA,NA,NA,NA,NA,NA,NA,NA,NA,NA,NA,NA,NA,NA,NA
2,d,exact_record,results/k8_exact_checks.json,1698ec068c6a111e0d8b3f317922bbd3af042d80b53c3bf575c394763371fa97,NA,NA,exact_inverse_relative_L_error,NA,NA,ratio,NA,NA,NA,NA,NA,NA,NA,NA,NA,NA,NA,NA,NA,NA,inverse_length,PrecisionFailure: Finite coherent samples did not yield a stable real rational transfer.,NA,NA,NA,NA,NA,NA,NA,NA,NA,NA,NA,NA,NA,NA,NA,NA,NA,NA,NA,NA,NA,NA,NA,NA,NA,NA,NA,NA,NA
2,b/c,exact_record,results/k8_exact_checks.json,1698ec068c6a111e0d8b3f317922bbd3af042d80b53c3bf575c394763371fa97,NA,NA,coherent_daughter_swap_max_abs,6.2063353831181828e-17,NA,ratio,NA,NA,NA,NA,NA,NA,NA,NA,NA,NA,NA,NA,NA,NA,constant,retained,NA,NA,NA,NA,NA,NA,NA,NA,NA,NA,NA,NA,NA,NA,NA,NA,NA,NA,NA,NA,NA,NA,NA,NA,NA,NA,NA,NA,NA
2,b/c,exact_record,results/k8_exact_checks.json,1698ec068c6a111e0d8b3f317922bbd3af042d80b53c3bf575c394763371fa97,NA,NA,labelled_profile_swap_max_abs,0.0093713510832521552,NA,ratio,NA,NA,NA,NA,NA,NA,NA,NA,NA,NA,NA,NA,NA,NA,constant,retained,NA,NA,NA,NA,NA,NA,NA,NA,NA,NA,NA,NA,NA,NA,NA,NA,NA,NA,NA,NA,NA,NA,NA,NA,NA,NA,NA,NA,NA
2,d,exact_record,results/k8_exact_checks.json,1698ec068c6a111e0d8b3f317922bbd3af042d80b53c3bf575c394763371fa97,NA,NA,known_tree_fit_relative_L_error,4.7771056386901842e-14,NA,ratio,NA,NA,NA,NA,NA,NA,NA,NA,NA,NA,NA,NA,NA,NA,constant,retained,NA,NA,NA,NA,NA,NA,NA,NA,NA,NA,NA,NA,NA,NA,NA,NA,NA,NA,NA,NA,NA,NA,NA,NA,NA,NA,NA,NA,NA
2,d,exact_record,results/k8_exact_checks.json,1698ec068c6a111e0d8b3f317922bbd3af042d80b53c3bf575c394763371fa97,NA,NA,exact_inverse_relative_L_error,NA,NA,ratio,NA,NA,NA,NA,NA,NA,NA,NA,NA,NA,NA,NA,NA,NA,constant,PrecisionFailure: Finite coherent samples did not yield a stable real rational transfer.,NA,NA,NA,NA,NA,NA,NA,NA,NA,NA,NA,NA,NA,NA,NA,NA,NA,NA,NA,NA,NA,NA,NA,NA,NA,NA,NA,NA,NA
2,e,raw,results/k8_morphology_sensitivity_replicates.csv,754dedfd431b128130f329fa6ab2e7b48359e5a79faf9aab3f1fd4d6cb05de9f,NA,NA,relative_L_error,0.097036193980000005,9.7036193980000007,percent,100 * raw_value,NA,NA,NA,NA,NA,NA,NA,NA,NA,NA,NA,NA,NA,NA,fit_complete,S01,profile_amplitude_limited_known,91001,0.25,0,0,0.001,5,60,True,0.1033326742,0.01591074818,Both `ftol` and `xtol` termination conditions are satisfied.,0,0.001|S01|91001,all 260 fits; finite nonconverged retained,60,60,NA,NA,NA,NA,NA,NA,NA,NA,NA,NA,NA
2,e,raw,results/k8_morphology_sensitivity_replicates.csv,754dedfd431b128130f329fa6ab2e7b48359e5a79faf9aab3f1fd4d6cb05de9f,NA,NA,relative_L_error,0.28667749599999998,28.667749599999997,percent,100 * raw_value,NA,NA,NA,NA,NA,NA,NA,NA,NA,NA,NA,NA,NA,NA,fit_complete,S01,profile_amplitude_limited_known,91002,0.25,0,0,0.001,5,60,True,0.26873427599999999,0.032501978619999997,`xtol` termination condition is satisfied.,1,0.001|S01|91002,all 260 fits; finite nonconverged retained,60,60,NA,NA,NA,NA,NA,NA,NA,NA,NA,NA,NA
2,e,raw,results/k8_morphology_sensitivity_replicates.csv,754dedfd431b128130f329fa6ab2e7b48359e5a79faf9aab3f1fd4d6cb05de9f,NA,NA,relative_L_error,0.15072499589999999,15.07249959,percent,100 * raw_value,NA,NA,NA,NA,NA,NA,NA,NA,NA,NA,NA,NA,NA,NA,fit_complete,S01,profile_amplitude_limited_known,91003,0.25,0,0,0.001,5,60,True,0.1426548064,0.01387588587,`xtol` termination condition is satisfied.,2,0.001|S01|91003,all 260 fits; finite nonconverged retained,60,60,NA,NA,NA,NA,NA,NA,NA,NA,NA,NA,NA
2,e,raw,results/k8_morphology_sensitivity_replicates.csv,754dedfd431b128130f329fa6ab2e7b48359e5a79faf9aab3f1fd4d6cb05de9f,NA,NA,relative_L_error,0.11223430299999999,11.223430299999999,percent,100 * raw_value,NA,NA,NA,NA,NA,NA,NA,NA,NA,NA,NA,NA,NA,NA,fit_complete,S01,profile_amplitude_limited_known,91004,0.25,0,0,0.001,5,60,True,0.1228845445,0.005512088884,`ftol` termination condition is satisfied.,3,0.001|S01|91004,all 260 fits; finite nonconverged retained,60,60,NA,NA,NA,NA,NA,NA,NA,NA,NA,NA,NA
2,e,raw,results/k8_morphology_sensitivity_replicates.csv,754dedfd431b128130f329fa6ab2e7b48359e5a79faf9aab3f1fd4d6cb05de9f,NA,NA,relative_L_error,0.037365673799999999,3.7365673799999999,percent,100 * raw_value,NA,NA,NA,NA,NA,NA,NA,NA,NA,NA,NA,NA,NA,NA,fit_complete,S01,profile_amplitude_limited_known,91005,0.25,0,0,0.001,5,60,True,0.04156462348,0.024334681399999999,`ftol` termination condition is satisfied.,4,0.001|S01|91005,all 260 fits; finite nonconverged retained,60,60,NA,NA,NA,NA,NA,NA,NA,NA,NA,NA,NA
2,e,raw,results/k8_morphology_sensitivity_replicates.csv,754dedfd431b128130f329fa6ab2e7b48359e5a79faf9aab3f1fd4d6cb05de9f,NA,NA,relative_L_error,0.067861274769999994,6.7861274769999991,percent,100 * raw_value,NA,NA,NA,NA,NA,NA,NA,NA,NA,NA,NA,NA,NA,NA,fit_complete,S01,profile_amplitude_limited_known,91006,0.25,0,0,0.001,5,60,True,0.068416146349999998,0.0083155138669999996,`ftol` termination condition is satisfied.,5,0.001|S01|91006,all 260 fits; finite nonconverged retained,60,60,NA,NA,NA,NA,NA,NA,NA,NA,NA,NA,NA
2,e,raw,results/k8_morphology_sensitivity_replicates.csv,754dedfd431b128130f329fa6ab2e7b48359e5a79faf9aab3f1fd4d6cb05de9f,NA,NA,relative_L_error,0.41229639350000002,41.229639349999999,percent,100 * raw_value,NA,NA,NA,NA,NA,NA,NA,NA,NA,NA,NA,NA,NA,NA,fit_complete,S01,profile_amplitude_limited_known,91007,0.25,0,0,0.001,5,60,True,0.37931594429999999,0.044882033490000001,`ftol` termination condition is satisfied.,6,0.001|S01|91007,all 260 fits; finite nonconverged retained,60,60,NA,NA,NA,NA,NA,NA,NA,NA,NA,NA,NA
2,e,raw,results/k8_morphology_sensitivity_replicates.csv,754dedfd431b128130f329fa6ab2e7b48359e5a79faf9aab3f1fd4d6cb05de9f,NA,NA,relative_L_error,0.4045432732,40.454327319999997,percent,100 * raw_value,NA,NA,NA,NA,NA,NA,NA,NA,NA,NA,NA,NA,NA,NA,fit_complete,S01,profile_amplitude_limited_known,91008,0.25,0,0,0.001,5,60,True,0.44388260550000003,0.019002422290000001,`xtol` termination condition is satisfied.,7,0.001|S01|91008,all 260 fits; finite nonconverged retained,60,60,NA,NA,NA,NA,NA,NA,NA,NA,NA,NA,NA
2,e,raw,results/k8_morphology_sensitivity_replicates.csv,754dedfd431b128130f329fa6ab2e7b48359e5a79faf9aab3f1fd4d6cb05de9f,NA,NA,relative_L_error,0.065627523640000004,6.5627523640000005,percent,100 * raw_value,NA,NA,NA,NA,NA,NA,NA,NA,NA,NA,NA,NA,NA,NA,fit_complete,S01,profile_amplitude_limited_known,91009,0.25,0,0,0.001,5,60,True,0.060789428520000001,0.02499999906,`ftol` termination condition is satisfied.,8,0.001|S01|91009,all 260 fits; finite nonconverged retained,60,60,NA,NA,NA,NA,NA,NA,NA,NA,NA,NA,NA
2,e,raw,results/k8_morphology_sensitivity_replicates.csv,754dedfd431b128130f329fa6ab2e7b48359e5a79faf9aab3f1fd4d6cb05de9f,NA,NA,relative_L_error,0.28386514400000001,28.386514400000003,percent,100 * raw_value,NA,NA,NA,NA,NA,NA,NA,NA,NA,NA,NA,NA,NA,NA,fit_complete,S01,profile_amplitude_limited_known,91010,0.25,0,0,0.001,5,60,True,0.26487813510000002,0.01645767393,`ftol` termination condition is satisfied.,9,0.001|S01|91010,all 260 fits; finite nonconverged retained,60,60,NA,NA,NA,NA,NA,NA,NA,NA,NA,NA,NA
2,e,raw,results/k8_morphology_sensitivity_replicates.csv,754dedfd431b128130f329fa6ab2e7b48359e5a79faf9aab3f1fd4d6cb05de9f,NA,NA,relative_L_error,0.13008237189999999,13.008237189999999,percent,100 * raw_value,NA,NA,NA,NA,NA,NA,NA,NA,NA,NA,NA,NA,NA,NA,fit_complete,S01,profile_amplitude_limited_known,91011,0.25,0,0,0.001,5,60,True,0.1204243507,0.011550160740000001,`ftol` termination condition is satisfied.,10,0.001|S01|91011,all 260 fits; finite nonconverged retained,60,60,NA,NA,NA,NA,NA,NA,NA,NA,NA,NA,NA
2,e,raw,results/k8_morphology_sensitivity_replicates.csv,754dedfd431b128130f329fa6ab2e7b48359e5a79faf9aab3f1fd4d6cb05de9f,NA,NA,relative_L_error,0.25529377190000002,25.529377190000002,percent,100 * raw_value,NA,NA,NA,NA,NA,NA,NA,NA,NA,NA,NA,NA,NA,NA,fit_complete,S01,profile_amplitude_limited_known,91012,0.25,0,0,0.001,5,60,True,0.25124378689999999,0.02302978403,`ftol` termination condition is satisfied.,11,0.001|S01|91012,all 260 fits; finite nonconverged retained,60,60,NA,NA,NA,NA,NA,NA,NA,NA,NA,NA,NA
2,e,raw,results/k8_morphology_sensitivity_replicates.csv,754dedfd431b128130f329fa6ab2e7b48359e5a79faf9aab3f1fd4d6cb05de9f,NA,NA,relative_L_error,0.60245212609999998,60.245212609999996,percent,100 * raw_value,NA,NA,NA,NA,NA,NA,NA,NA,NA,NA,NA,NA,NA,NA,fit_complete,S01,profile_amplitude_limited_known,91013,0.25,0,0,0.001,5,60,True,0.66251266880000004,0.039883272810000002,`ftol` termination condition is satisfied.,12,0.001|S01|91013,all 260 fits; finite nonconverged retained,60,60,NA,NA,NA,NA,NA,NA,NA,NA,NA,NA,NA
2,e,raw,results/k8_morphology_sensitivity_replicates.csv,754dedfd431b128130f329fa6ab2e7b48359e5a79faf9aab3f1fd4d6cb05de9f,NA,NA,relative_L_error,0.50821029419999997,50.821029419999995,percent,100 * raw_value,NA,NA,NA,NA,NA,NA,NA,NA,NA,NA,NA,NA,NA,NA,fit_complete,S01,profile_amplitude_limited_known,91014,0.25,0,0,0.001,5,60,True,0.47473236590000001,0.077746500809999994,`ftol` termination condition is satisfied.,13,0.001|S01|91014,all 260 fits; finite nonconverged retained,60,60,NA,NA,NA,NA,NA,NA,NA,NA,NA,NA,NA
2,e,raw,results/k8_morphology_sensitivity_replicates.csv,754dedfd431b128130f329fa6ab2e7b48359e5a79faf9aab3f1fd4d6cb05de9f,NA,NA,relative_L_error,0.02027655976,2.0276559760000001,percent,100 * raw_value,NA,NA,NA,NA,NA,NA,NA,NA,NA,NA,NA,NA,NA,NA,fit_complete,S01,profile_amplitude_limited_known,91015,0.25,0,0,0.001,5,60,True,0.02010536819,0.0275638411,`xtol` termination condition is satisfied.,14,0.001|S01|91015,all 260 fits; finite nonconverged retained,60,60,NA,NA,NA,NA,NA,NA,NA,NA,NA,NA,NA
2,e,raw,results/k8_morphology_sensitivity_replicates.csv,754dedfd431b128130f329fa6ab2e7b48359e5a79faf9aab3f1fd4d6cb05de9f,NA,NA,relative_L_error,0.27074947630000001,27.07494763,percent,100 * raw_value,NA,NA,NA,NA,NA,NA,NA,NA,NA,NA,NA,NA,NA,NA,fit_complete,S01,profile_amplitude_limited_known,91016,0.25,0,0,0.001,5,60,True,0.27021028359999999,0.017920385479999999,`ftol` termination condition is satisfied.,15,0.001|S01|91016,all 260 fits; finite nonconverged retained,60,60,NA,NA,NA,NA,NA,NA,NA,NA,NA,NA,NA
2,e,raw,results/k8_morphology_sensitivity_replicates.csv,754dedfd431b128130f329fa6ab2e7b48359e5a79faf9aab3f1fd4d6cb05de9f,NA,NA,relative_L_error,0.022575705519999999,2.2575705519999998,percent,100 * raw_value,NA,NA,NA,NA,NA,NA,NA,NA,NA,NA,NA,NA,NA,NA,fit_complete,S01,profile_amplitude_limited_known,91017,0.25,0,0,0.001,5,60,True,0.024343076179999999,0.0098670246100000004,`ftol` termination condition is satisfied.,16,0.001|S01|91017,all 260 fits; finite nonconverged retained,60,60,NA,NA,NA,NA,NA,NA,NA,NA,NA,NA,NA
2,e,raw,results/k8_morphology_sensitivity_replicates.csv,754dedfd431b128130f329fa6ab2e7b48359e5a79faf9aab3f1fd4d6cb05de9f,NA,NA,relative_L_error,0.42576295819999999,42.576295819999999,percent,100 * raw_value,NA,NA,NA,NA,NA,NA,NA,NA,NA,NA,NA,NA,NA,NA,fit_complete,S01,profile_amplitude_limited_known,91018,0.25,0,0,0.001,5,60,True,0.39815842200000001,0.01432224054,`ftol` termination condition is satisfied.,17,0.001|S01|91018,all 260 fits; finite nonconverged retained,60,60,NA,NA,NA,NA,NA,NA,NA,NA,NA,NA,NA
2,e,raw,results/k8_morphology_sensitivity_replicates.csv,754dedfd431b128130f329fa6ab2e7b48359e5a79faf9aab3f1fd4d6cb05de9f,NA,NA,relative_L_error,0.32158143839999997,32.158143839999994,percent,100 * raw_value,NA,NA,NA,NA,NA,NA,NA,NA,NA,NA,NA,NA,NA,NA,fit_complete,S01,profile_amplitude_limited_known,91019,0.25,0,0,0.001,5,60,True,0.29456920390000002,0.006787256579,`ftol` termination condition is satisfied.,18,0.001|S01|91019,all 260 fits; finite nonconverged retained,60,60,NA,NA,NA,NA,NA,NA,NA,NA,NA,NA,NA
2,e,raw,results/k8_morphology_sensitivity_replicates.csv,754dedfd431b128130f329fa6ab2e7b48359e5a79faf9aab3f1fd4d6cb05de9f,NA,NA,relative_L_error,0.14862259189999999,14.86225919,percent,100 * raw_value,NA,NA,NA,NA,NA,NA,NA,NA,NA,NA,NA,NA,NA,NA,fit_complete,S01,profile_amplitude_limited_known,91020,0.25,0,0,0.001,5,60,True,0.15947485810000001,0.026041845720000002,`xtol` termination condition is satisfied.,19,0.001|S01|91020,all 260 fits; finite nonconverged retained,60,60,NA,NA,NA,NA,NA,NA,NA,NA,NA,NA,NA
2,e,raw,results/k8_morphology_sensitivity_replicates.csv,754dedfd431b128130f329fa6ab2e7b48359e5a79faf9aab3f1fd4d6cb05de9f,NA,NA,relative_L_error,0.054776738739999997,5.4776738739999997,percent,100 * raw_value,NA,NA,NA,NA,NA,NA,NA,NA,NA,NA,NA,NA,NA,NA,fit_complete,S02,profile_amplitude_limited_known,91001,0.5,0,0,0.001,5,60,True,0.058589318340000002,0.0080281705899999996,`xtol` termination condition is satisfied.,20,0.001|S02|91001,all 260 fits; finite nonconverged retained,60,60,NA,NA,NA,NA,NA,NA,NA,NA,NA,NA,NA
2,e,raw,results/k8_morphology_sensitivity_replicates.csv,754dedfd431b128130f329fa6ab2e7b48359e5a79faf9aab3f1fd4d6cb05de9f,NA,NA,relative_L_error,0.27490013219999998,27.490013219999998,percent,100 * raw_value,NA,NA,NA,NA,NA,NA,NA,NA,NA,NA,NA,NA,NA,NA,fit_complete,S02,profile_amplitude_limited_known,91002,0.5,0,0,0.001,5,60,True,0.25435084959999998,0.01498153141,`ftol` termination condition is satisfied.,21,0.001|S02|91002,all 260 fits; finite nonconverged retained,60,60,NA,NA,NA,NA,NA,NA,NA,NA,NA,NA,NA
2,e,raw,results/k8_morphology_sensitivity_replicates.csv,754dedfd431b128130f329fa6ab2e7b48359e5a79faf9aab3f1fd4d6cb05de9f,NA,NA,relative_L_error,0.06196124167,6.1961241669999998,percent,100 * raw_value,NA,NA,NA,NA,NA,NA,NA,NA,NA,NA,NA,NA,NA,NA,fit_complete,S02,profile_amplitude_limited_known,91003,0.5,0,0,0.001,5,60,True,0.059011174700000002,0.0069273446860000001,`xtol` termination condition is satisfied.,22,0.001|S02|91003,all 260 fits; finite nonconverged retained,60,60,NA,NA,NA,NA,NA,NA,NA,NA,NA,NA,NA
2,e,raw,results/k8_morphology_sensitivity_replicates.csv,754dedfd431b128130f329fa6ab2e7b48359e5a79faf9aab3f1fd4d6cb05de9f,NA,NA,relative_L_error,0.065675163829999994,6.5675163829999992,percent,100 * raw_value,NA,NA,NA,NA,NA,NA,NA,NA,NA,NA,NA,NA,NA,NA,fit_complete,S02,profile_amplitude_limited_known,91004,0.5,0,0,0.001,5,60,True,0.07243238682,0.0027192360590000001,`xtol` termination condition is satisfied.,23,0.001|S02|91004,all 260 fits; finite nonconverged retained,60,60,NA,NA,NA,NA,NA,NA,NA,NA,NA,NA,NA
2,e,raw,results/k8_morphology_sensitivity_replicates.csv,754dedfd431b128130f329fa6ab2e7b48359e5a79faf9aab3f1fd4d6cb05de9f,NA,NA,relative_L_error,0.017471774240000001,1.7471774240000002,percent,100 * raw_value,NA,NA,NA,NA,NA,NA,NA,NA,NA,NA,NA,NA,NA,NA,fit_complete,S02,profile_amplitude_limited_known,91005,0.5,0,0,0.001,5,60,True,0.019425115600000001,0.012184424609999999,`ftol` termination condition is satisfied.,24,0.001|S02|91005,all 260 fits; finite nonconverged retained,60,60,NA,NA,NA,NA,NA,NA,NA,NA,NA,NA,NA
2,e,raw,results/k8_morphology_sensitivity_replicates.csv,754dedfd431b128130f329fa6ab2e7b48359e5a79faf9aab3f1fd4d6cb05de9f,NA,NA,relative_L_error,0.035267616330000001,3.526761633,percent,100 * raw_value,NA,NA,NA,NA,NA,NA,NA,NA,NA,NA,NA,NA,NA,NA,fit_complete,S02,profile_amplitude_limited_known,91006,0.5,0,0,0.001,5,60,True,0.034854482839999999,0.0042608982430000003,`ftol` termination condition is satisfied.,25,0.001|S02|91006,all 260 fits; finite nonconverged retained,60,60,NA,NA,NA,NA,NA,NA,NA,NA,NA,NA,NA
2,e,raw,results/k8_morphology_sensitivity_replicates.csv,754dedfd431b128130f329fa6ab2e7b48359e5a79faf9aab3f1fd4d6cb05de9f,NA,NA,relative_L_error,0.35266998129999999,35.266998129999998,percent,100 * raw_value,NA,NA,NA,NA,NA,NA,NA,NA,NA,NA,NA,NA,NA,NA,fit_complete,S02,profile_amplitude_limited_known,91007,0.5,0,0,0.001,5,60,True,0.3227462962,0.02011297246,`xtol` termination condition is satisfied.,26,0.001|S02|91007,all 260 fits; finite nonconverged retained,60,60,NA,NA,NA,NA,NA,NA,NA,NA,NA,NA,NA
2,e,raw,results/k8_morphology_sensitivity_replicates.csv,754dedfd431b128130f329fa6ab2e7b48359e5a79faf9aab3f1fd4d6cb05de9f,NA,NA,relative_L_error,0.121280427,12.1280427,percent,100 * raw_value,NA,NA,NA,NA,NA,NA,NA,NA,NA,NA,NA,NA,NA,NA,fit_complete,S02,profile_amplitude_limited_known,91008,0.5,0,0,0.001,5,60,True,0.13124715710000001,0.0095802281230000005,`xtol` termination condition is satisfied.,27,0.001|S02|91008,all 260 fits; finite nonconverged retained,60,60,NA,NA,NA,NA,NA,NA,NA,NA,NA,NA,NA
2,e,raw,results/k8_morphology_sensitivity_replicates.csv,754dedfd431b128130f329fa6ab2e7b48359e5a79faf9aab3f1fd4d6cb05de9f,NA,NA,relative_L_error,0.03596739417,3.5967394170000002,percent,100 * raw_value,NA,NA,NA,NA,NA,NA,NA,NA,NA,NA,NA,NA,NA,NA,fit_complete,S02,profile_amplitude_limited_known,91009,0.5,0,0,0.001,5,60,True,0.033268412689999999,0.012403069670000001,`xtol` termination condition is satisfied.,28,0.001|S02|91009,all 260 fits; finite nonconverged retained,60,60,NA,NA,NA,NA,NA,NA,NA,NA,NA,NA,NA
2,e,raw,results/k8_morphology_sensitivity_replicates.csv,754dedfd431b128130f329fa6ab2e7b48359e5a79faf9aab3f1fd4d6cb05de9f,NA,NA,relative_L_error,0.11164890619999999,11.16489062,percent,100 * raw_value,NA,NA,NA,NA,NA,NA,NA,NA,NA,NA,NA,NA,NA,NA,fit_complete,S02,profile_amplitude_limited_known,91010,0.5,0,0,0.001,5,60,True,0.1050807913,0.0083399884229999992,`ftol` termination condition is satisfied.,29,0.001|S02|91010,all 260 fits; finite nonconverged retained,60,60,NA,NA,NA,NA,NA,NA,NA,NA,NA,NA,NA
2,e,raw,results/k8_morphology_sensitivity_replicates.csv,754dedfd431b128130f329fa6ab2e7b48359e5a79faf9aab3f1fd4d6cb05de9f,NA,NA,relative_L_error,0.083982755310000004,8.3982755310000012,percent,100 * raw_value,NA,NA,NA,NA,NA,NA,NA,NA,NA,NA,NA,NA,NA,NA,fit_complete,S02,profile_amplitude_limited_known,91011,0.5,0,0,0.001,5,60,True,0.077347075390000006,0.0056512341349999997,`xtol` termination condition is satisfied.,30,0.001|S02|91011,all 260 fits; finite nonconverged retained,60,60,NA,NA,NA,NA,NA,NA,NA,NA,NA,NA,NA
2,e,raw,results/k8_morphology_sensitivity_replicates.csv,754dedfd431b128130f329fa6ab2e7b48359e5a79faf9aab3f1fd4d6cb05de9f,NA,NA,relative_L_error,0.1138077982,11.380779820000001,percent,100 * raw_value,NA,NA,NA,NA,NA,NA,NA,NA,NA,NA,NA,NA,NA,NA,fit_complete,S02,profile_amplitude_limited_known,91012,0.5,0,0,0.001,5,60,True,0.12059897930000001,0.011277990099999999,`ftol` termination condition is satisfied.,31,0.001|S02|91012,all 260 fits; finite nonconverged retained,60,60,NA,NA,NA,NA,NA,NA,NA,NA,NA,NA,NA
2,e,raw,results/k8_morphology_sensitivity_replicates.csv,754dedfd431b128130f329fa6ab2e7b48359e5a79faf9aab3f1fd4d6cb05de9f,NA,NA,relative_L_error,0.15773213890000001,15.773213890000001,percent,100 * raw_value,NA,NA,NA,NA,NA,NA,NA,NA,NA,NA,NA,NA,NA,NA,fit_complete,S02,profile_amplitude_limited_known,91013,0.5,0,0,0.001,5,60,True,0.17185302050000001,0.020002026490000002,`ftol` termination condition is satisfied.,32,0.001|S02|91013,all 260 fits; finite nonconverged retained,60,60,NA,NA,NA,NA,NA,NA,NA,NA,NA,NA,NA
2,e,raw,results/k8_morphology_sensitivity_replicates.csv,754dedfd431b128130f329fa6ab2e7b48359e5a79faf9aab3f1fd4d6cb05de9f,NA,NA,relative_L_error,0.41949119400000001,41.949119400000001,percent,100 * raw_value,NA,NA,NA,NA,NA,NA,NA,NA,NA,NA,NA,NA,NA,NA,fit_complete,S02,profile_amplitude_limited_known,91014,0.5,0,0,0.001,5,60,True,0.3881900164,0.03649345222,`ftol` termination condition is satisfied.,33,0.001|S02|91014,all 260 fits; finite nonconverged retained,60,60,NA,NA,NA,NA,NA,NA,NA,NA,NA,NA,NA
2,e,raw,results/k8_morphology_sensitivity_replicates.csv,754dedfd431b128130f329fa6ab2e7b48359e5a79faf9aab3f1fd4d6cb05de9f,NA,NA,relative_L_error,0.0088603157519999993,0.88603157519999998,percent,100 * raw_value,NA,NA,NA,NA,NA,NA,NA,NA,NA,NA,NA,NA,NA,NA,fit_complete,S02,profile_amplitude_limited_known,91015,0.5,0,0,0.001,5,60,True,0.0089707215529999992,0.013822420009999999,`ftol` termination condition is satisfied.,34,0.001|S02|91015,all 260 fits; finite nonconverged retained,60,60,NA,NA,NA,NA,NA,NA,NA,NA,NA,NA,NA
2,e,raw,results/k8_morphology_sensitivity_replicates.csv,754dedfd431b128130f329fa6ab2e7b48359e5a79faf9aab3f1fd4d6cb05de9f,NA,NA,relative_L_error,0.17302956050000001,17.302956050000002,percent,100 * raw_value,NA,NA,NA,NA,NA,NA,NA,NA,NA,NA,NA,NA,NA,NA,fit_complete,S02,profile_amplitude_limited_known,91016,0.5,0,0,0.001,5,60,True,0.16803346669999999,0.0080584890980000008,`xtol` termination condition is satisfied.,35,0.001|S02|91016,all 260 fits; finite nonconverged retained,60,60,NA,NA,NA,NA,NA,NA,NA,NA,NA,NA,NA
2,e,raw,results/k8_morphology_sensitivity_replicates.csv,754dedfd431b128130f329fa6ab2e7b48359e5a79faf9aab3f1fd4d6cb05de9f,NA,NA,relative_L_error,0.0116098105,1.16098105,percent,100 * raw_value,NA,NA,NA,NA,NA,NA,NA,NA,NA,NA,NA,NA,NA,NA,fit_complete,S02,profile_amplitude_limited_known,91017,0.5,0,0,0.001,5,60,True,0.012539151219999999,0.0050256814459999997,`ftol` termination condition is satisfied.,36,0.001|S02|91017,all 260 fits; finite nonconverged retained,60,60,NA,NA,NA,NA,NA,NA,NA,NA,NA,NA,NA
2,e,raw,results/k8_morphology_sensitivity_replicates.csv,754dedfd431b128130f329fa6ab2e7b48359e5a79faf9aab3f1fd4d6cb05de9f,NA,NA,relative_L_error,0.1305835813,13.05835813,percent,100 * raw_value,NA,NA,NA,NA,NA,NA,NA,NA,NA,NA,NA,NA,NA,NA,fit_complete,S02,profile_amplitude_limited_known,91018,0.5,0,0,0.001,5,60,True,0.13176424640000001,0.007042782438,`ftol` termination condition is satisfied.,37,0.001|S02|91018,all 260 fits; finite nonconverged retained,60,60,NA,NA,NA,NA,NA,NA,NA,NA,NA,NA,NA
2,e,raw,results/k8_morphology_sensitivity_replicates.csv,754dedfd431b128130f329fa6ab2e7b48359e5a79faf9aab3f1fd4d6cb05de9f,NA,NA,relative_L_error,0.089963360019999994,8.9963360019999996,percent,100 * raw_value,NA,NA,NA,NA,NA,NA,NA,NA,NA,NA,NA,NA,NA,NA,fit_complete,S02,profile_amplitude_limited_known,91019,0.5,0,0,0.001,5,60,True,0.083325139770000001,0.0034135283500000002,`ftol` termination condition is satisfied.,38,0.001|S02|91019,all 260 fits; finite nonconverged retained,60,60,NA,NA,NA,NA,NA,NA,NA,NA,NA,NA,NA
2,e,raw,results/k8_morphology_sensitivity_replicates.csv,754dedfd431b128130f329fa6ab2e7b48359e5a79faf9aab3f1fd4d6cb05de9f,NA,NA,relative_L_error,0.087137549750000001,8.7137549750000005,percent,100 * raw_value,NA,NA,NA,NA,NA,NA,NA,NA,NA,NA,NA,NA,NA,NA,fit_complete,S02,profile_amplitude_limited_known,91020,0.5,0,0,0.001,5,60,True,0.095299272879999994,0.01291136186,`ftol` termination condition is satisfied.,39,0.001|S02|91020,all 260 fits; finite nonconverged retained,60,60,NA,NA,NA,NA,NA,NA,NA,NA,NA,NA,NA
2,e,raw,results/k8_morphology_sensitivity_replicates.csv,754dedfd431b128130f329fa6ab2e7b48359e5a79faf9aab3f1fd4d6cb05de9f,NA,NA,relative_L_error,0.0289102626,2.8910262599999998,percent,100 * raw_value,NA,NA,NA,NA,NA,NA,NA,NA,NA,NA,NA,NA,NA,NA,fit_complete,S03,profile_amplitude_limited_known,91001,1,0,0,0.001,5,60,True,0.03112862316,0.0041405713869999998,`xtol` termination condition is satisfied.,40,0.001|S03|91001,all 260 fits; finite nonconverged retained,60,60,NA,NA,NA,NA,NA,NA,NA,NA,NA,NA,NA
2,e,raw,results/k8_morphology_sensitivity_replicates.csv,754dedfd431b128130f329fa6ab2e7b48359e5a79faf9aab3f1fd4d6cb05de9f,NA,NA,relative_L_error,0.09039428058,9.0394280580000004,percent,100 * raw_value,NA,NA,NA,NA,NA,NA,NA,NA,NA,NA,NA,NA,NA,NA,fit_complete,S03,profile_amplitude_limited_known,91002,1,0,0,0.001,5,60,True,0.084457187119999999,0.0075171061540000002,`xtol` termination condition is satisfied.,41,0.001|S03|91002,all 260 fits; finite nonconverged retained,60,60,NA,NA,NA,NA,NA,NA,NA,NA,NA,NA,NA
2,e,raw,results/k8_morphology_sensitivity_replicates.csv,754dedfd431b128130f329fa6ab2e7b48359e5a79faf9aab3f1fd4d6cb05de9f,NA,NA,relative_L_error,0.029335491870000001,2.9335491870000001,percent,100 * raw_value,NA,NA,NA,NA,NA,NA,NA,NA,NA,NA,NA,NA,NA,NA,fit_complete,S03,profile_amplitude_limited_known,91003,1,0,0,0.001,5,60,True,0.027920250430000002,0.0035374431069999999,`xtol` termination condition is satisfied.,42,0.001|S03|91003,all 260 fits; finite nonconverged retained,60,60,NA,NA,NA,NA,NA,NA,NA,NA,NA,NA,NA
2,e,raw,results/k8_morphology_sensitivity_replicates.csv,754dedfd431b128130f329fa6ab2e7b48359e5a79faf9aab3f1fd4d6cb05de9f,NA,NA,relative_L_error,0.036449332229999999,3.6449332229999998,percent,100 * raw_value,NA,NA,NA,NA,NA,NA,NA,NA,NA,NA,NA,NA,NA,NA,fit_complete,S03,profile_amplitude_limited_known,91004,1,0,0,0.001,5,60,True,0.04025367086,0.001419181611,`xtol` termination condition is satisfied.,43,0.001|S03|91004,all 260 fits; finite nonconverged retained,60,60,NA,NA,NA,NA,NA,NA,NA,NA,NA,NA,NA
2,e,raw,results/k8_morphology_sensitivity_replicates.csv,754dedfd431b128130f329fa6ab2e7b48359e5a79faf9aab3f1fd4d6cb05de9f,NA,NA,relative_L_error,0.0084791895910000005,0.84791895910000004,percent,100 * raw_value,NA,NA,NA,NA,NA,NA,NA,NA,NA,NA,NA,NA,NA,NA,fit_complete,S03,profile_amplitude_limited_known,91005,1,0,0,0.001,5,60,True,0.009383986867,0.0061434656799999997,`ftol` termination condition is satisfied.,44,0.001|S03|91005,all 260 fits; finite nonconverged retained,60,60,NA,NA,NA,NA,NA,NA,NA,NA,NA,NA,NA
2,e,raw,results/k8_morphology_sensitivity_replicates.csv,754dedfd431b128130f329fa6ab2e7b48359e5a79faf9aab3f1fd4d6cb05de9f,NA,NA,relative_L_error,0.018340937420000002,1.8340937420000001,percent,100 * raw_value,NA,NA,NA,NA,NA,NA,NA,NA,NA,NA,NA,NA,NA,NA,fit_complete,S03,profile_amplitude_limited_known,91006,1,0,0,0.001,5,60,True,0.017934126620000001,0.0023417630160000001,`xtol` termination condition is satisfied.,45,0.001|S03|91006,all 260 fits; finite nonconverged retained,60,60,NA,NA,NA,NA,NA,NA,NA,NA,NA,NA,NA
2,e,raw,results/k8_morphology_sensitivity_replicates.csv,754dedfd431b128130f329fa6ab2e7b48359e5a79faf9aab3f1fd4d6cb05de9f,NA,NA,relative_L_error,0.1439268195,14.39268195,percent,100 * raw_value,NA,NA,NA,NA,NA,NA,NA,NA,NA,NA,NA,NA,NA,NA,fit_complete,S03,profile_amplitude_limited_known,91007,1,0,0,0.001,5,60,True,0.1317738517,0.0098494695609999995,`ftol` termination condition is satisfied.,46,0.001|S03|91007,all 260 fits; finite nonconverged retained,60,60,NA,NA,NA,NA,NA,NA,NA,NA,NA,NA,NA
2,e,raw,results/k8_morphology_sensitivity_replicates.csv,754dedfd431b128130f329fa6ab2e7b48359e5a79faf9aab3f1fd4d6cb05de9f,NA,NA,relative_L_error,0.053599349630000001,5.3599349629999997,percent,100 * raw_value,NA,NA,NA,NA,NA,NA,NA,NA,NA,NA,NA,NA,NA,NA,fit_complete,S03,profile_amplitude_limited_known,91008,1,0,0,0.001,5,60,True,0.057127930590000001,0.0048307228020000002,`xtol` termination condition is satisfied.,47,0.001|S03|91008,all 260 fits; finite nonconverged retained,60,60,NA,NA,NA,NA,NA,NA,NA,NA,NA,NA,NA
2,e,raw,results/k8_morphology_sensitivity_replicates.csv,754dedfd431b128130f329fa6ab2e7b48359e5a79faf9aab3f1fd4d6cb05de9f,NA,NA,relative_L_error,0.019055940590000001,1.905594059,percent,100 * raw_value,NA,NA,NA,NA,NA,NA,NA,NA,NA,NA,NA,NA,NA,NA,fit_complete,S03,profile_amplitude_limited_known,91009,1,0,0,0.001,5,60,True,0.017599592139999998,0.006177569953,`xtol` termination condition is satisfied.,48,0.001|S03|91009,all 260 fits; finite nonconverged retained,60,60,NA,NA,NA,NA,NA,NA,NA,NA,NA,NA,NA
2,e,raw,results/k8_morphology_sensitivity_replicates.csv,754dedfd431b128130f329fa6ab2e7b48359e5a79faf9aab3f1fd4d6cb05de9f,NA,NA,relative_L_error,0.046566249570000003,4.656624957,percent,100 * raw_value,NA,NA,NA,NA,NA,NA,NA,NA,NA,NA,NA,NA,NA,NA,fit_complete,S03,profile_amplitude_limited_known,91010,1,0,0,0.001,5,60,True,0.044139809379999999,0.0043493637739999997,`xtol` termination condition is satisfied.,49,0.001|S03|91010,all 260 fits; finite nonconverged retained,60,60,NA,NA,NA,NA,NA,NA,NA,NA,NA,NA,NA
2,e,raw,results/k8_morphology_sensitivity_replicates.csv,754dedfd431b128130f329fa6ab2e7b48359e5a79faf9aab3f1fd4d6cb05de9f,NA,NA,relative_L_error,0.050196413469999999,5.0196413470000003,percent,100 * raw_value,NA,NA,NA,NA,NA,NA,NA,NA,NA,NA,NA,NA,NA,NA,fit_complete,S03,profile_amplitude_limited_known,91011,1,0,0,0.001,5,60,True,0.04610986207,0.0028532156610000001,`xtol` termination condition is satisfied.,50,0.001|S03|91011,all 260 fits; finite nonconverged retained,60,60,NA,NA,NA,NA,NA,NA,NA,NA,NA,NA,NA
2,e,raw,results/k8_morphology_sensitivity_replicates.csv,754dedfd431b128130f329fa6ab2e7b48359e5a79faf9aab3f1fd4d6cb05de9f,NA,NA,relative_L_error,0.062303137289999998,6.2303137289999997,percent,100 * raw_value,NA,NA,NA,NA,NA,NA,NA,NA,NA,NA,NA,NA,NA,NA,fit_complete,S03,profile_amplitude_limited_known,91012,1,0,0,0.001,5,60,True,0.067364409629999997,0.0056150914009999997,`xtol` termination condition is satisfied.,51,0.001|S03|91012,all 260 fits; finite nonconverged retained,60,60,NA,NA,NA,NA,NA,NA,NA,NA,NA,NA,NA
2,e,raw,results/k8_morphology_sensitivity_replicates.csv,754dedfd431b128130f329fa6ab2e7b48359e5a79faf9aab3f1fd4d6cb05de9f,NA,NA,relative_L_error,0.065294668149999999,6.5294668150000001,percent,100 * raw_value,NA,NA,NA,NA,NA,NA,NA,NA,NA,NA,NA,NA,NA,NA,fit_complete,S03,profile_amplitude_limited_known,91013,1,0,0,0.001,5,60,True,0.069960809090000006,0.01003602183,`ftol` termination condition is satisfied.,52,0.001|S03|91013,all 260 fits; finite nonconverged retained,60,60,NA,NA,NA,NA,NA,NA,NA,NA,NA,NA,NA
2,e,raw,results/k8_morphology_sensitivity_replicates.csv,754dedfd431b128130f329fa6ab2e7b48359e5a79faf9aab3f1fd4d6cb05de9f,NA,NA,relative_L_error,0.25085854279999997,25.085854279999996,percent,100 * raw_value,NA,NA,NA,NA,NA,NA,NA,NA,NA,NA,NA,NA,NA,NA,fit_complete,S03,profile_amplitude_limited_known,91014,1,0,0,0.001,5,60,True,0.23175606260000001,0.017590778590000002,`xtol` termination condition is satisfied.,53,0.001|S03|91014,all 260 fits; finite nonconverged retained,60,60,NA,NA,NA,NA,NA,NA,NA,NA,NA,NA,NA
2,e,raw,results/k8_morphology_sensitivity_replicates.csv,754dedfd431b128130f329fa6ab2e7b48359e5a79faf9aab3f1fd4d6cb05de9f,NA,NA,relative_L_error,0.0038333957629999998,0.38333957629999998,percent,100 * raw_value,NA,NA,NA,NA,NA,NA,NA,NA,NA,NA,NA,NA,NA,NA,fit_complete,S03,profile_amplitude_limited_known,91015,1,0,0,0.001,5,60,True,0.0040215825170000002,0.0069357661699999996,`xtol` termination condition is satisfied.,54,0.001|S03|91015,all 260 fits; finite nonconverged retained,60,60,NA,NA,NA,NA,NA,NA,NA,NA,NA,NA,NA
2,e,raw,results/k8_morphology_sensitivity_replicates.csv,754dedfd431b128130f329fa6ab2e7b48359e5a79faf9aab3f1fd4d6cb05de9f,NA,NA,relative_L_error,0.067543828959999996,6.7543828959999992,percent,100 * raw_value,NA,NA,NA,NA,NA,NA,NA,NA,NA,NA,NA,NA,NA,NA,fit_complete,S03,profile_amplitude_limited_known,91016,1,0,0,0.001,5,60,True,0.066403194200000001,0.004161249035,`xtol` termination condition is satisfied.,55,0.001|S03|91016,all 260 fits; finite nonconverged retained,60,60,NA,NA,NA,NA,NA,NA,NA,NA,NA,NA,NA
2,e,raw,results/k8_morphology_sensitivity_replicates.csv,754dedfd431b128130f329fa6ab2e7b48359e5a79faf9aab3f1fd4d6cb05de9f,NA,NA,relative_L_error,0.0058581106370000002,0.58581106370000002,percent,100 * raw_value,NA,NA,NA,NA,NA,NA,NA,NA,NA,NA,NA,NA,NA,NA,fit_complete,S03,profile_amplitude_limited_known,91017,1,0,0,0.001,5,60,True,0.0063396339359999996,0.002676286633,`xtol` termination condition is satisfied.,56,0.001|S03|91017,all 260 fits; finite nonconverged retained,60,60,NA,NA,NA,NA,NA,NA,NA,NA,NA,NA,NA
2,e,raw,results/k8_morphology_sensitivity_replicates.csv,754dedfd431b128130f329fa6ab2e7b48359e5a79faf9aab3f1fd4d6cb05de9f,NA,NA,relative_L_error,0.064467927100000003,6.4467927100000004,percent,100 * raw_value,NA,NA,NA,NA,NA,NA,NA,NA,NA,NA,NA,NA,NA,NA,fit_complete,S03,profile_amplitude_limited_known,91018,1,0,0,0.001,5,60,True,0.067392083559999996,0.0035847942180000001,`xtol` termination condition is satisfied.,57,0.001|S03|91018,all 260 fits; finite nonconverged retained,60,60,NA,NA,NA,NA,NA,NA,NA,NA,NA,NA,NA
2,e,raw,results/k8_morphology_sensitivity_replicates.csv,754dedfd431b128130f329fa6ab2e7b48359e5a79faf9aab3f1fd4d6cb05de9f,NA,NA,relative_L_error,0.037478320400000001,3.74783204,percent,100 * raw_value,NA,NA,NA,NA,NA,NA,NA,NA,NA,NA,NA,NA,NA,NA,fit_complete,S03,profile_amplitude_limited_known,91019,1,0,0,0.001,5,60,True,0.035038532470000001,0.001797846404,Both `ftol` and `xtol` termination conditions are satisfied.,58,0.001|S03|91019,all 260 fits; finite nonconverged retained,60,60,NA,NA,NA,NA,NA,NA,NA,NA,NA,NA,NA
2,e,raw,results/k8_morphology_sensitivity_replicates.csv,754dedfd431b128130f329fa6ab2e7b48359e5a79faf9aab3f1fd4d6cb05de9f,NA,NA,relative_L_error,0.049390689289999998,4.9390689289999994,percent,100 * raw_value,NA,NA,NA,NA,NA,NA,NA,NA,NA,NA,NA,NA,NA,NA,fit_complete,S03,profile_amplitude_limited_known,91020,1,0,0,0.001,5,60,True,0.05423671184,0.0065046190809999998,`ftol` termination condition is satisfied.,59,0.001|S03|91020,all 260 fits; finite nonconverged retained,60,60,NA,NA,NA,NA,NA,NA,NA,NA,NA,NA,NA
2,e,raw,results/k8_morphology_sensitivity_replicates.csv,754dedfd431b128130f329fa6ab2e7b48359e5a79faf9aab3f1fd4d6cb05de9f,NA,NA,relative_L_error,0.22331912409999999,22.331912409999997,percent,100 * raw_value,NA,NA,NA,NA,NA,NA,NA,NA,NA,NA,NA,NA,NA,NA,fit_complete,S04,profile_strength_miscalibrated,91001,0.84999999999999998,-0.14999999999999999,0,0.001,5,60,True,0.21123870359999999,0.0073266742149999996,`ftol` termination condition is satisfied.,60,0.001|S04|91001,all 260 fits; finite nonconverged retained,60,60,NA,NA,NA,NA,NA,NA,NA,NA,NA,NA,NA
2,e,raw,results/k8_morphology_sensitivity_replicates.csv,754dedfd431b128130f329fa6ab2e7b48359e5a79faf9aab3f1fd4d6cb05de9f,NA,NA,relative_L_error,0.36035347820000002,36.035347820000005,percent,100 * raw_value,NA,NA,NA,NA,NA,NA,NA,NA,NA,NA,NA,NA,NA,NA,fit_complete,S04,profile_strength_miscalibrated,91002,0.84999999999999998,-0.14999999999999999,0,0.001,5,60,True,0.33736212180000003,0.0090084623539999995,Both `ftol` and `xtol` termination conditions are satisfied.,61,0.001|S04|91002,all 260 fits; finite nonconverged retained,60,60,NA,NA,NA,NA,NA,NA,NA,NA,NA,NA,NA
2,e,raw,results/k8_morphology_sensitivity_replicates.csv,754dedfd431b128130f329fa6ab2e7b48359e5a79faf9aab3f1fd4d6cb05de9f,NA,NA,relative_L_error,0.27947514070000001,27.94751407,percent,100 * raw_value,NA,NA,NA,NA,NA,NA,NA,NA,NA,NA,NA,NA,NA,NA,fit_complete,S04,profile_strength_miscalibrated,91003,0.84999999999999998,-0.14999999999999999,0,0.001,5,60,True,0.26268567929999997,0.0056288866059999998,`xtol` termination condition is satisfied.,62,0.001|S04|91003,all 260 fits; finite nonconverged retained,60,60,NA,NA,NA,NA,NA,NA,NA,NA,NA,NA,NA
2,e,raw,results/k8_morphology_sensitivity_replicates.csv,754dedfd431b128130f329fa6ab2e7b48359e5a79faf9aab3f1fd4d6cb05de9f,NA,NA,relative_L_error,0.2447710874,24.477108740000002,percent,100 * raw_value,NA,NA,NA,NA,NA,NA,NA,NA,NA,NA,NA,NA,NA,NA,fit_complete,S04,profile_strength_miscalibrated,91004,0.84999999999999998,-0.14999999999999999,0,0.001,5,60,True,0.2310552052,0.0058967548450000002,`ftol` termination condition is satisfied.,63,0.001|S04|91004,all 260 fits; finite nonconverged retained,60,60,NA,NA,NA,NA,NA,NA,NA,NA,NA,NA,NA
2,e,raw,results/k8_morphology_sensitivity_replicates.csv,754dedfd431b128130f329fa6ab2e7b48359e5a79faf9aab3f1fd4d6cb05de9f,NA,NA,relative_L_error,0.2384286659,23.84286659,percent,100 * raw_value,NA,NA,NA,NA,NA,NA,NA,NA,NA,NA,NA,NA,NA,NA,fit_complete,S04,profile_strength_miscalibrated,91005,0.84999999999999998,-0.14999999999999999,0,0.001,5,60,True,0.22473111270000001,0.0085236139809999993,`xtol` termination condition is satisfied.,64,0.001|S04|91005,all 260 fits; finite nonconverged retained,60,60,NA,NA,NA,NA,NA,NA,NA,NA,NA,NA,NA
2,e,raw,results/k8_morphology_sensitivity_replicates.csv,754dedfd431b128130f329fa6ab2e7b48359e5a79faf9aab3f1fd4d6cb05de9f,NA,NA,relative_L_error,0.22722361830000001,22.722361830000001,percent,100 * raw_value,NA,NA,NA,NA,NA,NA,NA,NA,NA,NA,NA,NA,NA,NA,fit_complete,S04,profile_strength_miscalibrated,91006,0.84999999999999998,-0.14999999999999999,0,0.001,5,60,True,0.21459557579999999,0.006410471236,`xtol` termination condition is satisfied.,65,0.001|S04|91006,all 260 fits; finite nonconverged retained,60,60,NA,NA,NA,NA,NA,NA,NA,NA,NA,NA,NA
2,e,raw,results/k8_morphology_sensitivity_replicates.csv,754dedfd431b128130f329fa6ab2e7b48359e5a79faf9aab3f1fd4d6cb05de9f,NA,NA,relative_L_error,0.41281709589999999,41.281709589999998,percent,100 * raw_value,NA,NA,NA,NA,NA,NA,NA,NA,NA,NA,NA,NA,NA,NA,fit_complete,S04,profile_strength_miscalibrated,91007,0.84999999999999998,-0.14999999999999999,0,0.001,5,60,True,0.38472419019999998,0.01149534176,`xtol` termination condition is satisfied.,66,0.001|S04|91007,all 260 fits; finite nonconverged retained,60,60,NA,NA,NA,NA,NA,NA,NA,NA,NA,NA,NA
2,e,raw,results/k8_morphology_sensitivity_replicates.csv,754dedfd431b128130f329fa6ab2e7b48359e5a79faf9aab3f1fd4d6cb05de9f,NA,NA,relative_L_error,0.2363124717,23.631247169999998,percent,100 * raw_value,NA,NA,NA,NA,NA,NA,NA,NA,NA,NA,NA,NA,NA,NA,fit_complete,S04,profile_strength_miscalibrated,91008,0.84999999999999998,-0.14999999999999999,0,0.001,5,60,True,0.22632366370000001,0.0088389413940000005,`xtol` termination condition is satisfied.,67,0.001|S04|91008,all 260 fits; finite nonconverged retained,60,60,NA,NA,NA,NA,NA,NA,NA,NA,NA,NA,NA
2,e,raw,results/k8_morphology_sensitivity_replicates.csv,754dedfd431b128130f329fa6ab2e7b48359e5a79faf9aab3f1fd4d6cb05de9f,NA,NA,relative_L_error,0.22136868239999999,22.136868239999998,percent,100 * raw_value,NA,NA,NA,NA,NA,NA,NA,NA,NA,NA,NA,NA,NA,NA,fit_complete,S04,profile_strength_miscalibrated,91009,0.84999999999999998,-0.14999999999999999,0,0.001,5,60,True,0.20857256660000001,0.010306152440000001,`xtol` termination condition is satisfied.,68,0.001|S04|91009,all 260 fits; finite nonconverged retained,60,60,NA,NA,NA,NA,NA,NA,NA,NA,NA,NA,NA
2,e,raw,results/k8_morphology_sensitivity_replicates.csv,754dedfd431b128130f329fa6ab2e7b48359e5a79faf9aab3f1fd4d6cb05de9f,NA,NA,relative_L_error,0.30217577870000001,30.21757787,percent,100 * raw_value,NA,NA,NA,NA,NA,NA,NA,NA,NA,NA,NA,NA,NA,NA,fit_complete,S04,profile_strength_miscalibrated,91010,0.84999999999999998,-0.14999999999999999,0,0.001,5,60,True,0.28361579520000002,0.0059873506519999998,`ftol` termination condition is satisfied.,69,0.001|S04|91010,all 260 fits; finite nonconverged retained,60,60,NA,NA,NA,NA,NA,NA,NA,NA,NA,NA,NA
2,e,raw,results/k8_morphology_sensitivity_replicates.csv,754dedfd431b128130f329fa6ab2e7b48359e5a79faf9aab3f1fd4d6cb05de9f,NA,NA,relative_L_error,0.1848303778,18.48303778,percent,100 * raw_value,NA,NA,NA,NA,NA,NA,NA,NA,NA,NA,NA,NA,NA,NA,fit_complete,S04,profile_strength_miscalibrated,91011,0.84999999999999998,-0.14999999999999999,0,0.001,5,60,True,0.17511988149999999,0.0098909384040000003,`xtol` termination condition is satisfied.,70,0.001|S04|91011,all 260 fits; finite nonconverged retained,60,60,NA,NA,NA,NA,NA,NA,NA,NA,NA,NA,NA
2,e,raw,results/k8_morphology_sensitivity_replicates.csv,754dedfd431b128130f329fa6ab2e7b48359e5a79faf9aab3f1fd4d6cb05de9f,NA,NA,relative_L_error,0.25813967290000001,25.813967290000001,percent,100 * raw_value,NA,NA,NA,NA,NA,NA,NA,NA,NA,NA,NA,NA,NA,NA,fit_complete,S04,profile_strength_miscalibrated,91012,0.84999999999999998,-0.14999999999999999,0,0.001,5,60,True,0.24517147389999999,0.0073806421169999997,`xtol` termination condition is satisfied.,71,0.001|S04|91012,all 260 fits; finite nonconverged retained,60,60,NA,NA,NA,NA,NA,NA,NA,NA,NA,NA,NA
2,e,raw,results/k8_morphology_sensitivity_replicates.csv,754dedfd431b128130f329fa6ab2e7b48359e5a79faf9aab3f1fd4d6cb05de9f,NA,NA,relative_L_error,0.23671612919999999,23.671612919999998,percent,100 * raw_value,NA,NA,NA,NA,NA,NA,NA,NA,NA,NA,NA,NA,NA,NA,fit_complete,S04,profile_strength_miscalibrated,91013,0.84999999999999998,-0.14999999999999999,0,0.001,5,60,True,0.22837339370000001,0.014154444089999999,`xtol` termination condition is satisfied.,72,0.001|S04|91013,all 260 fits; finite nonconverged retained,60,60,NA,NA,NA,NA,NA,NA,NA,NA,NA,NA,NA
2,e,raw,results/k8_morphology_sensitivity_replicates.csv,754dedfd431b128130f329fa6ab2e7b48359e5a79faf9aab3f1fd4d6cb05de9f,NA,NA,relative_L_error,0.56532839960000003,56.532839960000004,percent,100 * raw_value,NA,NA,NA,NA,NA,NA,NA,NA,NA,NA,NA,NA,NA,NA,fit_complete,S04,profile_strength_miscalibrated,91014,0.84999999999999998,-0.14999999999999999,0,0.001,5,60,True,0.52578259949999995,0.020634712919999999,`ftol` termination condition is satisfied.,73,0.001|S04|91014,all 260 fits; finite nonconverged retained,60,60,NA,NA,NA,NA,NA,NA,NA,NA,NA,NA,NA
2,e,raw,results/k8_morphology_sensitivity_replicates.csv,754dedfd431b128130f329fa6ab2e7b48359e5a79faf9aab3f1fd4d6cb05de9f,NA,NA,relative_L_error,0.24085531139999999,24.085531140000001,percent,100 * raw_value,NA,NA,NA,NA,NA,NA,NA,NA,NA,NA,NA,NA,NA,NA,fit_complete,S04,profile_strength_miscalibrated,91015,0.84999999999999998,-0.14999999999999999,0,0.001,5,60,True,0.2268237223,0.0097078603110000005,`xtol` termination condition is satisfied.,74,0.001|S04|91015,all 260 fits; finite nonconverged retained,60,60,NA,NA,NA,NA,NA,NA,NA,NA,NA,NA,NA
2,e,raw,results/k8_morphology_sensitivity_replicates.csv,754dedfd431b128130f329fa6ab2e7b48359e5a79faf9aab3f1fd4d6cb05de9f,NA,NA,relative_L_error,0.31999277390000003,31.999277390000003,percent,100 * raw_value,NA,NA,NA,NA,NA,NA,NA,NA,NA,NA,NA,NA,NA,NA,fit_complete,S04,profile_strength_miscalibrated,91016,0.84999999999999998,-0.14999999999999999,0,0.001,5,60,True,0.30122860470000001,0.0053124375040000003,`xtol` termination condition is satisfied.,75,0.001|S04|91016,all 260 fits; finite nonconverged retained,60,60,NA,NA,NA,NA,NA,NA,NA,NA,NA,NA,NA
2,e,raw,results/k8_morphology_sensitivity_replicates.csv,754dedfd431b128130f329fa6ab2e7b48359e5a79faf9aab3f1fd4d6cb05de9f,NA,NA,relative_L_error,0.23872297579999999,23.872297579999998,percent,100 * raw_value,NA,NA,NA,NA,NA,NA,NA,NA,NA,NA,NA,NA,NA,NA,fit_complete,S04,profile_strength_miscalibrated,91017,0.84999999999999998,-0.14999999999999999,0,0.001,5,60,True,0.22467619420000001,0.0058319650150000001,`xtol` termination condition is satisfied.,76,0.001|S04|91017,all 260 fits; finite nonconverged retained,60,60,NA,NA,NA,NA,NA,NA,NA,NA,NA,NA,NA
2,e,raw,results/k8_morphology_sensitivity_replicates.csv,754dedfd431b128130f329fa6ab2e7b48359e5a79faf9aab3f1fd4d6cb05de9f,NA,NA,relative_L_error,0.28125153870000003,28.125153870000002,percent,100 * raw_value,NA,NA,NA,NA,NA,NA,NA,NA,NA,NA,NA,NA,NA,NA,fit_complete,S04,profile_strength_miscalibrated,91018,0.84999999999999998,-0.14999999999999999,0,0.001,5,60,True,0.2657824392,0.0052851159250000002,`ftol` termination condition is satisfied.,77,0.001|S04|91018,all 260 fits; finite nonconverged retained,60,60,NA,NA,NA,NA,NA,NA,NA,NA,NA,NA,NA
2,e,raw,results/k8_morphology_sensitivity_replicates.csv,754dedfd431b128130f329fa6ab2e7b48359e5a79faf9aab3f1fd4d6cb05de9f,NA,NA,relative_L_error,0.2755570692,27.555706919999999,percent,100 * raw_value,NA,NA,NA,NA,NA,NA,NA,NA,NA,NA,NA,NA,NA,NA,fit_complete,S04,profile_strength_miscalibrated,91019,0.84999999999999998,-0.14999999999999999,0,0.001,5,60,True,0.25863421310000001,0.0031508844020000002,`xtol` termination condition is satisfied.,78,0.001|S04|91019,all 260 fits; finite nonconverged retained,60,60,NA,NA,NA,NA,NA,NA,NA,NA,NA,NA,NA
2,e,raw,results/k8_morphology_sensitivity_replicates.csv,754dedfd431b128130f329fa6ab2e7b48359e5a79faf9aab3f1fd4d6cb05de9f,NA,NA,relative_L_error,0.2492626402,24.926264019999998,percent,100 * raw_value,NA,NA,NA,NA,NA,NA,NA,NA,NA,NA,NA,NA,NA,NA,fit_complete,S04,profile_strength_miscalibrated,91020,0.84999999999999998,-0.14999999999999999,0,0.001,5,60,True,0.23611818609999999,0.0090193948280000002,`xtol` termination condition is satisfied.,79,0.001|S04|91020,all 260 fits; finite nonconverged retained,60,60,NA,NA,NA,NA,NA,NA,NA,NA,NA,NA,NA
2,e,raw,results/k8_morphology_sensitivity_replicates.csv,754dedfd431b128130f329fa6ab2e7b48359e5a79faf9aab3f1fd4d6cb05de9f,NA,NA,relative_L_error,0.062636143899999996,6.2636143899999999,percent,100 * raw_value,NA,NA,NA,NA,NA,NA,NA,NA,NA,NA,NA,NA,NA,NA,fit_complete,S05,profile_strength_miscalibrated,91001,0.94999999999999996,-0.050000000000000003,0,0.001,5,60,True,0.061757870800000003,0.0042867421129999996,`ftol` termination condition is satisfied.,80,0.001|S05|91001,all 260 fits; finite nonconverged retained,60,60,NA,NA,NA,NA,NA,NA,NA,NA,NA,NA,NA
2,e,raw,results/k8_morphology_sensitivity_replicates.csv,754dedfd431b128130f329fa6ab2e7b48359e5a79faf9aab3f1fd4d6cb05de9f,NA,NA,relative_L_error,0.1594033574,15.94033574,percent,100 * raw_value,NA,NA,NA,NA,NA,NA,NA,NA,NA,NA,NA,NA,NA,NA,fit_complete,S05,profile_strength_miscalibrated,91002,0.94999999999999996,-0.050000000000000003,0,0.001,5,60,True,0.1487521436,0.0079079634099999997,`xtol` termination condition is satisfied.,81,0.001|S05|91002,all 260 fits; finite nonconverged retained,60,60,NA,NA,NA,NA,NA,NA,NA,NA,NA,NA,NA
2,e,raw,results/k8_morphology_sensitivity_replicates.csv,754dedfd431b128130f329fa6ab2e7b48359e5a79faf9aab3f1fd4d6cb05de9f,NA,NA,relative_L_error,0.095740733039999998,9.5740733040000006,percent,100 * raw_value,NA,NA,NA,NA,NA,NA,NA,NA,NA,NA,NA,NA,NA,NA,fit_complete,S05,profile_strength_miscalibrated,91003,0.94999999999999996,-0.050000000000000003,0,0.001,5,60,True,0.090052047770000004,0.003736478994,`xtol` termination condition is satisfied.,82,0.001|S05|91003,all 260 fits; finite nonconverged retained,60,60,NA,NA,NA,NA,NA,NA,NA,NA,NA,NA,NA
2,e,raw,results/k8_morphology_sensitivity_replicates.csv,754dedfd431b128130f329fa6ab2e7b48359e5a79faf9aab3f1fd4d6cb05de9f,NA,NA,relative_L_error,0.073699104390000006,7.3699104390000008,percent,100 * raw_value,NA,NA,NA,NA,NA,NA,NA,NA,NA,NA,NA,NA,NA,NA,fit_complete,S05,profile_strength_miscalibrated,91004,0.94999999999999996,-0.050000000000000003,0,0.001,5,60,True,0.072822870949999993,0.0015410001610000001,`xtol` termination condition is satisfied.,83,0.001|S05|91004,all 260 fits; finite nonconverged retained,60,60,NA,NA,NA,NA,NA,NA,NA,NA,NA,NA,NA
2,e,raw,results/k8_morphology_sensitivity_replicates.csv,754dedfd431b128130f329fa6ab2e7b48359e5a79faf9aab3f1fd4d6cb05de9f,NA,NA,relative_L_error,0.068273694349999997,6.8273694349999996,percent,100 * raw_value,NA,NA,NA,NA,NA,NA,NA,NA,NA,NA,NA,NA,NA,NA,fit_complete,S05,profile_strength_miscalibrated,91005,0.94999999999999996,-0.050000000000000003,0,0.001,5,60,True,0.064750825649999996,0.0064745594119999996,`ftol` termination condition is satisfied.,84,0.001|S05|91005,all 260 fits; finite nonconverged retained,60,60,NA,NA,NA,NA,NA,NA,NA,NA,NA,NA,NA
2,e,raw,results/k8_morphology_sensitivity_replicates.csv,754dedfd431b128130f329fa6ab2e7b48359e5a79faf9aab3f1fd4d6cb05de9f,NA,NA,relative_L_error,0.06282395717,6.282395717,percent,100 * raw_value,NA,NA,NA,NA,NA,NA,NA,NA,NA,NA,NA,NA,NA,NA,fit_complete,S05,profile_strength_miscalibrated,91006,0.94999999999999996,-0.050000000000000003,0,0.001,5,60,True,0.06013054063,0.0023775438279999999,`xtol` termination condition is satisfied.,85,0.001|S05|91006,all 260 fits; finite nonconverged retained,60,60,NA,NA,NA,NA,NA,NA,NA,NA,NA,NA,NA
2,e,raw,results/k8_morphology_sensitivity_replicates.csv,754dedfd431b128130f329fa6ab2e7b48359e5a79faf9aab3f1fd4d6cb05de9f,NA,NA,relative_L_error,0.2164621521,21.646215210000001,percent,100 * raw_value,NA,NA,NA,NA,NA,NA,NA,NA,NA,NA,NA,NA,NA,NA,fit_complete,S05,profile_strength_miscalibrated,91007,0.94999999999999996,-0.050000000000000003,0,0.001,5,60,True,0.19971878570000001,0.010332930129999999,`ftol` termination condition is satisfied.,86,0.001|S05|91007,all 260 fits; finite nonconverged retained,60,60,NA,NA,NA,NA,NA,NA,NA,NA,NA,NA,NA
2,e,raw,results/k8_morphology_sensitivity_replicates.csv,754dedfd431b128130f329fa6ab2e7b48359e5a79faf9aab3f1fd4d6cb05de9f,NA,NA,relative_L_error,0.084572417900000002,8.4572417899999994,percent,100 * raw_value,NA,NA,NA,NA,NA,NA,NA,NA,NA,NA,NA,NA,NA,NA,fit_complete,S05,profile_strength_miscalibrated,91008,0.94999999999999996,-0.050000000000000003,0,0.001,5,60,True,0.085364035759999998,0.0050671705330000002,`ftol` termination condition is satisfied.,87,0.001|S05|91008,all 260 fits; finite nonconverged retained,60,60,NA,NA,NA,NA,NA,NA,NA,NA,NA,NA,NA
2,e,raw,results/k8_morphology_sensitivity_replicates.csv,754dedfd431b128130f329fa6ab2e7b48359e5a79faf9aab3f1fd4d6cb05de9f,NA,NA,relative_L_error,0.055021005589999998,5.5021005589999996,percent,100 * raw_value,NA,NA,NA,NA,NA,NA,NA,NA,NA,NA,NA,NA,NA,NA,fit_complete,S05,profile_strength_miscalibrated,91009,0.94999999999999996,-0.050000000000000003,0,0.001,5,60,True,0.052470933290000001,0.0065431963459999997,`ftol` termination condition is satisfied.,88,0.001|S05|91009,all 260 fits; finite nonconverged retained,60,60,NA,NA,NA,NA,NA,NA,NA,NA,NA,NA,NA
2,e,raw,results/k8_morphology_sensitivity_replicates.csv,754dedfd431b128130f329fa6ab2e7b48359e5a79faf9aab3f1fd4d6cb05de9f,NA,NA,relative_L_error,0.1120707,11.20707,percent,100 * raw_value,NA,NA,NA,NA,NA,NA,NA,NA,NA,NA,NA,NA,NA,NA,fit_complete,S05,profile_strength_miscalibrated,91010,0.94999999999999996,-0.050000000000000003,0,0.001,5,60,True,0.1051465857,0.0045621799469999997,`xtol` termination condition is satisfied.,89,0.001|S05|91010,all 260 fits; finite nonconverged retained,60,60,NA,NA,NA,NA,NA,NA,NA,NA,NA,NA,NA
2,e,raw,results/k8_morphology_sensitivity_replicates.csv,754dedfd431b128130f329fa6ab2e7b48359e5a79faf9aab3f1fd4d6cb05de9f,NA,NA,relative_L_error,0.053864781700000003,5.3864781700000002,percent,100 * raw_value,NA,NA,NA,NA,NA,NA,NA,NA,NA,NA,NA,NA,NA,NA,fit_complete,S05,profile_strength_miscalibrated,91011,0.94999999999999996,-0.050000000000000003,0,0.001,5,60,True,0.051480687919999997,0.0029727747570000001,`xtol` termination condition is satisfied.,90,0.001|S05|91011,all 260 fits; finite nonconverged retained,60,60,NA,NA,NA,NA,NA,NA,NA,NA,NA,NA,NA
2,e,raw,results/k8_morphology_sensitivity_replicates.csv,754dedfd431b128130f329fa6ab2e7b48359e5a79faf9aab3f1fd4d6cb05de9f,NA,NA,relative_L_error,0.096230299869999994,9.6230299869999989,percent,100 * raw_value,NA,NA,NA,NA,NA,NA,NA,NA,NA,NA,NA,NA,NA,NA,fit_complete,S05,profile_strength_miscalibrated,91012,0.94999999999999996,-0.050000000000000003,0,0.001,5,60,True,0.096636770999999996,0.0058852254229999996,`ftol` termination condition is satisfied.,91,0.001|S05|91012,all 260 fits; finite nonconverged retained,60,60,NA,NA,NA,NA,NA,NA,NA,NA,NA,NA,NA
2,e,raw,results/k8_morphology_sensitivity_replicates.csv,754dedfd431b128130f329fa6ab2e7b48359e5a79faf9aab3f1fd4d6cb05de9f,NA,NA,relative_L_error,0.090486753919999996,9.0486753919999998,percent,100 * raw_value,NA,NA,NA,NA,NA,NA,NA,NA,NA,NA,NA,NA,NA,NA,fit_complete,S05,profile_strength_miscalibrated,91013,0.94999999999999996,-0.050000000000000003,0,0.001,5,60,True,0.093050111150000003,0.01060456859,`xtol` termination condition is satisfied.,92,0.001|S05|91013,all 260 fits; finite nonconverged retained,60,60,NA,NA,NA,NA,NA,NA,NA,NA,NA,NA,NA
2,e,raw,results/k8_morphology_sensitivity_replicates.csv,754dedfd431b128130f329fa6ab2e7b48359e5a79faf9aab3f1fd4d6cb05de9f,NA,NA,relative_L_error,0.33439685660000001,33.439685660000002,percent,100 * raw_value,NA,NA,NA,NA,NA,NA,NA,NA,NA,NA,NA,NA,NA,NA,fit_complete,S05,profile_strength_miscalibrated,91014,0.94999999999999996,-0.050000000000000003,0,0.001,5,60,True,0.30935367730000002,0.018494464280000001,`ftol` termination condition is satisfied.,93,0.001|S05|91014,all 260 fits; finite nonconverged retained,60,60,NA,NA,NA,NA,NA,NA,NA,NA,NA,NA,NA
2,e,raw,results/k8_morphology_sensitivity_replicates.csv,754dedfd431b128130f329fa6ab2e7b48359e5a79faf9aab3f1fd4d6cb05de9f,NA,NA,relative_L_error,0.068087336550000002,6.8087336550000002,percent,100 * raw_value,NA,NA,NA,NA,NA,NA,NA,NA,NA,NA,NA,NA,NA,NA,fit_complete,S05,profile_strength_miscalibrated,91015,0.94999999999999996,-0.050000000000000003,0,0.001,5,60,True,0.064468074919999993,0.0073046405519999998,`xtol` termination condition is satisfied.,94,0.001|S05|91015,all 260 fits; finite nonconverged retained,60,60,NA,NA,NA,NA,NA,NA,NA,NA,NA,NA,NA
2,e,raw,results/k8_morphology_sensitivity_replicates.csv,754dedfd431b128130f329fa6ab2e7b48359e5a79faf9aab3f1fd4d6cb05de9f,NA,NA,relative_L_error,0.13201566140000001,13.201566140000001,percent,100 * raw_value,NA,NA,NA,NA,NA,NA,NA,NA,NA,NA,NA,NA,NA,NA,fit_complete,S05,profile_strength_miscalibrated,91016,0.94999999999999996,-0.050000000000000003,0,0.001,5,60,True,0.12531783539999999,0.0043819887360000004,`ftol` termination condition is satisfied.,95,0.001|S05|91016,all 260 fits; finite nonconverged retained,60,60,NA,NA,NA,NA,NA,NA,NA,NA,NA,NA,NA
2,e,raw,results/k8_morphology_sensitivity_replicates.csv,754dedfd431b128130f329fa6ab2e7b48359e5a79faf9aab3f1fd4d6cb05de9f,NA,NA,relative_L_error,0.066517620159999999,6.6517620160000002,percent,100 * raw_value,NA,NA,NA,NA,NA,NA,NA,NA,NA,NA,NA,NA,NA,NA,fit_complete,S05,profile_strength_miscalibrated,91017,0.94999999999999996,-0.050000000000000003,0,0.001,5,60,True,0.062902966399999996,0.0028130945779999998,`xtol` termination condition is satisfied.,96,0.001|S05|91017,all 260 fits; finite nonconverged retained,60,60,NA,NA,NA,NA,NA,NA,NA,NA,NA,NA,NA
2,e,raw,results/k8_morphology_sensitivity_replicates.csv,754dedfd431b128130f329fa6ab2e7b48359e5a79faf9aab3f1fd4d6cb05de9f,NA,NA,relative_L_error,0.108250865,10.825086499999999,percent,100 * raw_value,NA,NA,NA,NA,NA,NA,NA,NA,NA,NA,NA,NA,NA,NA,fit_complete,S05,profile_strength_miscalibrated,91018,0.94999999999999996,-0.050000000000000003,0,0.001,5,60,True,0.10592733,0.0037296624720000002,`xtol` termination condition is satisfied.,97,0.001|S05|91018,all 260 fits; finite nonconverged retained,60,60,NA,NA,NA,NA,NA,NA,NA,NA,NA,NA,NA
2,e,raw,results/k8_morphology_sensitivity_replicates.csv,754dedfd431b128130f329fa6ab2e7b48359e5a79faf9aab3f1fd4d6cb05de9f,NA,NA,relative_L_error,0.09774313506,9.7743135060000004,percent,100 * raw_value,NA,NA,NA,NA,NA,NA,NA,NA,NA,NA,NA,NA,NA,NA,fit_complete,S05,profile_strength_miscalibrated,91019,0.94999999999999996,-0.050000000000000003,0,0.001,5,60,True,0.09136920137,0.001859405426,`xtol` termination condition is satisfied.,98,0.001|S05|91019,all 260 fits; finite nonconverged retained,60,60,NA,NA,NA,NA,NA,NA,NA,NA,NA,NA,NA
2,e,raw,results/k8_morphology_sensitivity_replicates.csv,754dedfd431b128130f329fa6ab2e7b48359e5a79faf9aab3f1fd4d6cb05de9f,NA,NA,relative_L_error,0.082977110899999998,8.29771109,percent,100 * raw_value,NA,NA,NA,NA,NA,NA,NA,NA,NA,NA,NA,NA,NA,NA,fit_complete,S05,profile_strength_miscalibrated,91020,0.94999999999999996,-0.050000000000000003,0,0.001,5,60,True,0.083282312420000004,0.0068376148210000003,`ftol` termination condition is satisfied.,99,0.001|S05|91020,all 260 fits; finite nonconverged retained,60,60,NA,NA,NA,NA,NA,NA,NA,NA,NA,NA,NA
2,e,raw,results/k8_morphology_sensitivity_replicates.csv,754dedfd431b128130f329fa6ab2e7b48359e5a79faf9aab3f1fd4d6cb05de9f,NA,NA,relative_L_error,0.076690470479999995,7.6690470479999995,percent,100 * raw_value,NA,NA,NA,NA,NA,NA,NA,NA,NA,NA,NA,NA,NA,NA,fit_complete,S06,profile_strength_miscalibrated,91001,1.05,0.050000000000000003,0,0.001,5,60,True,0.073470989200000003,0.0040393593499999996,`ftol` termination condition is satisfied.,100,0.001|S06|91001,all 260 fits; finite nonconverged retained,60,60,NA,NA,NA,NA,NA,NA,NA,NA,NA,NA,NA
2,e,raw,results/k8_morphology_sensitivity_replicates.csv,754dedfd431b128130f329fa6ab2e7b48359e5a79faf9aab3f1fd4d6cb05de9f,NA,NA,relative_L_error,0.059484944900000003,5.9484944899999999,percent,100 * raw_value,NA,NA,NA,NA,NA,NA,NA,NA,NA,NA,NA,NA,NA,NA,fit_complete,S06,profile_strength_miscalibrated,91002,1.05,0.050000000000000003,0,0.001,5,60,True,0.057489524989999999,0.0071693991380000002,`ftol` termination condition is satisfied.,101,0.001|S06|91002,all 260 fits; finite nonconverged retained,60,60,NA,NA,NA,NA,NA,NA,NA,NA,NA,NA,NA
2,e,raw,results/k8_morphology_sensitivity_replicates.csv,754dedfd431b128130f329fa6ab2e7b48359e5a79faf9aab3f1fd4d6cb05de9f,NA,NA,relative_L_error,0.047706033340000002,4.7706033340000005,percent,100 * raw_value,NA,NA,NA,NA,NA,NA,NA,NA,NA,NA,NA,NA,NA,NA,fit_complete,S06,profile_strength_miscalibrated,91003,1.05,0.050000000000000003,0,0.001,5,60,True,0.045886259489999998,0.003372753451,`ftol` termination condition is satisfied.,102,0.001|S06|91003,all 260 fits; finite nonconverged retained,60,60,NA,NA,NA,NA,NA,NA,NA,NA,NA,NA,NA
2,e,raw,results/k8_morphology_sensitivity_replicates.csv,754dedfd431b128130f329fa6ab2e7b48359e5a79faf9aab3f1fd4d6cb05de9f,NA,NA,relative_L_error,0.075862960110000002,7.586296011,percent,100 * raw_value,NA,NA,NA,NA,NA,NA,NA,NA,NA,NA,NA,NA,NA,NA,fit_complete,S06,profile_strength_miscalibrated,91004,1.05,0.050000000000000003,0,0.001,5,60,True,0.074509787440000003,0.0013683338879999999,`xtol` termination condition is satisfied.,103,0.001|S06|91004,all 260 fits; finite nonconverged retained,60,60,NA,NA,NA,NA,NA,NA,NA,NA,NA,NA,NA
2,e,raw,results/k8_morphology_sensitivity_replicates.csv,754dedfd431b128130f329fa6ab2e7b48359e5a79faf9aab3f1fd4d6cb05de9f,NA,NA,relative_L_error,0.064052985640000004,6.4052985640000006,percent,100 * raw_value,NA,NA,NA,NA,NA,NA,NA,NA,NA,NA,NA,NA,NA,NA,fit_complete,S06,profile_strength_miscalibrated,91005,1.05,0.050000000000000003,0,0.001,5,60,True,0.060605567899999997,0.0058600149599999998,`ftol` termination condition is satisfied.,104,0.001|S06|91005,all 260 fits; finite nonconverged retained,60,60,NA,NA,NA,NA,NA,NA,NA,NA,NA,NA,NA
2,e,raw,results/k8_morphology_sensitivity_replicates.csv,754dedfd431b128130f329fa6ab2e7b48359e5a79faf9aab3f1fd4d6cb05de9f,NA,NA,relative_L_error,0.070623421219999996,7.0623421219999996,percent,100 * raw_value,NA,NA,NA,NA,NA,NA,NA,NA,NA,NA,NA,NA,NA,NA,fit_complete,S06,profile_strength_miscalibrated,91006,1.05,0.050000000000000003,0,0.001,5,60,True,0.066412041810000003,0.0023655274140000002,`ftol` termination condition is satisfied.,105,0.001|S06|91006,all 260 fits; finite nonconverged retained,60,60,NA,NA,NA,NA,NA,NA,NA,NA,NA,NA,NA
2,e,raw,results/k8_morphology_sensitivity_replicates.csv,754dedfd431b128130f329fa6ab2e7b48359e5a79faf9aab3f1fd4d6cb05de9f,NA,NA,relative_L_error,0.10026910560000001,10.026910560000001,percent,100 * raw_value,NA,NA,NA,NA,NA,NA,NA,NA,NA,NA,NA,NA,NA,NA,fit_complete,S06,profile_strength_miscalibrated,91007,1.05,0.050000000000000003,0,0.001,5,60,True,0.092178839009999999,0.0094205776400000003,`ftol` termination condition is satisfied.,106,0.001|S06|91007,all 260 fits; finite nonconverged retained,60,60,NA,NA,NA,NA,NA,NA,NA,NA,NA,NA,NA
2,e,raw,results/k8_morphology_sensitivity_replicates.csv,754dedfd431b128130f329fa6ab2e7b48359e5a79faf9aab3f1fd4d6cb05de9f,NA,NA,relative_L_error,0.083224989880000003,8.3224989879999995,percent,100 * raw_value,NA,NA,NA,NA,NA,NA,NA,NA,NA,NA,NA,NA,NA,NA,fit_complete,S06,profile_strength_miscalibrated,91008,1.05,0.050000000000000003,0,0.001,5,60,True,0.081898578360000002,0.0046460382850000001,`xtol` termination condition is satisfied.,107,0.001|S06|91008,all 260 fits; finite nonconverged retained,60,60,NA,NA,NA,NA,NA,NA,NA,NA,NA,NA,NA
2,e,raw,results/k8_morphology_sensitivity_replicates.csv,754dedfd431b128130f329fa6ab2e7b48359e5a79faf9aab3f1fd4d6cb05de9f,NA,NA,relative_L_error,0.0756077421,7.5607742099999999,percent,100 * raw_value,NA,NA,NA,NA,NA,NA,NA,NA,NA,NA,NA,NA,NA,NA,fit_complete,S06,profile_strength_miscalibrated,91009,1.05,0.050000000000000003,0,0.001,5,60,True,0.070920715810000007,0.0058567627829999996,`xtol` termination condition is satisfied.,108,0.001|S06|91009,all 260 fits; finite nonconverged retained,60,60,NA,NA,NA,NA,NA,NA,NA,NA,NA,NA,NA
2,e,raw,results/k8_morphology_sensitivity_replicates.csv,754dedfd431b128130f329fa6ab2e7b48359e5a79faf9aab3f1fd4d6cb05de9f,NA,NA,relative_L_error,0.046957496100000003,4.69574961,percent,100 * raw_value,NA,NA,NA,NA,NA,NA,NA,NA,NA,NA,NA,NA,NA,NA,fit_complete,S06,profile_strength_miscalibrated,91010,1.05,0.050000000000000003,0,0.001,5,60,True,0.045929877000000001,0.0041699677250000003,`xtol` termination condition is satisfied.,109,0.001|S06|91010,all 260 fits; finite nonconverged retained,60,60,NA,NA,NA,NA,NA,NA,NA,NA,NA,NA,NA
2,e,raw,results/k8_morphology_sensitivity_replicates.csv,754dedfd431b128130f329fa6ab2e7b48359e5a79faf9aab3f1fd4d6cb05de9f,NA,NA,relative_L_error,0.097080927260000005,9.7080927260000003,percent,100 * raw_value,NA,NA,NA,NA,NA,NA,NA,NA,NA,NA,NA,NA,NA,NA,fit_complete,S06,profile_strength_miscalibrated,91011,1.05,0.050000000000000003,0,0.001,5,60,True,0.090209848470000006,0.0028127348919999998,`ftol` termination condition is satisfied.,110,0.001|S06|91011,all 260 fits; finite nonconverged retained,60,60,NA,NA,NA,NA,NA,NA,NA,NA,NA,NA,NA
2,e,raw,results/k8_morphology_sensitivity_replicates.csv,754dedfd431b128130f329fa6ab2e7b48359e5a79faf9aab3f1fd4d6cb05de9f,NA,NA,relative_L_error,0.086165070460000007,8.6165070460000006,percent,100 * raw_value,NA,NA,NA,NA,NA,NA,NA,NA,NA,NA,NA,NA,NA,NA,fit_complete,S06,profile_strength_miscalibrated,91012,1.05,0.050000000000000003,0,0.001,5,60,True,0.087735810459999994,0.0053875159420000004,`ftol` termination condition is satisfied.,111,0.001|S06|91012,all 260 fits; finite nonconverged retained,60,60,NA,NA,NA,NA,NA,NA,NA,NA,NA,NA,NA
2,e,raw,results/k8_morphology_sensitivity_replicates.csv,754dedfd431b128130f329fa6ab2e7b48359e5a79faf9aab3f1fd4d6cb05de9f,NA,NA,relative_L_error,0.09256953691,9.2569536909999997,percent,100 * raw_value,NA,NA,NA,NA,NA,NA,NA,NA,NA,NA,NA,NA,NA,NA,fit_complete,S06,profile_strength_miscalibrated,91013,1.05,0.050000000000000003,0,0.001,5,60,True,0.09227619259,0.009527898521,`ftol` termination condition is satisfied.,112,0.001|S06|91013,all 260 fits; finite nonconverged retained,60,60,NA,NA,NA,NA,NA,NA,NA,NA,NA,NA,NA
2,e,raw,results/k8_morphology_sensitivity_replicates.csv,754dedfd431b128130f329fa6ab2e7b48359e5a79faf9aab3f1fd4d6cb05de9f,NA,NA,relative_L_error,0.1637111778,16.371117779999999,percent,100 * raw_value,NA,NA,NA,NA,NA,NA,NA,NA,NA,NA,NA,NA,NA,NA,fit_complete,S06,profile_strength_miscalibrated,91014,1.05,0.050000000000000003,0,0.001,5,60,True,0.15341845279999999,0.016799170400000001,`ftol` termination condition is satisfied.,113,0.001|S06|91014,all 260 fits; finite nonconverged retained,60,60,NA,NA,NA,NA,NA,NA,NA,NA,NA,NA,NA
2,e,raw,results/k8_morphology_sensitivity_replicates.csv,754dedfd431b128130f329fa6ab2e7b48359e5a79faf9aab3f1fd4d6cb05de9f,NA,NA,relative_L_error,0.063146147799999996,6.3146147799999994,percent,100 * raw_value,NA,NA,NA,NA,NA,NA,NA,NA,NA,NA,NA,NA,NA,NA,fit_complete,S06,profile_strength_miscalibrated,91015,1.05,0.050000000000000003,0,0.001,5,60,True,0.059541324579999999,0.0066139563149999999,`xtol` termination condition is satisfied.,114,0.001|S06|91015,all 260 fits; finite nonconverged retained,60,60,NA,NA,NA,NA,NA,NA,NA,NA,NA,NA,NA
2,e,raw,results/k8_morphology_sensitivity_replicates.csv,754dedfd431b128130f329fa6ab2e7b48359e5a79faf9aab3f1fd4d6cb05de9f,NA,NA,relative_L_error,0.054172571039999999,5.4172571039999999,percent,100 * raw_value,NA,NA,NA,NA,NA,NA,NA,NA,NA,NA,NA,NA,NA,NA,fit_complete,S06,profile_strength_miscalibrated,91016,1.05,0.050000000000000003,0,0.001,5,60,True,0.055648456700000001,0.0039718268130000001,`xtol` termination condition is satisfied.,115,0.001|S06|91016,all 260 fits; finite nonconverged retained,60,60,NA,NA,NA,NA,NA,NA,NA,NA,NA,NA,NA
2,e,raw,results/k8_morphology_sensitivity_replicates.csv,754dedfd431b128130f329fa6ab2e7b48359e5a79faf9aab3f1fd4d6cb05de9f,NA,NA,relative_L_error,0.06481940672,6.4819406720000003,percent,100 * raw_value,NA,NA,NA,NA,NA,NA,NA,NA,NA,NA,NA,NA,NA,NA,fit_complete,S06,profile_strength_miscalibrated,91017,1.05,0.050000000000000003,0,0.001,5,60,True,0.06129767748,0.0025903638520000001,`xtol` termination condition is satisfied.,116,0.001|S06|91017,all 260 fits; finite nonconverged retained,60,60,NA,NA,NA,NA,NA,NA,NA,NA,NA,NA,NA
2,e,raw,results/k8_morphology_sensitivity_replicates.csv,754dedfd431b128130f329fa6ab2e7b48359e5a79faf9aab3f1fd4d6cb05de9f,NA,NA,relative_L_error,0.078203050179999997,7.820305018,percent,100 * raw_value,NA,NA,NA,NA,NA,NA,NA,NA,NA,NA,NA,NA,NA,NA,fit_complete,S06,profile_strength_miscalibrated,91018,1.05,0.050000000000000003,0,0.001,5,60,True,0.079678487980000004,0.003478031077,`xtol` termination condition is satisfied.,117,0.001|S06|91018,all 260 fits; finite nonconverged retained,60,60,NA,NA,NA,NA,NA,NA,NA,NA,NA,NA,NA
2,e,raw,results/k8_morphology_sensitivity_replicates.csv,754dedfd431b128130f329fa6ab2e7b48359e5a79faf9aab3f1fd4d6cb05de9f,NA,NA,relative_L_error,0.055313439589999999,5.531343959,percent,100 * raw_value,NA,NA,NA,NA,NA,NA,NA,NA,NA,NA,NA,NA,NA,NA,fit_complete,S06,profile_strength_miscalibrated,91019,1.05,0.050000000000000003,0,0.001,5,60,True,0.053156678999999998,0.0017799146970000001,`ftol` termination condition is satisfied.,118,0.001|S06|91019,all 260 fits; finite nonconverged retained,60,60,NA,NA,NA,NA,NA,NA,NA,NA,NA,NA,NA
2,e,raw,results/k8_morphology_sensitivity_replicates.csv,754dedfd431b128130f329fa6ab2e7b48359e5a79faf9aab3f1fd4d6cb05de9f,NA,NA,relative_L_error,0.081355633070000002,8.135563307,percent,100 * raw_value,NA,NA,NA,NA,NA,NA,NA,NA,NA,NA,NA,NA,NA,NA,fit_complete,S06,profile_strength_miscalibrated,91020,1.05,0.050000000000000003,0,0.001,5,60,True,0.081535680030000002,0.0062152905519999996,`ftol` termination condition is satisfied.,119,0.001|S06|91020,all 260 fits; finite nonconverged retained,60,60,NA,NA,NA,NA,NA,NA,NA,NA,NA,NA,NA
2,e,raw,results/k8_morphology_sensitivity_replicates.csv,754dedfd431b128130f329fa6ab2e7b48359e5a79faf9aab3f1fd4d6cb05de9f,NA,NA,relative_L_error,0.18467357479999999,18.46735748,percent,100 * raw_value,NA,NA,NA,NA,NA,NA,NA,NA,NA,NA,NA,NA,NA,NA,fit_complete,S07,profile_strength_miscalibrated,91001,1.1499999999999999,0.14999999999999999,0,0.001,5,60,True,0.174231359,0.0039731484309999997,`ftol` termination condition is satisfied.,120,0.001|S07|91001,all 260 fits; finite nonconverged retained,60,60,NA,NA,NA,NA,NA,NA,NA,NA,NA,NA,NA
2,e,raw,results/k8_morphology_sensitivity_replicates.csv,754dedfd431b128130f329fa6ab2e7b48359e5a79faf9aab3f1fd4d6cb05de9f,NA,NA,relative_L_error,0.1697644391,16.97644391,percent,100 * raw_value,NA,NA,NA,NA,NA,NA,NA,NA,NA,NA,NA,NA,NA,NA,fit_complete,S07,profile_strength_miscalibrated,91002,1.1499999999999999,0.14999999999999999,0,0.001,5,60,True,0.1600799151,0.0086237621020000006,`ftol` termination condition is satisfied.,121,0.001|S07|91002,all 260 fits; finite nonconverged retained,60,60,NA,NA,NA,NA,NA,NA,NA,NA,NA,NA,NA
2,e,raw,results/k8_morphology_sensitivity_replicates.csv,754dedfd431b128130f329fa6ab2e7b48359e5a79faf9aab3f1fd4d6cb05de9f,NA,NA,relative_L_error,0.1696586652,16.965866519999999,percent,100 * raw_value,NA,NA,NA,NA,NA,NA,NA,NA,NA,NA,NA,NA,NA,NA,fit_complete,S07,profile_strength_miscalibrated,91003,1.1499999999999999,0.14999999999999999,0,0.001,5,60,True,0.15990409820000001,0.0035559128089999999,`xtol` termination condition is satisfied.,122,0.001|S07|91003,all 260 fits; finite nonconverged retained,60,60,NA,NA,NA,NA,NA,NA,NA,NA,NA,NA,NA
2,e,raw,results/k8_morphology_sensitivity_replicates.csv,754dedfd431b128130f329fa6ab2e7b48359e5a79faf9aab3f1fd4d6cb05de9f,NA,NA,relative_L_error,0.1831022262,18.310222620000001,percent,100 * raw_value,NA,NA,NA,NA,NA,NA,NA,NA,NA,NA,NA,NA,NA,NA,fit_complete,S07,profile_strength_miscalibrated,91004,1.1499999999999999,0.14999999999999999,0,0.001,5,60,True,0.17373584559999999,0.0015063534539999999,`ftol` termination condition is satisfied.,123,0.001|S07|91004,all 260 fits; finite nonconverged retained,60,60,NA,NA,NA,NA,NA,NA,NA,NA,NA,NA,NA
2,e,raw,results/k8_morphology_sensitivity_replicates.csv,754dedfd431b128130f329fa6ab2e7b48359e5a79faf9aab3f1fd4d6cb05de9f,NA,NA,relative_L_error,0.17758818679999999,17.758818679999997,percent,100 * raw_value,NA,NA,NA,NA,NA,NA,NA,NA,NA,NA,NA,NA,NA,NA,fit_complete,S07,profile_strength_miscalibrated,91005,1.1499999999999999,0.14999999999999999,0,0.001,5,60,True,0.1672952566,0.0054435213269999998,`ftol` termination condition is satisfied.,124,0.001|S07|91005,all 260 fits; finite nonconverged retained,60,60,NA,NA,NA,NA,NA,NA,NA,NA,NA,NA,NA
2,e,raw,results/k8_morphology_sensitivity_replicates.csv,754dedfd431b128130f329fa6ab2e7b48359e5a79faf9aab3f1fd4d6cb05de9f,NA,NA,relative_L_error,0.1807094196,18.070941959999999,percent,100 * raw_value,NA,NA,NA,NA,NA,NA,NA,NA,NA,NA,NA,NA,NA,NA,fit_complete,S07,profile_strength_miscalibrated,91006,1.1499999999999999,0.14999999999999999,0,0.001,5,60,True,0.1699586518,0.0025912636820000002,`xtol` termination condition is satisfied.,125,0.001|S07|91006,all 260 fits; finite nonconverged retained,60,60,NA,NA,NA,NA,NA,NA,NA,NA,NA,NA,NA
2,e,raw,results/k8_morphology_sensitivity_replicates.csv,754dedfd431b128130f329fa6ab2e7b48359e5a79faf9aab3f1fd4d6cb05de9f,NA,NA,relative_L_error,0.17212198870000001,17.212198870000002,percent,100 * raw_value,NA,NA,NA,NA,NA,NA,NA,NA,NA,NA,NA,NA,NA,NA,fit_complete,S07,profile_strength_miscalibrated,91007,1.1499999999999999,0.14999999999999999,0,0.001,5,60,True,0.1637307314,0.010620254169999999,`xtol` termination condition is satisfied.,126,0.001|S07|91007,all 260 fits; finite nonconverged retained,60,60,NA,NA,NA,NA,NA,NA,NA,NA,NA,NA,NA
2,e,raw,results/k8_morphology_sensitivity_replicates.csv,754dedfd431b128130f329fa6ab2e7b48359e5a79faf9aab3f1fd4d6cb05de9f,NA,NA,relative_L_error,0.1831449698,18.314496980000001,percent,100 * raw_value,NA,NA,NA,NA,NA,NA,NA,NA,NA,NA,NA,NA,NA,NA,fit_complete,S07,profile_strength_miscalibrated,91008,1.1499999999999999,0.14999999999999999,0,0.001,5,60,True,0.17340175720000001,0.0044404914789999998,`xtol` termination condition is satisfied.,127,0.001|S07|91008,all 260 fits; finite nonconverged retained,60,60,NA,NA,NA,NA,NA,NA,NA,NA,NA,NA,NA
2,e,raw,results/k8_morphology_sensitivity_replicates.csv,754dedfd431b128130f329fa6ab2e7b48359e5a79faf9aab3f1fd4d6cb05de9f,NA,NA,relative_L_error,0.1851921205,18.51921205,percent,100 * raw_value,NA,NA,NA,NA,NA,NA,NA,NA,NA,NA,NA,NA,NA,NA,fit_complete,S07,profile_strength_miscalibrated,91009,1.1499999999999999,0.14999999999999999,0,0.001,5,60,True,0.1741365403,0.0053325984799999998,`xtol` termination condition is satisfied.,128,0.001|S07|91009,all 260 fits; finite nonconverged retained,60,60,NA,NA,NA,NA,NA,NA,NA,NA,NA,NA,NA
2,e,raw,results/k8_morphology_sensitivity_replicates.csv,754dedfd431b128130f329fa6ab2e7b48359e5a79faf9aab3f1fd4d6cb05de9f,NA,NA,relative_L_error,0.17110551030000001,17.11055103,percent,100 * raw_value,NA,NA,NA,NA,NA,NA,NA,NA,NA,NA,NA,NA,NA,NA,fit_complete,S07,profile_strength_miscalibrated,91010,1.1499999999999999,0.14999999999999999,0,0.001,5,60,True,0.1613013338,0.0049263291219999996,`ftol` termination condition is satisfied.,129,0.001|S07|91010,all 260 fits; finite nonconverged retained,60,60,NA,NA,NA,NA,NA,NA,NA,NA,NA,NA,NA
2,e,raw,results/k8_morphology_sensitivity_replicates.csv,754dedfd431b128130f329fa6ab2e7b48359e5a79faf9aab3f1fd4d6cb05de9f,NA,NA,relative_L_error,0.19881517360000001,19.88151736,percent,100 * raw_value,NA,NA,NA,NA,NA,NA,NA,NA,NA,NA,NA,NA,NA,NA,fit_complete,S07,profile_strength_miscalibrated,91011,1.1499999999999999,0.14999999999999999,0,0.001,5,60,True,0.18618758890000001,0.0029787108100000001,`ftol` termination condition is satisfied.,130,0.001|S07|91011,all 260 fits; finite nonconverged retained,60,60,NA,NA,NA,NA,NA,NA,NA,NA,NA,NA,NA
2,e,raw,results/k8_morphology_sensitivity_replicates.csv,754dedfd431b128130f329fa6ab2e7b48359e5a79faf9aab3f1fd4d6cb05de9f,NA,NA,relative_L_error,0.1851824145,18.518241450000001,percent,100 * raw_value,NA,NA,NA,NA,NA,NA,NA,NA,NA,NA,NA,NA,NA,NA,fit_complete,S07,profile_strength_miscalibrated,91012,1.1499999999999999,0.14999999999999999,0,0.001,5,60,True,0.17761607300000001,0.0050536533449999999,`xtol` termination condition is satisfied.,131,0.001|S07|91012,all 260 fits; finite nonconverged retained,60,60,NA,NA,NA,NA,NA,NA,NA,NA,NA,NA,NA
2,e,raw,results/k8_morphology_sensitivity_replicates.csv,754dedfd431b128130f329fa6ab2e7b48359e5a79faf9aab3f1fd4d6cb05de9f,NA,NA,relative_L_error,0.1888329987,18.883299870000002,percent,100 * raw_value,NA,NA,NA,NA,NA,NA,NA,NA,NA,NA,NA,NA,NA,NA,fit_complete,S07,profile_strength_miscalibrated,91013,1.1499999999999999,0.14999999999999999,0,0.001,5,60,True,0.1793010112,0.0086763042639999999,`ftol` termination condition is satisfied.,132,0.001|S07|91013,all 260 fits; finite nonconverged retained,60,60,NA,NA,NA,NA,NA,NA,NA,NA,NA,NA,NA
2,e,raw,results/k8_morphology_sensitivity_replicates.csv,754dedfd431b128130f329fa6ab2e7b48359e5a79faf9aab3f1fd4d6cb05de9f,NA,NA,relative_L_error,0.18285698540000001,18.285698540000002,percent,100 * raw_value,NA,NA,NA,NA,NA,NA,NA,NA,NA,NA,NA,NA,NA,NA,fit_complete,S07,profile_strength_miscalibrated,91014,1.1499999999999999,0.14999999999999999,0,0.001,5,60,True,0.17729625130000001,0.016876502040000001,`ftol` termination condition is satisfied.,133,0.001|S07|91014,all 260 fits; finite nonconverged retained,60,60,NA,NA,NA,NA,NA,NA,NA,NA,NA,NA,NA
2,e,raw,results/k8_morphology_sensitivity_replicates.csv,754dedfd431b128130f329fa6ab2e7b48359e5a79faf9aab3f1fd4d6cb05de9f,NA,NA,relative_L_error,0.17609685219999999,17.609685219999999,percent,100 * raw_value,NA,NA,NA,NA,NA,NA,NA,NA,NA,NA,NA,NA,NA,NA,fit_complete,S07,profile_strength_miscalibrated,91015,1.1499999999999999,0.14999999999999999,0,0.001,5,60,True,0.1658587799,0.0061012490020000004,`ftol` termination condition is satisfied.,134,0.001|S07|91015,all 260 fits; finite nonconverged retained,60,60,NA,NA,NA,NA,NA,NA,NA,NA,NA,NA,NA
2,e,raw,results/k8_morphology_sensitivity_replicates.csv,754dedfd431b128130f329fa6ab2e7b48359e5a79faf9aab3f1fd4d6cb05de9f,NA,NA,relative_L_error,0.1727954763,17.27954763,percent,100 * raw_value,NA,NA,NA,NA,NA,NA,NA,NA,NA,NA,NA,NA,NA,NA,fit_complete,S07,profile_strength_miscalibrated,91016,1.1499999999999999,0.14999999999999999,0,0.001,5,60,True,0.16289736739999999,0.0058307582750000003,`ftol` termination condition is satisfied.,135,0.001|S07|91016,all 260 fits; finite nonconverged retained,60,60,NA,NA,NA,NA,NA,NA,NA,NA,NA,NA,NA
2,e,raw,results/k8_morphology_sensitivity_replicates.csv,754dedfd431b128130f329fa6ab2e7b48359e5a79faf9aab3f1fd4d6cb05de9f,NA,NA,relative_L_error,0.17752174749999999,17.752174749999998,percent,100 * raw_value,NA,NA,NA,NA,NA,NA,NA,NA,NA,NA,NA,NA,NA,NA,fit_complete,S07,profile_strength_miscalibrated,91017,1.1499999999999999,0.14999999999999999,0,0.001,5,60,True,0.1673438961,0.0025907782829999999,Both `ftol` and `xtol` termination conditions are satisfied.,136,0.001|S07|91017,all 260 fits; finite nonconverged retained,60,60,NA,NA,NA,NA,NA,NA,NA,NA,NA,NA,NA
2,e,raw,results/k8_morphology_sensitivity_replicates.csv,754dedfd431b128130f329fa6ab2e7b48359e5a79faf9aab3f1fd4d6cb05de9f,NA,NA,relative_L_error,0.1774339868,17.743398679999999,percent,100 * raw_value,NA,NA,NA,NA,NA,NA,NA,NA,NA,NA,NA,NA,NA,NA,fit_complete,S07,profile_strength_miscalibrated,91018,1.1499999999999999,0.14999999999999999,0,0.001,5,60,True,0.17015838559999999,0.0033982237189999999,`xtol` termination condition is satisfied.,137,0.001|S07|91018,all 260 fits; finite nonconverged retained,60,60,NA,NA,NA,NA,NA,NA,NA,NA,NA,NA,NA
2,e,raw,results/k8_morphology_sensitivity_replicates.csv,754dedfd431b128130f329fa6ab2e7b48359e5a79faf9aab3f1fd4d6cb05de9f,NA,NA,relative_L_error,0.1751656113,17.516561129999999,percent,100 * raw_value,NA,NA,NA,NA,NA,NA,NA,NA,NA,NA,NA,NA,NA,NA,fit_complete,S07,profile_strength_miscalibrated,91019,1.1499999999999999,0.14999999999999999,0,0.001,5,60,True,0.16565140989999999,0.0025738518399999999,`ftol` termination condition is satisfied.,138,0.001|S07|91019,all 260 fits; finite nonconverged retained,60,60,NA,NA,NA,NA,NA,NA,NA,NA,NA,NA,NA
2,e,raw,results/k8_morphology_sensitivity_replicates.csv,754dedfd431b128130f329fa6ab2e7b48359e5a79faf9aab3f1fd4d6cb05de9f,NA,NA,relative_L_error,0.18476676340000001,18.476676340000001,percent,100 * raw_value,NA,NA,NA,NA,NA,NA,NA,NA,NA,NA,NA,NA,NA,NA,fit_complete,S07,profile_strength_miscalibrated,91020,1.1499999999999999,0.14999999999999999,0,0.001,5,60,True,0.17620866939999999,0.0057572095479999997,Both `ftol` and `xtol` termination conditions are satisfied.,139,0.001|S07|91020,all 260 fits; finite nonconverged retained,60,60,NA,NA,NA,NA,NA,NA,NA,NA,NA,NA,NA
2,e,raw,results/k8_morphology_sensitivity_replicates.csv,754dedfd431b128130f329fa6ab2e7b48359e5a79faf9aab3f1fd4d6cb05de9f,NA,NA,relative_L_error,0.02908047603,2.908047603,percent,100 * raw_value,NA,NA,NA,NA,NA,NA,NA,NA,NA,NA,NA,NA,NA,NA,fit_complete,S08,unmodelled_spatial_crosstalk,91001,1,0,0.050000000000000003,0.001,5,60,True,0.028105707300000001,0.0040145780200000003,`xtol` termination condition is satisfied.,140,0.001|S08|91001,all 260 fits; finite nonconverged retained,60,60,NA,NA,NA,NA,NA,NA,NA,NA,NA,NA,NA
2,e,raw,results/k8_morphology_sensitivity_replicates.csv,754dedfd431b128130f329fa6ab2e7b48359e5a79faf9aab3f1fd4d6cb05de9f,NA,NA,relative_L_error,0.12981646490000001,12.981646490000001,percent,100 * raw_value,NA,NA,NA,NA,NA,NA,NA,NA,NA,NA,NA,NA,NA,NA,fit_complete,S08,unmodelled_spatial_crosstalk,91002,1,0,0.050000000000000003,0.001,5,60,True,0.1273222329,0.0077071174940000001,`xtol` termination condition is satisfied.,141,0.001|S08|91002,all 260 fits; finite nonconverged retained,60,60,NA,NA,NA,NA,NA,NA,NA,NA,NA,NA,NA
2,e,raw,results/k8_morphology_sensitivity_replicates.csv,754dedfd431b128130f329fa6ab2e7b48359e5a79faf9aab3f1fd4d6cb05de9f,NA,NA,relative_L_error,0.073829546120000006,7.3829546120000007,percent,100 * raw_value,NA,NA,NA,NA,NA,NA,NA,NA,NA,NA,NA,NA,NA,NA,fit_complete,S08,unmodelled_spatial_crosstalk,91003,1,0,0.050000000000000003,0.001,5,60,True,0.075099373649999995,0.003416740245,`ftol` termination condition is satisfied.,142,0.001|S08|91003,all 260 fits; finite nonconverged retained,60,60,NA,NA,NA,NA,NA,NA,NA,NA,NA,NA,NA
2,e,raw,results/k8_morphology_sensitivity_replicates.csv,754dedfd431b128130f329fa6ab2e7b48359e5a79faf9aab3f1fd4d6cb05de9f,NA,NA,relative_L_error,0.025416437980000001,2.541643798,percent,100 * raw_value,NA,NA,NA,NA,NA,NA,NA,NA,NA,NA,NA,NA,NA,NA,fit_complete,S08,unmodelled_spatial_crosstalk,91004,1,0,0.050000000000000003,0.001,5,60,True,0.024842533109999999,0.0014071027069999999,`xtol` termination condition is satisfied.,143,0.001|S08|91004,all 260 fits; finite nonconverged retained,60,60,NA,NA,NA,NA,NA,NA,NA,NA,NA,NA,NA
2,e,raw,results/k8_morphology_sensitivity_replicates.csv,754dedfd431b128130f329fa6ab2e7b48359e5a79faf9aab3f1fd4d6cb05de9f,NA,NA,relative_L_error,0.058760850070000002,5.8760850070000004,percent,100 * raw_value,NA,NA,NA,NA,NA,NA,NA,NA,NA,NA,NA,NA,NA,NA,fit_complete,S08,unmodelled_spatial_crosstalk,91005,1,0,0.050000000000000003,0.001,5,60,True,0.06141695053,0.0061589619399999998,`xtol` termination condition is satisfied.,144,0.001|S08|91005,all 260 fits; finite nonconverged retained,60,60,NA,NA,NA,NA,NA,NA,NA,NA,NA,NA,NA
2,e,raw,results/k8_morphology_sensitivity_replicates.csv,754dedfd431b128130f329fa6ab2e7b48359e5a79faf9aab3f1fd4d6cb05de9f,NA,NA,relative_L_error,0.060949717370000003,6.0949717370000007,percent,100 * raw_value,NA,NA,NA,NA,NA,NA,NA,NA,NA,NA,NA,NA,NA,NA,fit_complete,S08,unmodelled_spatial_crosstalk,91006,1,0,0.050000000000000003,0.001,5,60,True,0.063515961689999997,0.0022724161200000001,`ftol` termination condition is satisfied.,145,0.001|S08|91006,all 260 fits; finite nonconverged retained,60,60,NA,NA,NA,NA,NA,NA,NA,NA,NA,NA,NA
2,e,raw,results/k8_morphology_sensitivity_replicates.csv,754dedfd431b128130f329fa6ab2e7b48359e5a79faf9aab3f1fd4d6cb05de9f,NA,NA,relative_L_error,0.15117673130000001,15.11767313,percent,100 * raw_value,NA,NA,NA,NA,NA,NA,NA,NA,NA,NA,NA,NA,NA,NA,fit_complete,S08,unmodelled_spatial_crosstalk,91007,1,0,0.050000000000000003,0.001,5,60,True,0.13913052579999999,0.0093446580419999994,`ftol` termination condition is satisfied.,146,0.001|S08|91007,all 260 fits; finite nonconverged retained,60,60,NA,NA,NA,NA,NA,NA,NA,NA,NA,NA,NA
2,e,raw,results/k8_morphology_sensitivity_replicates.csv,754dedfd431b128130f329fa6ab2e7b48359e5a79faf9aab3f1fd4d6cb05de9f,NA,NA,relative_L_error,0.10519006240000001,10.519006240000001,percent,100 * raw_value,NA,NA,NA,NA,NA,NA,NA,NA,NA,NA,NA,NA,NA,NA,fit_complete,S08,unmodelled_spatial_crosstalk,91008,1,0,0.050000000000000003,0.001,5,60,True,0.1121302914,0.0047309641540000001,`ftol` termination condition is satisfied.,147,0.001|S08|91008,all 260 fits; finite nonconverged retained,60,60,NA,NA,NA,NA,NA,NA,NA,NA,NA,NA,NA
2,e,raw,results/k8_morphology_sensitivity_replicates.csv,754dedfd431b128130f329fa6ab2e7b48359e5a79faf9aab3f1fd4d6cb05de9f,NA,NA,relative_L_error,0.045908394800000002,4.5908394800000005,percent,100 * raw_value,NA,NA,NA,NA,NA,NA,NA,NA,NA,NA,NA,NA,NA,NA,fit_complete,S08,unmodelled_spatial_crosstalk,91009,1,0,0.050000000000000003,0.001,5,60,True,0.046922322400000001,0.0060092129889999998,`xtol` termination condition is satisfied.,148,0.001|S08|91009,all 260 fits; finite nonconverged retained,60,60,NA,NA,NA,NA,NA,NA,NA,NA,NA,NA,NA
2,e,raw,results/k8_morphology_sensitivity_replicates.csv,754dedfd431b128130f329fa6ab2e7b48359e5a79faf9aab3f1fd4d6cb05de9f,NA,NA,relative_L_error,0.088974481980000006,8.8974481980000011,percent,100 * raw_value,NA,NA,NA,NA,NA,NA,NA,NA,NA,NA,NA,NA,NA,NA,fit_complete,S08,unmodelled_spatial_crosstalk,91010,1,0,0.050000000000000003,0.001,5,60,True,0.089844043730000003,0.0041598336630000003,`xtol` termination condition is satisfied.,149,0.001|S08|91010,all 260 fits; finite nonconverged retained,60,60,NA,NA,NA,NA,NA,NA,NA,NA,NA,NA,NA
2,e,raw,results/k8_morphology_sensitivity_replicates.csv,754dedfd431b128130f329fa6ab2e7b48359e5a79faf9aab3f1fd4d6cb05de9f,NA,NA,relative_L_error,0.05897048782,5.8970487819999997,percent,100 * raw_value,NA,NA,NA,NA,NA,NA,NA,NA,NA,NA,NA,NA,NA,NA,fit_complete,S08,unmodelled_spatial_crosstalk,91011,1,0,0.050000000000000003,0.001,5,60,True,0.0568121033,0.0028398069719999999,`xtol` termination condition is satisfied.,150,0.001|S08|91011,all 260 fits; finite nonconverged retained,60,60,NA,NA,NA,NA,NA,NA,NA,NA,NA,NA,NA
2,e,raw,results/k8_morphology_sensitivity_replicates.csv,754dedfd431b128130f329fa6ab2e7b48359e5a79faf9aab3f1fd4d6cb05de9f,NA,NA,relative_L_error,0.042366485689999997,4.2366485689999998,percent,100 * raw_value,NA,NA,NA,NA,NA,NA,NA,NA,NA,NA,NA,NA,NA,NA,fit_complete,S08,unmodelled_spatial_crosstalk,91012,1,0,0.050000000000000003,0.001,5,60,True,0.043993035120000003,0.0053725600100000001,`xtol` termination condition is satisfied.,151,0.001|S08|91012,all 260 fits; finite nonconverged retained,60,60,NA,NA,NA,NA,NA,NA,NA,NA,NA,NA,NA
2,e,raw,results/k8_morphology_sensitivity_replicates.csv,754dedfd431b128130f329fa6ab2e7b48359e5a79faf9aab3f1fd4d6cb05de9f,NA,NA,relative_L_error,0.1199587998,11.99587998,percent,100 * raw_value,NA,NA,NA,NA,NA,NA,NA,NA,NA,NA,NA,NA,NA,NA,fit_complete,S08,unmodelled_spatial_crosstalk,91013,1,0,0.050000000000000003,0.001,5,60,True,0.12877798209999999,0.0099330986770000008,`ftol` termination condition is satisfied.,152,0.001|S08|91013,all 260 fits; finite nonconverged retained,60,60,NA,NA,NA,NA,NA,NA,NA,NA,NA,NA,NA
2,e,raw,results/k8_morphology_sensitivity_replicates.csv,754dedfd431b128130f329fa6ab2e7b48359e5a79faf9aab3f1fd4d6cb05de9f,NA,NA,relative_L_error,0.23349695500000001,23.349695499999999,percent,100 * raw_value,NA,NA,NA,NA,NA,NA,NA,NA,NA,NA,NA,NA,NA,NA,fit_complete,S08,unmodelled_spatial_crosstalk,91014,1,0,0.050000000000000003,0.001,5,60,True,0.2145982062,0.016804693789999998,`ftol` termination condition is satisfied.,153,0.001|S08|91014,all 260 fits; finite nonconverged retained,60,60,NA,NA,NA,NA,NA,NA,NA,NA,NA,NA,NA
2,e,raw,results/k8_morphology_sensitivity_replicates.csv,754dedfd431b128130f329fa6ab2e7b48359e5a79faf9aab3f1fd4d6cb05de9f,NA,NA,relative_L_error,0.053972812920000002,5.3972812920000006,percent,100 * raw_value,NA,NA,NA,NA,NA,NA,NA,NA,NA,NA,NA,NA,NA,NA,fit_complete,S08,unmodelled_spatial_crosstalk,91015,1,0,0.050000000000000003,0.001,5,60,True,0.055798432369999998,0.006759049988,Both `ftol` and `xtol` termination conditions are satisfied.,154,0.001|S08|91015,all 260 fits; finite nonconverged retained,60,60,NA,NA,NA,NA,NA,NA,NA,NA,NA,NA,NA
2,e,raw,results/k8_morphology_sensitivity_replicates.csv,754dedfd431b128130f329fa6ab2e7b48359e5a79faf9aab3f1fd4d6cb05de9f,NA,NA,relative_L_error,0.11734236570000001,11.73423657,percent,100 * raw_value,NA,NA,NA,NA,NA,NA,NA,NA,NA,NA,NA,NA,NA,NA,fit_complete,S08,unmodelled_spatial_crosstalk,91016,1,0,0.050000000000000003,0.001,5,60,True,0.1199333714,0.0042164073760000004,`xtol` termination condition is satisfied.,155,0.001|S08|91016,all 260 fits; finite nonconverged retained,60,60,NA,NA,NA,NA,NA,NA,NA,NA,NA,NA,NA
2,e,raw,results/k8_morphology_sensitivity_replicates.csv,754dedfd431b128130f329fa6ab2e7b48359e5a79faf9aab3f1fd4d6cb05de9f,NA,NA,relative_L_error,0.044599244060000001,4.4599244059999998,percent,100 * raw_value,NA,NA,NA,NA,NA,NA,NA,NA,NA,NA,NA,NA,NA,NA,fit_complete,S08,unmodelled_spatial_crosstalk,91017,1,0,0.050000000000000003,0.001,5,60,True,0.045522200409999998,0.002635430486,`ftol` termination condition is satisfied.,156,0.001|S08|91017,all 260 fits; finite nonconverged retained,60,60,NA,NA,NA,NA,NA,NA,NA,NA,NA,NA,NA
2,e,raw,results/k8_morphology_sensitivity_replicates.csv,754dedfd431b128130f329fa6ab2e7b48359e5a79faf9aab3f1fd4d6cb05de9f,NA,NA,relative_L_error,0.053960330049999998,5.3960330049999996,percent,100 * raw_value,NA,NA,NA,NA,NA,NA,NA,NA,NA,NA,NA,NA,NA,NA,fit_complete,S08,unmodelled_spatial_crosstalk,91018,1,0,0.050000000000000003,0.001,5,60,True,0.052540468110000002,0.003538875301,`ftol` termination condition is satisfied.,157,0.001|S08|91018,all 260 fits; finite nonconverged retained,60,60,NA,NA,NA,NA,NA,NA,NA,NA,NA,NA,NA
2,e,raw,results/k8_morphology_sensitivity_replicates.csv,754dedfd431b128130f329fa6ab2e7b48359e5a79faf9aab3f1fd4d6cb05de9f,NA,NA,relative_L_error,0.057370721630000003,5.7370721630000006,percent,100 * raw_value,NA,NA,NA,NA,NA,NA,NA,NA,NA,NA,NA,NA,NA,NA,fit_complete,S08,unmodelled_spatial_crosstalk,91019,1,0,0.050000000000000003,0.001,5,60,True,0.054935342210000002,0.001725368474,`xtol` termination condition is satisfied.,158,0.001|S08|91019,all 260 fits; finite nonconverged retained,60,60,NA,NA,NA,NA,NA,NA,NA,NA,NA,NA,NA
2,e,raw,results/k8_morphology_sensitivity_replicates.csv,754dedfd431b128130f329fa6ab2e7b48359e5a79faf9aab3f1fd4d6cb05de9f,NA,NA,relative_L_error,0.030313682410000001,3.031368241,percent,100 * raw_value,NA,NA,NA,NA,NA,NA,NA,NA,NA,NA,NA,NA,NA,NA,fit_complete,S08,unmodelled_spatial_crosstalk,91020,1,0,0.050000000000000003,0.001,5,60,True,0.031426035159999997,0.006333316403,`ftol` termination condition is satisfied.,159,0.001|S08|91020,all 260 fits; finite nonconverged retained,60,60,NA,NA,NA,NA,NA,NA,NA,NA,NA,NA,NA
2,e,raw,results/k8_morphology_sensitivity_replicates.csv,754dedfd431b128130f329fa6ab2e7b48359e5a79faf9aab3f1fd4d6cb05de9f,NA,NA,relative_L_error,0.1304982331,13.049823310000001,percent,100 * raw_value,NA,NA,NA,NA,NA,NA,NA,NA,NA,NA,NA,NA,NA,NA,fit_complete,S09,unmodelled_spatial_crosstalk,91001,1,0,0.14999999999999999,0.001,5,60,True,0.1314434522,0.0038417573139999999,`xtol` termination condition is satisfied.,160,0.001|S09|91001,all 260 fits; finite nonconverged retained,60,60,NA,NA,NA,NA,NA,NA,NA,NA,NA,NA,NA
2,e,raw,results/k8_morphology_sensitivity_replicates.csv,754dedfd431b128130f329fa6ab2e7b48359e5a79faf9aab3f1fd4d6cb05de9f,NA,NA,relative_L_error,0.26945009530000003,26.945009530000004,percent,100 * raw_value,NA,NA,NA,NA,NA,NA,NA,NA,NA,NA,NA,NA,NA,NA,fit_complete,S09,unmodelled_spatial_crosstalk,91002,1,0,0.14999999999999999,0.001,5,60,True,0.27480025120000001,0.0081064801169999992,`xtol` termination condition is satisfied.,161,0.001|S09|91002,all 260 fits; finite nonconverged retained,60,60,NA,NA,NA,NA,NA,NA,NA,NA,NA,NA,NA
2,e,raw,results/k8_morphology_sensitivity_replicates.csv,754dedfd431b128130f329fa6ab2e7b48359e5a79faf9aab3f1fd4d6cb05de9f,NA,NA,relative_L_error,0.20321557169999999,20.321557169999998,percent,100 * raw_value,NA,NA,NA,NA,NA,NA,NA,NA,NA,NA,NA,NA,NA,NA,fit_complete,S09,unmodelled_spatial_crosstalk,91003,1,0,0.14999999999999999,0.001,5,60,True,0.20921651359999999,0.0032693476179999998,`ftol` termination condition is satisfied.,162,0.001|S09|91003,all 260 fits; finite nonconverged retained,60,60,NA,NA,NA,NA,NA,NA,NA,NA,NA,NA,NA
2,e,raw,results/k8_morphology_sensitivity_replicates.csv,754dedfd431b128130f329fa6ab2e7b48359e5a79faf9aab3f1fd4d6cb05de9f,NA,NA,relative_L_error,0.12302879059999999,12.302879059999999,percent,100 * raw_value,NA,NA,NA,NA,NA,NA,NA,NA,NA,NA,NA,NA,NA,NA,fit_complete,S09,unmodelled_spatial_crosstalk,91004,1,0,0.14999999999999999,0.001,5,60,True,0.1228276937,0.0015294655820000001,`xtol` termination condition is satisfied.,163,0.001|S09|91004,all 260 fits; finite nonconverged retained,60,60,NA,NA,NA,NA,NA,NA,NA,NA,NA,NA,NA
2,e,raw,results/k8_morphology_sensitivity_replicates.csv,754dedfd431b128130f329fa6ab2e7b48359e5a79faf9aab3f1fd4d6cb05de9f,NA,NA,relative_L_error,0.1891982394,18.919823940000001,percent,100 * raw_value,NA,NA,NA,NA,NA,NA,NA,NA,NA,NA,NA,NA,NA,NA,fit_complete,S09,unmodelled_spatial_crosstalk,91005,1,0,0.14999999999999999,0.001,5,60,True,0.1961968653,0.0062711597900000004,`xtol` termination condition is satisfied.,164,0.001|S09|91005,all 260 fits; finite nonconverged retained,60,60,NA,NA,NA,NA,NA,NA,NA,NA,NA,NA,NA
2,e,raw,results/k8_morphology_sensitivity_replicates.csv,754dedfd431b128130f329fa6ab2e7b48359e5a79faf9aab3f1fd4d6cb05de9f,NA,NA,relative_L_error,0.18792595910000001,18.792595910000003,percent,100 * raw_value,NA,NA,NA,NA,NA,NA,NA,NA,NA,NA,NA,NA,NA,NA,fit_complete,S09,unmodelled_spatial_crosstalk,91006,1,0,0.14999999999999999,0.001,5,60,True,0.19485028670000001,0.0022055194699999998,`xtol` termination condition is satisfied.,165,0.001|S09|91006,all 260 fits; finite nonconverged retained,60,60,NA,NA,NA,NA,NA,NA,NA,NA,NA,NA,NA
2,e,raw,results/k8_morphology_sensitivity_replicates.csv,754dedfd431b128130f329fa6ab2e7b48359e5a79faf9aab3f1fd4d6cb05de9f,NA,NA,relative_L_error,0.2219161077,22.19161077,percent,100 * raw_value,NA,NA,NA,NA,NA,NA,NA,NA,NA,NA,NA,NA,NA,NA,fit_complete,S09,unmodelled_spatial_crosstalk,91007,1,0,0.14999999999999999,0.001,5,60,True,0.21492675210000001,0.0084871027890000006,`xtol` termination condition is satisfied.,166,0.001|S09|91007,all 260 fits; finite nonconverged retained,60,60,NA,NA,NA,NA,NA,NA,NA,NA,NA,NA,NA
2,e,raw,results/k8_morphology_sensitivity_replicates.csv,754dedfd431b128130f329fa6ab2e7b48359e5a79faf9aab3f1fd4d6cb05de9f,NA,NA,relative_L_error,0.25628064379999999,25.628064379999998,percent,100 * raw_value,NA,NA,NA,NA,NA,NA,NA,NA,NA,NA,NA,NA,NA,NA,fit_complete,S09,unmodelled_spatial_crosstalk,91008,1,0,0.14999999999999999,0.001,5,60,True,0.26969432230000001,0.004556205709,`ftol` termination condition is satisfied.,167,0.001|S09|91008,all 260 fits; finite nonconverged retained,60,60,NA,NA,NA,NA,NA,NA,NA,NA,NA,NA,NA
2,e,raw,results/k8_morphology_sensitivity_replicates.csv,754dedfd431b128130f329fa6ab2e7b48359e5a79faf9aab3f1fd4d6cb05de9f,NA,NA,relative_L_error,0.16876080869999999,16.876080869999999,percent,100 * raw_value,NA,NA,NA,NA,NA,NA,NA,NA,NA,NA,NA,NA,NA,NA,fit_complete,S09,unmodelled_spatial_crosstalk,91009,1,0,0.14999999999999999,0.001,5,60,True,0.1741055336,0.0057391196220000001,`xtol` termination condition is satisfied.,168,0.001|S09|91009,all 260 fits; finite nonconverged retained,60,60,NA,NA,NA,NA,NA,NA,NA,NA,NA,NA,NA
2,e,raw,results/k8_morphology_sensitivity_replicates.csv,754dedfd431b128130f329fa6ab2e7b48359e5a79faf9aab3f1fd4d6cb05de9f,NA,NA,relative_L_error,0.2243563345,22.435633450000001,percent,100 * raw_value,NA,NA,NA,NA,NA,NA,NA,NA,NA,NA,NA,NA,NA,NA,fit_complete,S09,unmodelled_spatial_crosstalk,91010,1,0,0.14999999999999999,0.001,5,60,True,0.23118024549999999,0.0038840642970000001,`xtol` termination condition is satisfied.,169,0.001|S09|91010,all 260 fits; finite nonconverged retained,60,60,NA,NA,NA,NA,NA,NA,NA,NA,NA,NA,NA
2,e,raw,results/k8_morphology_sensitivity_replicates.csv,754dedfd431b128130f329fa6ab2e7b48359e5a79faf9aab3f1fd4d6cb05de9f,NA,NA,relative_L_error,0.15880787499999999,15.880787499999999,percent,100 * raw_value,NA,NA,NA,NA,NA,NA,NA,NA,NA,NA,NA,NA,NA,NA,fit_complete,S09,unmodelled_spatial_crosstalk,91011,1,0,0.14999999999999999,0.001,5,60,True,0.16245425259999999,0.0028674265730000001,`xtol` termination condition is satisfied.,170,0.001|S09|91011,all 260 fits; finite nonconverged retained,60,60,NA,NA,NA,NA,NA,NA,NA,NA,NA,NA,NA
2,e,raw,results/k8_morphology_sensitivity_replicates.csv,754dedfd431b128130f329fa6ab2e7b48359e5a79faf9aab3f1fd4d6cb05de9f,NA,NA,relative_L_error,0.09985173873,9.9851738730000008,percent,100 * raw_value,NA,NA,NA,NA,NA,NA,NA,NA,NA,NA,NA,NA,NA,NA,fit_complete,S09,unmodelled_spatial_crosstalk,91012,1,0,0.14999999999999999,0.001,5,60,True,0.09677006983,0.0050167180310000002,`xtol` termination condition is satisfied.,171,0.001|S09|91012,all 260 fits; finite nonconverged retained,60,60,NA,NA,NA,NA,NA,NA,NA,NA,NA,NA,NA
2,e,raw,results/k8_morphology_sensitivity_replicates.csv,754dedfd431b128130f329fa6ab2e7b48359e5a79faf9aab3f1fd4d6cb05de9f,NA,NA,relative_L_error,0.28872677390000001,28.87267739,percent,100 * raw_value,NA,NA,NA,NA,NA,NA,NA,NA,NA,NA,NA,NA,NA,NA,fit_complete,S09,unmodelled_spatial_crosstalk,91013,1,0,0.14999999999999999,0.001,5,60,True,0.30572410719999998,0.0097822867309999995,`ftol` termination condition is satisfied.,172,0.001|S09|91013,all 260 fits; finite nonconverged retained,60,60,NA,NA,NA,NA,NA,NA,NA,NA,NA,NA,NA
2,e,raw,results/k8_morphology_sensitivity_replicates.csv,754dedfd431b128130f329fa6ab2e7b48359e5a79faf9aab3f1fd4d6cb05de9f,NA,NA,relative_L_error,0.23941084109999999,23.941084109999998,percent,100 * raw_value,NA,NA,NA,NA,NA,NA,NA,NA,NA,NA,NA,NA,NA,NA,fit_complete,S09,unmodelled_spatial_crosstalk,91014,1,0,0.14999999999999999,0.001,5,60,True,0.2220936983,0.015449699480000001,`xtol` termination condition is satisfied.,173,0.001|S09|91014,all 260 fits; finite nonconverged retained,60,60,NA,NA,NA,NA,NA,NA,NA,NA,NA,NA,NA
2,e,raw,results/k8_morphology_sensitivity_replicates.csv,754dedfd431b128130f329fa6ab2e7b48359e5a79faf9aab3f1fd4d6cb05de9f,NA,NA,relative_L_error,0.180871052,18.0871052,percent,100 * raw_value,NA,NA,NA,NA,NA,NA,NA,NA,NA,NA,NA,NA,NA,NA,fit_complete,S09,unmodelled_spatial_crosstalk,91015,1,0,0.14999999999999999,0.001,5,60,True,0.1866942909,0.0065083215559999996,`xtol` termination condition is satisfied.,174,0.001|S09|91015,all 260 fits; finite nonconverged retained,60,60,NA,NA,NA,NA,NA,NA,NA,NA,NA,NA,NA
2,e,raw,results/k8_morphology_sensitivity_replicates.csv,754dedfd431b128130f329fa6ab2e7b48359e5a79faf9aab3f1fd4d6cb05de9f,NA,NA,relative_L_error,0.27089202530000001,27.089202530000001,percent,100 * raw_value,NA,NA,NA,NA,NA,NA,NA,NA,NA,NA,NA,NA,NA,NA,fit_complete,S09,unmodelled_spatial_crosstalk,91016,1,0,0.14999999999999999,0.001,5,60,True,0.28087606189999997,0.0043694432860000004,`xtol` termination condition is satisfied.,175,0.001|S09|91016,all 260 fits; finite nonconverged retained,60,60,NA,NA,NA,NA,NA,NA,NA,NA,NA,NA,NA
2,e,raw,results/k8_morphology_sensitivity_replicates.csv,754dedfd431b128130f329fa6ab2e7b48359e5a79faf9aab3f1fd4d6cb05de9f,NA,NA,relative_L_error,0.1677812793,16.77812793,percent,100 * raw_value,NA,NA,NA,NA,NA,NA,NA,NA,NA,NA,NA,NA,NA,NA,fit_complete,S09,unmodelled_spatial_crosstalk,91017,1,0,0.14999999999999999,0.001,5,60,True,0.17242663080000001,0.002618422009,`xtol` termination condition is satisfied.,176,0.001|S09|91017,all 260 fits; finite nonconverged retained,60,60,NA,NA,NA,NA,NA,NA,NA,NA,NA,NA,NA
2,e,raw,results/k8_morphology_sensitivity_replicates.csv,754dedfd431b128130f329fa6ab2e7b48359e5a79faf9aab3f1fd4d6cb05de9f,NA,NA,relative_L_error,0.1178961936,11.78961936,percent,100 * raw_value,NA,NA,NA,NA,NA,NA,NA,NA,NA,NA,NA,NA,NA,NA,fit_complete,S09,unmodelled_spatial_crosstalk,91018,1,0,0.14999999999999999,0.001,5,60,True,0.1138867026,0.0035232118500000001,`xtol` termination condition is satisfied.,177,0.001|S09|91018,all 260 fits; finite nonconverged retained,60,60,NA,NA,NA,NA,NA,NA,NA,NA,NA,NA,NA
2,e,raw,results/k8_morphology_sensitivity_replicates.csv,754dedfd431b128130f329fa6ab2e7b48359e5a79faf9aab3f1fd4d6cb05de9f,NA,NA,relative_L_error,0.16744492320000001,16.744492320000003,percent,100 * raw_value,NA,NA,NA,NA,NA,NA,NA,NA,NA,NA,NA,NA,NA,NA,fit_complete,S09,unmodelled_spatial_crosstalk,91019,1,0,0.14999999999999999,0.001,5,60,True,0.16927719899999999,0.0017293096460000001,`xtol` termination condition is satisfied.,178,0.001|S09|91019,all 260 fits; finite nonconverged retained,60,60,NA,NA,NA,NA,NA,NA,NA,NA,NA,NA,NA
2,e,raw,results/k8_morphology_sensitivity_replicates.csv,754dedfd431b128130f329fa6ab2e7b48359e5a79faf9aab3f1fd4d6cb05de9f,NA,NA,relative_L_error,0.1072701697,10.727016969999999,percent,100 * raw_value,NA,NA,NA,NA,NA,NA,NA,NA,NA,NA,NA,NA,NA,NA,fit_complete,S09,unmodelled_spatial_crosstalk,91020,1,0,0.14999999999999999,0.001,5,60,True,0.1054965514,0.0061118391689999997,`xtol` termination condition is satisfied.,179,0.001|S09|91020,all 260 fits; finite nonconverged retained,60,60,NA,NA,NA,NA,NA,NA,NA,NA,NA,NA,NA
2,e,raw,results/k8_morphology_sensitivity_replicates.csv,754dedfd431b128130f329fa6ab2e7b48359e5a79faf9aab3f1fd4d6cb05de9f,NA,NA,relative_L_error,0.45830218950000001,45.830218950000003,percent,100 * raw_value,NA,NA,NA,NA,NA,NA,NA,NA,NA,NA,NA,NA,NA,NA,fit_complete,S10,unmodelled_spatial_crosstalk,91001,1,0,0.29999999999999999,0.001,5,60,True,0.47364450699999999,0.0061359351459999998,`ftol` termination condition is satisfied.,180,0.001|S10|91001,all 260 fits; finite nonconverged retained,60,60,NA,NA,NA,NA,NA,NA,NA,NA,NA,NA,NA
2,e,raw,results/k8_morphology_sensitivity_replicates.csv,754dedfd431b128130f329fa6ab2e7b48359e5a79faf9aab3f1fd4d6cb05de9f,NA,NA,relative_L_error,0.76324410710000001,76.324410709999995,percent,100 * raw_value,NA,NA,NA,NA,NA,NA,NA,NA,NA,NA,NA,NA,NA,NA,fit_complete,S10,unmodelled_spatial_crosstalk,91002,1,0,0.29999999999999999,0.001,5,60,True,0.79459912880000005,0.0087814410079999992,`ftol` termination condition is satisfied.,181,0.001|S10|91002,all 260 fits; finite nonconverged retained,60,60,NA,NA,NA,NA,NA,NA,NA,NA,NA,NA,NA
2,e,raw,results/k8_morphology_sensitivity_replicates.csv,754dedfd431b128130f329fa6ab2e7b48359e5a79faf9aab3f1fd4d6cb05de9f,NA,NA,relative_L_error,0.69793162559999999,69.793162559999999,percent,100 * raw_value,NA,NA,NA,NA,NA,NA,NA,NA,NA,NA,NA,NA,NA,NA,fit_complete,S10,unmodelled_spatial_crosstalk,91003,1,0,0.29999999999999999,0.001,5,60,True,0.72991757440000005,0.005072710591,`xtol` termination condition is satisfied.,182,0.001|S10|91003,all 260 fits; finite nonconverged retained,60,60,NA,NA,NA,NA,NA,NA,NA,NA,NA,NA,NA
2,e,raw,results/k8_morphology_sensitivity_replicates.csv,754dedfd431b128130f329fa6ab2e7b48359e5a79faf9aab3f1fd4d6cb05de9f,NA,NA,relative_L_error,0.52046606520000005,52.046606520000005,percent,100 * raw_value,NA,NA,NA,NA,NA,NA,NA,NA,NA,NA,NA,NA,NA,NA,fit_complete,S10,unmodelled_spatial_crosstalk,91004,1,0,0.29999999999999999,0.001,5,60,True,0.54005686210000003,0.0077315149659999997,`ftol` termination condition is satisfied.,183,0.001|S10|91004,all 260 fits; finite nonconverged retained,60,60,NA,NA,NA,NA,NA,NA,NA,NA,NA,NA,NA
2,e,raw,results/k8_morphology_sensitivity_replicates.csv,754dedfd431b128130f329fa6ab2e7b48359e5a79faf9aab3f1fd4d6cb05de9f,NA,NA,relative_L_error,0.62693130200000002,62.693130199999999,percent,100 * raw_value,NA,NA,NA,NA,NA,NA,NA,NA,NA,NA,NA,NA,NA,NA,fit_complete,S10,unmodelled_spatial_crosstalk,91005,1,0,0.29999999999999999,0.001,5,60,True,0.65559191750000001,0.0071570491719999997,`ftol` termination condition is satisfied.,184,0.001|S10|91005,all 260 fits; finite nonconverged retained,60,60,NA,NA,NA,NA,NA,NA,NA,NA,NA,NA,NA
2,e,raw,results/k8_morphology_sensitivity_replicates.csv,754dedfd431b128130f329fa6ab2e7b48359e5a79faf9aab3f1fd4d6cb05de9f,NA,NA,relative_L_error,0.5751806813,57.518068130000003,percent,100 * raw_value,NA,NA,NA,NA,NA,NA,NA,NA,NA,NA,NA,NA,NA,NA,fit_complete,S10,unmodelled_spatial_crosstalk,91006,1,0,0.29999999999999999,0.001,5,60,True,0.5998936359,0.0030428504580000001,`xtol` termination condition is satisfied.,185,0.001|S10|91006,all 260 fits; finite nonconverged retained,60,60,NA,NA,NA,NA,NA,NA,NA,NA,NA,NA,NA
2,e,raw,results/k8_morphology_sensitivity_replicates.csv,754dedfd431b128130f329fa6ab2e7b48359e5a79faf9aab3f1fd4d6cb05de9f,NA,NA,relative_L_error,0.54777607129999994,54.777607129999993,percent,100 * raw_value,NA,NA,NA,NA,NA,NA,NA,NA,NA,NA,NA,NA,NA,NA,fit_complete,S10,unmodelled_spatial_crosstalk,91007,1,0,0.29999999999999999,0.001,5,60,True,0.55904347470000004,0.0080787388589999998,`xtol` termination condition is satisfied.,186,0.001|S10|91007,all 260 fits; finite nonconverged retained,60,60,NA,NA,NA,NA,NA,NA,NA,NA,NA,NA,NA
2,e,raw,results/k8_morphology_sensitivity_replicates.csv,754dedfd431b128130f329fa6ab2e7b48359e5a79faf9aab3f1fd4d6cb05de9f,NA,NA,relative_L_error,0.79989898429999995,79.989898429999997,percent,100 * raw_value,NA,NA,NA,NA,NA,NA,NA,NA,NA,NA,NA,NA,NA,NA,fit_complete,S10,unmodelled_spatial_crosstalk,91008,1,0,0.29999999999999999,0.001,5,60,True,0.84188374710000002,0.0045919976019999998,`xtol` termination condition is satisfied.,187,0.001|S10|91008,all 260 fits; finite nonconverged retained,60,60,NA,NA,NA,NA,NA,NA,NA,NA,NA,NA,NA
2,e,raw,results/k8_morphology_sensitivity_replicates.csv,754dedfd431b128130f329fa6ab2e7b48359e5a79faf9aab3f1fd4d6cb05de9f,NA,NA,relative_L_error,0.4926065959,49.260659590000003,percent,100 * raw_value,NA,NA,NA,NA,NA,NA,NA,NA,NA,NA,NA,NA,NA,NA,fit_complete,S10,unmodelled_spatial_crosstalk,91009,1,0,0.29999999999999999,0.001,5,60,True,0.51090552339999995,0.0054937061299999996,`xtol` termination condition is satisfied.,188,0.001|S10|91009,all 260 fits; finite nonconverged retained,60,60,NA,NA,NA,NA,NA,NA,NA,NA,NA,NA,NA
2,e,raw,results/k8_morphology_sensitivity_replicates.csv,754dedfd431b128130f329fa6ab2e7b48359e5a79faf9aab3f1fd4d6cb05de9f,NA,NA,relative_L_error,0.79876575660000004,79.87657566,percent,100 * raw_value,NA,NA,NA,NA,NA,NA,NA,NA,NA,NA,NA,NA,NA,NA,fit_complete,S10,unmodelled_spatial_crosstalk,91010,1,0,0.29999999999999999,0.001,5,60,True,0.83751009830000001,0.005206420931,`xtol` termination condition is satisfied.,189,0.001|S10|91010,all 260 fits; finite nonconverged retained,60,60,NA,NA,NA,NA,NA,NA,NA,NA,NA,NA,NA
2,e,raw,results/k8_morphology_sensitivity_replicates.csv,754dedfd431b128130f329fa6ab2e7b48359e5a79faf9aab3f1fd4d6cb05de9f,NA,NA,relative_L_error,0.57377276249999998,57.377276249999994,percent,100 * raw_value,NA,NA,NA,NA,NA,NA,NA,NA,NA,NA,NA,NA,NA,NA,fit_complete,S10,unmodelled_spatial_crosstalk,91011,1,0,0.29999999999999999,0.001,5,60,True,0.59944579440000001,0.0060425731280000002,`xtol` termination condition is satisfied.,190,0.001|S10|91011,all 260 fits; finite nonconverged retained,60,60,NA,NA,NA,NA,NA,NA,NA,NA,NA,NA,NA
2,e,raw,results/k8_morphology_sensitivity_replicates.csv,754dedfd431b128130f329fa6ab2e7b48359e5a79faf9aab3f1fd4d6cb05de9f,NA,NA,relative_L_error,0.36372354940000001,36.372354940000001,percent,100 * raw_value,NA,NA,NA,NA,NA,NA,NA,NA,NA,NA,NA,NA,NA,NA,fit_complete,S10,unmodelled_spatial_crosstalk,91012,1,0,0.29999999999999999,0.001,5,60,True,0.37032622970000001,0.00723903098,`xtol` termination condition is satisfied.,191,0.001|S10|91012,all 260 fits; finite nonconverged retained,60,60,NA,NA,NA,NA,NA,NA,NA,NA,NA,NA,NA
2,e,raw,results/k8_morphology_sensitivity_replicates.csv,754dedfd431b128130f329fa6ab2e7b48359e5a79faf9aab3f1fd4d6cb05de9f,NA,NA,relative_L_error,0.88730297459999996,88.730297460000003,percent,100 * raw_value,NA,NA,NA,NA,NA,NA,NA,NA,NA,NA,NA,NA,NA,NA,fit_complete,S10,unmodelled_spatial_crosstalk,91013,1,0,0.29999999999999999,0.001,5,60,True,0.93637710480000003,0.0096733844930000003,`ftol` termination condition is satisfied.,192,0.001|S10|91013,all 260 fits; finite nonconverged retained,60,60,NA,NA,NA,NA,NA,NA,NA,NA,NA,NA,NA
2,e,raw,results/k8_morphology_sensitivity_replicates.csv,754dedfd431b128130f329fa6ab2e7b48359e5a79faf9aab3f1fd4d6cb05de9f,NA,NA,relative_L_error,0.47369636910000001,47.369636910000004,percent,100 * raw_value,NA,NA,NA,NA,NA,NA,NA,NA,NA,NA,NA,NA,NA,NA,fit_complete,S10,unmodelled_spatial_crosstalk,91014,1,0,0.29999999999999999,0.001,5,60,True,0.47203801169999998,0.015899407899999999,`xtol` termination condition is satisfied.,193,0.001|S10|91014,all 260 fits; finite nonconverged retained,60,60,NA,NA,NA,NA,NA,NA,NA,NA,NA,NA,NA
2,e,raw,results/k8_morphology_sensitivity_replicates.csv,754dedfd431b128130f329fa6ab2e7b48359e5a79faf9aab3f1fd4d6cb05de9f,NA,NA,relative_L_error,0.61065466410000002,61.065466409999999,percent,100 * raw_value,NA,NA,NA,NA,NA,NA,NA,NA,NA,NA,NA,NA,NA,NA,fit_complete,S10,unmodelled_spatial_crosstalk,91015,1,0,0.29999999999999999,0.001,5,60,True,0.63761876780000004,0.0071798446629999998,`ftol` termination condition is satisfied.,194,0.001|S10|91015,all 260 fits; finite nonconverged retained,60,60,NA,NA,NA,NA,NA,NA,NA,NA,NA,NA,NA
2,e,raw,results/k8_morphology_sensitivity_replicates.csv,754dedfd431b128130f329fa6ab2e7b48359e5a79faf9aab3f1fd4d6cb05de9f,NA,NA,relative_L_error,0.93533902879999997,93.533902879999999,percent,100 * raw_value,NA,NA,NA,NA,NA,NA,NA,NA,NA,NA,NA,NA,NA,NA,fit_complete,S10,unmodelled_spatial_crosstalk,91016,1,0,0.29999999999999999,0.001,5,60,True,0.98320444370000004,0.0051513927089999996,`xtol` termination condition is satisfied.,195,0.001|S10|91016,all 260 fits; finite nonconverged retained,60,60,NA,NA,NA,NA,NA,NA,NA,NA,NA,NA,NA
2,e,raw,results/k8_morphology_sensitivity_replicates.csv,754dedfd431b128130f329fa6ab2e7b48359e5a79faf9aab3f1fd4d6cb05de9f,NA,NA,relative_L_error,0.54693255860000001,54.693255860000001,percent,100 * raw_value,NA,NA,NA,NA,NA,NA,NA,NA,NA,NA,NA,NA,NA,NA,fit_complete,S10,unmodelled_spatial_crosstalk,91017,1,0,0.29999999999999999,0.001,5,60,True,0.56894541990000003,0.0038003625189999999,`xtol` termination condition is satisfied.,196,0.001|S10|91017,all 260 fits; finite nonconverged retained,60,60,NA,NA,NA,NA,NA,NA,NA,NA,NA,NA,NA
2,e,raw,results/k8_morphology_sensitivity_replicates.csv,754dedfd431b128130f329fa6ab2e7b48359e5a79faf9aab3f1fd4d6cb05de9f,NA,NA,relative_L_error,0.42173034339999999,42.173034340000001,percent,100 * raw_value,NA,NA,NA,NA,NA,NA,NA,NA,NA,NA,NA,NA,NA,NA,fit_complete,S10,unmodelled_spatial_crosstalk,91018,1,0,0.29999999999999999,0.001,5,60,True,0.43071310610000002,0.0078347290640000001,`ftol` termination condition is satisfied.,197,0.001|S10|91018,all 260 fits; finite nonconverged retained,60,60,NA,NA,NA,NA,NA,NA,NA,NA,NA,NA,NA
2,e,raw,results/k8_morphology_sensitivity_replicates.csv,754dedfd431b128130f329fa6ab2e7b48359e5a79faf9aab3f1fd4d6cb05de9f,NA,NA,relative_L_error,0.57148893670000001,57.14889367,percent,100 * raw_value,NA,NA,NA,NA,NA,NA,NA,NA,NA,NA,NA,NA,NA,NA,fit_complete,S10,unmodelled_spatial_crosstalk,91019,1,0,0.29999999999999999,0.001,5,60,True,0.59324128720000002,0.0047891020350000002,`xtol` termination condition is satisfied.,198,0.001|S10|91019,all 260 fits; finite nonconverged retained,60,60,NA,NA,NA,NA,NA,NA,NA,NA,NA,NA,NA
2,e,raw,results/k8_morphology_sensitivity_replicates.csv,754dedfd431b128130f329fa6ab2e7b48359e5a79faf9aab3f1fd4d6cb05de9f,NA,NA,relative_L_error,0.4245860762,42.458607620000002,percent,100 * raw_value,NA,NA,NA,NA,NA,NA,NA,NA,NA,NA,NA,NA,NA,NA,fit_complete,S10,unmodelled_spatial_crosstalk,91020,1,0,0.29999999999999999,0.001,5,60,True,0.43666750929999998,0.0089463966540000005,`ftol` termination condition is satisfied.,199,0.001|S10|91020,all 260 fits; finite nonconverged retained,60,60,NA,NA,NA,NA,NA,NA,NA,NA,NA,NA,NA
2,e,raw,results/k8_morphology_sensitivity_replicates.csv,754dedfd431b128130f329fa6ab2e7b48359e5a79faf9aab3f1fd4d6cb05de9f,NA,NA,relative_L_error,0.22837551540000001,22.83755154,percent,100 * raw_value,NA,NA,NA,NA,NA,NA,NA,NA,NA,NA,NA,NA,NA,NA,fit_complete,S11,repeated_measurement_noise,91001,1,0,0,0.0030000000000000001,1,12,True,0.21448307580000001,0.041480885289999998,`ftol` termination condition is satisfied.,200,0.003|S11|91001,all 260 fits; finite nonconverged retained,12,12,NA,NA,NA,NA,NA,NA,NA,NA,NA,NA,NA
2,e,raw,results/k8_morphology_sensitivity_replicates.csv,754dedfd431b128130f329fa6ab2e7b48359e5a79faf9aab3f1fd4d6cb05de9f,NA,NA,relative_L_error,0.362436337,36.243633699999997,percent,100 * raw_value,NA,NA,NA,NA,NA,NA,NA,NA,NA,NA,NA,NA,NA,NA,fit_complete,S11,repeated_measurement_noise,91002,1,0,0,0.0030000000000000001,1,12,True,0.33196798579999998,0.033518099570000001,Both `ftol` and `xtol` termination conditions are satisfied.,201,0.003|S11|91002,all 260 fits; finite nonconverged retained,12,12,NA,NA,NA,NA,NA,NA,NA,NA,NA,NA,NA
2,e,raw,results/k8_morphology_sensitivity_replicates.csv,754dedfd431b128130f329fa6ab2e7b48359e5a79faf9aab3f1fd4d6cb05de9f,NA,NA,relative_L_error,0.4884197347,48.841973469999999,percent,100 * raw_value,NA,NA,NA,NA,NA,NA,NA,NA,NA,NA,NA,NA,NA,NA,fit_complete,S11,repeated_measurement_noise,91003,1,0,0,0.0030000000000000001,1,12,True,0.53508546690000003,0.044251075950000003,`xtol` termination condition is satisfied.,202,0.003|S11|91003,all 260 fits; finite nonconverged retained,12,12,NA,NA,NA,NA,NA,NA,NA,NA,NA,NA,NA
2,e,raw,results/k8_morphology_sensitivity_replicates.csv,754dedfd431b128130f329fa6ab2e7b48359e5a79faf9aab3f1fd4d6cb05de9f,NA,NA,relative_L_error,0.55719934739999999,55.719934739999999,percent,100 * raw_value,NA,NA,NA,NA,NA,NA,NA,NA,NA,NA,NA,NA,NA,NA,fit_complete,S11,repeated_measurement_noise,91004,1,0,0,0.0030000000000000001,1,12,True,0.52148132540000003,0.042006615779999999,`ftol` termination condition is satisfied.,203,0.003|S11|91004,all 260 fits; finite nonconverged retained,12,12,NA,NA,NA,NA,NA,NA,NA,NA,NA,NA,NA
2,e,raw,results/k8_morphology_sensitivity_replicates.csv,754dedfd431b128130f329fa6ab2e7b48359e5a79faf9aab3f1fd4d6cb05de9f,NA,NA,relative_L_error,0.1362777349,13.627773490000001,percent,100 * raw_value,NA,NA,NA,NA,NA,NA,NA,NA,NA,NA,NA,NA,NA,NA,fit_complete,S11,repeated_measurement_noise,91005,1,0,0,0.0030000000000000001,1,12,True,0.14928211669999999,0.022802393609999999,`ftol` termination condition is satisfied.,204,0.003|S11|91005,all 260 fits; finite nonconverged retained,12,12,NA,NA,NA,NA,NA,NA,NA,NA,NA,NA,NA
2,e,raw,results/k8_morphology_sensitivity_replicates.csv,754dedfd431b128130f329fa6ab2e7b48359e5a79faf9aab3f1fd4d6cb05de9f,NA,NA,relative_L_error,0.88370451179999998,88.370451180000003,percent,100 * raw_value,NA,NA,NA,NA,NA,NA,NA,NA,NA,NA,NA,NA,NA,NA,fit_complete,S11,repeated_measurement_noise,91006,1,0,0,0.0030000000000000001,1,12,True,0.96695143809999995,0.052335941820000002,`ftol` termination condition is satisfied.,205,0.003|S11|91006,all 260 fits; finite nonconverged retained,12,12,NA,NA,NA,NA,NA,NA,NA,NA,NA,NA,NA
2,e,raw,results/k8_morphology_sensitivity_replicates.csv,754dedfd431b128130f329fa6ab2e7b48359e5a79faf9aab3f1fd4d6cb05de9f,NA,NA,relative_L_error,0.30548395680000001,30.548395680000002,percent,100 * raw_value,NA,NA,NA,NA,NA,NA,NA,NA,NA,NA,NA,NA,NA,NA,fit_complete,S11,repeated_measurement_noise,91007,1,0,0,0.0030000000000000001,1,12,True,0.29925921170000003,0.042682896489999997,`xtol` termination condition is satisfied.,206,0.003|S11|91007,all 260 fits; finite nonconverged retained,12,12,NA,NA,NA,NA,NA,NA,NA,NA,NA,NA,NA
2,e,raw,results/k8_morphology_sensitivity_replicates.csv,754dedfd431b128130f329fa6ab2e7b48359e5a79faf9aab3f1fd4d6cb05de9f,NA,NA,relative_L_error,0.10408971559999999,10.408971559999999,percent,100 * raw_value,NA,NA,NA,NA,NA,NA,NA,NA,NA,NA,NA,NA,NA,NA,fit_complete,S11,repeated_measurement_noise,91008,1,0,0,0.0030000000000000001,1,12,True,0.10483203100000001,0.020175728560000002,`ftol` termination condition is satisfied.,207,0.003|S11|91008,all 260 fits; finite nonconverged retained,12,12,NA,NA,NA,NA,NA,NA,NA,NA,NA,NA,NA
2,e,raw,results/k8_morphology_sensitivity_replicates.csv,754dedfd431b128130f329fa6ab2e7b48359e5a79faf9aab3f1fd4d6cb05de9f,NA,NA,relative_L_error,0.2001457203,20.01457203,percent,100 * raw_value,NA,NA,NA,NA,NA,NA,NA,NA,NA,NA,NA,NA,NA,NA,fit_complete,S11,repeated_measurement_noise,91009,1,0,0,0.0030000000000000001,1,12,True,0.213936929,0.043035240590000003,`ftol` termination condition is satisfied.,208,0.003|S11|91009,all 260 fits; finite nonconverged retained,12,12,NA,NA,NA,NA,NA,NA,NA,NA,NA,NA,NA
2,e,raw,results/k8_morphology_sensitivity_replicates.csv,754dedfd431b128130f329fa6ab2e7b48359e5a79faf9aab3f1fd4d6cb05de9f,NA,NA,relative_L_error,0.59191053370000002,59.191053369999999,percent,100 * raw_value,NA,NA,NA,NA,NA,NA,NA,NA,NA,NA,NA,NA,NA,NA,fit_complete,S11,repeated_measurement_noise,91010,1,0,0,0.0030000000000000001,1,12,True,0.6455303858,0.042698821489999997,`ftol` termination condition is satisfied.,209,0.003|S11|91010,all 260 fits; finite nonconverged retained,12,12,NA,NA,NA,NA,NA,NA,NA,NA,NA,NA,NA
2,e,raw,results/k8_morphology_sensitivity_replicates.csv,754dedfd431b128130f329fa6ab2e7b48359e5a79faf9aab3f1fd4d6cb05de9f,NA,NA,relative_L_error,0.86146169350000001,86.146169350000008,percent,100 * raw_value,NA,NA,NA,NA,NA,NA,NA,NA,NA,NA,NA,NA,NA,NA,fit_complete,S11,repeated_measurement_noise,91011,1,0,0,0.0030000000000000001,1,12,True,0.94268129550000002,0.031303850530000003,`ftol` termination condition is satisfied.,210,0.003|S11|91011,all 260 fits; finite nonconverged retained,12,12,NA,NA,NA,NA,NA,NA,NA,NA,NA,NA,NA
2,e,raw,results/k8_morphology_sensitivity_replicates.csv,754dedfd431b128130f329fa6ab2e7b48359e5a79faf9aab3f1fd4d6cb05de9f,NA,NA,relative_L_error,0.42153295060000001,42.153295059999998,percent,100 * raw_value,NA,NA,NA,NA,NA,NA,NA,NA,NA,NA,NA,NA,NA,NA,fit_complete,S11,repeated_measurement_noise,91012,1,0,0,0.0030000000000000001,1,12,True,0.39013536589999998,0.035978367169999997,`ftol` termination condition is satisfied.,211,0.003|S11|91012,all 260 fits; finite nonconverged retained,12,12,NA,NA,NA,NA,NA,NA,NA,NA,NA,NA,NA
2,e,raw,results/k8_morphology_sensitivity_replicates.csv,754dedfd431b128130f329fa6ab2e7b48359e5a79faf9aab3f1fd4d6cb05de9f,NA,NA,relative_L_error,0.20601189640000001,20.601189640000001,percent,100 * raw_value,NA,NA,NA,NA,NA,NA,NA,NA,NA,NA,NA,NA,NA,NA,fit_complete,S11,repeated_measurement_noise,91013,1,0,0,0.0030000000000000001,1,12,True,0.20389292749999999,0.032929102199999997,`xtol` termination condition is satisfied.,212,0.003|S11|91013,all 260 fits; finite nonconverged retained,12,12,NA,NA,NA,NA,NA,NA,NA,NA,NA,NA,NA
2,e,raw,results/k8_morphology_sensitivity_replicates.csv,754dedfd431b128130f329fa6ab2e7b48359e5a79faf9aab3f1fd4d6cb05de9f,NA,NA,relative_L_error,0.42882115320000003,42.882115320000004,percent,100 * raw_value,NA,NA,NA,NA,NA,NA,NA,NA,NA,NA,NA,NA,NA,NA,fit_complete,S11,repeated_measurement_noise,91014,1,0,0,0.0030000000000000001,1,12,True,0.39601498610000002,0.057658833979999997,`ftol` termination condition is satisfied.,213,0.003|S11|91014,all 260 fits; finite nonconverged retained,12,12,NA,NA,NA,NA,NA,NA,NA,NA,NA,NA,NA
2,e,raw,results/k8_morphology_sensitivity_replicates.csv,754dedfd431b128130f329fa6ab2e7b48359e5a79faf9aab3f1fd4d6cb05de9f,NA,NA,relative_L_error,0.54831989670000003,54.831989670000006,percent,100 * raw_value,NA,NA,NA,NA,NA,NA,NA,NA,NA,NA,NA,NA,NA,NA,fit_complete,S11,repeated_measurement_noise,91015,1,0,0,0.0030000000000000001,1,12,True,0.60298707080000002,0.024861435719999998,`ftol` termination condition is satisfied.,214,0.003|S11|91015,all 260 fits; finite nonconverged retained,12,12,NA,NA,NA,NA,NA,NA,NA,NA,NA,NA,NA
2,e,raw,results/k8_morphology_sensitivity_replicates.csv,754dedfd431b128130f329fa6ab2e7b48359e5a79faf9aab3f1fd4d6cb05de9f,NA,NA,relative_L_error,0.20685699069999999,20.685699069999998,percent,100 * raw_value,NA,NA,NA,NA,NA,NA,NA,NA,NA,NA,NA,NA,NA,NA,fit_complete,S11,repeated_measurement_noise,91016,1,0,0,0.0030000000000000001,1,12,True,0.18981242719999999,0.04585227234,`ftol` termination condition is satisfied.,215,0.003|S11|91016,all 260 fits; finite nonconverged retained,12,12,NA,NA,NA,NA,NA,NA,NA,NA,NA,NA,NA
2,e,raw,results/k8_morphology_sensitivity_replicates.csv,754dedfd431b128130f329fa6ab2e7b48359e5a79faf9aab3f1fd4d6cb05de9f,NA,NA,relative_L_error,0.12796521250000001,12.796521250000001,percent,100 * raw_value,NA,NA,NA,NA,NA,NA,NA,NA,NA,NA,NA,NA,NA,NA,fit_complete,S11,repeated_measurement_noise,91017,1,0,0,0.0030000000000000001,1,12,True,0.12644905419999999,0.041381168689999998,`ftol` termination condition is satisfied.,216,0.003|S11|91017,all 260 fits; finite nonconverged retained,12,12,NA,NA,NA,NA,NA,NA,NA,NA,NA,NA,NA
2,e,raw,results/k8_morphology_sensitivity_replicates.csv,754dedfd431b128130f329fa6ab2e7b48359e5a79faf9aab3f1fd4d6cb05de9f,NA,NA,relative_L_error,0.17595821340000001,17.595821340000001,percent,100 * raw_value,NA,NA,NA,NA,NA,NA,NA,NA,NA,NA,NA,NA,NA,NA,fit_complete,S11,repeated_measurement_noise,91018,1,0,0,0.0030000000000000001,1,12,True,0.17648825130000001,0.044484666169999999,`xtol` termination condition is satisfied.,217,0.003|S11|91018,all 260 fits; finite nonconverged retained,12,12,NA,NA,NA,NA,NA,NA,NA,NA,NA,NA,NA
2,e,raw,results/k8_morphology_sensitivity_replicates.csv,754dedfd431b128130f329fa6ab2e7b48359e5a79faf9aab3f1fd4d6cb05de9f,NA,NA,relative_L_error,0.31716875039999998,31.716875039999998,percent,100 * raw_value,NA,NA,NA,NA,NA,NA,NA,NA,NA,NA,NA,NA,NA,NA,optimizer_not_converged,S11,repeated_measurement_noise,91019,1,0,0,0.0030000000000000001,1,12,False,0.33508833960000001,0.048106587020000001,The maximum number of function evaluations is exceeded.,218,0.003|S11|91019,all 260 fits; finite nonconverged retained,12,12,NA,NA,NA,NA,NA,NA,NA,NA,NA,NA,NA
2,e,raw,results/k8_morphology_sensitivity_replicates.csv,754dedfd431b128130f329fa6ab2e7b48359e5a79faf9aab3f1fd4d6cb05de9f,NA,NA,relative_L_error,0.15845323049999999,15.845323049999999,percent,100 * raw_value,NA,NA,NA,NA,NA,NA,NA,NA,NA,NA,NA,NA,NA,NA,fit_complete,S11,repeated_measurement_noise,91020,1,0,0,0.0030000000000000001,1,12,True,0.17135280850000001,0.079563918509999998,`xtol` termination condition is satisfied.,219,0.003|S11|91020,all 260 fits; finite nonconverged retained,12,12,NA,NA,NA,NA,NA,NA,NA,NA,NA,NA,NA
2,e,raw,results/k8_morphology_sensitivity_replicates.csv,754dedfd431b128130f329fa6ab2e7b48359e5a79faf9aab3f1fd4d6cb05de9f,NA,NA,relative_L_error,0.041758936720000001,4.1758936719999999,percent,100 * raw_value,NA,NA,NA,NA,NA,NA,NA,NA,NA,NA,NA,NA,NA,NA,fit_complete,S12,repeated_measurement_noise,91001,1,0,0,0.0030000000000000001,3,36,True,0.045539874869999997,0.016290288699999999,`ftol` termination condition is satisfied.,220,0.003|S12|91001,all 260 fits; finite nonconverged retained,36,36,NA,NA,NA,NA,NA,NA,NA,NA,NA,NA,NA
2,e,raw,results/k8_morphology_sensitivity_replicates.csv,754dedfd431b128130f329fa6ab2e7b48359e5a79faf9aab3f1fd4d6cb05de9f,NA,NA,relative_L_error,0.32972479519999998,32.97247952,percent,100 * raw_value,NA,NA,NA,NA,NA,NA,NA,NA,NA,NA,NA,NA,NA,NA,fit_complete,S12,repeated_measurement_noise,91002,1,0,0,0.0030000000000000001,3,36,True,0.30125895699999999,0.037408168839999999,`ftol` termination condition is satisfied.,221,0.003|S12|91002,all 260 fits; finite nonconverged retained,36,36,NA,NA,NA,NA,NA,NA,NA,NA,NA,NA,NA
2,e,raw,results/k8_morphology_sensitivity_replicates.csv,754dedfd431b128130f329fa6ab2e7b48359e5a79faf9aab3f1fd4d6cb05de9f,NA,NA,relative_L_error,0.37751783859999999,37.751783859999996,percent,100 * raw_value,NA,NA,NA,NA,NA,NA,NA,NA,NA,NA,NA,NA,NA,NA,fit_complete,S12,repeated_measurement_noise,91003,1,0,0,0.0030000000000000001,3,36,True,0.34540801430000001,0.02275701414,`ftol` termination condition is satisfied.,222,0.003|S12|91003,all 260 fits; finite nonconverged retained,36,36,NA,NA,NA,NA,NA,NA,NA,NA,NA,NA,NA
2,e,raw,results/k8_morphology_sensitivity_replicates.csv,754dedfd431b128130f329fa6ab2e7b48359e5a79faf9aab3f1fd4d6cb05de9f,NA,NA,relative_L_error,0.3256931824,32.569318240000001,percent,100 * raw_value,NA,NA,NA,NA,NA,NA,NA,NA,NA,NA,NA,NA,NA,NA,fit_complete,S12,repeated_measurement_noise,91004,1,0,0,0.0030000000000000001,3,36,True,0.29772397389999999,0.017096429560000001,`ftol` termination condition is satisfied.,223,0.003|S12|91004,all 260 fits; finite nonconverged retained,36,36,NA,NA,NA,NA,NA,NA,NA,NA,NA,NA,NA
2,e,raw,results/k8_morphology_sensitivity_replicates.csv,754dedfd431b128130f329fa6ab2e7b48359e5a79faf9aab3f1fd4d6cb05de9f,NA,NA,relative_L_error,0.04283478559,4.2834785589999997,percent,100 * raw_value,NA,NA,NA,NA,NA,NA,NA,NA,NA,NA,NA,NA,NA,NA,fit_complete,S12,repeated_measurement_noise,91005,1,0,0,0.0030000000000000001,3,36,True,0.047091000440000003,0.023217492409999999,`ftol` termination condition is satisfied.,224,0.003|S12|91005,all 260 fits; finite nonconverged retained,36,36,NA,NA,NA,NA,NA,NA,NA,NA,NA,NA,NA
2,e,raw,results/k8_morphology_sensitivity_replicates.csv,754dedfd431b128130f329fa6ab2e7b48359e5a79faf9aab3f1fd4d6cb05de9f,NA,NA,relative_L_error,0.1325424,13.254240000000001,percent,100 * raw_value,NA,NA,NA,NA,NA,NA,NA,NA,NA,NA,NA,NA,NA,NA,fit_complete,S12,repeated_measurement_noise,91006,1,0,0,0.0030000000000000001,3,36,True,0.1395632825,0.0081855320979999993,`ftol` termination condition is satisfied.,225,0.003|S12|91006,all 260 fits; finite nonconverged retained,36,36,NA,NA,NA,NA,NA,NA,NA,NA,NA,NA,NA
2,e,raw,results/k8_morphology_sensitivity_replicates.csv,754dedfd431b128130f329fa6ab2e7b48359e5a79faf9aab3f1fd4d6cb05de9f,NA,NA,relative_L_error,0.34510455579999999,34.510455579999999,percent,100 * raw_value,NA,NA,NA,NA,NA,NA,NA,NA,NA,NA,NA,NA,NA,NA,fit_complete,S12,repeated_measurement_noise,91007,1,0,0,0.0030000000000000001,3,36,True,0.31539703419999998,0.039425589560000002,`ftol` termination condition is satisfied.,226,0.003|S12|91007,all 260 fits; finite nonconverged retained,36,36,NA,NA,NA,NA,NA,NA,NA,NA,NA,NA,NA
2,e,raw,results/k8_morphology_sensitivity_replicates.csv,754dedfd431b128130f329fa6ab2e7b48359e5a79faf9aab3f1fd4d6cb05de9f,NA,NA,relative_L_error,0.12481349849999999,12.481349849999999,percent,100 * raw_value,NA,NA,NA,NA,NA,NA,NA,NA,NA,NA,NA,NA,NA,NA,fit_complete,S12,repeated_measurement_noise,91008,1,0,0,0.0030000000000000001,3,36,True,0.13768109240000001,0.0084111624500000006,`xtol` termination condition is satisfied.,227,0.003|S12|91008,all 260 fits; finite nonconverged retained,36,36,NA,NA,NA,NA,NA,NA,NA,NA,NA,NA,NA
2,e,raw,results/k8_morphology_sensitivity_replicates.csv,754dedfd431b128130f329fa6ab2e7b48359e5a79faf9aab3f1fd4d6cb05de9f,NA,NA,relative_L_error,0.1422540145,14.22540145,percent,100 * raw_value,NA,NA,NA,NA,NA,NA,NA,NA,NA,NA,NA,NA,NA,NA,fit_complete,S12,repeated_measurement_noise,91009,1,0,0,0.0030000000000000001,3,36,True,0.1539256474,0.027332944009999999,`xtol` termination condition is satisfied.,228,0.003|S12|91009,all 260 fits; finite nonconverged retained,36,36,NA,NA,NA,NA,NA,NA,NA,NA,NA,NA,NA
2,e,raw,results/k8_morphology_sensitivity_replicates.csv,754dedfd431b128130f329fa6ab2e7b48359e5a79faf9aab3f1fd4d6cb05de9f,NA,NA,relative_L_error,0.32555386069999998,32.555386069999997,percent,100 * raw_value,NA,NA,NA,NA,NA,NA,NA,NA,NA,NA,NA,NA,NA,NA,fit_complete,S12,repeated_measurement_noise,91010,1,0,0,0.0030000000000000001,3,36,True,0.35457718939999999,0.01320311001,`ftol` termination condition is satisfied.,229,0.003|S12|91010,all 260 fits; finite nonconverged retained,36,36,NA,NA,NA,NA,NA,NA,NA,NA,NA,NA,NA
2,e,raw,results/k8_morphology_sensitivity_replicates.csv,754dedfd431b128130f329fa6ab2e7b48359e5a79faf9aab3f1fd4d6cb05de9f,NA,NA,relative_L_error,0.1186395418,11.86395418,percent,100 * raw_value,NA,NA,NA,NA,NA,NA,NA,NA,NA,NA,NA,NA,NA,NA,fit_complete,S12,repeated_measurement_noise,91011,1,0,0,0.0030000000000000001,3,36,True,0.1206971521,0.010849831250000001,`ftol` termination condition is satisfied.,230,0.003|S12|91011,all 260 fits; finite nonconverged retained,36,36,NA,NA,NA,NA,NA,NA,NA,NA,NA,NA,NA
2,e,raw,results/k8_morphology_sensitivity_replicates.csv,754dedfd431b128130f329fa6ab2e7b48359e5a79faf9aab3f1fd4d6cb05de9f,NA,NA,relative_L_error,0.23830409960000001,23.830409960000001,percent,100 * raw_value,NA,NA,NA,NA,NA,NA,NA,NA,NA,NA,NA,NA,NA,NA,fit_complete,S12,repeated_measurement_noise,91012,1,0,0,0.0030000000000000001,3,36,True,0.2287222995,0.019708528279999998,`ftol` termination condition is satisfied.,231,0.003|S12|91012,all 260 fits; finite nonconverged retained,36,36,NA,NA,NA,NA,NA,NA,NA,NA,NA,NA,NA
2,e,raw,results/k8_morphology_sensitivity_replicates.csv,754dedfd431b128130f329fa6ab2e7b48359e5a79faf9aab3f1fd4d6cb05de9f,NA,NA,relative_L_error,0.57042497889999999,57.04249789,percent,100 * raw_value,NA,NA,NA,NA,NA,NA,NA,NA,NA,NA,NA,NA,NA,NA,fit_complete,S12,repeated_measurement_noise,91013,1,0,0,0.0030000000000000001,3,36,True,0.62783009950000002,0.034650022650000001,`ftol` termination condition is satisfied.,232,0.003|S12|91013,all 260 fits; finite nonconverged retained,36,36,NA,NA,NA,NA,NA,NA,NA,NA,NA,NA,NA
2,e,raw,results/k8_morphology_sensitivity_replicates.csv,754dedfd431b128130f329fa6ab2e7b48359e5a79faf9aab3f1fd4d6cb05de9f,NA,NA,relative_L_error,0.52186276210000004,52.186276210000003,percent,100 * raw_value,NA,NA,NA,NA,NA,NA,NA,NA,NA,NA,NA,NA,NA,NA,fit_complete,S12,repeated_measurement_noise,91014,1,0,0,0.0030000000000000001,3,36,True,0.4874854321,0.065477560520000005,`ftol` termination condition is satisfied.,233,0.003|S12|91014,all 260 fits; finite nonconverged retained,36,36,NA,NA,NA,NA,NA,NA,NA,NA,NA,NA,NA
2,e,raw,results/k8_morphology_sensitivity_replicates.csv,754dedfd431b128130f329fa6ab2e7b48359e5a79faf9aab3f1fd4d6cb05de9f,NA,NA,relative_L_error,0.60273621300000002,60.273621300000002,percent,100 * raw_value,NA,NA,NA,NA,NA,NA,NA,NA,NA,NA,NA,NA,NA,NA,fit_complete,S12,repeated_measurement_noise,91015,1,0,0,0.0030000000000000001,3,36,True,0.66209955149999999,0.02362572751,`ftol` termination condition is satisfied.,234,0.003|S12|91015,all 260 fits; finite nonconverged retained,36,36,NA,NA,NA,NA,NA,NA,NA,NA,NA,NA,NA
2,e,raw,results/k8_morphology_sensitivity_replicates.csv,754dedfd431b128130f329fa6ab2e7b48359e5a79faf9aab3f1fd4d6cb05de9f,NA,NA,relative_L_error,0.29656136750000001,29.656136750000002,percent,100 * raw_value,NA,NA,NA,NA,NA,NA,NA,NA,NA,NA,NA,NA,NA,NA,fit_complete,S12,repeated_measurement_noise,91016,1,0,0,0.0030000000000000001,3,36,True,0.27477711510000002,0.019300347620000002,`ftol` termination condition is satisfied.,235,0.003|S12|91016,all 260 fits; finite nonconverged retained,36,36,NA,NA,NA,NA,NA,NA,NA,NA,NA,NA,NA
2,e,raw,results/k8_morphology_sensitivity_replicates.csv,754dedfd431b128130f329fa6ab2e7b48359e5a79faf9aab3f1fd4d6cb05de9f,NA,NA,relative_L_error,0.076019877190000001,7.6019877190000003,percent,100 * raw_value,NA,NA,NA,NA,NA,NA,NA,NA,NA,NA,NA,NA,NA,NA,fit_complete,S12,repeated_measurement_noise,91017,1,0,0,0.0030000000000000001,3,36,True,0.079173485840000002,0.016889507410000001,`ftol` termination condition is satisfied.,236,0.003|S12|91017,all 260 fits; finite nonconverged retained,36,36,NA,NA,NA,NA,NA,NA,NA,NA,NA,NA,NA
2,e,raw,results/k8_morphology_sensitivity_replicates.csv,754dedfd431b128130f329fa6ab2e7b48359e5a79faf9aab3f1fd4d6cb05de9f,NA,NA,relative_L_error,0.13526244549999999,13.526244549999999,percent,100 * raw_value,NA,NA,NA,NA,NA,NA,NA,NA,NA,NA,NA,NA,NA,NA,fit_complete,S12,repeated_measurement_noise,91018,1,0,0,0.0030000000000000001,3,36,True,0.13759709589999999,0.025695524000000001,`ftol` termination condition is satisfied.,237,0.003|S12|91018,all 260 fits; finite nonconverged retained,36,36,NA,NA,NA,NA,NA,NA,NA,NA,NA,NA,NA
2,e,raw,results/k8_morphology_sensitivity_replicates.csv,754dedfd431b128130f329fa6ab2e7b48359e5a79faf9aab3f1fd4d6cb05de9f,NA,NA,relative_L_error,0.2929038336,29.29038336,percent,100 * raw_value,NA,NA,NA,NA,NA,NA,NA,NA,NA,NA,NA,NA,NA,NA,fit_complete,S12,repeated_measurement_noise,91019,1,0,0,0.0030000000000000001,3,36,True,0.26785268969999998,0.024874115580000002,`ftol` termination condition is satisfied.,238,0.003|S12|91019,all 260 fits; finite nonconverged retained,36,36,NA,NA,NA,NA,NA,NA,NA,NA,NA,NA,NA
2,e,raw,results/k8_morphology_sensitivity_replicates.csv,754dedfd431b128130f329fa6ab2e7b48359e5a79faf9aab3f1fd4d6cb05de9f,NA,NA,relative_L_error,0.29835911729999998,29.835911729999999,percent,100 * raw_value,NA,NA,NA,NA,NA,NA,NA,NA,NA,NA,NA,NA,NA,NA,fit_complete,S12,repeated_measurement_noise,91020,1,0,0,0.0030000000000000001,3,36,True,0.28753388099999999,0.037381472089999999,`ftol` termination condition is satisfied.,239,0.003|S12|91020,all 260 fits; finite nonconverged retained,36,36,NA,NA,NA,NA,NA,NA,NA,NA,NA,NA,NA
2,e,raw,results/k8_morphology_sensitivity_replicates.csv,754dedfd431b128130f329fa6ab2e7b48359e5a79faf9aab3f1fd4d6cb05de9f,NA,NA,relative_L_error,0.12551219020000001,12.551219020000001,percent,100 * raw_value,NA,NA,NA,NA,NA,NA,NA,NA,NA,NA,NA,NA,NA,NA,fit_complete,S13,repeated_measurement_noise,91001,1,0,0,0.0030000000000000001,10,120,True,0.1228196957,0.017175696170000001,`xtol` termination condition is satisfied.,240,0.003|S13|91001,all 260 fits; finite nonconverged retained,120,120,NA,NA,NA,NA,NA,NA,NA,NA,NA,NA,NA
2,e,raw,results/k8_morphology_sensitivity_replicates.csv,754dedfd431b128130f329fa6ab2e7b48359e5a79faf9aab3f1fd4d6cb05de9f,NA,NA,relative_L_error,0.1960204364,19.602043639999998,percent,100 * raw_value,NA,NA,NA,NA,NA,NA,NA,NA,NA,NA,NA,NA,NA,NA,fit_complete,S13,repeated_measurement_noise,91002,1,0,0,0.0030000000000000001,10,120,True,0.20796185719999999,0.01248419404,`ftol` termination condition is satisfied.,241,0.003|S13|91002,all 260 fits; finite nonconverged retained,120,120,NA,NA,NA,NA,NA,NA,NA,NA,NA,NA,NA
2,e,raw,results/k8_morphology_sensitivity_replicates.csv,754dedfd431b128130f329fa6ab2e7b48359e5a79faf9aab3f1fd4d6cb05de9f,NA,NA,relative_L_error,0.15576350429999999,15.57635043,percent,100 * raw_value,NA,NA,NA,NA,NA,NA,NA,NA,NA,NA,NA,NA,NA,NA,fit_complete,S13,repeated_measurement_noise,91003,1,0,0,0.0030000000000000001,10,120,True,0.1714945249,0.0085728881650000005,`ftol` termination condition is satisfied.,242,0.003|S13|91003,all 260 fits; finite nonconverged retained,120,120,NA,NA,NA,NA,NA,NA,NA,NA,NA,NA,NA
2,e,raw,results/k8_morphology_sensitivity_replicates.csv,754dedfd431b128130f329fa6ab2e7b48359e5a79faf9aab3f1fd4d6cb05de9f,NA,NA,relative_L_error,0.050752948399999998,5.0752948399999998,percent,100 * raw_value,NA,NA,NA,NA,NA,NA,NA,NA,NA,NA,NA,NA,NA,NA,fit_complete,S13,repeated_measurement_noise,91004,1,0,0,0.0030000000000000001,10,120,True,0.055298022840000002,0.0064791108190000004,`ftol` termination condition is satisfied.,243,0.003|S13|91004,all 260 fits; finite nonconverged retained,120,120,NA,NA,NA,NA,NA,NA,NA,NA,NA,NA,NA
2,e,raw,results/k8_morphology_sensitivity_replicates.csv,754dedfd431b128130f329fa6ab2e7b48359e5a79faf9aab3f1fd4d6cb05de9f,NA,NA,relative_L_error,0.042825115560000002,4.2825115560000002,percent,100 * raw_value,NA,NA,NA,NA,NA,NA,NA,NA,NA,NA,NA,NA,NA,NA,fit_complete,S13,repeated_measurement_noise,91005,1,0,0,0.0030000000000000001,10,120,True,0.042584452920000002,0.0094230419290000002,`xtol` termination condition is satisfied.,244,0.003|S13|91005,all 260 fits; finite nonconverged retained,120,120,NA,NA,NA,NA,NA,NA,NA,NA,NA,NA,NA
2,e,raw,results/k8_morphology_sensitivity_replicates.csv,754dedfd431b128130f329fa6ab2e7b48359e5a79faf9aab3f1fd4d6cb05de9f,NA,NA,relative_L_error,0.077085955669999998,7.7085955669999997,percent,100 * raw_value,NA,NA,NA,NA,NA,NA,NA,NA,NA,NA,NA,NA,NA,NA,fit_complete,S13,repeated_measurement_noise,91006,1,0,0,0.0030000000000000001,10,120,True,0.077604438550000002,0.0097630701740000006,`ftol` termination condition is satisfied.,245,0.003|S13|91006,all 260 fits; finite nonconverged retained,120,120,NA,NA,NA,NA,NA,NA,NA,NA,NA,NA,NA
2,e,raw,results/k8_morphology_sensitivity_replicates.csv,754dedfd431b128130f329fa6ab2e7b48359e5a79faf9aab3f1fd4d6cb05de9f,NA,NA,relative_L_error,0.27898227479999999,27.898227479999999,percent,100 * raw_value,NA,NA,NA,NA,NA,NA,NA,NA,NA,NA,NA,NA,NA,NA,fit_complete,S13,repeated_measurement_noise,91007,1,0,0,0.0030000000000000001,10,120,True,0.2569360181,0.009645806836,`ftol` termination condition is satisfied.,246,0.003|S13|91007,all 260 fits; finite nonconverged retained,120,120,NA,NA,NA,NA,NA,NA,NA,NA,NA,NA,NA
2,e,raw,results/k8_morphology_sensitivity_replicates.csv,754dedfd431b128130f329fa6ab2e7b48359e5a79faf9aab3f1fd4d6cb05de9f,NA,NA,relative_L_error,0.1137636616,11.37636616,percent,100 * raw_value,NA,NA,NA,NA,NA,NA,NA,NA,NA,NA,NA,NA,NA,NA,fit_complete,S13,repeated_measurement_noise,91008,1,0,0,0.0030000000000000001,10,120,True,0.120489954,0.011737116150000001,`ftol` termination condition is satisfied.,247,0.003|S13|91008,all 260 fits; finite nonconverged retained,120,120,NA,NA,NA,NA,NA,NA,NA,NA,NA,NA,NA
2,e,raw,results/k8_morphology_sensitivity_replicates.csv,754dedfd431b128130f329fa6ab2e7b48359e5a79faf9aab3f1fd4d6cb05de9f,NA,NA,relative_L_error,0.042111246960000001,4.2111246959999997,percent,100 * raw_value,NA,NA,NA,NA,NA,NA,NA,NA,NA,NA,NA,NA,NA,NA,fit_complete,S13,repeated_measurement_noise,91009,1,0,0,0.0030000000000000001,10,120,True,0.03916939581,0.0174115026,`ftol` termination condition is satisfied.,248,0.003|S13|91009,all 260 fits; finite nonconverged retained,120,120,NA,NA,NA,NA,NA,NA,NA,NA,NA,NA,NA
2,e,raw,results/k8_morphology_sensitivity_replicates.csv,754dedfd431b128130f329fa6ab2e7b48359e5a79faf9aab3f1fd4d6cb05de9f,NA,NA,relative_L_error,0.34680553920000001,34.680553920000001,percent,100 * raw_value,NA,NA,NA,NA,NA,NA,NA,NA,NA,NA,NA,NA,NA,NA,fit_complete,S13,repeated_measurement_noise,91010,1,0,0,0.0030000000000000001,10,120,True,0.31713468830000002,0.015020120479999999,`ftol` termination condition is satisfied.,249,0.003|S13|91010,all 260 fits; finite nonconverged retained,120,120,NA,NA,NA,NA,NA,NA,NA,NA,NA,NA,NA
2,e,raw,results/k8_morphology_sensitivity_replicates.csv,754dedfd431b128130f329fa6ab2e7b48359e5a79faf9aab3f1fd4d6cb05de9f,NA,NA,relative_L_error,0.1041801066,10.41801066,percent,100 * raw_value,NA,NA,NA,NA,NA,NA,NA,NA,NA,NA,NA,NA,NA,NA,fit_complete,S13,repeated_measurement_noise,91011,1,0,0,0.0030000000000000001,10,120,True,0.097004472920000001,0.006593101451,`xtol` termination condition is satisfied.,250,0.003|S13|91011,all 260 fits; finite nonconverged retained,120,120,NA,NA,NA,NA,NA,NA,NA,NA,NA,NA,NA
2,e,raw,results/k8_morphology_sensitivity_replicates.csv,754dedfd431b128130f329fa6ab2e7b48359e5a79faf9aab3f1fd4d6cb05de9f,NA,NA,relative_L_error,0.063120133179999996,6.312013318,percent,100 * raw_value,NA,NA,NA,NA,NA,NA,NA,NA,NA,NA,NA,NA,NA,NA,fit_complete,S13,repeated_measurement_noise,91012,1,0,0,0.0030000000000000001,10,120,True,0.069267233040000001,0.0070827846049999997,`xtol` termination condition is satisfied.,251,0.003|S13|91012,all 260 fits; finite nonconverged retained,120,120,NA,NA,NA,NA,NA,NA,NA,NA,NA,NA,NA
2,e,raw,results/k8_morphology_sensitivity_replicates.csv,754dedfd431b128130f329fa6ab2e7b48359e5a79faf9aab3f1fd4d6cb05de9f,NA,NA,relative_L_error,0.148035167,14.803516699999999,percent,100 * raw_value,NA,NA,NA,NA,NA,NA,NA,NA,NA,NA,NA,NA,NA,NA,fit_complete,S13,repeated_measurement_noise,91013,1,0,0,0.0030000000000000001,10,120,True,0.16347538010000001,0.0095157582789999993,`ftol` termination condition is satisfied.,252,0.003|S13|91013,all 260 fits; finite nonconverged retained,120,120,NA,NA,NA,NA,NA,NA,NA,NA,NA,NA,NA
2,e,raw,results/k8_morphology_sensitivity_replicates.csv,754dedfd431b128130f329fa6ab2e7b48359e5a79faf9aab3f1fd4d6cb05de9f,NA,NA,relative_L_error,0.39518360380000001,39.518360379999997,percent,100 * raw_value,NA,NA,NA,NA,NA,NA,NA,NA,NA,NA,NA,NA,NA,NA,fit_complete,S13,repeated_measurement_noise,91014,1,0,0,0.0030000000000000001,10,120,True,0.36490981569999997,0.029685533529999999,`ftol` termination condition is satisfied.,253,0.003|S13|91014,all 260 fits; finite nonconverged retained,120,120,NA,NA,NA,NA,NA,NA,NA,NA,NA,NA,NA
2,e,raw,results/k8_morphology_sensitivity_replicates.csv,754dedfd431b128130f329fa6ab2e7b48359e5a79faf9aab3f1fd4d6cb05de9f,NA,NA,relative_L_error,0.074577433819999997,7.4577433819999994,percent,100 * raw_value,NA,NA,NA,NA,NA,NA,NA,NA,NA,NA,NA,NA,NA,NA,fit_complete,S13,repeated_measurement_noise,91015,1,0,0,0.0030000000000000001,10,120,True,0.068855486199999996,0.027387612749999998,`xtol` termination condition is satisfied.,254,0.003|S13|91015,all 260 fits; finite nonconverged retained,120,120,NA,NA,NA,NA,NA,NA,NA,NA,NA,NA,NA
2,e,raw,results/k8_morphology_sensitivity_replicates.csv,754dedfd431b128130f329fa6ab2e7b48359e5a79faf9aab3f1fd4d6cb05de9f,NA,NA,relative_L_error,0.29984381139999999,29.98438114,percent,100 * raw_value,NA,NA,NA,NA,NA,NA,NA,NA,NA,NA,NA,NA,NA,NA,fit_complete,S13,repeated_measurement_noise,91016,1,0,0,0.0030000000000000001,10,120,True,0.27391309609999998,0.0073094258159999998,`xtol` termination condition is satisfied.,255,0.003|S13|91016,all 260 fits; finite nonconverged retained,120,120,NA,NA,NA,NA,NA,NA,NA,NA,NA,NA,NA
2,e,raw,results/k8_morphology_sensitivity_replicates.csv,754dedfd431b128130f329fa6ab2e7b48359e5a79faf9aab3f1fd4d6cb05de9f,NA,NA,relative_L_error,0.080881287139999994,8.0881287139999998,percent,100 * raw_value,NA,NA,NA,NA,NA,NA,NA,NA,NA,NA,NA,NA,NA,NA,fit_complete,S13,repeated_measurement_noise,91017,1,0,0,0.0030000000000000001,10,120,True,0.089001965330000002,0.0051975290690000004,`xtol` termination condition is satisfied.,256,0.003|S13|91017,all 260 fits; finite nonconverged retained,120,120,NA,NA,NA,NA,NA,NA,NA,NA,NA,NA,NA
2,e,raw,results/k8_morphology_sensitivity_replicates.csv,754dedfd431b128130f329fa6ab2e7b48359e5a79faf9aab3f1fd4d6cb05de9f,NA,NA,relative_L_error,0.12832658659999999,12.832658659999998,percent,100 * raw_value,NA,NA,NA,NA,NA,NA,NA,NA,NA,NA,NA,NA,NA,NA,fit_complete,S13,repeated_measurement_noise,91018,1,0,0,0.0030000000000000001,10,120,True,0.13554754820000001,0.01188139127,`ftol` termination condition is satisfied.,257,0.003|S13|91018,all 260 fits; finite nonconverged retained,120,120,NA,NA,NA,NA,NA,NA,NA,NA,NA,NA,NA
2,e,raw,results/k8_morphology_sensitivity_replicates.csv,754dedfd431b128130f329fa6ab2e7b48359e5a79faf9aab3f1fd4d6cb05de9f,NA,NA,relative_L_error,0.15664895770000001,15.664895770000001,percent,100 * raw_value,NA,NA,NA,NA,NA,NA,NA,NA,NA,NA,NA,NA,NA,NA,fit_complete,S13,repeated_measurement_noise,91019,1,0,0,0.0030000000000000001,10,120,True,0.14647764520000001,0.01123187088,`ftol` termination condition is satisfied.,258,0.003|S13|91019,all 260 fits; finite nonconverged retained,120,120,NA,NA,NA,NA,NA,NA,NA,NA,NA,NA,NA
2,e,raw,results/k8_morphology_sensitivity_replicates.csv,754dedfd431b128130f329fa6ab2e7b48359e5a79faf9aab3f1fd4d6cb05de9f,NA,NA,relative_L_error,0.1448138933,14.481389329999999,percent,100 * raw_value,NA,NA,NA,NA,NA,NA,NA,NA,NA,NA,NA,NA,NA,NA,fit_complete,S13,repeated_measurement_noise,91020,1,0,0,0.0030000000000000001,10,120,True,0.1492735365,0.01387532629,`ftol` termination condition is satisfied.,259,0.003|S13|91020,all 260 fits; finite nonconverged retained,120,120,NA,NA,NA,NA,NA,NA,NA,NA,NA,NA,NA
2,e,summary,results/k8_morphology_sensitivity_replicates.csv,754dedfd431b128130f329fa6ab2e7b48359e5a79faf9aab3f1fd4d6cb05de9f,NA,NA,relative_L_error,NA,NA,percent,100 * raw_value,NA,NA,NA,NA,NA,NA,NA,NA,NA,NA,NA,NA,NA,NA,NA,S01,NA,NA,NA,NA,NA,NA,NA,NA,NA,NA,NA,NA,NA,NA,all 260 fits; finite nonconverged retained,NA,NA,20,20,20,0.089742464177500009,0.20300938390000001,0.34232189709999999,0.43400769180000009,8.9742464177500008,20.300938389999999,34.23218971,43.400769180000012
2,e,summary,results/k8_morphology_sensitivity_replicates.csv,754dedfd431b128130f329fa6ab2e7b48359e5a79faf9aab3f1fd4d6cb05de9f,NA,NA,relative_L_error,NA,NA,percent,100 * raw_value,NA,NA,NA,NA,NA,NA,NA,NA,NA,NA,NA,NA,NA,NA,NA,S02,NA,NA,NA,NA,NA,NA,NA,NA,NA,NA,NA,NA,NA,NA,all 260 fits; finite nonconverged retained,NA,NA,20,20,20,0.050074402597499998,0.088550454884999991,0.1373707207,0.2826771171100001,5.0074402597500001,8.8550454884999983,13.73707207,28.267711711000011
2,e,summary,results/k8_morphology_sensitivity_replicates.csv,754dedfd431b128130f329fa6ab2e7b48359e5a79faf9aab3f1fd4d6cb05de9f,NA,NA,relative_L_error,NA,NA,percent,100 * raw_value,NA,NA,NA,NA,NA,NA,NA,NA,NA,NA,NA,NA,NA,NA,NA,S03,NA,NA,NA,NA,NA,NA,NA,NA,NA,NA,NA,NA,NA,NA,all 260 fits; finite nonconverged retained,NA,NA,20,20,20,0.0264466820975,0.047978469430000004,0.064674612362499995,0.095747534472000073,2.6446682097499998,4.7978469430000006,6.4674612362499992,9.574753447200008
2,e,summary,results/k8_morphology_sensitivity_replicates.csv,754dedfd431b128130f329fa6ab2e7b48359e5a79faf9aab3f1fd4d6cb05de9f,NA,NA,relative_L_error,NA,NA,percent,100 * raw_value,NA,NA,NA,NA,NA,NA,NA,NA,NA,NA,NA,NA,NA,NA,NA,S04,NA,NA,NA,NA,NA,NA,NA,NA,NA,NA,NA,NA,NA,NA,all 260 fits; finite nonconverged retained,NA,NA,20,20,20,0.23661521482499998,0.24701686379999999,0.28648259870000004,0.36559983997000012,23.661521482499996,24.701686379999998,28.648259870000004,36.55998399700001
2,e,summary,results/k8_morphology_sensitivity_replicates.csv,754dedfd431b128130f329fa6ab2e7b48359e5a79faf9aab3f1fd4d6cb05de9f,NA,NA,relative_L_error,NA,NA,percent,100 * raw_value,NA,NA,NA,NA,NA,NA,NA,NA,NA,NA,NA,NA,NA,NA,NA,S05,NA,NA,NA,NA,NA,NA,NA,NA,NA,NA,NA,NA,NA,NA,all 260 fits; finite nonconverged retained,NA,NA,20,20,20,0.067694907452500008,0.087529585909999999,0.10920582375,0.16510923687000009,6.7694907452500006,8.7529585910000005,10.920582375,16.510923687000009
2,e,summary,results/k8_morphology_sensitivity_replicates.csv,754dedfd431b128130f329fa6ab2e7b48359e5a79faf9aab3f1fd4d6cb05de9f,NA,NA,relative_L_error,NA,NA,percent,100 * raw_value,NA,NA,NA,NA,NA,NA,NA,NA,NA,NA,NA,NA,NA,NA,NA,S06,NA,NA,NA,NA,NA,NA,NA,NA,NA,NA,NA,NA,NA,NA,all 260 fits; finite nonconverged retained,NA,NA,20,20,20,0.062230847074999998,0.075735351105000001,0.083960010025000004,0.097399745094000012,6.2230847075,7.5735351104999999,8.3960010025000003,9.7399745094000014
2,e,summary,results/k8_morphology_sensitivity_replicates.csv,754dedfd431b128130f329fa6ab2e7b48359e5a79faf9aab3f1fd4d6cb05de9f,NA,NA,relative_L_error,NA,NA,percent,100 * raw_value,NA,NA,NA,NA,NA,NA,NA,NA,NA,NA,NA,NA,NA,NA,NA,S07,NA,NA,NA,NA,NA,NA,NA,NA,NA,NA,NA,NA,NA,NA,all 260 fits; finite nonconverged retained,NA,NA,20,20,20,0.17457307755000001,0.17914880319999998,0.18469687195000001,0.18555620832,17.457307755000002,17.914880319999998,18.469687195000002,18.555620831999999
2,e,summary,results/k8_morphology_sensitivity_replicates.csv,754dedfd431b128130f329fa6ab2e7b48359e5a79faf9aab3f1fd4d6cb05de9f,NA,NA,relative_L_error,NA,NA,percent,100 * raw_value,NA,NA,NA,NA,NA,NA,NA,NA,NA,NA,NA,NA,NA,NA,NA,S08,NA,NA,NA,NA,NA,NA,NA,NA,NA,NA,NA,NA,NA,NA,all 260 fits; finite nonconverged retained,NA,NA,20,20,20,0.045581107115000005,0.058865668945000005,0.10822813822500001,0.13195249154000005,4.5581107115000004,5.8865668945000005,10.822813822500001,13.195249154000004
2,e,summary,results/k8_morphology_sensitivity_replicates.csv,754dedfd431b128130f329fa6ab2e7b48359e5a79faf9aab3f1fd4d6cb05de9f,NA,NA,relative_L_error,NA,NA,percent,100 * raw_value,NA,NA,NA,NA,NA,NA,NA,NA,NA,NA,NA,NA,NA,NA,NA,S09,NA,NA,NA,NA,NA,NA,NA,NA,NA,NA,NA,NA,NA,NA,all 260 fits; finite nonconverged retained,NA,NA,20,20,20,0.151730464525,0.18439850555000001,0.22811996114999999,0.26959428830000004,15.1730464525,18.439850555,22.811996114999999,26.959428830000004
2,e,summary,results/k8_morphology_sensitivity_replicates.csv,754dedfd431b128130f329fa6ab2e7b48359e5a79faf9aab3f1fd4d6cb05de9f,NA,NA,relative_L_error,NA,NA,percent,100 * raw_value,NA,NA,NA,NA,NA,NA,NA,NA,NA,NA,NA,NA,NA,NA,NA,S10,NA,NA,NA,NA,NA,NA,NA,NA,NA,NA,NA,NA,NA,NA,all 260 fits; finite nonconverged retained,NA,NA,20,20,20,0.48787903919999998,0.57263084959999999,0.71425974597499997,0.80863938333000007,48.787903919999998,57.26308496,71.425974597500002,80.863938333000007
2,e,summary,results/k8_morphology_sensitivity_replicates.csv,754dedfd431b128130f329fa6ab2e7b48359e5a79faf9aab3f1fd4d6cb05de9f,NA,NA,relative_L_error,NA,NA,percent,100 * raw_value,NA,NA,NA,NA,NA,NA,NA,NA,NA,NA,NA,NA,NA,NA,NA,S11,NA,NA,NA,NA,NA,NA,NA,NA,NA,NA,NA,NA,NA,NA,all 260 fits; finite nonconverged retained,NA,NA,20,20,19,0.19409884357500001,0.31132635359999999,0.50339477519999998,0.61886564968000035,19.409884357500001,31.132635359999998,50.339477519999996,61.886564968000037
2,e,summary,results/k8_morphology_sensitivity_replicates.csv,754dedfd431b128130f329fa6ab2e7b48359e5a79faf9aab3f1fd4d6cb05de9f,NA,NA,relative_L_error,NA,NA,percent,100 * raw_value,NA,NA,NA,NA,NA,NA,NA,NA,NA,NA,NA,NA,NA,NA,NA,S12,NA,NA,NA,NA,NA,NA,NA,NA,NA,NA,NA,NA,NA,NA,all 260 fits; finite nonconverged retained,NA,NA,20,20,20,0.13061017462499999,0.29473260055,0.33356973535000001,0.52671898378000015,13.061017462499999,29.473260055000001,33.356973535000002,52.671898378000016
2,e,summary,results/k8_morphology_sensitivity_replicates.csv,754dedfd431b128130f329fa6ab2e7b48359e5a79faf9aab3f1fd4d6cb05de9f,NA,NA,relative_L_error,NA,NA,percent,100 * raw_value,NA,NA,NA,NA,NA,NA,NA,NA,NA,NA,NA,NA,NA,NA,NA,S13,NA,NA,NA,NA,NA,NA,NA,NA,NA,NA,NA,NA,NA,NA,all 260 fits; finite nonconverged retained,NA,NA,20,20,20,0.076458825207499997,0.1269193884,0.16649182737500001,0.30453998418000006,7.6458825207499999,12.691938840000001,16.649182737500002,30.453998418000005
