figure,panel,record_type,source_path,source_sha256,movie,n,cycle_rank,draw_id,replicate,noise_fraction,noise_percent,design,query_count,status,fit_success,fit_residual,jacobian_condition,optimizer_residual_norm,nfev,C_relative_error,topology_precision,topology_recall,topology_F1,source_row_index,case_id,metric,raw_value,display_value,display_unit,transform,filter,nominal_query_count,actual_query_count,total_count,finite_count,converged_count,raw_q25,raw_median,raw_q75,raw_p90,display_q25,display_median,display_q75,display_p90,L_relative_error,ensemble,draw,ratio,local_scale,edge_scale,storage_scale,heterogeneity_sigma,edge_mapping,scenario,repeat_factor,q_error,root_gain,finite_clamp_penalty,quantization_fraction
4,a,raw,results/k9_practical_replicates.csv,d24c65b6f7fc8473eaeb70bc016389b14e71df683f57a6be41dd58fef9437361,E3,5,1,0,0,0,0,moderate_redundancy,37,fit_complete,True,4.0770395540000001e-07,37389.736680000002,3.354387773e-06,97,0.00052832556480000002,1,1,1,7,E3|5|moderate_redundancy|0.0|0|0,L_relative_error,0.001061737732,0.1061737732,percent,100 * raw_value,n==5; practical designs; retained coefficients,37,37,NA,NA,NA,NA,NA,NA,NA,NA,NA,NA,NA,NA,NA,NA,NA,NA,NA,NA,NA,NA,NA,NA,NA,NA,NA,NA
4,a,raw,results/k9_practical_replicates.csv,d24c65b6f7fc8473eaeb70bc016389b14e71df683f57a6be41dd58fef9437361,E3,5,1,0,0,0,0,high_redundancy,77,fit_complete,True,4.152726438e-08,6685.619659,3.6254539519999999e-07,42,3.0294027800000001e-06,1,1,1,8,E3|5|high_redundancy|0.0|0|0,L_relative_error,1.5457442950000001e-05,0.0015457442950000001,percent,100 * raw_value,n==5; practical designs; retained coefficients,77,77,NA,NA,NA,NA,NA,NA,NA,NA,NA,NA,NA,NA,NA,NA,NA,NA,NA,NA,NA,NA,NA,NA,NA,NA,NA,NA
4,a,raw,results/k9_practical_replicates.csv,d24c65b6f7fc8473eaeb70bc016389b14e71df683f57a6be41dd58fef9437361,E3,5,1,0,1,0,0,moderate_redundancy,37,fit_complete,True,4.0770395540000001e-07,37389.736680000002,3.354387773e-06,97,0.00052832556480000002,1,1,1,10,E3|5|moderate_redundancy|0.0|0|1,L_relative_error,0.001061737732,0.1061737732,percent,100 * raw_value,n==5; practical designs; retained coefficients,37,37,NA,NA,NA,NA,NA,NA,NA,NA,NA,NA,NA,NA,NA,NA,NA,NA,NA,NA,NA,NA,NA,NA,NA,NA,NA,NA
4,a,raw,results/k9_practical_replicates.csv,d24c65b6f7fc8473eaeb70bc016389b14e71df683f57a6be41dd58fef9437361,E3,5,1,0,1,0,0,high_redundancy,77,fit_complete,True,4.152726438e-08,6685.619659,3.6254539519999999e-07,42,3.0294027800000001e-06,1,1,1,11,E3|5|high_redundancy|0.0|0|1,L_relative_error,1.5457442950000001e-05,0.0015457442950000001,percent,100 * raw_value,n==5; practical designs; retained coefficients,77,77,NA,NA,NA,NA,NA,NA,NA,NA,NA,NA,NA,NA,NA,NA,NA,NA,NA,NA,NA,NA,NA,NA,NA,NA,NA,NA
4,a,raw,results/k9_practical_replicates.csv,d24c65b6f7fc8473eaeb70bc016389b14e71df683f57a6be41dd58fef9437361,E3,5,1,0,2,0,0,moderate_redundancy,37,fit_complete,True,4.0770395540000001e-07,37389.736680000002,3.354387773e-06,97,0.00052832556480000002,1,1,1,13,E3|5|moderate_redundancy|0.0|0|2,L_relative_error,0.001061737732,0.1061737732,percent,100 * raw_value,n==5; practical designs; retained coefficients,37,37,NA,NA,NA,NA,NA,NA,NA,NA,NA,NA,NA,NA,NA,NA,NA,NA,NA,NA,NA,NA,NA,NA,NA,NA,NA,NA
4,a,raw,results/k9_practical_replicates.csv,d24c65b6f7fc8473eaeb70bc016389b14e71df683f57a6be41dd58fef9437361,E3,5,1,0,2,0,0,high_redundancy,77,fit_complete,True,4.152726438e-08,6685.619659,3.6254539519999999e-07,42,3.0294027800000001e-06,1,1,1,14,E3|5|high_redundancy|0.0|0|2,L_relative_error,1.5457442950000001e-05,0.0015457442950000001,percent,100 * raw_value,n==5; practical designs; retained coefficients,77,77,NA,NA,NA,NA,NA,NA,NA,NA,NA,NA,NA,NA,NA,NA,NA,NA,NA,NA,NA,NA,NA,NA,NA,NA,NA,NA
4,a,raw,results/k9_practical_replicates.csv,d24c65b6f7fc8473eaeb70bc016389b14e71df683f57a6be41dd58fef9437361,E3,5,1,0,3,0,0,moderate_redundancy,37,fit_complete,True,4.0770395540000001e-07,37389.736680000002,3.354387773e-06,97,0.00052832556480000002,1,1,1,16,E3|5|moderate_redundancy|0.0|0|3,L_relative_error,0.001061737732,0.1061737732,percent,100 * raw_value,n==5; practical designs; retained coefficients,37,37,NA,NA,NA,NA,NA,NA,NA,NA,NA,NA,NA,NA,NA,NA,NA,NA,NA,NA,NA,NA,NA,NA,NA,NA,NA,NA
4,a,raw,results/k9_practical_replicates.csv,d24c65b6f7fc8473eaeb70bc016389b14e71df683f57a6be41dd58fef9437361,E3,5,1,0,3,0,0,high_redundancy,77,fit_complete,True,4.152726438e-08,6685.619659,3.6254539519999999e-07,42,3.0294027800000001e-06,1,1,1,17,E3|5|high_redundancy|0.0|0|3,L_relative_error,1.5457442950000001e-05,0.0015457442950000001,percent,100 * raw_value,n==5; practical designs; retained coefficients,77,77,NA,NA,NA,NA,NA,NA,NA,NA,NA,NA,NA,NA,NA,NA,NA,NA,NA,NA,NA,NA,NA,NA,NA,NA,NA,NA
4,a,raw,results/k9_practical_replicates.csv,d24c65b6f7fc8473eaeb70bc016389b14e71df683f57a6be41dd58fef9437361,E3,5,1,0,0,0.0001,0.01,moderate_redundancy,37,fit_complete,True,5.9039802480000001e-05,33777.075400000002,0.00036162508420000002,96,0.039309126610000002,1,1,1,19,E3|5|moderate_redundancy|0.0001|0|0,L_relative_error,0.048612541109999997,4.861254111,percent,100 * raw_value,n==5; practical designs; retained coefficients,37,37,NA,NA,NA,NA,NA,NA,NA,NA,NA,NA,NA,NA,NA,NA,NA,NA,NA,NA,NA,NA,NA,NA,NA,NA,NA,NA
4,a,raw,results/k9_practical_replicates.csv,d24c65b6f7fc8473eaeb70bc016389b14e71df683f57a6be41dd58fef9437361,E3,5,1,0,0,0.0001,0.01,high_redundancy,77,fit_complete,True,9.389646746e-05,6711.3746950000004,0.00079866962300000001,36,0.040364076710000002,1,1,1,20,E3|5|high_redundancy|0.0001|0|0,L_relative_error,0.0026969876989999999,0.26969876989999997,percent,100 * raw_value,n==5; practical designs; retained coefficients,77,77,NA,NA,NA,NA,NA,NA,NA,NA,NA,NA,NA,NA,NA,NA,NA,NA,NA,NA,NA,NA,NA,NA,NA,NA,NA,NA
4,a,raw,results/k9_practical_replicates.csv,d24c65b6f7fc8473eaeb70bc016389b14e71df683f57a6be41dd58fef9437361,E3,5,1,0,1,0.0001,0.01,moderate_redundancy,37,fit_complete,True,9.4944833990000003e-05,27887.151949999999,0.0005481436415,85,0.048256164519999999,0.83333333330000003,1,0.90909090910000001,22,E3|5|moderate_redundancy|0.0001|0|1,L_relative_error,0.12688911510000001,12.688911510000001,percent,100 * raw_value,n==5; practical designs; retained coefficients,37,37,NA,NA,NA,NA,NA,NA,NA,NA,NA,NA,NA,NA,NA,NA,NA,NA,NA,NA,NA,NA,NA,NA,NA,NA,NA,NA
4,a,raw,results/k9_practical_replicates.csv,d24c65b6f7fc8473eaeb70bc016389b14e71df683f57a6be41dd58fef9437361,E3,5,1,0,1,0.0001,0.01,high_redundancy,77,fit_complete,True,8.2260773840000002e-05,6485.3579689999997,0.000782078724,41,0.01278548738,1,1,1,23,E3|5|high_redundancy|0.0001|0|1,L_relative_error,0.015081517359999999,1.5081517359999999,percent,100 * raw_value,n==5; practical designs; retained coefficients,77,77,NA,NA,NA,NA,NA,NA,NA,NA,NA,NA,NA,NA,NA,NA,NA,NA,NA,NA,NA,NA,NA,NA,NA,NA,NA,NA
4,a,raw,results/k9_practical_replicates.csv,d24c65b6f7fc8473eaeb70bc016389b14e71df683f57a6be41dd58fef9437361,E3,5,1,0,2,0.0001,0.01,moderate_redundancy,37,fit_complete,True,6.9987473749999997e-05,31289.636340000001,0.00040652849459999998,101,0.04195725308,1,1,1,25,E3|5|moderate_redundancy|0.0001|0|2,L_relative_error,0.080870732469999998,8.0870732469999993,percent,100 * raw_value,n==5; practical designs; retained coefficients,37,37,NA,NA,NA,NA,NA,NA,NA,NA,NA,NA,NA,NA,NA,NA,NA,NA,NA,NA,NA,NA,NA,NA,NA,NA,NA,NA
4,a,raw,results/k9_practical_replicates.csv,d24c65b6f7fc8473eaeb70bc016389b14e71df683f57a6be41dd58fef9437361,E3,5,1,0,2,0.0001,0.01,high_redundancy,77,fit_complete,True,8.1078635499999994e-05,6601.861723,0.00072799682000000004,39,0.027159097649999998,1,1,1,26,E3|5|high_redundancy|0.0001|0|2,L_relative_error,0.0062474471120000001,0.62474471119999997,percent,100 * raw_value,n==5; practical designs; retained coefficients,77,77,NA,NA,NA,NA,NA,NA,NA,NA,NA,NA,NA,NA,NA,NA,NA,NA,NA,NA,NA,NA,NA,NA,NA,NA,NA,NA
4,a,raw,results/k9_practical_replicates.csv,d24c65b6f7fc8473eaeb70bc016389b14e71df683f57a6be41dd58fef9437361,E3,5,1,0,3,0.0001,0.01,moderate_redundancy,37,fit_complete,True,9.9370369070000004e-05,35397.365230000003,0.00051604020630000003,92,0.014751169999999999,1,1,1,28,E3|5|moderate_redundancy|0.0001|0|3,L_relative_error,0.036977768809999999,3.6977768809999998,percent,100 * raw_value,n==5; practical designs; retained coefficients,37,37,NA,NA,NA,NA,NA,NA,NA,NA,NA,NA,NA,NA,NA,NA,NA,NA,NA,NA,NA,NA,NA,NA,NA,NA,NA,NA
4,a,raw,results/k9_practical_replicates.csv,d24c65b6f7fc8473eaeb70bc016389b14e71df683f57a6be41dd58fef9437361,E3,5,1,0,3,0.0001,0.01,high_redundancy,77,fit_complete,True,9.5293807150000006e-05,6685.869455,0.00081035669120000005,40,0.050692880189999998,1,1,1,29,E3|5|high_redundancy|0.0001|0|3,L_relative_error,0.0038450702860000001,0.38450702860000002,percent,100 * raw_value,n==5; practical designs; retained coefficients,77,77,NA,NA,NA,NA,NA,NA,NA,NA,NA,NA,NA,NA,NA,NA,NA,NA,NA,NA,NA,NA,NA,NA,NA,NA,NA,NA
4,a,raw,results/k9_practical_replicates.csv,d24c65b6f7fc8473eaeb70bc016389b14e71df683f57a6be41dd58fef9437361,E3,5,1,0,0,0.00029999999999999997,0.029999999999999999,moderate_redundancy,37,fit_complete,True,0.00023507254739999999,31216.820110000001,0.001239239512,108,0.25294535309999999,1,1,1,31,E3|5|moderate_redundancy|0.0003|0|0,L_relative_error,0.13784741480000001,13.784741480000001,percent,100 * raw_value,n==5; practical designs; retained coefficients,37,37,NA,NA,NA,NA,NA,NA,NA,NA,NA,NA,NA,NA,NA,NA,NA,NA,NA,NA,NA,NA,NA,NA,NA,NA,NA,NA
4,a,raw,results/k9_practical_replicates.csv,d24c65b6f7fc8473eaeb70bc016389b14e71df683f57a6be41dd58fef9437361,E3,5,1,0,0,0.00029999999999999997,0.029999999999999999,high_redundancy,77,fit_complete,True,0.00025388526679999998,6488.7682279999999,0.0022956255679999998,35,0.061325465240000002,1,1,1,32,E3|5|high_redundancy|0.0003|0|0,L_relative_error,0.01312441522,1.3124415219999999,percent,100 * raw_value,n==5; practical designs; retained coefficients,77,77,NA,NA,NA,NA,NA,NA,NA,NA,NA,NA,NA,NA,NA,NA,NA,NA,NA,NA,NA,NA,NA,NA,NA,NA,NA,NA
4,a,raw,results/k9_practical_replicates.csv,d24c65b6f7fc8473eaeb70bc016389b14e71df683f57a6be41dd58fef9437361,E3,5,1,0,1,0.00029999999999999997,0.029999999999999999,moderate_redundancy,37,fit_complete,True,0.00023448735999999999,29372.975610000001,0.0013360314779999999,75,0.068043437009999999,0.83333333330000003,1,0.90909090910000001,34,E3|5|moderate_redundancy|0.0003|0|1,L_relative_error,0.099948413149999998,9.9948413150000004,percent,100 * raw_value,n==5; practical designs; retained coefficients,37,37,NA,NA,NA,NA,NA,NA,NA,NA,NA,NA,NA,NA,NA,NA,NA,NA,NA,NA,NA,NA,NA,NA,NA,NA,NA,NA
4,a,raw,results/k9_practical_replicates.csv,d24c65b6f7fc8473eaeb70bc016389b14e71df683f57a6be41dd58fef9437361,E3,5,1,0,1,0.00029999999999999997,0.029999999999999999,high_redundancy,77,fit_complete,True,0.00022804604929999999,6360.4741139999996,0.0021122531729999999,36,0.037289203049999997,1,1,1,35,E3|5|high_redundancy|0.0003|0|1,L_relative_error,0.02035672698,2.0356726979999999,percent,100 * raw_value,n==5; practical designs; retained coefficients,77,77,NA,NA,NA,NA,NA,NA,NA,NA,NA,NA,NA,NA,NA,NA,NA,NA,NA,NA,NA,NA,NA,NA,NA,NA,NA,NA
4,a,raw,results/k9_practical_replicates.csv,d24c65b6f7fc8473eaeb70bc016389b14e71df683f57a6be41dd58fef9437361,E3,5,1,0,2,0.00029999999999999997,0.029999999999999999,moderate_redundancy,37,fit_complete,True,0.00021225566799999999,27943.748960000001,0.001307769998,103,0.30952231879999997,0.83333333330000003,1,0.90909090910000001,37,E3|5|moderate_redundancy|0.0003|0|2,L_relative_error,0.15884330220000001,15.884330220000001,percent,100 * raw_value,n==5; practical designs; retained coefficients,37,37,NA,NA,NA,NA,NA,NA,NA,NA,NA,NA,NA,NA,NA,NA,NA,NA,NA,NA,NA,NA,NA,NA,NA,NA,NA,NA
4,a,raw,results/k9_practical_replicates.csv,d24c65b6f7fc8473eaeb70bc016389b14e71df683f57a6be41dd58fef9437361,E3,5,1,0,2,0.00029999999999999997,0.029999999999999999,high_redundancy,77,fit_complete,True,0.00025353298920000001,6717.03845,0.0022625323750000001,31,0.1302049981,1,1,1,38,E3|5|high_redundancy|0.0003|0|2,L_relative_error,0.0088190509019999992,0.88190509019999996,percent,100 * raw_value,n==5; practical designs; retained coefficients,77,77,NA,NA,NA,NA,NA,NA,NA,NA,NA,NA,NA,NA,NA,NA,NA,NA,NA,NA,NA,NA,NA,NA,NA,NA,NA,NA
4,a,raw,results/k9_practical_replicates.csv,d24c65b6f7fc8473eaeb70bc016389b14e71df683f57a6be41dd58fef9437361,E3,5,1,0,3,0.00029999999999999997,0.029999999999999999,moderate_redundancy,37,fit_complete,True,0.00020479241420000001,22995.802950000001,0.001222257501,88,0.049191602260000002,0.83333333330000003,1,0.90909090910000001,40,E3|5|moderate_redundancy|0.0003|0|3,L_relative_error,0.19852885049999999,19.852885049999998,percent,100 * raw_value,n==5; practical designs; retained coefficients,37,37,NA,NA,NA,NA,NA,NA,NA,NA,NA,NA,NA,NA,NA,NA,NA,NA,NA,NA,NA,NA,NA,NA,NA,NA,NA,NA
4,a,raw,results/k9_practical_replicates.csv,d24c65b6f7fc8473eaeb70bc016389b14e71df683f57a6be41dd58fef9437361,E3,5,1,0,3,0.00029999999999999997,0.029999999999999999,high_redundancy,77,fit_complete,True,0.00025996731669999999,6805.5233900000003,0.0022282665629999999,38,0.06062385067,1,1,1,41,E3|5|high_redundancy|0.0003|0|3,L_relative_error,0.012982617869999999,1.2982617869999999,percent,100 * raw_value,n==5; practical designs; retained coefficients,77,77,NA,NA,NA,NA,NA,NA,NA,NA,NA,NA,NA,NA,NA,NA,NA,NA,NA,NA,NA,NA,NA,NA,NA,NA,NA,NA
4,a,raw,results/k9_practical_replicates.csv,d24c65b6f7fc8473eaeb70bc016389b14e71df683f57a6be41dd58fef9437361,E3,5,1,0,0,0.001,0.10000000000000001,moderate_redundancy,37,fit_complete,True,0.00089161819690000005,52599.608930000002,0.0047760012899999999,120,0.18254895069999999,0.83333333330000003,1,0.90909090910000001,43,E3|5|moderate_redundancy|0.001|0|0,L_relative_error,0.47061053980000001,47.061053979999997,percent,100 * raw_value,n==5; practical designs; retained coefficients,37,37,NA,NA,NA,NA,NA,NA,NA,NA,NA,NA,NA,NA,NA,NA,NA,NA,NA,NA,NA,NA,NA,NA,NA,NA,NA,NA
4,a,raw,results/k9_practical_replicates.csv,d24c65b6f7fc8473eaeb70bc016389b14e71df683f57a6be41dd58fef9437361,E3,5,1,0,0,0.001,0.10000000000000001,high_redundancy,77,fit_complete,True,0.00098081181109999993,5273.4609689999997,0.0082840426489999997,31,0.20142058560000001,0.83333333330000003,1,0.90909090910000001,44,E3|5|high_redundancy|0.001|0|0,L_relative_error,0.102936316,10.293631599999999,percent,100 * raw_value,n==5; practical designs; retained coefficients,77,77,NA,NA,NA,NA,NA,NA,NA,NA,NA,NA,NA,NA,NA,NA,NA,NA,NA,NA,NA,NA,NA,NA,NA,NA,NA,NA
4,a,raw,results/k9_practical_replicates.csv,d24c65b6f7fc8473eaeb70bc016389b14e71df683f57a6be41dd58fef9437361,E3,5,1,0,1,0.001,0.10000000000000001,moderate_redundancy,37,fit_complete,True,0.00051236618350000002,45638.128239999998,0.0031222069860000002,101,0.53333101250000003,0.71428571429999999,1,0.83333333330000003,46,E3|5|moderate_redundancy|0.001|0|1,L_relative_error,0.14664804789999999,14.66480479,percent,100 * raw_value,n==5; practical designs; retained coefficients,37,37,NA,NA,NA,NA,NA,NA,NA,NA,NA,NA,NA,NA,NA,NA,NA,NA,NA,NA,NA,NA,NA,NA,NA,NA,NA,NA
4,a,raw,results/k9_practical_replicates.csv,d24c65b6f7fc8473eaeb70bc016389b14e71df683f57a6be41dd58fef9437361,E3,5,1,0,1,0.001,0.10000000000000001,high_redundancy,77,fit_complete,True,0.00092354219960000001,5151.6042349999998,0.0071203140759999997,33,0.01329147956,1,1,1,47,E3|5|high_redundancy|0.001|0|1,L_relative_error,0.1159282227,11.592822269999999,percent,100 * raw_value,n==5; practical designs; retained coefficients,77,77,NA,NA,NA,NA,NA,NA,NA,NA,NA,NA,NA,NA,NA,NA,NA,NA,NA,NA,NA,NA,NA,NA,NA,NA,NA,NA
4,a,raw,results/k9_practical_replicates.csv,d24c65b6f7fc8473eaeb70bc016389b14e71df683f57a6be41dd58fef9437361,E3,5,1,0,2,0.001,0.10000000000000001,moderate_redundancy,37,fit_complete,True,0.00068399718079999996,56800.215810000002,0.0044776254199999999,80,0.54262104659999999,0.83333333330000003,1,0.90909090910000001,49,E3|5|moderate_redundancy|0.001|0|2,L_relative_error,0.28841034370000002,28.841034370000003,percent,100 * raw_value,n==5; practical designs; retained coefficients,37,37,NA,NA,NA,NA,NA,NA,NA,NA,NA,NA,NA,NA,NA,NA,NA,NA,NA,NA,NA,NA,NA,NA,NA,NA,NA,NA
4,a,raw,results/k9_practical_replicates.csv,d24c65b6f7fc8473eaeb70bc016389b14e71df683f57a6be41dd58fef9437361,E3,5,1,0,2,0.001,0.10000000000000001,high_redundancy,77,fit_complete,True,0.00090152727729999997,6058.4572459999999,0.0079688098440000004,32,0.1862762935,1,1,1,50,E3|5|high_redundancy|0.001|0|2,L_relative_error,0.037012187379999999,3.7012187379999997,percent,100 * raw_value,n==5; practical designs; retained coefficients,77,77,NA,NA,NA,NA,NA,NA,NA,NA,NA,NA,NA,NA,NA,NA,NA,NA,NA,NA,NA,NA,NA,NA,NA,NA,NA,NA
4,a,raw,results/k9_practical_replicates.csv,d24c65b6f7fc8473eaeb70bc016389b14e71df683f57a6be41dd58fef9437361,E3,5,1,0,3,0.001,0.10000000000000001,moderate_redundancy,37,fit_complete,True,0.00090983781850000002,15032.577929999999,0.0041459840819999998,67,0.34201091379999998,0.83333333330000003,1,0.90909090910000001,52,E3|5|moderate_redundancy|0.001|0|3,L_relative_error,0.4114712693,41.147126929999999,percent,100 * raw_value,n==5; practical designs; retained coefficients,37,37,NA,NA,NA,NA,NA,NA,NA,NA,NA,NA,NA,NA,NA,NA,NA,NA,NA,NA,NA,NA,NA,NA,NA,NA,NA,NA
4,a,raw,results/k9_practical_replicates.csv,d24c65b6f7fc8473eaeb70bc016389b14e71df683f57a6be41dd58fef9437361,E3,5,1,0,3,0.001,0.10000000000000001,high_redundancy,77,fit_complete,True,0.001093148318,6844.5392069999998,0.0088919885599999995,34,0.22584002349999999,1,1,1,53,E3|5|high_redundancy|0.001|0|3,L_relative_error,0.037645220430000001,3.7645220429999999,percent,100 * raw_value,n==5; practical designs; retained coefficients,77,77,NA,NA,NA,NA,NA,NA,NA,NA,NA,NA,NA,NA,NA,NA,NA,NA,NA,NA,NA,NA,NA,NA,NA,NA,NA,NA
4,a,raw,results/k9_practical_replicates.csv,d24c65b6f7fc8473eaeb70bc016389b14e71df683f57a6be41dd58fef9437361,E3,5,1,0,0,0.0030000000000000001,0.29999999999999999,moderate_redundancy,37,fit_complete,True,0.0018312864480000001,4188.2287239999996,0.011293904759999999,52,0.2554373989,0.625,1,0.7692307692,55,E3|5|moderate_redundancy|0.003|0|0,L_relative_error,0.63973100360000001,63.973100360000004,percent,100 * raw_value,n==5; practical designs; retained coefficients,37,37,NA,NA,NA,NA,NA,NA,NA,NA,NA,NA,NA,NA,NA,NA,NA,NA,NA,NA,NA,NA,NA,NA,NA,NA,NA,NA
4,a,raw,results/k9_practical_replicates.csv,d24c65b6f7fc8473eaeb70bc016389b14e71df683f57a6be41dd58fef9437361,E3,5,1,0,0,0.0030000000000000001,0.29999999999999999,high_redundancy,77,fit_complete,True,0.0027131423900000002,17676.62556,0.022319307900000002,40,0.96271913409999998,1,1,1,56,E3|5|high_redundancy|0.003|0|0,L_relative_error,0.12437100149999999,12.437100149999999,percent,100 * raw_value,n==5; practical designs; retained coefficients,77,77,NA,NA,NA,NA,NA,NA,NA,NA,NA,NA,NA,NA,NA,NA,NA,NA,NA,NA,NA,NA,NA,NA,NA,NA,NA,NA
4,a,raw,results/k9_practical_replicates.csv,d24c65b6f7fc8473eaeb70bc016389b14e71df683f57a6be41dd58fef9437361,E3,5,1,0,1,0.0030000000000000001,0.29999999999999999,moderate_redundancy,37,fit_complete,True,0.002508584086,92527.280119999996,0.01500038978,167,3.1751873960000001,0.71428571429999999,1,0.83333333330000003,58,E3|5|moderate_redundancy|0.003|0|1,L_relative_error,0.56566800500000003,56.566800499999999,percent,100 * raw_value,n==5; practical designs; retained coefficients,37,37,NA,NA,NA,NA,NA,NA,NA,NA,NA,NA,NA,NA,NA,NA,NA,NA,NA,NA,NA,NA,NA,NA,NA,NA,NA,NA
4,a,raw,results/k9_practical_replicates.csv,d24c65b6f7fc8473eaeb70bc016389b14e71df683f57a6be41dd58fef9437361,E3,5,1,0,1,0.0030000000000000001,0.29999999999999999,high_redundancy,77,fit_complete,True,0.0031655127520000001,6063.5326180000002,0.02811981107,27,0.37016680839999999,0.83333333330000003,1,0.90909090910000001,59,E3|5|high_redundancy|0.003|0|1,L_relative_error,0.057347921529999998,5.7347921529999999,percent,100 * raw_value,n==5; practical designs; retained coefficients,77,77,NA,NA,NA,NA,NA,NA,NA,NA,NA,NA,NA,NA,NA,NA,NA,NA,NA,NA,NA,NA,NA,NA,NA,NA,NA,NA
4,a,raw,results/k9_practical_replicates.csv,d24c65b6f7fc8473eaeb70bc016389b14e71df683f57a6be41dd58fef9437361,E3,5,1,0,2,0.0030000000000000001,0.29999999999999999,moderate_redundancy,37,fit_complete,True,0.0020033223849999999,22927.40453,0.0140110693,116,0.75855605589999997,0.625,1,0.7692307692,61,E3|5|moderate_redundancy|0.003|0|2,L_relative_error,0.4687105734,46.87105734,percent,100 * raw_value,n==5; practical designs; retained coefficients,37,37,NA,NA,NA,NA,NA,NA,NA,NA,NA,NA,NA,NA,NA,NA,NA,NA,NA,NA,NA,NA,NA,NA,NA,NA,NA,NA
4,a,raw,results/k9_practical_replicates.csv,d24c65b6f7fc8473eaeb70bc016389b14e71df683f57a6be41dd58fef9437361,E3,5,1,0,2,0.0030000000000000001,0.29999999999999999,high_redundancy,77,fit_complete,True,0.0025224947450000002,27693.772690000002,0.022355981970000001,43,0.63462118700000003,1,1,1,62,E3|5|high_redundancy|0.003|0|2,L_relative_error,0.15339746679999999,15.339746679999999,percent,100 * raw_value,n==5; practical designs; retained coefficients,77,77,NA,NA,NA,NA,NA,NA,NA,NA,NA,NA,NA,NA,NA,NA,NA,NA,NA,NA,NA,NA,NA,NA,NA,NA,NA,NA
4,a,raw,results/k9_practical_replicates.csv,d24c65b6f7fc8473eaeb70bc016389b14e71df683f57a6be41dd58fef9437361,E3,5,1,0,3,0.0030000000000000001,0.29999999999999999,moderate_redundancy,37,fit_complete,True,0.0013643551979999999,8155.714172,0.0081769131800000002,106,0.88458759840000001,0.625,1,0.7692307692,64,E3|5|moderate_redundancy|0.003|0|3,L_relative_error,0.78911833170000001,78.911833169999994,percent,100 * raw_value,n==5; practical designs; retained coefficients,37,37,NA,NA,NA,NA,NA,NA,NA,NA,NA,NA,NA,NA,NA,NA,NA,NA,NA,NA,NA,NA,NA,NA,NA,NA,NA,NA
4,a,raw,results/k9_practical_replicates.csv,d24c65b6f7fc8473eaeb70bc016389b14e71df683f57a6be41dd58fef9437361,E3,5,1,0,3,0.0030000000000000001,0.29999999999999999,high_redundancy,77,fit_complete,True,0.0026433661259999998,28743.881730000001,0.022789561810000001,38,0.57117331680000005,0.83333333330000003,1,0.90909090910000001,65,E3|5|high_redundancy|0.003|0|3,L_relative_error,0.1100205808,11.002058080000001,percent,100 * raw_value,n==5; practical designs; retained coefficients,77,77,NA,NA,NA,NA,NA,NA,NA,NA,NA,NA,NA,NA,NA,NA,NA,NA,NA,NA,NA,NA,NA,NA,NA,NA,NA,NA
4,a,raw,results/k9_practical_replicates.csv,d24c65b6f7fc8473eaeb70bc016389b14e71df683f57a6be41dd58fef9437361,E3,5,1,1,0,0,0,moderate_redundancy,37,fit_complete,True,1.732662145e-06,42520.572840000001,1.4108571040000001e-05,179,0.0035141426240000002,1,1,1,67,E3|5|moderate_redundancy|0.0|1|0,L_relative_error,0.0053422661340000004,0.53422661339999999,percent,100 * raw_value,n==5; practical designs; retained coefficients,37,37,NA,NA,NA,NA,NA,NA,NA,NA,NA,NA,NA,NA,NA,NA,NA,NA,NA,NA,NA,NA,NA,NA,NA,NA,NA,NA
4,a,raw,results/k9_practical_replicates.csv,d24c65b6f7fc8473eaeb70bc016389b14e71df683f57a6be41dd58fef9437361,E3,5,1,1,0,0,0,high_redundancy,77,fit_complete,True,5.0236412170000002e-08,7240.0231350000004,4.4624434980000002e-07,34,4.8761921170000001e-06,1,1,1,68,E3|5|high_redundancy|0.0|1|0,L_relative_error,2.2026456140000001e-05,0.0022026456140000002,percent,100 * raw_value,n==5; practical designs; retained coefficients,77,77,NA,NA,NA,NA,NA,NA,NA,NA,NA,NA,NA,NA,NA,NA,NA,NA,NA,NA,NA,NA,NA,NA,NA,NA,NA,NA
4,a,raw,results/k9_practical_replicates.csv,d24c65b6f7fc8473eaeb70bc016389b14e71df683f57a6be41dd58fef9437361,E3,5,1,1,1,0,0,moderate_redundancy,37,fit_complete,True,1.732662145e-06,42520.572840000001,1.4108571040000001e-05,179,0.0035141426240000002,1,1,1,70,E3|5|moderate_redundancy|0.0|1|1,L_relative_error,0.0053422661340000004,0.53422661339999999,percent,100 * raw_value,n==5; practical designs; retained coefficients,37,37,NA,NA,NA,NA,NA,NA,NA,NA,NA,NA,NA,NA,NA,NA,NA,NA,NA,NA,NA,NA,NA,NA,NA,NA,NA,NA
4,a,raw,results/k9_practical_replicates.csv,d24c65b6f7fc8473eaeb70bc016389b14e71df683f57a6be41dd58fef9437361,E3,5,1,1,1,0,0,high_redundancy,77,fit_complete,True,5.0236412170000002e-08,7240.0231350000004,4.4624434980000002e-07,34,4.8761921170000001e-06,1,1,1,71,E3|5|high_redundancy|0.0|1|1,L_relative_error,2.2026456140000001e-05,0.0022026456140000002,percent,100 * raw_value,n==5; practical designs; retained coefficients,77,77,NA,NA,NA,NA,NA,NA,NA,NA,NA,NA,NA,NA,NA,NA,NA,NA,NA,NA,NA,NA,NA,NA,NA,NA,NA,NA
4,a,raw,results/k9_practical_replicates.csv,d24c65b6f7fc8473eaeb70bc016389b14e71df683f57a6be41dd58fef9437361,E3,5,1,1,2,0,0,moderate_redundancy,37,fit_complete,True,1.732662145e-06,42520.572840000001,1.4108571040000001e-05,179,0.0035141426240000002,1,1,1,73,E3|5|moderate_redundancy|0.0|1|2,L_relative_error,0.0053422661340000004,0.53422661339999999,percent,100 * raw_value,n==5; practical designs; retained coefficients,37,37,NA,NA,NA,NA,NA,NA,NA,NA,NA,NA,NA,NA,NA,NA,NA,NA,NA,NA,NA,NA,NA,NA,NA,NA,NA,NA
4,a,raw,results/k9_practical_replicates.csv,d24c65b6f7fc8473eaeb70bc016389b14e71df683f57a6be41dd58fef9437361,E3,5,1,1,2,0,0,high_redundancy,77,fit_complete,True,5.0236412170000002e-08,7240.0231350000004,4.4624434980000002e-07,34,4.8761921170000001e-06,1,1,1,74,E3|5|high_redundancy|0.0|1|2,L_relative_error,2.2026456140000001e-05,0.0022026456140000002,percent,100 * raw_value,n==5; practical designs; retained coefficients,77,77,NA,NA,NA,NA,NA,NA,NA,NA,NA,NA,NA,NA,NA,NA,NA,NA,NA,NA,NA,NA,NA,NA,NA,NA,NA,NA
4,a,raw,results/k9_practical_replicates.csv,d24c65b6f7fc8473eaeb70bc016389b14e71df683f57a6be41dd58fef9437361,E3,5,1,1,3,0,0,moderate_redundancy,37,fit_complete,True,1.732662145e-06,42520.572840000001,1.4108571040000001e-05,179,0.0035141426240000002,1,1,1,76,E3|5|moderate_redundancy|0.0|1|3,L_relative_error,0.0053422661340000004,0.53422661339999999,percent,100 * raw_value,n==5; practical designs; retained coefficients,37,37,NA,NA,NA,NA,NA,NA,NA,NA,NA,NA,NA,NA,NA,NA,NA,NA,NA,NA,NA,NA,NA,NA,NA,NA,NA,NA
4,a,raw,results/k9_practical_replicates.csv,d24c65b6f7fc8473eaeb70bc016389b14e71df683f57a6be41dd58fef9437361,E3,5,1,1,3,0,0,high_redundancy,77,fit_complete,True,5.0236412170000002e-08,7240.0231350000004,4.4624434980000002e-07,34,4.8761921170000001e-06,1,1,1,77,E3|5|high_redundancy|0.0|1|3,L_relative_error,2.2026456140000001e-05,0.0022026456140000002,percent,100 * raw_value,n==5; practical designs; retained coefficients,77,77,NA,NA,NA,NA,NA,NA,NA,NA,NA,NA,NA,NA,NA,NA,NA,NA,NA,NA,NA,NA,NA,NA,NA,NA,NA,NA
4,a,raw,results/k9_practical_replicates.csv,d24c65b6f7fc8473eaeb70bc016389b14e71df683f57a6be41dd58fef9437361,E3,5,1,1,0,0.0001,0.01,moderate_redundancy,37,fit_complete,True,8.4245371829999994e-05,35561.290910000003,0.00052217199279999996,178,0.050682893399999998,1,1,1,79,E3|5|moderate_redundancy|0.0001|1|0,L_relative_error,0.079836301779999994,7.9836301779999994,percent,100 * raw_value,n==5; practical designs; retained coefficients,37,37,NA,NA,NA,NA,NA,NA,NA,NA,NA,NA,NA,NA,NA,NA,NA,NA,NA,NA,NA,NA,NA,NA,NA,NA,NA,NA
4,a,raw,results/k9_practical_replicates.csv,d24c65b6f7fc8473eaeb70bc016389b14e71df683f57a6be41dd58fef9437361,E3,5,1,1,0,0.0001,0.01,high_redundancy,77,fit_complete,True,7.4980627269999998e-05,7109.0468879999999,0.00063840991199999998,35,0.02265325944,1,1,1,80,E3|5|high_redundancy|0.0001|1|0,L_relative_error,0.01128346549,1.128346549,percent,100 * raw_value,n==5; practical designs; retained coefficients,77,77,NA,NA,NA,NA,NA,NA,NA,NA,NA,NA,NA,NA,NA,NA,NA,NA,NA,NA,NA,NA,NA,NA,NA,NA,NA,NA
4,a,raw,results/k9_practical_replicates.csv,d24c65b6f7fc8473eaeb70bc016389b14e71df683f57a6be41dd58fef9437361,E3,5,1,1,1,0.0001,0.01,moderate_redundancy,37,fit_complete,True,9.116643218e-05,48358.73014,0.00044925881770000001,209,0.041929713809999998,1,1,1,82,E3|5|moderate_redundancy|0.0001|1|1,L_relative_error,0.070628756469999998,7.0628756470000003,percent,100 * raw_value,n==5; practical designs; retained coefficients,37,37,NA,NA,NA,NA,NA,NA,NA,NA,NA,NA,NA,NA,NA,NA,NA,NA,NA,NA,NA,NA,NA,NA,NA,NA,NA,NA
4,a,raw,results/k9_practical_replicates.csv,d24c65b6f7fc8473eaeb70bc016389b14e71df683f57a6be41dd58fef9437361,E3,5,1,1,1,0.0001,0.01,high_redundancy,77,fit_complete,True,9.5552803579999996e-05,7040.3712589999996,0.00080054254930000002,35,0.01000612203,1,1,1,83,E3|5|high_redundancy|0.0001|1|1,L_relative_error,0.01359876877,1.359876877,percent,100 * raw_value,n==5; practical designs; retained coefficients,77,77,NA,NA,NA,NA,NA,NA,NA,NA,NA,NA,NA,NA,NA,NA,NA,NA,NA,NA,NA,NA,NA,NA,NA,NA,NA,NA
4,a,raw,results/k9_practical_replicates.csv,d24c65b6f7fc8473eaeb70bc016389b14e71df683f57a6be41dd58fef9437361,E3,5,1,1,2,0.0001,0.01,moderate_redundancy,37,fit_complete,True,5.8129288660000002e-05,45816.959819999996,0.000328633881,198,0.022717124839999998,1,1,1,85,E3|5|moderate_redundancy|0.0001|1|2,L_relative_error,0.0414567037,4.1456703700000004,percent,100 * raw_value,n==5; practical designs; retained coefficients,37,37,NA,NA,NA,NA,NA,NA,NA,NA,NA,NA,NA,NA,NA,NA,NA,NA,NA,NA,NA,NA,NA,NA,NA,NA,NA,NA
4,a,raw,results/k9_practical_replicates.csv,d24c65b6f7fc8473eaeb70bc016389b14e71df683f57a6be41dd58fef9437361,E3,5,1,1,2,0.0001,0.01,high_redundancy,77,fit_complete,True,8.6684111840000001e-05,7232.8956550000003,0.00072355053640000004,28,0.024477645320000001,1,1,1,86,E3|5|high_redundancy|0.0001|1|2,L_relative_error,0.001616713843,0.1616713843,percent,100 * raw_value,n==5; practical designs; retained coefficients,77,77,NA,NA,NA,NA,NA,NA,NA,NA,NA,NA,NA,NA,NA,NA,NA,NA,NA,NA,NA,NA,NA,NA,NA,NA,NA,NA
4,a,raw,results/k9_practical_replicates.csv,d24c65b6f7fc8473eaeb70bc016389b14e71df683f57a6be41dd58fef9437361,E3,5,1,1,3,0.0001,0.01,moderate_redundancy,37,fit_complete,True,8.8331906489999998e-05,43448.183120000002,0.00048420037369999999,159,0.041578133480000001,1,1,1,88,E3|5|moderate_redundancy|0.0001|1|3,L_relative_error,0.032777690720000002,3.2777690720000003,percent,100 * raw_value,n==5; practical designs; retained coefficients,37,37,NA,NA,NA,NA,NA,NA,NA,NA,NA,NA,NA,NA,NA,NA,NA,NA,NA,NA,NA,NA,NA,NA,NA,NA,NA,NA
4,a,raw,results/k9_practical_replicates.csv,d24c65b6f7fc8473eaeb70bc016389b14e71df683f57a6be41dd58fef9437361,E3,5,1,1,3,0.0001,0.01,high_redundancy,77,fit_complete,True,0.0001017829669,7234.8794719999996,0.00086931677569999997,29,0.019294770369999999,1,1,1,89,E3|5|high_redundancy|0.0001|1|3,L_relative_error,0.0023182543070000001,0.2318254307,percent,100 * raw_value,n==5; practical designs; retained coefficients,77,77,NA,NA,NA,NA,NA,NA,NA,NA,NA,NA,NA,NA,NA,NA,NA,NA,NA,NA,NA,NA,NA,NA,NA,NA,NA,NA
4,a,raw,results/k9_practical_replicates.csv,d24c65b6f7fc8473eaeb70bc016389b14e71df683f57a6be41dd58fef9437361,E3,5,1,1,0,0.00029999999999999997,0.029999999999999999,moderate_redundancy,37,fit_complete,True,0.0002081108079,24314.461329999998,0.0013828798409999999,165,0.04255897602,0.83333333330000003,1,0.90909090910000001,91,E3|5|moderate_redundancy|0.0003|1|0,L_relative_error,0.23807027920000001,23.807027920000003,percent,100 * raw_value,n==5; practical designs; retained coefficients,37,37,NA,NA,NA,NA,NA,NA,NA,NA,NA,NA,NA,NA,NA,NA,NA,NA,NA,NA,NA,NA,NA,NA,NA,NA,NA,NA
4,a,raw,results/k9_practical_replicates.csv,d24c65b6f7fc8473eaeb70bc016389b14e71df683f57a6be41dd58fef9437361,E3,5,1,1,0,0.00029999999999999997,0.029999999999999999,high_redundancy,77,fit_complete,True,0.00029681859979999999,7380.758006,0.0026291109520000001,29,0.034885044830000003,1,1,1,92,E3|5|high_redundancy|0.0003|1|0,L_relative_error,0.01503240401,1.503240401,percent,100 * raw_value,n==5; practical designs; retained coefficients,77,77,NA,NA,NA,NA,NA,NA,NA,NA,NA,NA,NA,NA,NA,NA,NA,NA,NA,NA,NA,NA,NA,NA,NA,NA,NA,NA
4,a,raw,results/k9_practical_replicates.csv,d24c65b6f7fc8473eaeb70bc016389b14e71df683f57a6be41dd58fef9437361,E3,5,1,1,1,0.00029999999999999997,0.029999999999999999,moderate_redundancy,37,fit_complete,True,0.00023778432049999999,90830.790630000003,0.001509607942,136,0.57725239149999996,0.83333333330000003,1,0.90909090910000001,94,E3|5|moderate_redundancy|0.0003|1|1,L_relative_error,0.080829407749999999,8.0829407749999991,percent,100 * raw_value,n==5; practical designs; retained coefficients,37,37,NA,NA,NA,NA,NA,NA,NA,NA,NA,NA,NA,NA,NA,NA,NA,NA,NA,NA,NA,NA,NA,NA,NA,NA,NA,NA
4,a,raw,results/k9_practical_replicates.csv,d24c65b6f7fc8473eaeb70bc016389b14e71df683f57a6be41dd58fef9437361,E3,5,1,1,1,0.00029999999999999997,0.029999999999999999,high_redundancy,77,fit_complete,True,0.00030012551460000003,6782.6024589999997,0.002671675231,28,0.056924559159999999,1,1,1,95,E3|5|high_redundancy|0.0003|1|1,L_relative_error,0.037385607539999997,3.7385607539999999,percent,100 * raw_value,n==5; practical designs; retained coefficients,77,77,NA,NA,NA,NA,NA,NA,NA,NA,NA,NA,NA,NA,NA,NA,NA,NA,NA,NA,NA,NA,NA,NA,NA,NA,NA,NA
4,a,raw,results/k9_practical_replicates.csv,d24c65b6f7fc8473eaeb70bc016389b14e71df683f57a6be41dd58fef9437361,E3,5,1,1,2,0.00029999999999999997,0.029999999999999999,moderate_redundancy,37,fit_complete,True,0.0002258726487,19503.966659999998,0.0015534437399999999,153,0.4528221248,0.83333333330000003,1,0.90909090910000001,97,E3|5|moderate_redundancy|0.0003|1|2,L_relative_error,0.31862070809999998,31.862070809999999,percent,100 * raw_value,n==5; practical designs; retained coefficients,37,37,NA,NA,NA,NA,NA,NA,NA,NA,NA,NA,NA,NA,NA,NA,NA,NA,NA,NA,NA,NA,NA,NA,NA,NA,NA,NA
4,a,raw,results/k9_practical_replicates.csv,d24c65b6f7fc8473eaeb70bc016389b14e71df683f57a6be41dd58fef9437361,E3,5,1,1,2,0.00029999999999999997,0.029999999999999999,high_redundancy,77,fit_complete,True,0.0002692519231,7146.7802510000001,0.0023925660670000002,23,0.031382977770000001,1,1,1,98,E3|5|high_redundancy|0.0003|1|2,L_relative_error,0.024293770060000001,2.4293770060000002,percent,100 * raw_value,n==5; practical designs; retained coefficients,77,77,NA,NA,NA,NA,NA,NA,NA,NA,NA,NA,NA,NA,NA,NA,NA,NA,NA,NA,NA,NA,NA,NA,NA,NA,NA,NA
4,a,raw,results/k9_practical_replicates.csv,d24c65b6f7fc8473eaeb70bc016389b14e71df683f57a6be41dd58fef9437361,E3,5,1,1,3,0.00029999999999999997,0.029999999999999999,moderate_redundancy,37,fit_complete,True,0.00019881321720000001,47576.152589999998,0.001084909005,200,0.395905585,1,1,1,100,E3|5|moderate_redundancy|0.0003|1|3,L_relative_error,0.064815274950000001,6.4815274949999999,percent,100 * raw_value,n==5; practical designs; retained coefficients,37,37,NA,NA,NA,NA,NA,NA,NA,NA,NA,NA,NA,NA,NA,NA,NA,NA,NA,NA,NA,NA,NA,NA,NA,NA,NA,NA
4,a,raw,results/k9_practical_replicates.csv,d24c65b6f7fc8473eaeb70bc016389b14e71df683f57a6be41dd58fef9437361,E3,5,1,1,3,0.00029999999999999997,0.029999999999999999,high_redundancy,77,fit_complete,True,0.00025313208449999998,7277.7764809999999,0.0021989133239999998,34,0.029172655910000001,1,1,1,101,E3|5|high_redundancy|0.0003|1|3,L_relative_error,0.0074739361779999998,0.74739361780000002,percent,100 * raw_value,n==5; practical designs; retained coefficients,77,77,NA,NA,NA,NA,NA,NA,NA,NA,NA,NA,NA,NA,NA,NA,NA,NA,NA,NA,NA,NA,NA,NA,NA,NA,NA,NA
4,a,raw,results/k9_practical_replicates.csv,d24c65b6f7fc8473eaeb70bc016389b14e71df683f57a6be41dd58fef9437361,E3,5,1,1,0,0.001,0.10000000000000001,moderate_redundancy,37,fit_complete,True,0.00087457353400000005,65847.650659999999,0.0051209403809999998,110,0.79015801620000004,0.83333333330000003,1,0.90909090910000001,103,E3|5|moderate_redundancy|0.001|1|0,L_relative_error,0.33002563779999999,33.002563780000003,percent,100 * raw_value,n==5; practical designs; retained coefficients,37,37,NA,NA,NA,NA,NA,NA,NA,NA,NA,NA,NA,NA,NA,NA,NA,NA,NA,NA,NA,NA,NA,NA,NA,NA,NA,NA
4,a,raw,results/k9_practical_replicates.csv,d24c65b6f7fc8473eaeb70bc016389b14e71df683f57a6be41dd58fef9437361,E3,5,1,1,0,0.001,0.10000000000000001,high_redundancy,77,fit_complete,True,0.00075900263000000003,6895.6284939999996,0.0069645835480000003,25,0.26976934079999998,1,1,1,104,E3|5|high_redundancy|0.001|1|0,L_relative_error,0.049932057740000001,4.9932057739999998,percent,100 * raw_value,n==5; practical designs; retained coefficients,77,77,NA,NA,NA,NA,NA,NA,NA,NA,NA,NA,NA,NA,NA,NA,NA,NA,NA,NA,NA,NA,NA,NA,NA,NA,NA,NA
4,a,raw,results/k9_practical_replicates.csv,d24c65b6f7fc8473eaeb70bc016389b14e71df683f57a6be41dd58fef9437361,E3,5,1,1,1,0.001,0.10000000000000001,moderate_redundancy,37,fit_complete,True,0.00070127750199999999,34559.741650000004,0.0045804588650000004,101,0.78048032649999999,0.66666666669999997,0.80000000000000004,0.72727272730000003,106,E3|5|moderate_redundancy|0.001|1|1,L_relative_error,0.4824341345,48.243413449999998,percent,100 * raw_value,n==5; practical designs; retained coefficients,37,37,NA,NA,NA,NA,NA,NA,NA,NA,NA,NA,NA,NA,NA,NA,NA,NA,NA,NA,NA,NA,NA,NA,NA,NA,NA,NA
4,a,raw,results/k9_practical_replicates.csv,d24c65b6f7fc8473eaeb70bc016389b14e71df683f57a6be41dd58fef9437361,E3,5,1,1,1,0.001,0.10000000000000001,high_redundancy,77,fit_complete,True,0.0010026908079999999,7148.1246950000004,0.0091088672600000004,29,0.21894140049999999,1,1,1,107,E3|5|high_redundancy|0.001|1|1,L_relative_error,0.019700754210000001,1.970075421,percent,100 * raw_value,n==5; practical designs; retained coefficients,77,77,NA,NA,NA,NA,NA,NA,NA,NA,NA,NA,NA,NA,NA,NA,NA,NA,NA,NA,NA,NA,NA,NA,NA,NA,NA,NA
4,a,raw,results/k9_practical_replicates.csv,d24c65b6f7fc8473eaeb70bc016389b14e71df683f57a6be41dd58fef9437361,E3,5,1,1,2,0.001,0.10000000000000001,moderate_redundancy,37,fit_complete,True,0.00090417414850000005,67064.116299999994,0.0051876600089999997,145,0.84771150019999997,0.83333333330000003,1,0.90909090910000001,109,E3|5|moderate_redundancy|0.001|1|2,L_relative_error,0.38621845360000001,38.621845360000002,percent,100 * raw_value,n==5; practical designs; retained coefficients,37,37,NA,NA,NA,NA,NA,NA,NA,NA,NA,NA,NA,NA,NA,NA,NA,NA,NA,NA,NA,NA,NA,NA,NA,NA,NA,NA
4,a,raw,results/k9_practical_replicates.csv,d24c65b6f7fc8473eaeb70bc016389b14e71df683f57a6be41dd58fef9437361,E3,5,1,1,2,0.001,0.10000000000000001,high_redundancy,77,fit_complete,True,0.001057380129,6167.9031519999999,0.0092446813660000005,27,0.1423820056,1,1,1,110,E3|5|high_redundancy|0.001|1|2,L_relative_error,0.068078001969999996,6.8078001969999997,percent,100 * raw_value,n==5; practical designs; retained coefficients,77,77,NA,NA,NA,NA,NA,NA,NA,NA,NA,NA,NA,NA,NA,NA,NA,NA,NA,NA,NA,NA,NA,NA,NA,NA,NA,NA
4,a,raw,results/k9_practical_replicates.csv,d24c65b6f7fc8473eaeb70bc016389b14e71df683f57a6be41dd58fef9437361,E3,5,1,1,3,0.001,0.10000000000000001,moderate_redundancy,37,fit_complete,True,0.00084408756450000001,80750.070540000001,0.0049798409530000002,112,0.75984670659999998,0.66666666669999997,0.80000000000000004,0.72727272730000003,112,E3|5|moderate_redundancy|0.001|1|3,L_relative_error,0.22721804200000001,22.721804200000001,percent,100 * raw_value,n==5; practical designs; retained coefficients,37,37,NA,NA,NA,NA,NA,NA,NA,NA,NA,NA,NA,NA,NA,NA,NA,NA,NA,NA,NA,NA,NA,NA,NA,NA,NA,NA
4,a,raw,results/k9_practical_replicates.csv,d24c65b6f7fc8473eaeb70bc016389b14e71df683f57a6be41dd58fef9437361,E3,5,1,1,3,0.001,0.10000000000000001,high_redundancy,77,fit_complete,True,0.0010376538649999999,7326.3182139999999,0.0090871882210000008,34,0.1885012865,1,1,1,113,E3|5|high_redundancy|0.001|1|3,L_relative_error,0.01488034572,1.4880345720000001,percent,100 * raw_value,n==5; practical designs; retained coefficients,77,77,NA,NA,NA,NA,NA,NA,NA,NA,NA,NA,NA,NA,NA,NA,NA,NA,NA,NA,NA,NA,NA,NA,NA,NA,NA,NA
4,a,raw,results/k9_practical_replicates.csv,d24c65b6f7fc8473eaeb70bc016389b14e71df683f57a6be41dd58fef9437361,E3,5,1,1,0,0.0030000000000000001,0.29999999999999999,moderate_redundancy,37,fit_complete,True,0.001763539251,167949.37040000001,0.01108486168,150,1.115169447,1,0.80000000000000004,0.88888888889999995,115,E3|5|moderate_redundancy|0.003|1|0,L_relative_error,0.26740654679999998,26.740654679999999,percent,100 * raw_value,n==5; practical designs; retained coefficients,37,37,NA,NA,NA,NA,NA,NA,NA,NA,NA,NA,NA,NA,NA,NA,NA,NA,NA,NA,NA,NA,NA,NA,NA,NA,NA,NA
4,a,raw,results/k9_practical_replicates.csv,d24c65b6f7fc8473eaeb70bc016389b14e71df683f57a6be41dd58fef9437361,E3,5,1,1,0,0.0030000000000000001,0.29999999999999999,high_redundancy,77,fit_complete,True,0.002343984834,7835.7278640000004,0.02080206897,32,0.58956394329999995,1,1,1,116,E3|5|high_redundancy|0.003|1|0,L_relative_error,0.036201765900000002,3.6201765900000002,percent,100 * raw_value,n==5; practical designs; retained coefficients,77,77,NA,NA,NA,NA,NA,NA,NA,NA,NA,NA,NA,NA,NA,NA,NA,NA,NA,NA,NA,NA,NA,NA,NA,NA,NA,NA
4,a,raw,results/k9_practical_replicates.csv,d24c65b6f7fc8473eaeb70bc016389b14e71df683f57a6be41dd58fef9437361,E3,5,1,1,1,0.0030000000000000001,0.29999999999999999,moderate_redundancy,37,fit_complete,True,0.001751131534,109227.7542,0.01053018078,184,0.70981234979999996,1,1,1,118,E3|5|moderate_redundancy|0.003|1|1,L_relative_error,0.19600476519999999,19.600476519999997,percent,100 * raw_value,n==5; practical designs; retained coefficients,37,37,NA,NA,NA,NA,NA,NA,NA,NA,NA,NA,NA,NA,NA,NA,NA,NA,NA,NA,NA,NA,NA,NA,NA,NA,NA,NA
4,a,raw,results/k9_practical_replicates.csv,d24c65b6f7fc8473eaeb70bc016389b14e71df683f57a6be41dd58fef9437361,E3,5,1,1,1,0.0030000000000000001,0.29999999999999999,high_redundancy,77,fit_complete,True,0.0025266145739999998,24205.040130000001,0.021210850739999999,33,0.76682116509999998,1,1,1,119,E3|5|high_redundancy|0.003|1|1,L_relative_error,0.031273090420000003,3.1273090420000003,percent,100 * raw_value,n==5; practical designs; retained coefficients,77,77,NA,NA,NA,NA,NA,NA,NA,NA,NA,NA,NA,NA,NA,NA,NA,NA,NA,NA,NA,NA,NA,NA,NA,NA,NA,NA
4,a,raw,results/k9_practical_replicates.csv,d24c65b6f7fc8473eaeb70bc016389b14e71df683f57a6be41dd58fef9437361,E3,5,1,1,2,0.0030000000000000001,0.29999999999999999,moderate_redundancy,37,fit_complete,True,0.0023808974900000001,9263.2350310000002,0.013677560720000001,94,0.44716533780000001,0.71428571429999999,1,0.83333333330000003,121,E3|5|moderate_redundancy|0.003|1|2,L_relative_error,0.61408659850000002,61.408659849999999,percent,100 * raw_value,n==5; practical designs; retained coefficients,37,37,NA,NA,NA,NA,NA,NA,NA,NA,NA,NA,NA,NA,NA,NA,NA,NA,NA,NA,NA,NA,NA,NA,NA,NA,NA,NA
4,a,raw,results/k9_practical_replicates.csv,d24c65b6f7fc8473eaeb70bc016389b14e71df683f57a6be41dd58fef9437361,E3,5,1,1,2,0.0030000000000000001,0.29999999999999999,high_redundancy,77,fit_complete,True,0.0020676762459999999,41357.601159999998,0.020028945199999999,39,0.70897891749999997,0.80000000000000004,0.80000000000000004,0.80000000000000004,122,E3|5|high_redundancy|0.003|1|2,L_relative_error,0.26408781840000001,26.40878184,percent,100 * raw_value,n==5; practical designs; retained coefficients,77,77,NA,NA,NA,NA,NA,NA,NA,NA,NA,NA,NA,NA,NA,NA,NA,NA,NA,NA,NA,NA,NA,NA,NA,NA,NA,NA
4,a,raw,results/k9_practical_replicates.csv,d24c65b6f7fc8473eaeb70bc016389b14e71df683f57a6be41dd58fef9437361,E3,5,1,1,3,0.0030000000000000001,0.29999999999999999,moderate_redundancy,37,fit_complete,True,0.0026553544980000001,47078.251819999998,0.015626194369999999,156,2.3712105829999999,0.83333333330000003,1,0.90909090910000001,124,E3|5|moderate_redundancy|0.003|1|3,L_relative_error,0.39058007680000001,39.058007680000003,percent,100 * raw_value,n==5; practical designs; retained coefficients,37,37,NA,NA,NA,NA,NA,NA,NA,NA,NA,NA,NA,NA,NA,NA,NA,NA,NA,NA,NA,NA,NA,NA,NA,NA,NA,NA
4,a,raw,results/k9_practical_replicates.csv,d24c65b6f7fc8473eaeb70bc016389b14e71df683f57a6be41dd58fef9437361,E3,5,1,1,3,0.0030000000000000001,0.29999999999999999,high_redundancy,77,fit_complete,True,0.0029434580380000002,6699.5602550000003,0.027300148199999999,28,0.23658424619999999,0.83333333330000003,1,0.90909090910000001,125,E3|5|high_redundancy|0.003|1|3,L_relative_error,0.04118977242,4.1189772419999997,percent,100 * raw_value,n==5; practical designs; retained coefficients,77,77,NA,NA,NA,NA,NA,NA,NA,NA,NA,NA,NA,NA,NA,NA,NA,NA,NA,NA,NA,NA,NA,NA,NA,NA,NA,NA
4,a,raw,results/k9_practical_replicates.csv,d24c65b6f7fc8473eaeb70bc016389b14e71df683f57a6be41dd58fef9437361,E4,5,0,0,0,0,0,moderate_redundancy,37,fit_complete,True,1.2726620579999999e-06,17458.349900000001,1.0181172930000001e-05,73,0.001681271977,1,1,1,139,E4|5|moderate_redundancy|0.0|0|0,L_relative_error,0.0026921673819999999,0.26921673819999997,percent,100 * raw_value,n==5; practical designs; retained coefficients,37,37,NA,NA,NA,NA,NA,NA,NA,NA,NA,NA,NA,NA,NA,NA,NA,NA,NA,NA,NA,NA,NA,NA,NA,NA,NA,NA
4,a,raw,results/k9_practical_replicates.csv,d24c65b6f7fc8473eaeb70bc016389b14e71df683f57a6be41dd58fef9437361,E4,5,0,0,0,0,0,high_redundancy,77,fit_complete,True,3.1939940320000002e-08,3575.416131,2.8602007379999998e-07,33,3.865086813e-06,1,1,1,140,E4|5|high_redundancy|0.0|0|0,L_relative_error,1.13683962e-05,0.0011368396200000001,percent,100 * raw_value,n==5; practical designs; retained coefficients,77,77,NA,NA,NA,NA,NA,NA,NA,NA,NA,NA,NA,NA,NA,NA,NA,NA,NA,NA,NA,NA,NA,NA,NA,NA,NA,NA
4,a,raw,results/k9_practical_replicates.csv,d24c65b6f7fc8473eaeb70bc016389b14e71df683f57a6be41dd58fef9437361,E4,5,0,0,1,0,0,moderate_redundancy,37,fit_complete,True,1.2726620579999999e-06,17458.349900000001,1.0181172930000001e-05,73,0.001681271977,1,1,1,142,E4|5|moderate_redundancy|0.0|0|1,L_relative_error,0.0026921673819999999,0.26921673819999997,percent,100 * raw_value,n==5; practical designs; retained coefficients,37,37,NA,NA,NA,NA,NA,NA,NA,NA,NA,NA,NA,NA,NA,NA,NA,NA,NA,NA,NA,NA,NA,NA,NA,NA,NA,NA
4,a,raw,results/k9_practical_replicates.csv,d24c65b6f7fc8473eaeb70bc016389b14e71df683f57a6be41dd58fef9437361,E4,5,0,0,1,0,0,high_redundancy,77,fit_complete,True,3.1939940320000002e-08,3575.416131,2.8602007379999998e-07,33,3.865086813e-06,1,1,1,143,E4|5|high_redundancy|0.0|0|1,L_relative_error,1.13683962e-05,0.0011368396200000001,percent,100 * raw_value,n==5; practical designs; retained coefficients,77,77,NA,NA,NA,NA,NA,NA,NA,NA,NA,NA,NA,NA,NA,NA,NA,NA,NA,NA,NA,NA,NA,NA,NA,NA,NA,NA
4,a,raw,results/k9_practical_replicates.csv,d24c65b6f7fc8473eaeb70bc016389b14e71df683f57a6be41dd58fef9437361,E4,5,0,0,2,0,0,moderate_redundancy,37,fit_complete,True,1.2726620579999999e-06,17458.349900000001,1.0181172930000001e-05,73,0.001681271977,1,1,1,145,E4|5|moderate_redundancy|0.0|0|2,L_relative_error,0.0026921673819999999,0.26921673819999997,percent,100 * raw_value,n==5; practical designs; retained coefficients,37,37,NA,NA,NA,NA,NA,NA,NA,NA,NA,NA,NA,NA,NA,NA,NA,NA,NA,NA,NA,NA,NA,NA,NA,NA,NA,NA
4,a,raw,results/k9_practical_replicates.csv,d24c65b6f7fc8473eaeb70bc016389b14e71df683f57a6be41dd58fef9437361,E4,5,0,0,2,0,0,high_redundancy,77,fit_complete,True,3.1939940320000002e-08,3575.416131,2.8602007379999998e-07,33,3.865086813e-06,1,1,1,146,E4|5|high_redundancy|0.0|0|2,L_relative_error,1.13683962e-05,0.0011368396200000001,percent,100 * raw_value,n==5; practical designs; retained coefficients,77,77,NA,NA,NA,NA,NA,NA,NA,NA,NA,NA,NA,NA,NA,NA,NA,NA,NA,NA,NA,NA,NA,NA,NA,NA,NA,NA
4,a,raw,results/k9_practical_replicates.csv,d24c65b6f7fc8473eaeb70bc016389b14e71df683f57a6be41dd58fef9437361,E4,5,0,0,3,0,0,moderate_redundancy,37,fit_complete,True,1.2726620579999999e-06,17458.349900000001,1.0181172930000001e-05,73,0.001681271977,1,1,1,148,E4|5|moderate_redundancy|0.0|0|3,L_relative_error,0.0026921673819999999,0.26921673819999997,percent,100 * raw_value,n==5; practical designs; retained coefficients,37,37,NA,NA,NA,NA,NA,NA,NA,NA,NA,NA,NA,NA,NA,NA,NA,NA,NA,NA,NA,NA,NA,NA,NA,NA,NA,NA
4,a,raw,results/k9_practical_replicates.csv,d24c65b6f7fc8473eaeb70bc016389b14e71df683f57a6be41dd58fef9437361,E4,5,0,0,3,0,0,high_redundancy,77,fit_complete,True,3.1939940320000002e-08,3575.416131,2.8602007379999998e-07,33,3.865086813e-06,1,1,1,149,E4|5|high_redundancy|0.0|0|3,L_relative_error,1.13683962e-05,0.0011368396200000001,percent,100 * raw_value,n==5; practical designs; retained coefficients,77,77,NA,NA,NA,NA,NA,NA,NA,NA,NA,NA,NA,NA,NA,NA,NA,NA,NA,NA,NA,NA,NA,NA,NA,NA,NA,NA
4,a,raw,results/k9_practical_replicates.csv,d24c65b6f7fc8473eaeb70bc016389b14e71df683f57a6be41dd58fef9437361,E4,5,0,0,0,0.0001,0.01,moderate_redundancy,37,fit_complete,True,7.2804783269999997e-05,16670.021680000002,0.00041123492470000002,74,0.028925727209999998,1,1,1,151,E4|5|moderate_redundancy|0.0001|0|0,L_relative_error,0.01699203782,1.6992037820000001,percent,100 * raw_value,n==5; practical designs; retained coefficients,37,37,NA,NA,NA,NA,NA,NA,NA,NA,NA,NA,NA,NA,NA,NA,NA,NA,NA,NA,NA,NA,NA,NA,NA,NA,NA,NA
4,a,raw,results/k9_practical_replicates.csv,d24c65b6f7fc8473eaeb70bc016389b14e71df683f57a6be41dd58fef9437361,E4,5,0,0,0,0.0001,0.01,high_redundancy,77,fit_complete,True,7.5786751710000001e-05,3538.5055710000001,0.00067075997139999998,29,0.018365262409999999,1,1,1,152,E4|5|high_redundancy|0.0001|0|0,L_relative_error,0.0050010106369999998,0.50010106369999996,percent,100 * raw_value,n==5; practical designs; retained coefficients,77,77,NA,NA,NA,NA,NA,NA,NA,NA,NA,NA,NA,NA,NA,NA,NA,NA,NA,NA,NA,NA,NA,NA,NA,NA,NA,NA
4,a,raw,results/k9_practical_replicates.csv,d24c65b6f7fc8473eaeb70bc016389b14e71df683f57a6be41dd58fef9437361,E4,5,0,0,1,0.0001,0.01,moderate_redundancy,37,fit_complete,True,8.8690120050000004e-05,16334.58649,0.00054125629850000005,67,0.062149580259999997,1,1,1,154,E4|5|moderate_redundancy|0.0001|0|1,L_relative_error,0.035064673939999999,3.506467394,percent,100 * raw_value,n==5; practical designs; retained coefficients,37,37,NA,NA,NA,NA,NA,NA,NA,NA,NA,NA,NA,NA,NA,NA,NA,NA,NA,NA,NA,NA,NA,NA,NA,NA,NA,NA
4,a,raw,results/k9_practical_replicates.csv,d24c65b6f7fc8473eaeb70bc016389b14e71df683f57a6be41dd58fef9437361,E4,5,0,0,1,0.0001,0.01,high_redundancy,77,fit_complete,True,9.7962211330000003e-05,3487.6042120000002,0.00090829620040000004,30,0.01022761592,1,1,1,155,E4|5|high_redundancy|0.0001|0|1,L_relative_error,0.01008495389,1.0084953889999999,percent,100 * raw_value,n==5; practical designs; retained coefficients,77,77,NA,NA,NA,NA,NA,NA,NA,NA,NA,NA,NA,NA,NA,NA,NA,NA,NA,NA,NA,NA,NA,NA,NA,NA,NA,NA
4,a,raw,results/k9_practical_replicates.csv,d24c65b6f7fc8473eaeb70bc016389b14e71df683f57a6be41dd58fef9437361,E4,5,0,0,2,0.0001,0.01,moderate_redundancy,37,fit_complete,True,0.0001019229054,17542.552309999999,0.00056778069330000003,76,0.019089268440000001,1,1,1,157,E4|5|moderate_redundancy|0.0001|0|2,L_relative_error,0.0033614232020000002,0.33614232020000001,percent,100 * raw_value,n==5; practical designs; retained coefficients,37,37,NA,NA,NA,NA,NA,NA,NA,NA,NA,NA,NA,NA,NA,NA,NA,NA,NA,NA,NA,NA,NA,NA,NA,NA,NA,NA
4,a,raw,results/k9_practical_replicates.csv,d24c65b6f7fc8473eaeb70bc016389b14e71df683f57a6be41dd58fef9437361,E4,5,0,0,2,0.0001,0.01,high_redundancy,77,fit_complete,True,8.8766426199999999e-05,3538.156622,0.00074339186139999998,27,0.016422930320000001,1,1,1,158,E4|5|high_redundancy|0.0001|0|2,L_relative_error,0.0035092142010000001,0.35092142009999999,percent,100 * raw_value,n==5; practical designs; retained coefficients,77,77,NA,NA,NA,NA,NA,NA,NA,NA,NA,NA,NA,NA,NA,NA,NA,NA,NA,NA,NA,NA,NA,NA,NA,NA,NA,NA
4,a,raw,results/k9_practical_replicates.csv,d24c65b6f7fc8473eaeb70bc016389b14e71df683f57a6be41dd58fef9437361,E4,5,0,0,3,0.0001,0.01,moderate_redundancy,37,fit_complete,True,8.8103275290000004e-05,13908.50603,0.00050696543850000005,61,0.058300134849999997,1,1,1,160,E4|5|moderate_redundancy|0.0001|0|3,L_relative_error,0.065166938359999996,6.516693836,percent,100 * raw_value,n==5; practical designs; retained coefficients,37,37,NA,NA,NA,NA,NA,NA,NA,NA,NA,NA,NA,NA,NA,NA,NA,NA,NA,NA,NA,NA,NA,NA,NA,NA,NA,NA
4,a,raw,results/k9_practical_replicates.csv,d24c65b6f7fc8473eaeb70bc016389b14e71df683f57a6be41dd58fef9437361,E4,5,0,0,3,0.0001,0.01,high_redundancy,77,fit_complete,True,9.0550948969999999e-05,3538.137545,0.00079278153929999995,29,0.0025475271329999999,1,1,1,161,E4|5|high_redundancy|0.0001|0|3,L_relative_error,0.00426677555,0.42667755499999999,percent,100 * raw_value,n==5; practical designs; retained coefficients,77,77,NA,NA,NA,NA,NA,NA,NA,NA,NA,NA,NA,NA,NA,NA,NA,NA,NA,NA,NA,NA,NA,NA,NA,NA,NA,NA
4,a,raw,results/k9_practical_replicates.csv,d24c65b6f7fc8473eaeb70bc016389b14e71df683f57a6be41dd58fef9437361,E4,5,0,0,0,0.00029999999999999997,0.029999999999999999,moderate_redundancy,37,fit_complete,True,0.00019330359500000001,18897.112440000001,0.0012546977750000001,60,0.11631205109999999,0.80000000000000004,1,0.88888888889999995,163,E4|5|moderate_redundancy|0.0003|0|0,L_relative_error,0.050459217819999999,5.0459217819999997,percent,100 * raw_value,n==5; practical designs; retained coefficients,37,37,NA,NA,NA,NA,NA,NA,NA,NA,NA,NA,NA,NA,NA,NA,NA,NA,NA,NA,NA,NA,NA,NA,NA,NA,NA,NA
4,a,raw,results/k9_practical_replicates.csv,d24c65b6f7fc8473eaeb70bc016389b14e71df683f57a6be41dd58fef9437361,E4,5,0,0,0,0.00029999999999999997,0.029999999999999999,high_redundancy,77,fit_complete,True,0.0002782485282,3455.9483770000002,0.0023558449419999999,27,0.042054590330000002,1,1,1,164,E4|5|high_redundancy|0.0003|0|0,L_relative_error,0.01260745684,1.260745684,percent,100 * raw_value,n==5; practical designs; retained coefficients,77,77,NA,NA,NA,NA,NA,NA,NA,NA,NA,NA,NA,NA,NA,NA,NA,NA,NA,NA,NA,NA,NA,NA,NA,NA,NA,NA
4,a,raw,results/k9_practical_replicates.csv,d24c65b6f7fc8473eaeb70bc016389b14e71df683f57a6be41dd58fef9437361,E4,5,0,0,1,0.00029999999999999997,0.029999999999999999,moderate_redundancy,37,fit_complete,True,0.00020551135670000001,13060.09528,0.001412400225,76,0.1103413912,0.80000000000000004,1,0.88888888889999995,166,E4|5|moderate_redundancy|0.0003|0|1,L_relative_error,0.1156579641,11.565796409999999,percent,100 * raw_value,n==5; practical designs; retained coefficients,37,37,NA,NA,NA,NA,NA,NA,NA,NA,NA,NA,NA,NA,NA,NA,NA,NA,NA,NA,NA,NA,NA,NA,NA,NA,NA,NA
4,a,raw,results/k9_practical_replicates.csv,d24c65b6f7fc8473eaeb70bc016389b14e71df683f57a6be41dd58fef9437361,E4,5,0,0,1,0.00029999999999999997,0.029999999999999999,high_redundancy,77,fit_complete,True,0.0002460588003,3574.3212840000001,0.002267647169,28,0.055750434270000003,1,1,1,167,E4|5|high_redundancy|0.0003|0|1,L_relative_error,0.0032319135359999999,0.32319135360000001,percent,100 * raw_value,n==5; practical designs; retained coefficients,77,77,NA,NA,NA,NA,NA,NA,NA,NA,NA,NA,NA,NA,NA,NA,NA,NA,NA,NA,NA,NA,NA,NA,NA,NA,NA,NA
4,a,raw,results/k9_practical_replicates.csv,d24c65b6f7fc8473eaeb70bc016389b14e71df683f57a6be41dd58fef9437361,E4,5,0,0,2,0.00029999999999999997,0.029999999999999999,moderate_redundancy,37,fit_complete,True,0.00026364300639999998,12520.35231,0.0014247223509999999,58,0.1413288657,0.80000000000000004,1,0.88888888889999995,169,E4|5|moderate_redundancy|0.0003|0|2,L_relative_error,0.10932428449999999,10.93242845,percent,100 * raw_value,n==5; practical designs; retained coefficients,37,37,NA,NA,NA,NA,NA,NA,NA,NA,NA,NA,NA,NA,NA,NA,NA,NA,NA,NA,NA,NA,NA,NA,NA,NA,NA,NA
4,a,raw,results/k9_practical_replicates.csv,d24c65b6f7fc8473eaeb70bc016389b14e71df683f57a6be41dd58fef9437361,E4,5,0,0,2,0.00029999999999999997,0.029999999999999999,high_redundancy,77,fit_complete,True,0.00024583360679999999,3371.8246039999999,0.0022200187880000001,25,0.033031513200000001,1,1,1,170,E4|5|high_redundancy|0.0003|0|2,L_relative_error,0.022282023599999999,2.22820236,percent,100 * raw_value,n==5; practical designs; retained coefficients,77,77,NA,NA,NA,NA,NA,NA,NA,NA,NA,NA,NA,NA,NA,NA,NA,NA,NA,NA,NA,NA,NA,NA,NA,NA,NA,NA
4,a,raw,results/k9_practical_replicates.csv,d24c65b6f7fc8473eaeb70bc016389b14e71df683f57a6be41dd58fef9437361,E4,5,0,0,3,0.00029999999999999997,0.029999999999999999,moderate_redundancy,37,fit_complete,True,0.00026472390190000002,14067.672909999999,0.001503082257,71,0.14264027430000001,0.80000000000000004,1,0.88888888889999995,172,E4|5|moderate_redundancy|0.0003|0|3,L_relative_error,0.074588845619999997,7.4588845619999997,percent,100 * raw_value,n==5; practical designs; retained coefficients,37,37,NA,NA,NA,NA,NA,NA,NA,NA,NA,NA,NA,NA,NA,NA,NA,NA,NA,NA,NA,NA,NA,NA,NA,NA,NA,NA
4,a,raw,results/k9_practical_replicates.csv,d24c65b6f7fc8473eaeb70bc016389b14e71df683f57a6be41dd58fef9437361,E4,5,0,0,3,0.00029999999999999997,0.029999999999999999,high_redundancy,77,fit_complete,True,0.0002595021792,3595.9324580000002,0.002355152683,24,0.038460745220000002,1,1,1,173,E4|5|high_redundancy|0.0003|0|3,L_relative_error,0.0067841090759999997,0.6784109076,percent,100 * raw_value,n==5; practical designs; retained coefficients,77,77,NA,NA,NA,NA,NA,NA,NA,NA,NA,NA,NA,NA,NA,NA,NA,NA,NA,NA,NA,NA,NA,NA,NA,NA,NA,NA
4,a,raw,results/k9_practical_replicates.csv,d24c65b6f7fc8473eaeb70bc016389b14e71df683f57a6be41dd58fef9437361,E4,5,0,0,0,0.001,0.10000000000000001,moderate_redundancy,37,fit_complete,True,0.00078293854610000002,14553.20054,0.0046856756369999999,69,0.44553736710000003,0.80000000000000004,1,0.88888888889999995,175,E4|5|moderate_redundancy|0.001|0|0,L_relative_error,0.26264149980000001,26.264149980000003,percent,100 * raw_value,n==5; practical designs; retained coefficients,37,37,NA,NA,NA,NA,NA,NA,NA,NA,NA,NA,NA,NA,NA,NA,NA,NA,NA,NA,NA,NA,NA,NA,NA,NA,NA,NA
4,a,raw,results/k9_practical_replicates.csv,d24c65b6f7fc8473eaeb70bc016389b14e71df683f57a6be41dd58fef9437361,E4,5,0,0,0,0.001,0.10000000000000001,high_redundancy,77,fit_complete,True,0.00092798435599999996,3269.6087440000001,0.0079835806450000001,22,0.1342637683,0.80000000000000004,1,0.88888888889999995,176,E4|5|high_redundancy|0.001|0|0,L_relative_error,0.03011604167,3.0116041669999998,percent,100 * raw_value,n==5; practical designs; retained coefficients,77,77,NA,NA,NA,NA,NA,NA,NA,NA,NA,NA,NA,NA,NA,NA,NA,NA,NA,NA,NA,NA,NA,NA,NA,NA,NA,NA
4,a,raw,results/k9_practical_replicates.csv,d24c65b6f7fc8473eaeb70bc016389b14e71df683f57a6be41dd58fef9437361,E4,5,0,0,1,0.001,0.10000000000000001,moderate_redundancy,37,fit_complete,True,0.00062327721669999995,8755.5042240000002,0.0038419071550000001,52,0.54812377199999995,1,1,1,178,E4|5|moderate_redundancy|0.001|0|1,L_relative_error,0.20323323130000001,20.323323130000002,percent,100 * raw_value,n==5; practical designs; retained coefficients,37,37,NA,NA,NA,NA,NA,NA,NA,NA,NA,NA,NA,NA,NA,NA,NA,NA,NA,NA,NA,NA,NA,NA,NA,NA,NA,NA
4,a,raw,results/k9_practical_replicates.csv,d24c65b6f7fc8473eaeb70bc016389b14e71df683f57a6be41dd58fef9437361,E4,5,0,0,1,0.001,0.10000000000000001,high_redundancy,77,fit_complete,True,0.00088050673449999997,3174.4753689999998,0.007651290933,23,0.14749478630000001,0.80000000000000004,1,0.88888888889999995,179,E4|5|high_redundancy|0.001|0|1,L_relative_error,0.050232055790000001,5.0232055789999999,percent,100 * raw_value,n==5; practical designs; retained coefficients,77,77,NA,NA,NA,NA,NA,NA,NA,NA,NA,NA,NA,NA,NA,NA,NA,NA,NA,NA,NA,NA,NA,NA,NA,NA,NA,NA
4,a,raw,results/k9_practical_replicates.csv,d24c65b6f7fc8473eaeb70bc016389b14e71df683f57a6be41dd58fef9437361,E4,5,0,0,2,0.001,0.10000000000000001,moderate_redundancy,37,fit_complete,True,0.00079746426750000002,17705.777760000001,0.0048170708490000002,73,0.4958799861,1,1,1,181,E4|5|moderate_redundancy|0.001|0|2,L_relative_error,0.17724490940000001,17.724490940000003,percent,100 * raw_value,n==5; practical designs; retained coefficients,37,37,NA,NA,NA,NA,NA,NA,NA,NA,NA,NA,NA,NA,NA,NA,NA,NA,NA,NA,NA,NA,NA,NA,NA,NA,NA,NA
4,a,raw,results/k9_practical_replicates.csv,d24c65b6f7fc8473eaeb70bc016389b14e71df683f57a6be41dd58fef9437361,E4,5,0,0,2,0.001,0.10000000000000001,high_redundancy,77,fit_complete,True,0.00083844647029999997,3482.7268570000001,0.0075519795430000003,27,0.136358639,1,1,1,182,E4|5|high_redundancy|0.001|0|2,L_relative_error,0.0281314441,2.81314441,percent,100 * raw_value,n==5; practical designs; retained coefficients,77,77,NA,NA,NA,NA,NA,NA,NA,NA,NA,NA,NA,NA,NA,NA,NA,NA,NA,NA,NA,NA,NA,NA,NA,NA,NA,NA
4,a,raw,results/k9_practical_replicates.csv,d24c65b6f7fc8473eaeb70bc016389b14e71df683f57a6be41dd58fef9437361,E4,5,0,0,3,0.001,0.10000000000000001,moderate_redundancy,37,fit_complete,True,0.00077380825700000002,63713.47335,0.0048742305099999999,82,0.85482021050000001,0.5,1,0.66666666669999997,184,E4|5|moderate_redundancy|0.001|0|3,L_relative_error,0.33560186990000002,33.560186989999998,percent,100 * raw_value,n==5; practical designs; retained coefficients,37,37,NA,NA,NA,NA,NA,NA,NA,NA,NA,NA,NA,NA,NA,NA,NA,NA,NA,NA,NA,NA,NA,NA,NA,NA,NA,NA
4,a,raw,results/k9_practical_replicates.csv,d24c65b6f7fc8473eaeb70bc016389b14e71df683f57a6be41dd58fef9437361,E4,5,0,0,3,0.001,0.10000000000000001,high_redundancy,77,fit_complete,True,0.00085981375799999997,3323.3628659999999,0.0078282246319999992,26,0.30548746560000001,1,1,1,185,E4|5|high_redundancy|0.001|0|3,L_relative_error,0.0266301387,2.6630138699999999,percent,100 * raw_value,n==5; practical designs; retained coefficients,77,77,NA,NA,NA,NA,NA,NA,NA,NA,NA,NA,NA,NA,NA,NA,NA,NA,NA,NA,NA,NA,NA,NA,NA,NA,NA,NA
4,a,raw,results/k9_practical_replicates.csv,d24c65b6f7fc8473eaeb70bc016389b14e71df683f57a6be41dd58fef9437361,E4,5,0,0,0,0.0030000000000000001,0.29999999999999999,moderate_redundancy,37,fit_complete,True,0.0027889423980000001,5269.0252719999999,0.016184934009999999,77,0.43341806939999999,0.66666666669999997,1,0.80000000000000004,187,E4|5|moderate_redundancy|0.003|0|0,L_relative_error,0.41527737710000001,41.527737710000004,percent,100 * raw_value,n==5; practical designs; retained coefficients,37,37,NA,NA,NA,NA,NA,NA,NA,NA,NA,NA,NA,NA,NA,NA,NA,NA,NA,NA,NA,NA,NA,NA,NA,NA,NA,NA
4,a,raw,results/k9_practical_replicates.csv,d24c65b6f7fc8473eaeb70bc016389b14e71df683f57a6be41dd58fef9437361,E4,5,0,0,0,0.0030000000000000001,0.29999999999999999,high_redundancy,77,fit_complete,True,0.0024761722010000001,17141.31479,0.021414918679999999,23,0.52666465709999999,1,1,1,188,E4|5|high_redundancy|0.003|0|0,L_relative_error,0.098127273099999995,9.8127273099999996,percent,100 * raw_value,n==5; practical designs; retained coefficients,77,77,NA,NA,NA,NA,NA,NA,NA,NA,NA,NA,NA,NA,NA,NA,NA,NA,NA,NA,NA,NA,NA,NA,NA,NA,NA,NA
4,a,raw,results/k9_practical_replicates.csv,d24c65b6f7fc8473eaeb70bc016389b14e71df683f57a6be41dd58fef9437361,E4,5,0,0,1,0.0030000000000000001,0.29999999999999999,moderate_redundancy,37,fit_complete,True,0.002446862576,97825.859030000007,0.01507843475,52,0.84732445010000002,0.66666666669999997,1,0.80000000000000004,190,E4|5|moderate_redundancy|0.003|0|1,L_relative_error,0.35094978960000001,35.094978959999999,percent,100 * raw_value,n==5; practical designs; retained coefficients,37,37,NA,NA,NA,NA,NA,NA,NA,NA,NA,NA,NA,NA,NA,NA,NA,NA,NA,NA,NA,NA,NA,NA,NA,NA,NA,NA
4,a,raw,results/k9_practical_replicates.csv,d24c65b6f7fc8473eaeb70bc016389b14e71df683f57a6be41dd58fef9437361,E4,5,0,0,1,0.0030000000000000001,0.29999999999999999,high_redundancy,77,fit_complete,True,0.002771219469,3719.5827680000002,0.024495411799999998,25,0.4872190783,1,1,1,191,E4|5|high_redundancy|0.003|0|1,L_relative_error,0.039854810800000001,3.98548108,percent,100 * raw_value,n==5; practical designs; retained coefficients,77,77,NA,NA,NA,NA,NA,NA,NA,NA,NA,NA,NA,NA,NA,NA,NA,NA,NA,NA,NA,NA,NA,NA,NA,NA,NA,NA
4,a,raw,results/k9_practical_replicates.csv,d24c65b6f7fc8473eaeb70bc016389b14e71df683f57a6be41dd58fef9437361,E4,5,0,0,2,0.0030000000000000001,0.29999999999999999,moderate_redundancy,37,fit_complete,True,0.0021027702720000001,60538.65208,0.01388728514,120,3.9640081810000001,0.75,0.75,0.75,193,E4|5|moderate_redundancy|0.003|0|2,L_relative_error,0.51485746389999998,51.485746389999996,percent,100 * raw_value,n==5; practical designs; retained coefficients,37,37,NA,NA,NA,NA,NA,NA,NA,NA,NA,NA,NA,NA,NA,NA,NA,NA,NA,NA,NA,NA,NA,NA,NA,NA,NA,NA
4,a,raw,results/k9_practical_replicates.csv,d24c65b6f7fc8473eaeb70bc016389b14e71df683f57a6be41dd58fef9437361,E4,5,0,0,2,0.0030000000000000001,0.29999999999999999,high_redundancy,77,fit_complete,True,0.0030692906340000002,3670.8345169999998,0.0263265772,32,0.52918079259999995,0.66666666669999997,1,0.80000000000000004,194,E4|5|high_redundancy|0.003|0|2,L_relative_error,0.18570435269999999,18.570435270000001,percent,100 * raw_value,n==5; practical designs; retained coefficients,77,77,NA,NA,NA,NA,NA,NA,NA,NA,NA,NA,NA,NA,NA,NA,NA,NA,NA,NA,NA,NA,NA,NA,NA,NA,NA,NA
4,a,raw,results/k9_practical_replicates.csv,d24c65b6f7fc8473eaeb70bc016389b14e71df683f57a6be41dd58fef9437361,E4,5,0,0,3,0.0030000000000000001,0.29999999999999999,moderate_redundancy,37,fit_complete,True,0.0016103375510000001,28957.429960000001,0.009678610277,119,1.2553009740000001,0.57142857140000003,1,0.72727272730000003,196,E4|5|moderate_redundancy|0.003|0|3,L_relative_error,0.42910529720000001,42.91052972,percent,100 * raw_value,n==5; practical designs; retained coefficients,37,37,NA,NA,NA,NA,NA,NA,NA,NA,NA,NA,NA,NA,NA,NA,NA,NA,NA,NA,NA,NA,NA,NA,NA,NA,NA,NA
4,a,raw,results/k9_practical_replicates.csv,d24c65b6f7fc8473eaeb70bc016389b14e71df683f57a6be41dd58fef9437361,E4,5,0,0,3,0.0030000000000000001,0.29999999999999999,high_redundancy,77,fit_complete,True,0.0028132653040000002,2621.3327899999999,0.023595274119999999,30,0.73455295220000005,0.80000000000000004,1,0.88888888889999995,197,E4|5|high_redundancy|0.003|0|3,L_relative_error,0.089063401910000006,8.906340191,percent,100 * raw_value,n==5; practical designs; retained coefficients,77,77,NA,NA,NA,NA,NA,NA,NA,NA,NA,NA,NA,NA,NA,NA,NA,NA,NA,NA,NA,NA,NA,NA,NA,NA,NA,NA
4,a,raw,results/k9_practical_replicates.csv,d24c65b6f7fc8473eaeb70bc016389b14e71df683f57a6be41dd58fef9437361,E4,5,0,1,0,0,0,moderate_redundancy,37,fit_complete,True,1.845149969e-06,14305.14165,1.4972772640000001e-05,132,0.0025571562719999999,1,1,1,199,E4|5|moderate_redundancy|0.0|1|0,L_relative_error,0.0030969147279999998,0.30969147279999998,percent,100 * raw_value,n==5; practical designs; retained coefficients,37,37,NA,NA,NA,NA,NA,NA,NA,NA,NA,NA,NA,NA,NA,NA,NA,NA,NA,NA,NA,NA,NA,NA,NA,NA,NA,NA
4,a,raw,results/k9_practical_replicates.csv,d24c65b6f7fc8473eaeb70bc016389b14e71df683f57a6be41dd58fef9437361,E4,5,0,1,0,0,0,high_redundancy,77,fit_complete,True,3.1217416540000002e-08,2982.0881370000002,2.7711539859999999e-07,34,2.7302660859999999e-06,1,1,1,200,E4|5|high_redundancy|0.0|1|0,L_relative_error,1.029802136e-05,0.0010298021359999999,percent,100 * raw_value,n==5; practical designs; retained coefficients,77,77,NA,NA,NA,NA,NA,NA,NA,NA,NA,NA,NA,NA,NA,NA,NA,NA,NA,NA,NA,NA,NA,NA,NA,NA,NA,NA
4,a,raw,results/k9_practical_replicates.csv,d24c65b6f7fc8473eaeb70bc016389b14e71df683f57a6be41dd58fef9437361,E4,5,0,1,1,0,0,moderate_redundancy,37,fit_complete,True,1.845149969e-06,14305.14165,1.4972772640000001e-05,132,0.0025571562719999999,1,1,1,202,E4|5|moderate_redundancy|0.0|1|1,L_relative_error,0.0030969147279999998,0.30969147279999998,percent,100 * raw_value,n==5; practical designs; retained coefficients,37,37,NA,NA,NA,NA,NA,NA,NA,NA,NA,NA,NA,NA,NA,NA,NA,NA,NA,NA,NA,NA,NA,NA,NA,NA,NA,NA
4,a,raw,results/k9_practical_replicates.csv,d24c65b6f7fc8473eaeb70bc016389b14e71df683f57a6be41dd58fef9437361,E4,5,0,1,1,0,0,high_redundancy,77,fit_complete,True,3.1217416540000002e-08,2982.0881370000002,2.7711539859999999e-07,34,2.7302660859999999e-06,1,1,1,203,E4|5|high_redundancy|0.0|1|1,L_relative_error,1.029802136e-05,0.0010298021359999999,percent,100 * raw_value,n==5; practical designs; retained coefficients,77,77,NA,NA,NA,NA,NA,NA,NA,NA,NA,NA,NA,NA,NA,NA,NA,NA,NA,NA,NA,NA,NA,NA,NA,NA,NA,NA
4,a,raw,results/k9_practical_replicates.csv,d24c65b6f7fc8473eaeb70bc016389b14e71df683f57a6be41dd58fef9437361,E4,5,0,1,2,0,0,moderate_redundancy,37,fit_complete,True,1.845149969e-06,14305.14165,1.4972772640000001e-05,132,0.0025571562719999999,1,1,1,205,E4|5|moderate_redundancy|0.0|1|2,L_relative_error,0.0030969147279999998,0.30969147279999998,percent,100 * raw_value,n==5; practical designs; retained coefficients,37,37,NA,NA,NA,NA,NA,NA,NA,NA,NA,NA,NA,NA,NA,NA,NA,NA,NA,NA,NA,NA,NA,NA,NA,NA,NA,NA
4,a,raw,results/k9_practical_replicates.csv,d24c65b6f7fc8473eaeb70bc016389b14e71df683f57a6be41dd58fef9437361,E4,5,0,1,2,0,0,high_redundancy,77,fit_complete,True,3.1217416540000002e-08,2982.0881370000002,2.7711539859999999e-07,34,2.7302660859999999e-06,1,1,1,206,E4|5|high_redundancy|0.0|1|2,L_relative_error,1.029802136e-05,0.0010298021359999999,percent,100 * raw_value,n==5; practical designs; retained coefficients,77,77,NA,NA,NA,NA,NA,NA,NA,NA,NA,NA,NA,NA,NA,NA,NA,NA,NA,NA,NA,NA,NA,NA,NA,NA,NA,NA
4,a,raw,results/k9_practical_replicates.csv,d24c65b6f7fc8473eaeb70bc016389b14e71df683f57a6be41dd58fef9437361,E4,5,0,1,3,0,0,moderate_redundancy,37,fit_complete,True,1.845149969e-06,14305.14165,1.4972772640000001e-05,132,0.0025571562719999999,1,1,1,208,E4|5|moderate_redundancy|0.0|1|3,L_relative_error,0.0030969147279999998,0.30969147279999998,percent,100 * raw_value,n==5; practical designs; retained coefficients,37,37,NA,NA,NA,NA,NA,NA,NA,NA,NA,NA,NA,NA,NA,NA,NA,NA,NA,NA,NA,NA,NA,NA,NA,NA,NA,NA
4,a,raw,results/k9_practical_replicates.csv,d24c65b6f7fc8473eaeb70bc016389b14e71df683f57a6be41dd58fef9437361,E4,5,0,1,3,0,0,high_redundancy,77,fit_complete,True,3.1217416540000002e-08,2982.0881370000002,2.7711539859999999e-07,34,2.7302660859999999e-06,1,1,1,209,E4|5|high_redundancy|0.0|1|3,L_relative_error,1.029802136e-05,0.0010298021359999999,percent,100 * raw_value,n==5; practical designs; retained coefficients,77,77,NA,NA,NA,NA,NA,NA,NA,NA,NA,NA,NA,NA,NA,NA,NA,NA,NA,NA,NA,NA,NA,NA,NA,NA,NA,NA
4,a,raw,results/k9_practical_replicates.csv,d24c65b6f7fc8473eaeb70bc016389b14e71df683f57a6be41dd58fef9437361,E4,5,0,1,0,0.0001,0.01,moderate_redundancy,37,fit_complete,True,5.7155216429999998e-05,14352.650869999999,0.00035163775209999998,142,0.037378777330000001,1,1,1,211,E4|5|moderate_redundancy|0.0001|1|0,L_relative_error,0.023271120440000001,2.3271120440000002,percent,100 * raw_value,n==5; practical designs; retained coefficients,37,37,NA,NA,NA,NA,NA,NA,NA,NA,NA,NA,NA,NA,NA,NA,NA,NA,NA,NA,NA,NA,NA,NA,NA,NA,NA,NA
4,a,raw,results/k9_practical_replicates.csv,d24c65b6f7fc8473eaeb70bc016389b14e71df683f57a6be41dd58fef9437361,E4,5,0,1,0,0.0001,0.01,high_redundancy,77,fit_complete,True,8.3600388750000004e-05,2938.7100329999998,0.00073717373500000003,30,0.0085773576679999998,1,1,1,212,E4|5|high_redundancy|0.0001|1|0,L_relative_error,0.0055198868790000003,0.5519886879,percent,100 * raw_value,n==5; practical designs; retained coefficients,77,77,NA,NA,NA,NA,NA,NA,NA,NA,NA,NA,NA,NA,NA,NA,NA,NA,NA,NA,NA,NA,NA,NA,NA,NA,NA,NA
4,a,raw,results/k9_practical_replicates.csv,d24c65b6f7fc8473eaeb70bc016389b14e71df683f57a6be41dd58fef9437361,E4,5,0,1,1,0.0001,0.01,moderate_redundancy,37,fit_complete,True,6.7677829739999998e-05,12654.12104,0.00040609417970000002,128,0.021930914039999999,1,1,1,214,E4|5|moderate_redundancy|0.0001|1|1,L_relative_error,0.054326867280000003,5.4326867280000002,percent,100 * raw_value,n==5; practical designs; retained coefficients,37,37,NA,NA,NA,NA,NA,NA,NA,NA,NA,NA,NA,NA,NA,NA,NA,NA,NA,NA,NA,NA,NA,NA,NA,NA,NA,NA
4,a,raw,results/k9_practical_replicates.csv,d24c65b6f7fc8473eaeb70bc016389b14e71df683f57a6be41dd58fef9437361,E4,5,0,1,1,0.0001,0.01,high_redundancy,77,fit_complete,True,0.0001034269077,2984.5254580000001,0.00082900980339999997,31,0.0092816046980000004,1,1,1,215,E4|5|high_redundancy|0.0001|1|1,L_relative_error,0.0010969755820000001,0.1096975582,percent,100 * raw_value,n==5; practical designs; retained coefficients,77,77,NA,NA,NA,NA,NA,NA,NA,NA,NA,NA,NA,NA,NA,NA,NA,NA,NA,NA,NA,NA,NA,NA,NA,NA,NA,NA
4,a,raw,results/k9_practical_replicates.csv,d24c65b6f7fc8473eaeb70bc016389b14e71df683f57a6be41dd58fef9437361,E4,5,0,1,2,0.0001,0.01,moderate_redundancy,37,fit_complete,True,8.0839444059999997e-05,13177.37859,0.00045283820559999997,135,0.069141404589999997,1,1,1,217,E4|5|moderate_redundancy|0.0001|1|2,L_relative_error,0.032815689799999999,3.2815689799999999,percent,100 * raw_value,n==5; practical designs; retained coefficients,37,37,NA,NA,NA,NA,NA,NA,NA,NA,NA,NA,NA,NA,NA,NA,NA,NA,NA,NA,NA,NA,NA,NA,NA,NA,NA,NA
4,a,raw,results/k9_practical_replicates.csv,d24c65b6f7fc8473eaeb70bc016389b14e71df683f57a6be41dd58fef9437361,E4,5,0,1,2,0.0001,0.01,high_redundancy,77,fit_complete,True,9.7162943770000005e-05,2970.9786290000002,0.00076916088419999996,37,0.014878042480000001,1,1,1,218,E4|5|high_redundancy|0.0001|1|2,L_relative_error,0.0029081655379999999,0.29081655379999999,percent,100 * raw_value,n==5; practical designs; retained coefficients,77,77,NA,NA,NA,NA,NA,NA,NA,NA,NA,NA,NA,NA,NA,NA,NA,NA,NA,NA,NA,NA,NA,NA,NA,NA,NA,NA
4,a,raw,results/k9_practical_replicates.csv,d24c65b6f7fc8473eaeb70bc016389b14e71df683f57a6be41dd58fef9437361,E4,5,0,1,3,0.0001,0.01,moderate_redundancy,37,fit_complete,True,7.9064899310000005e-05,13338.201010000001,0.00045974809690000002,128,0.027881219610000001,1,1,1,220,E4|5|moderate_redundancy|0.0001|1|3,L_relative_error,0.03678898605,3.6788986050000001,percent,100 * raw_value,n==5; practical designs; retained coefficients,37,37,NA,NA,NA,NA,NA,NA,NA,NA,NA,NA,NA,NA,NA,NA,NA,NA,NA,NA,NA,NA,NA,NA,NA,NA,NA,NA
4,a,raw,results/k9_practical_replicates.csv,d24c65b6f7fc8473eaeb70bc016389b14e71df683f57a6be41dd58fef9437361,E4,5,0,1,3,0.0001,0.01,high_redundancy,77,fit_complete,True,8.1256900769999994e-05,2948.7997570000002,0.00068140938369999995,31,0.017583582989999999,1,1,1,221,E4|5|high_redundancy|0.0001|1|3,L_relative_error,0.0040334606089999997,0.40334606089999997,percent,100 * raw_value,n==5; practical designs; retained coefficients,77,77,NA,NA,NA,NA,NA,NA,NA,NA,NA,NA,NA,NA,NA,NA,NA,NA,NA,NA,NA,NA,NA,NA,NA,NA,NA,NA
4,a,raw,results/k9_practical_replicates.csv,d24c65b6f7fc8473eaeb70bc016389b14e71df683f57a6be41dd58fef9437361,E4,5,0,1,0,0.00029999999999999997,0.029999999999999999,moderate_redundancy,37,fit_complete,True,0.00023119339689999999,16907.47824,0.0015606244190000001,147,0.21748569100000001,0.66666666669999997,1,0.80000000000000004,223,E4|5|moderate_redundancy|0.0003|1|0,L_relative_error,0.076234735649999996,7.6234735649999994,percent,100 * raw_value,n==5; practical designs; retained coefficients,37,37,NA,NA,NA,NA,NA,NA,NA,NA,NA,NA,NA,NA,NA,NA,NA,NA,NA,NA,NA,NA,NA,NA,NA,NA,NA,NA
4,a,raw,results/k9_practical_replicates.csv,d24c65b6f7fc8473eaeb70bc016389b14e71df683f57a6be41dd58fef9437361,E4,5,0,1,0,0.00029999999999999997,0.029999999999999999,high_redundancy,77,fit_complete,True,0.00035796795229999998,2801.6034519999998,0.002713062875,28,0.022825689749999999,1,1,1,224,E4|5|high_redundancy|0.0003|1|0,L_relative_error,0.025311299089999999,2.5311299090000001,percent,100 * raw_value,n==5; practical designs; retained coefficients,77,77,NA,NA,NA,NA,NA,NA,NA,NA,NA,NA,NA,NA,NA,NA,NA,NA,NA,NA,NA,NA,NA,NA,NA,NA,NA,NA
4,a,raw,results/k9_practical_replicates.csv,d24c65b6f7fc8473eaeb70bc016389b14e71df683f57a6be41dd58fef9437361,E4,5,0,1,1,0.00029999999999999997,0.029999999999999999,moderate_redundancy,37,fit_complete,True,0.0002096546946,10420.7521,0.001185971499,144,0.060822243810000003,0.66666666669999997,1,0.80000000000000004,226,E4|5|moderate_redundancy|0.0003|1|1,L_relative_error,0.11149910790000001,11.14991079,percent,100 * raw_value,n==5; practical designs; retained coefficients,37,37,NA,NA,NA,NA,NA,NA,NA,NA,NA,NA,NA,NA,NA,NA,NA,NA,NA,NA,NA,NA,NA,NA,NA,NA,NA,NA
4,a,raw,results/k9_practical_replicates.csv,d24c65b6f7fc8473eaeb70bc016389b14e71df683f57a6be41dd58fef9437361,E4,5,0,1,1,0.00029999999999999997,0.029999999999999999,high_redundancy,77,fit_complete,True,0.000238284743,2906.2438430000002,0.00200805996,32,0.019157717370000001,1,1,1,227,E4|5|high_redundancy|0.0003|1|1,L_relative_error,0.0087595549320000007,0.8759554932000001,percent,100 * raw_value,n==5; practical designs; retained coefficients,77,77,NA,NA,NA,NA,NA,NA,NA,NA,NA,NA,NA,NA,NA,NA,NA,NA,NA,NA,NA,NA,NA,NA,NA,NA,NA,NA
4,a,raw,results/k9_practical_replicates.csv,d24c65b6f7fc8473eaeb70bc016389b14e71df683f57a6be41dd58fef9437361,E4,5,0,1,2,0.00029999999999999997,0.029999999999999999,moderate_redundancy,37,fit_complete,True,0.00022719495980000001,9342.3511880000005,0.0014015971700000001,137,0.08824848096,0.80000000000000004,1,0.88888888889999995,229,E4|5|moderate_redundancy|0.0003|1|2,L_relative_error,0.15775806149999999,15.775806149999999,percent,100 * raw_value,n==5; practical designs; retained coefficients,37,37,NA,NA,NA,NA,NA,NA,NA,NA,NA,NA,NA,NA,NA,NA,NA,NA,NA,NA,NA,NA,NA,NA,NA,NA,NA,NA
4,a,raw,results/k9_practical_replicates.csv,d24c65b6f7fc8473eaeb70bc016389b14e71df683f57a6be41dd58fef9437361,E4,5,0,1,2,0.00029999999999999997,0.029999999999999999,high_redundancy,77,fit_complete,True,0.00023696829409999999,2916.718527,0.0021627801569999998,29,0.05259147284,1,1,1,230,E4|5|high_redundancy|0.0003|1|2,L_relative_error,0.01106446751,1.106446751,percent,100 * raw_value,n==5; practical designs; retained coefficients,77,77,NA,NA,NA,NA,NA,NA,NA,NA,NA,NA,NA,NA,NA,NA,NA,NA,NA,NA,NA,NA,NA,NA,NA,NA,NA,NA
4,a,raw,results/k9_practical_replicates.csv,d24c65b6f7fc8473eaeb70bc016389b14e71df683f57a6be41dd58fef9437361,E4,5,0,1,3,0.00029999999999999997,0.029999999999999999,moderate_redundancy,37,fit_complete,True,0.00022915176180000001,9652.3103300000002,0.0013531406309999999,138,0.068111297589999995,0.80000000000000004,1,0.88888888889999995,232,E4|5|moderate_redundancy|0.0003|1|3,L_relative_error,0.13004372689999999,13.004372689999999,percent,100 * raw_value,n==5; practical designs; retained coefficients,37,37,NA,NA,NA,NA,NA,NA,NA,NA,NA,NA,NA,NA,NA,NA,NA,NA,NA,NA,NA,NA,NA,NA,NA,NA,NA,NA
4,a,raw,results/k9_practical_replicates.csv,d24c65b6f7fc8473eaeb70bc016389b14e71df683f57a6be41dd58fef9437361,E4,5,0,1,3,0.00029999999999999997,0.029999999999999999,high_redundancy,77,fit_complete,True,0.00028621868690000002,2915.3715480000001,0.002484464978,26,0.0072594364629999996,1,1,1,233,E4|5|high_redundancy|0.0003|1|3,L_relative_error,0.01179117625,1.1791176249999999,percent,100 * raw_value,n==5; practical designs; retained coefficients,77,77,NA,NA,NA,NA,NA,NA,NA,NA,NA,NA,NA,NA,NA,NA,NA,NA,NA,NA,NA,NA,NA,NA,NA,NA,NA,NA
4,a,raw,results/k9_practical_replicates.csv,d24c65b6f7fc8473eaeb70bc016389b14e71df683f57a6be41dd58fef9437361,E4,5,0,1,0,0.001,0.10000000000000001,moderate_redundancy,37,fit_complete,True,0.00080830833549999995,6422.7395370000004,0.0054206748649999999,95,0.4422824742,0.66666666669999997,1,0.80000000000000004,235,E4|5|moderate_redundancy|0.001|1|0,L_relative_error,0.2728317354,27.28317354,percent,100 * raw_value,n==5; practical designs; retained coefficients,37,37,NA,NA,NA,NA,NA,NA,NA,NA,NA,NA,NA,NA,NA,NA,NA,NA,NA,NA,NA,NA,NA,NA,NA,NA,NA,NA
4,a,raw,results/k9_practical_replicates.csv,d24c65b6f7fc8473eaeb70bc016389b14e71df683f57a6be41dd58fef9437361,E4,5,0,1,0,0.001,0.10000000000000001,high_redundancy,77,fit_complete,True,0.00090642151890000004,2578.077084,0.0079171930719999992,27,0.18388510429999999,0.80000000000000004,1,0.88888888889999995,236,E4|5|high_redundancy|0.001|1|0,L_relative_error,0.06362009985,6.3620099850000003,percent,100 * raw_value,n==5; practical designs; retained coefficients,77,77,NA,NA,NA,NA,NA,NA,NA,NA,NA,NA,NA,NA,NA,NA,NA,NA,NA,NA,NA,NA,NA,NA,NA,NA,NA,NA
4,a,raw,results/k9_practical_replicates.csv,d24c65b6f7fc8473eaeb70bc016389b14e71df683f57a6be41dd58fef9437361,E4,5,0,1,1,0.001,0.10000000000000001,moderate_redundancy,37,fit_complete,True,0.00068328230330000003,6701.7126859999998,0.0043757815229999997,129,0.42662136470000001,0.66666666669999997,1,0.80000000000000004,238,E4|5|moderate_redundancy|0.001|1|1,L_relative_error,0.3041641122,30.416411220000001,percent,100 * raw_value,n==5; practical designs; retained coefficients,37,37,NA,NA,NA,NA,NA,NA,NA,NA,NA,NA,NA,NA,NA,NA,NA,NA,NA,NA,NA,NA,NA,NA,NA,NA,NA,NA
4,a,raw,results/k9_practical_replicates.csv,d24c65b6f7fc8473eaeb70bc016389b14e71df683f57a6be41dd58fef9437361,E4,5,0,1,1,0.001,0.10000000000000001,high_redundancy,77,fit_complete,True,0.00076083233259999997,2566.9219990000001,0.007233643235,29,0.039074213910000002,1,1,1,239,E4|5|high_redundancy|0.001|1|1,L_relative_error,0.05565762757,5.5657627569999999,percent,100 * raw_value,n==5; practical designs; retained coefficients,77,77,NA,NA,NA,NA,NA,NA,NA,NA,NA,NA,NA,NA,NA,NA,NA,NA,NA,NA,NA,NA,NA,NA,NA,NA,NA,NA
4,a,raw,results/k9_practical_replicates.csv,d24c65b6f7fc8473eaeb70bc016389b14e71df683f57a6be41dd58fef9437361,E4,5,0,1,2,0.001,0.10000000000000001,moderate_redundancy,37,fit_complete,True,0.00083788712820000004,64116.686759999997,0.0051158339049999996,111,0.8135098019,0.66666666669999997,1,0.80000000000000004,241,E4|5|moderate_redundancy|0.001|1|2,L_relative_error,0.26877609349999998,26.877609349999997,percent,100 * raw_value,n==5; practical designs; retained coefficients,37,37,NA,NA,NA,NA,NA,NA,NA,NA,NA,NA,NA,NA,NA,NA,NA,NA,NA,NA,NA,NA,NA,NA,NA,NA,NA,NA
4,a,raw,results/k9_practical_replicates.csv,d24c65b6f7fc8473eaeb70bc016389b14e71df683f57a6be41dd58fef9437361,E4,5,0,1,2,0.001,0.10000000000000001,high_redundancy,77,fit_complete,True,0.00084845396750000003,2829.9035330000002,0.007499309214,27,0.076469073570000004,1,1,1,242,E4|5|high_redundancy|0.001|1|2,L_relative_error,0.030904348839999998,3.090434884,percent,100 * raw_value,n==5; practical designs; retained coefficients,77,77,NA,NA,NA,NA,NA,NA,NA,NA,NA,NA,NA,NA,NA,NA,NA,NA,NA,NA,NA,NA,NA,NA,NA,NA,NA,NA
4,a,raw,results/k9_practical_replicates.csv,d24c65b6f7fc8473eaeb70bc016389b14e71df683f57a6be41dd58fef9437361,E4,5,0,1,3,0.001,0.10000000000000001,moderate_redundancy,37,fit_complete,True,0.00069470712849999995,14734.857980000001,0.0040368832519999997,109,0.19958819429999999,0.80000000000000004,1,0.88888888889999995,244,E4|5|moderate_redundancy|0.001|1|3,L_relative_error,0.21011189699999999,21.011189699999999,percent,100 * raw_value,n==5; practical designs; retained coefficients,37,37,NA,NA,NA,NA,NA,NA,NA,NA,NA,NA,NA,NA,NA,NA,NA,NA,NA,NA,NA,NA,NA,NA,NA,NA,NA,NA
4,a,raw,results/k9_practical_replicates.csv,d24c65b6f7fc8473eaeb70bc016389b14e71df683f57a6be41dd58fef9437361,E4,5,0,1,3,0.001,0.10000000000000001,high_redundancy,77,fit_complete,True,0.00083772925479999995,2992.653957,0.0075615511109999997,28,0.19900712919999999,1,1,1,245,E4|5|high_redundancy|0.001|1|3,L_relative_error,0.035384452800000001,3.5384452799999999,percent,100 * raw_value,n==5; practical designs; retained coefficients,77,77,NA,NA,NA,NA,NA,NA,NA,NA,NA,NA,NA,NA,NA,NA,NA,NA,NA,NA,NA,NA,NA,NA,NA,NA,NA,NA
4,a,raw,results/k9_practical_replicates.csv,d24c65b6f7fc8473eaeb70bc016389b14e71df683f57a6be41dd58fef9437361,E4,5,0,1,0,0.0030000000000000001,0.29999999999999999,moderate_redundancy,37,fit_complete,True,0.0023923956800000002,79363.653460000001,0.014552566859999999,75,0.59982077509999998,0.66666666669999997,1,0.80000000000000004,247,E4|5|moderate_redundancy|0.003|1|0,L_relative_error,0.53925663879999997,53.925663879999995,percent,100 * raw_value,n==5; practical designs; retained coefficients,37,37,NA,NA,NA,NA,NA,NA,NA,NA,NA,NA,NA,NA,NA,NA,NA,NA,NA,NA,NA,NA,NA,NA,NA,NA,NA,NA
4,a,raw,results/k9_practical_replicates.csv,d24c65b6f7fc8473eaeb70bc016389b14e71df683f57a6be41dd58fef9437361,E4,5,0,1,0,0.0030000000000000001,0.29999999999999999,high_redundancy,77,fit_complete,True,0.0027765023060000002,2291.1361710000001,0.02415413764,26,0.1770710523,0.80000000000000004,1,0.88888888889999995,248,E4|5|high_redundancy|0.003|1|0,L_relative_error,0.11604655160000001,11.60465516,percent,100 * raw_value,n==5; practical designs; retained coefficients,77,77,NA,NA,NA,NA,NA,NA,NA,NA,NA,NA,NA,NA,NA,NA,NA,NA,NA,NA,NA,NA,NA,NA,NA,NA,NA,NA
4,a,raw,results/k9_practical_replicates.csv,d24c65b6f7fc8473eaeb70bc016389b14e71df683f57a6be41dd58fef9437361,E4,5,0,1,1,0.0030000000000000001,0.29999999999999999,moderate_redundancy,37,fit_complete,True,0.0025681350419999999,97315.153059999997,0.01490627642,145,3.8119201490000001,0.57142857140000003,1,0.72727272730000003,250,E4|5|moderate_redundancy|0.003|1|1,L_relative_error,0.73399553390000005,73.399553390000008,percent,100 * raw_value,n==5; practical designs; retained coefficients,37,37,NA,NA,NA,NA,NA,NA,NA,NA,NA,NA,NA,NA,NA,NA,NA,NA,NA,NA,NA,NA,NA,NA,NA,NA,NA,NA
4,a,raw,results/k9_practical_replicates.csv,d24c65b6f7fc8473eaeb70bc016389b14e71df683f57a6be41dd58fef9437361,E4,5,0,1,1,0.0030000000000000001,0.29999999999999999,high_redundancy,77,fit_complete,True,0.0021568137119999998,2701.2719229999998,0.021458186939999999,27,0.18476494020000001,1,1,1,251,E4|5|high_redundancy|0.003|1|1,L_relative_error,0.084206955680000001,8.4206955679999993,percent,100 * raw_value,n==5; practical designs; retained coefficients,77,77,NA,NA,NA,NA,NA,NA,NA,NA,NA,NA,NA,NA,NA,NA,NA,NA,NA,NA,NA,NA,NA,NA,NA,NA,NA,NA
4,a,raw,results/k9_practical_replicates.csv,d24c65b6f7fc8473eaeb70bc016389b14e71df683f57a6be41dd58fef9437361,E4,5,0,1,2,0.0030000000000000001,0.29999999999999999,moderate_redundancy,37,fit_complete,True,0.0021480209460000002,70009.379100000006,0.01463346186,86,1.4606604089999999,0.66666666669999997,1,0.80000000000000004,253,E4|5|moderate_redundancy|0.003|1|2,L_relative_error,0.26679995200000001,26.6799952,percent,100 * raw_value,n==5; practical designs; retained coefficients,37,37,NA,NA,NA,NA,NA,NA,NA,NA,NA,NA,NA,NA,NA,NA,NA,NA,NA,NA,NA,NA,NA,NA,NA,NA,NA,NA
4,a,raw,results/k9_practical_replicates.csv,d24c65b6f7fc8473eaeb70bc016389b14e71df683f57a6be41dd58fef9437361,E4,5,0,1,2,0.0030000000000000001,0.29999999999999999,high_redundancy,77,fit_complete,True,0.0030760583419999999,2220.9073819999999,0.02745083643,38,0.3126352899,1,1,1,254,E4|5|high_redundancy|0.003|1|2,L_relative_error,0.081416102140000002,8.141610214,percent,100 * raw_value,n==5; practical designs; retained coefficients,77,77,NA,NA,NA,NA,NA,NA,NA,NA,NA,NA,NA,NA,NA,NA,NA,NA,NA,NA,NA,NA,NA,NA,NA,NA,NA,NA
4,a,raw,results/k9_practical_replicates.csv,d24c65b6f7fc8473eaeb70bc016389b14e71df683f57a6be41dd58fef9437361,E4,5,0,1,3,0.0030000000000000001,0.29999999999999999,moderate_redundancy,37,fit_complete,True,0.002691413246,28932.059880000001,0.017409036159999999,92,1.200429736,0.66666666669999997,1,0.80000000000000004,256,E4|5|moderate_redundancy|0.003|1|3,L_relative_error,0.36815986000000001,36.815986000000002,percent,100 * raw_value,n==5; practical designs; retained coefficients,37,37,NA,NA,NA,NA,NA,NA,NA,NA,NA,NA,NA,NA,NA,NA,NA,NA,NA,NA,NA,NA,NA,NA,NA,NA,NA,NA
4,a,raw,results/k9_practical_replicates.csv,d24c65b6f7fc8473eaeb70bc016389b14e71df683f57a6be41dd58fef9437361,E4,5,0,1,3,0.0030000000000000001,0.29999999999999999,high_redundancy,77,fit_complete,True,0.002626624689,2744.230869,0.024065077569999999,29,0.29488746380000003,1,1,1,257,E4|5|high_redundancy|0.003|1|3,L_relative_error,0.070475039180000004,7.0475039180000003,percent,100 * raw_value,n==5; practical designs; retained coefficients,77,77,NA,NA,NA,NA,NA,NA,NA,NA,NA,NA,NA,NA,NA,NA,NA,NA,NA,NA,NA,NA,NA,NA,NA,NA,NA,NA
4,a,raw,results/k9_practical_replicates.csv,d24c65b6f7fc8473eaeb70bc016389b14e71df683f57a6be41dd58fef9437361,E5,5,1,0,0,0,0,moderate_redundancy,37,fit_complete,True,2.3584582739999999e-08,3139.0180959999998,1.9336097800000001e-07,58,8.1631489439999995e-06,1,1,1,271,E5|5|moderate_redundancy|0.0|0|0,L_relative_error,2.0281811059999999e-05,0.002028181106,percent,100 * raw_value,n==5; practical designs; retained coefficients,37,37,NA,NA,NA,NA,NA,NA,NA,NA,NA,NA,NA,NA,NA,NA,NA,NA,NA,NA,NA,NA,NA,NA,NA,NA,NA,NA
4,a,raw,results/k9_practical_replicates.csv,d24c65b6f7fc8473eaeb70bc016389b14e71df683f57a6be41dd58fef9437361,E5,5,1,0,0,0,0,high_redundancy,77,fit_complete,True,1.043489786e-07,375.4882771,8.2449594870000002e-07,25,3.6919013170000002e-06,1,1,1,272,E5|5|high_redundancy|0.0|0|0,L_relative_error,7.8882298260000005e-06,0.00078882298260000007,percent,100 * raw_value,n==5; practical designs; retained coefficients,77,77,NA,NA,NA,NA,NA,NA,NA,NA,NA,NA,NA,NA,NA,NA,NA,NA,NA,NA,NA,NA,NA,NA,NA,NA,NA,NA
4,a,raw,results/k9_practical_replicates.csv,d24c65b6f7fc8473eaeb70bc016389b14e71df683f57a6be41dd58fef9437361,E5,5,1,0,1,0,0,moderate_redundancy,37,fit_complete,True,2.3584582739999999e-08,3139.0180959999998,1.9336097800000001e-07,58,8.1631489439999995e-06,1,1,1,274,E5|5|moderate_redundancy|0.0|0|1,L_relative_error,2.0281811059999999e-05,0.002028181106,percent,100 * raw_value,n==5; practical designs; retained coefficients,37,37,NA,NA,NA,NA,NA,NA,NA,NA,NA,NA,NA,NA,NA,NA,NA,NA,NA,NA,NA,NA,NA,NA,NA,NA,NA,NA
4,a,raw,results/k9_practical_replicates.csv,d24c65b6f7fc8473eaeb70bc016389b14e71df683f57a6be41dd58fef9437361,E5,5,1,0,1,0,0,high_redundancy,77,fit_complete,True,1.043489786e-07,375.4882771,8.2449594870000002e-07,25,3.6919013170000002e-06,1,1,1,275,E5|5|high_redundancy|0.0|0|1,L_relative_error,7.8882298260000005e-06,0.00078882298260000007,percent,100 * raw_value,n==5; practical designs; retained coefficients,77,77,NA,NA,NA,NA,NA,NA,NA,NA,NA,NA,NA,NA,NA,NA,NA,NA,NA,NA,NA,NA,NA,NA,NA,NA,NA,NA
4,a,raw,results/k9_practical_replicates.csv,d24c65b6f7fc8473eaeb70bc016389b14e71df683f57a6be41dd58fef9437361,E5,5,1,0,2,0,0,moderate_redundancy,37,fit_complete,True,2.3584582739999999e-08,3139.0180959999998,1.9336097800000001e-07,58,8.1631489439999995e-06,1,1,1,277,E5|5|moderate_redundancy|0.0|0|2,L_relative_error,2.0281811059999999e-05,0.002028181106,percent,100 * raw_value,n==5; practical designs; retained coefficients,37,37,NA,NA,NA,NA,NA,NA,NA,NA,NA,NA,NA,NA,NA,NA,NA,NA,NA,NA,NA,NA,NA,NA,NA,NA,NA,NA
4,a,raw,results/k9_practical_replicates.csv,d24c65b6f7fc8473eaeb70bc016389b14e71df683f57a6be41dd58fef9437361,E5,5,1,0,2,0,0,high_redundancy,77,fit_complete,True,1.043489786e-07,375.4882771,8.2449594870000002e-07,25,3.6919013170000002e-06,1,1,1,278,E5|5|high_redundancy|0.0|0|2,L_relative_error,7.8882298260000005e-06,0.00078882298260000007,percent,100 * raw_value,n==5; practical designs; retained coefficients,77,77,NA,NA,NA,NA,NA,NA,NA,NA,NA,NA,NA,NA,NA,NA,NA,NA,NA,NA,NA,NA,NA,NA,NA,NA,NA,NA
4,a,raw,results/k9_practical_replicates.csv,d24c65b6f7fc8473eaeb70bc016389b14e71df683f57a6be41dd58fef9437361,E5,5,1,0,3,0,0,moderate_redundancy,37,fit_complete,True,2.3584582739999999e-08,3139.0180959999998,1.9336097800000001e-07,58,8.1631489439999995e-06,1,1,1,280,E5|5|moderate_redundancy|0.0|0|3,L_relative_error,2.0281811059999999e-05,0.002028181106,percent,100 * raw_value,n==5; practical designs; retained coefficients,37,37,NA,NA,NA,NA,NA,NA,NA,NA,NA,NA,NA,NA,NA,NA,NA,NA,NA,NA,NA,NA,NA,NA,NA,NA,NA,NA
4,a,raw,results/k9_practical_replicates.csv,d24c65b6f7fc8473eaeb70bc016389b14e71df683f57a6be41dd58fef9437361,E5,5,1,0,3,0,0,high_redundancy,77,fit_complete,True,1.043489786e-07,375.4882771,8.2449594870000002e-07,25,3.6919013170000002e-06,1,1,1,281,E5|5|high_redundancy|0.0|0|3,L_relative_error,7.8882298260000005e-06,0.00078882298260000007,percent,100 * raw_value,n==5; practical designs; retained coefficients,77,77,NA,NA,NA,NA,NA,NA,NA,NA,NA,NA,NA,NA,NA,NA,NA,NA,NA,NA,NA,NA,NA,NA,NA,NA,NA,NA
4,a,raw,results/k9_practical_replicates.csv,d24c65b6f7fc8473eaeb70bc016389b14e71df683f57a6be41dd58fef9437361,E5,5,1,0,0,0.0001,0.01,moderate_redundancy,37,fit_complete,True,5.9694488049999999e-05,2950.4287340000001,0.00042776119050000002,49,0.013121045499999999,1,1,1,283,E5|5|moderate_redundancy|0.0001|0|0,L_relative_error,0.018540322599999999,1.8540322599999999,percent,100 * raw_value,n==5; practical designs; retained coefficients,37,37,NA,NA,NA,NA,NA,NA,NA,NA,NA,NA,NA,NA,NA,NA,NA,NA,NA,NA,NA,NA,NA,NA,NA,NA,NA,NA
4,a,raw,results/k9_practical_replicates.csv,d24c65b6f7fc8473eaeb70bc016389b14e71df683f57a6be41dd58fef9437361,E5,5,1,0,0,0.0001,0.01,high_redundancy,77,fit_complete,True,0.00010747221219999999,373.83247130000001,0.0007631412251,24,0.0023565196039999998,1,1,1,284,E5|5|high_redundancy|0.0001|0|0,L_relative_error,0.0010957533270000001,0.10957533270000001,percent,100 * raw_value,n==5; practical designs; retained coefficients,77,77,NA,NA,NA,NA,NA,NA,NA,NA,NA,NA,NA,NA,NA,NA,NA,NA,NA,NA,NA,NA,NA,NA,NA,NA,NA,NA
4,a,raw,results/k9_practical_replicates.csv,d24c65b6f7fc8473eaeb70bc016389b14e71df683f57a6be41dd58fef9437361,E5,5,1,0,1,0.0001,0.01,moderate_redundancy,37,fit_complete,True,6.083212973e-05,3043.0952830000001,0.00037131973320000001,56,0.01501241362,1,1,1,286,E5|5|moderate_redundancy|0.0001|0|1,L_relative_error,0.0096669750079999995,0.96669750079999994,percent,100 * raw_value,n==5; practical designs; retained coefficients,37,37,NA,NA,NA,NA,NA,NA,NA,NA,NA,NA,NA,NA,NA,NA,NA,NA,NA,NA,NA,NA,NA,NA,NA,NA,NA,NA
4,a,raw,results/k9_practical_replicates.csv,d24c65b6f7fc8473eaeb70bc016389b14e71df683f57a6be41dd58fef9437361,E5,5,1,0,1,0.0001,0.01,high_redundancy,77,fit_complete,True,9.4522879180000002e-05,374.7352846,0.00083714802959999998,24,0.0024320594199999999,1,1,1,287,E5|5|high_redundancy|0.0001|0|1,L_relative_error,0.00085517063200000001,0.085517063200000007,percent,100 * raw_value,n==5; practical designs; retained coefficients,77,77,NA,NA,NA,NA,NA,NA,NA,NA,NA,NA,NA,NA,NA,NA,NA,NA,NA,NA,NA,NA,NA,NA,NA,NA,NA,NA
4,a,raw,results/k9_practical_replicates.csv,d24c65b6f7fc8473eaeb70bc016389b14e71df683f57a6be41dd58fef9437361,E5,5,1,0,2,0.0001,0.01,moderate_redundancy,37,fit_complete,True,5.9981149659999997e-05,3079.659701,0.000412881265,54,0.0044719800369999998,1,1,1,289,E5|5|moderate_redundancy|0.0001|0|2,L_relative_error,0.0074999715890000001,0.74999715889999996,percent,100 * raw_value,n==5; practical designs; retained coefficients,37,37,NA,NA,NA,NA,NA,NA,NA,NA,NA,NA,NA,NA,NA,NA,NA,NA,NA,NA,NA,NA,NA,NA,NA,NA,NA,NA
4,a,raw,results/k9_practical_replicates.csv,d24c65b6f7fc8473eaeb70bc016389b14e71df683f57a6be41dd58fef9437361,E5,5,1,0,2,0.0001,0.01,high_redundancy,77,fit_complete,True,7.1712880669999999e-05,374.72168199999999,0.00068386554259999995,23,0.0020441876299999999,1,1,1,290,E5|5|high_redundancy|0.0001|0|2,L_relative_error,0.00061015842300000001,0.061015842299999998,percent,100 * raw_value,n==5; practical designs; retained coefficients,77,77,NA,NA,NA,NA,NA,NA,NA,NA,NA,NA,NA,NA,NA,NA,NA,NA,NA,NA,NA,NA,NA,NA,NA,NA,NA,NA
4,a,raw,results/k9_practical_replicates.csv,d24c65b6f7fc8473eaeb70bc016389b14e71df683f57a6be41dd58fef9437361,E5,5,1,0,3,0.0001,0.01,moderate_redundancy,37,fit_complete,True,7.3297810829999998e-05,3022.6396850000001,0.00043169715049999998,50,0.01458661321,1,1,1,292,E5|5|moderate_redundancy|0.0001|0|3,L_relative_error,0.012693736230000001,1.2693736230000001,percent,100 * raw_value,n==5; practical designs; retained coefficients,37,37,NA,NA,NA,NA,NA,NA,NA,NA,NA,NA,NA,NA,NA,NA,NA,NA,NA,NA,NA,NA,NA,NA,NA,NA,NA,NA
4,a,raw,results/k9_practical_replicates.csv,d24c65b6f7fc8473eaeb70bc016389b14e71df683f57a6be41dd58fef9437361,E5,5,1,0,3,0.0001,0.01,high_redundancy,77,fit_complete,True,8.3914031599999998e-05,374.51400489999997,0.00074550609259999999,24,0.0023557461929999998,1,1,1,293,E5|5|high_redundancy|0.0001|0|3,L_relative_error,0.00097161533960000003,0.097161533960000004,percent,100 * raw_value,n==5; practical designs; retained coefficients,77,77,NA,NA,NA,NA,NA,NA,NA,NA,NA,NA,NA,NA,NA,NA,NA,NA,NA,NA,NA,NA,NA,NA,NA,NA,NA,NA
4,a,raw,results/k9_practical_replicates.csv,d24c65b6f7fc8473eaeb70bc016389b14e71df683f57a6be41dd58fef9437361,E5,5,1,0,0,0.00029999999999999997,0.029999999999999999,moderate_redundancy,37,fit_complete,True,0.00027211465340000002,3062.2801119999999,0.0015399467139999999,57,0.01702650231,1,1,1,295,E5|5|moderate_redundancy|0.0003|0|0,L_relative_error,0.011769825689999999,1.176982569,percent,100 * raw_value,n==5; practical designs; retained coefficients,37,37,NA,NA,NA,NA,NA,NA,NA,NA,NA,NA,NA,NA,NA,NA,NA,NA,NA,NA,NA,NA,NA,NA,NA,NA,NA,NA
4,a,raw,results/k9_practical_replicates.csv,d24c65b6f7fc8473eaeb70bc016389b14e71df683f57a6be41dd58fef9437361,E5,5,1,0,0,0.00029999999999999997,0.029999999999999999,high_redundancy,77,fit_complete,True,0.00024553723750000002,371.442792,0.0023371902690000001,22,0.01164316491,1,1,1,296,E5|5|high_redundancy|0.0003|0|0,L_relative_error,0.0031852145609999999,0.31852145609999999,percent,100 * raw_value,n==5; practical designs; retained coefficients,77,77,NA,NA,NA,NA,NA,NA,NA,NA,NA,NA,NA,NA,NA,NA,NA,NA,NA,NA,NA,NA,NA,NA,NA,NA,NA,NA
4,a,raw,results/k9_practical_replicates.csv,d24c65b6f7fc8473eaeb70bc016389b14e71df683f57a6be41dd58fef9437361,E5,5,1,0,1,0.00029999999999999997,0.029999999999999999,moderate_redundancy,37,fit_complete,True,0.00020634017729999999,3105.2422190000002,0.001344516164,57,0.034934304809999997,1,1,1,298,E5|5|moderate_redundancy|0.0003|0|1,L_relative_error,0.0108831242,1.0883124200000001,percent,100 * raw_value,n==5; practical designs; retained coefficients,37,37,NA,NA,NA,NA,NA,NA,NA,NA,NA,NA,NA,NA,NA,NA,NA,NA,NA,NA,NA,NA,NA,NA,NA,NA,NA,NA
4,a,raw,results/k9_practical_replicates.csv,d24c65b6f7fc8473eaeb70bc016389b14e71df683f57a6be41dd58fef9437361,E5,5,1,0,1,0.00029999999999999997,0.029999999999999999,high_redundancy,77,fit_complete,True,0.00025198364480000002,372.62062659999998,0.0022389105169999999,17,0.017416693069999999,1,1,1,299,E5|5|high_redundancy|0.0003|0|1,L_relative_error,0.0041697095999999999,0.41697096,percent,100 * raw_value,n==5; practical designs; retained coefficients,77,77,NA,NA,NA,NA,NA,NA,NA,NA,NA,NA,NA,NA,NA,NA,NA,NA,NA,NA,NA,NA,NA,NA,NA,NA,NA,NA
4,a,raw,results/k9_practical_replicates.csv,d24c65b6f7fc8473eaeb70bc016389b14e71df683f57a6be41dd58fef9437361,E5,5,1,0,2,0.00029999999999999997,0.029999999999999999,moderate_redundancy,37,fit_complete,True,0.0002715596571,2769.8180560000001,0.001551956799,52,0.041961174109999999,1,1,1,301,E5|5|moderate_redundancy|0.0003|0|2,L_relative_error,0.034931147900000001,3.4931147899999999,percent,100 * raw_value,n==5; practical designs; retained coefficients,37,37,NA,NA,NA,NA,NA,NA,NA,NA,NA,NA,NA,NA,NA,NA,NA,NA,NA,NA,NA,NA,NA,NA,NA,NA,NA,NA
4,a,raw,results/k9_practical_replicates.csv,d24c65b6f7fc8473eaeb70bc016389b14e71df683f57a6be41dd58fef9437361,E5,5,1,0,2,0.00029999999999999997,0.029999999999999999,high_redundancy,77,fit_complete,True,0.00026128817340000002,372.02587799999998,0.0023458182670000002,20,0.0089372597000000002,1,1,1,302,E5|5|high_redundancy|0.0003|0|2,L_relative_error,0.0028260641890000002,0.28260641890000004,percent,100 * raw_value,n==5; practical designs; retained coefficients,77,77,NA,NA,NA,NA,NA,NA,NA,NA,NA,NA,NA,NA,NA,NA,NA,NA,NA,NA,NA,NA,NA,NA,NA,NA,NA,NA
4,a,raw,results/k9_practical_replicates.csv,d24c65b6f7fc8473eaeb70bc016389b14e71df683f57a6be41dd58fef9437361,E5,5,1,0,3,0.00029999999999999997,0.029999999999999999,moderate_redundancy,37,fit_complete,True,0.00025700637419999998,2669.354585,0.001447072201,53,0.044994133569999997,1,1,1,304,E5|5|moderate_redundancy|0.0003|0|3,L_relative_error,0.03747725365,3.747725365,percent,100 * raw_value,n==5; practical designs; retained coefficients,37,37,NA,NA,NA,NA,NA,NA,NA,NA,NA,NA,NA,NA,NA,NA,NA,NA,NA,NA,NA,NA,NA,NA,NA,NA,NA,NA
4,a,raw,results/k9_practical_replicates.csv,d24c65b6f7fc8473eaeb70bc016389b14e71df683f57a6be41dd58fef9437361,E5,5,1,0,3,0.00029999999999999997,0.029999999999999999,high_redundancy,77,fit_complete,True,0.00027839146109999999,373.85318749999999,0.002665212263,22,0.0051556953589999999,1,1,1,305,E5|5|high_redundancy|0.0003|0|3,L_relative_error,0.0024097076580000001,0.24097076580000001,percent,100 * raw_value,n==5; practical designs; retained coefficients,77,77,NA,NA,NA,NA,NA,NA,NA,NA,NA,NA,NA,NA,NA,NA,NA,NA,NA,NA,NA,NA,NA,NA,NA,NA,NA,NA
4,a,raw,results/k9_practical_replicates.csv,d24c65b6f7fc8473eaeb70bc016389b14e71df683f57a6be41dd58fef9437361,E5,5,1,0,0,0.001,0.10000000000000001,moderate_redundancy,37,fit_complete,True,0.0006418311902,2133.8383749999998,0.0038752848399999998,42,0.1139814203,0.83333333330000003,1,0.90909090910000001,307,E5|5|moderate_redundancy|0.001|0|0,L_relative_error,0.1186849416,11.868494159999999,percent,100 * raw_value,n==5; practical designs; retained coefficients,37,37,NA,NA,NA,NA,NA,NA,NA,NA,NA,NA,NA,NA,NA,NA,NA,NA,NA,NA,NA,NA,NA,NA,NA,NA,NA,NA
4,a,raw,results/k9_practical_replicates.csv,d24c65b6f7fc8473eaeb70bc016389b14e71df683f57a6be41dd58fef9437361,E5,5,1,0,0,0.001,0.10000000000000001,high_redundancy,77,fit_complete,True,0.00089590997030000003,365.9953261,0.0082681531330000002,19,0.036358317629999998,1,1,1,308,E5|5|high_redundancy|0.001|0|0,L_relative_error,0.0053687401330000002,0.53687401330000006,percent,100 * raw_value,n==5; practical designs; retained coefficients,77,77,NA,NA,NA,NA,NA,NA,NA,NA,NA,NA,NA,NA,NA,NA,NA,NA,NA,NA,NA,NA,NA,NA,NA,NA,NA,NA
4,a,raw,results/k9_practical_replicates.csv,d24c65b6f7fc8473eaeb70bc016389b14e71df683f57a6be41dd58fef9437361,E5,5,1,0,1,0.001,0.10000000000000001,moderate_redundancy,37,fit_complete,True,0.00082686945860000003,1828.216946,0.0051433753550000003,45,0.22935991999999999,0.71428571429999999,1,0.83333333330000003,310,E5|5|moderate_redundancy|0.001|0|1,L_relative_error,0.20232667779999999,20.23266778,percent,100 * raw_value,n==5; practical designs; retained coefficients,37,37,NA,NA,NA,NA,NA,NA,NA,NA,NA,NA,NA,NA,NA,NA,NA,NA,NA,NA,NA,NA,NA,NA,NA,NA,NA,NA
4,a,raw,results/k9_practical_replicates.csv,d24c65b6f7fc8473eaeb70bc016389b14e71df683f57a6be41dd58fef9437361,E5,5,1,0,1,0.001,0.10000000000000001,high_redundancy,77,fit_complete,True,0.00091675935460000003,369.80724429999998,0.0086925167229999992,19,0.055904978100000002,1,1,1,311,E5|5|high_redundancy|0.001|0|1,L_relative_error,0.0052527494180000002,0.52527494180000001,percent,100 * raw_value,n==5; practical designs; retained coefficients,77,77,NA,NA,NA,NA,NA,NA,NA,NA,NA,NA,NA,NA,NA,NA,NA,NA,NA,NA,NA,NA,NA,NA,NA,NA,NA,NA
4,a,raw,results/k9_practical_replicates.csv,d24c65b6f7fc8473eaeb70bc016389b14e71df683f57a6be41dd58fef9437361,E5,5,1,0,2,0.001,0.10000000000000001,moderate_redundancy,37,fit_complete,True,0.00093681539710000004,3274.0363149999998,0.0054079988610000003,38,0.18251204730000001,0.71428571429999999,1,0.83333333330000003,313,E5|5|moderate_redundancy|0.001|0|2,L_relative_error,0.1006194101,10.06194101,percent,100 * raw_value,n==5; practical designs; retained coefficients,37,37,NA,NA,NA,NA,NA,NA,NA,NA,NA,NA,NA,NA,NA,NA,NA,NA,NA,NA,NA,NA,NA,NA,NA,NA,NA,NA
4,a,raw,results/k9_practical_replicates.csv,d24c65b6f7fc8473eaeb70bc016389b14e71df683f57a6be41dd58fef9437361,E5,5,1,0,2,0.001,0.10000000000000001,high_redundancy,77,fit_complete,True,0.00094722906559999999,369.93110780000001,0.0085815880319999992,19,0.020103027150000001,1,1,1,314,E5|5|high_redundancy|0.001|0|2,L_relative_error,0.0063037815049999998,0.63037815050000001,percent,100 * raw_value,n==5; practical designs; retained coefficients,77,77,NA,NA,NA,NA,NA,NA,NA,NA,NA,NA,NA,NA,NA,NA,NA,NA,NA,NA,NA,NA,NA,NA,NA,NA,NA,NA
4,a,raw,results/k9_practical_replicates.csv,d24c65b6f7fc8473eaeb70bc016389b14e71df683f57a6be41dd58fef9437361,E5,5,1,0,3,0.001,0.10000000000000001,moderate_redundancy,37,fit_complete,True,0.00051538714110000003,2561.5507499999999,0.003406817635,50,0.039525886929999997,1,1,1,316,E5|5|moderate_redundancy|0.001|0|3,L_relative_error,0.063039382899999996,6.3039382899999996,percent,100 * raw_value,n==5; practical designs; retained coefficients,37,37,NA,NA,NA,NA,NA,NA,NA,NA,NA,NA,NA,NA,NA,NA,NA,NA,NA,NA,NA,NA,NA,NA,NA,NA,NA,NA
4,a,raw,results/k9_practical_replicates.csv,d24c65b6f7fc8473eaeb70bc016389b14e71df683f57a6be41dd58fef9437361,E5,5,1,0,3,0.001,0.10000000000000001,high_redundancy,77,fit_complete,True,0.00082093921519999999,373.63044439999999,0.0067201080079999998,22,0.073363190719999999,1,1,1,317,E5|5|high_redundancy|0.001|0|3,L_relative_error,0.0043619094670000001,0.43619094670000003,percent,100 * raw_value,n==5; practical designs; retained coefficients,77,77,NA,NA,NA,NA,NA,NA,NA,NA,NA,NA,NA,NA,NA,NA,NA,NA,NA,NA,NA,NA,NA,NA,NA,NA,NA,NA
4,a,raw,results/k9_practical_replicates.csv,d24c65b6f7fc8473eaeb70bc016389b14e71df683f57a6be41dd58fef9437361,E5,5,1,0,0,0.0030000000000000001,0.29999999999999999,moderate_redundancy,37,fit_complete,True,0.0020938971820000001,2846.450073,0.01227560697,45,0.78323715289999996,0.71428571429999999,1,0.83333333330000003,319,E5|5|moderate_redundancy|0.003|0|0,L_relative_error,0.1563414062,15.63414062,percent,100 * raw_value,n==5; practical designs; retained coefficients,37,37,NA,NA,NA,NA,NA,NA,NA,NA,NA,NA,NA,NA,NA,NA,NA,NA,NA,NA,NA,NA,NA,NA,NA,NA,NA,NA
4,a,raw,results/k9_practical_replicates.csv,d24c65b6f7fc8473eaeb70bc016389b14e71df683f57a6be41dd58fef9437361,E5,5,1,0,0,0.0030000000000000001,0.29999999999999999,high_redundancy,77,fit_complete,True,0.0024639717770000001,319.8760949,0.02246574917,20,0.091625727810000002,1,1,1,320,E5|5|high_redundancy|0.003|0|0,L_relative_error,0.051214993600000001,5.1214993600000005,percent,100 * raw_value,n==5; practical designs; retained coefficients,77,77,NA,NA,NA,NA,NA,NA,NA,NA,NA,NA,NA,NA,NA,NA,NA,NA,NA,NA,NA,NA,NA,NA,NA,NA,NA,NA
4,a,raw,results/k9_practical_replicates.csv,d24c65b6f7fc8473eaeb70bc016389b14e71df683f57a6be41dd58fef9437361,E5,5,1,0,1,0.0030000000000000001,0.29999999999999999,moderate_redundancy,37,fit_complete,True,0.0021890760430000001,1483.098493,0.01329538819,49,0.11627792200000001,0.625,1,0.7692307692,322,E5|5|moderate_redundancy|0.003|0|1,L_relative_error,0.33374448559999997,33.374448559999998,percent,100 * raw_value,n==5; practical designs; retained coefficients,37,37,NA,NA,NA,NA,NA,NA,NA,NA,NA,NA,NA,NA,NA,NA,NA,NA,NA,NA,NA,NA,NA,NA,NA,NA,NA,NA
4,a,raw,results/k9_practical_replicates.csv,d24c65b6f7fc8473eaeb70bc016389b14e71df683f57a6be41dd58fef9437361,E5,5,1,0,1,0.0030000000000000001,0.29999999999999999,high_redundancy,77,fit_complete,True,0.0025191211569999998,346.33675729999999,0.021676337689999998,20,0.081002813369999996,1,1,1,323,E5|5|high_redundancy|0.003|0|1,L_relative_error,0.024392198109999999,2.4392198110000001,percent,100 * raw_value,n==5; practical designs; retained coefficients,77,77,NA,NA,NA,NA,NA,NA,NA,NA,NA,NA,NA,NA,NA,NA,NA,NA,NA,NA,NA,NA,NA,NA,NA,NA,NA,NA
4,a,raw,results/k9_practical_replicates.csv,d24c65b6f7fc8473eaeb70bc016389b14e71df683f57a6be41dd58fef9437361,E5,5,1,0,2,0.0030000000000000001,0.29999999999999999,moderate_redundancy,37,fit_complete,True,0.002271168874,1914.9153449999999,0.014538513899999999,55,0.1618924182,0.625,1,0.7692307692,325,E5|5|moderate_redundancy|0.003|0|2,L_relative_error,0.2310393781,23.103937810000001,percent,100 * raw_value,n==5; practical designs; retained coefficients,37,37,NA,NA,NA,NA,NA,NA,NA,NA,NA,NA,NA,NA,NA,NA,NA,NA,NA,NA,NA,NA,NA,NA,NA,NA,NA,NA
4,a,raw,results/k9_practical_replicates.csv,d24c65b6f7fc8473eaeb70bc016389b14e71df683f57a6be41dd58fef9437361,E5,5,1,0,2,0.0030000000000000001,0.29999999999999999,high_redundancy,77,fit_complete,True,0.0027624578599999999,338.66661599999998,0.02467989437,21,0.1038010179,1,1,1,326,E5|5|high_redundancy|0.003|0|2,L_relative_error,0.0292199691,2.9219969099999998,percent,100 * raw_value,n==5; practical designs; retained coefficients,77,77,NA,NA,NA,NA,NA,NA,NA,NA,NA,NA,NA,NA,NA,NA,NA,NA,NA,NA,NA,NA,NA,NA,NA,NA,NA,NA
4,a,raw,results/k9_practical_replicates.csv,d24c65b6f7fc8473eaeb70bc016389b14e71df683f57a6be41dd58fef9437361,E5,5,1,0,3,0.0030000000000000001,0.29999999999999999,moderate_redundancy,37,fit_complete,True,0.001743347676,5962.6770489999999,0.01129797013,65,0.19824612520000001,0.625,1,0.7692307692,328,E5|5|moderate_redundancy|0.003|0|3,L_relative_error,0.2334959388,23.34959388,percent,100 * raw_value,n==5; practical designs; retained coefficients,37,37,NA,NA,NA,NA,NA,NA,NA,NA,NA,NA,NA,NA,NA,NA,NA,NA,NA,NA,NA,NA,NA,NA,NA,NA,NA,NA
4,a,raw,results/k9_practical_replicates.csv,d24c65b6f7fc8473eaeb70bc016389b14e71df683f57a6be41dd58fef9437361,E5,5,1,0,3,0.0030000000000000001,0.29999999999999999,high_redundancy,77,fit_complete,True,0.0021881091899999998,341.31968499999999,0.020785278729999999,19,0.10225316,1,1,1,329,E5|5|high_redundancy|0.003|0|3,L_relative_error,0.026054579729999999,2.605457973,percent,100 * raw_value,n==5; practical designs; retained coefficients,77,77,NA,NA,NA,NA,NA,NA,NA,NA,NA,NA,NA,NA,NA,NA,NA,NA,NA,NA,NA,NA,NA,NA,NA,NA,NA,NA
4,a,raw,results/k9_practical_replicates.csv,d24c65b6f7fc8473eaeb70bc016389b14e71df683f57a6be41dd58fef9437361,E5,5,1,1,0,0,0,moderate_redundancy,37,fit_complete,True,2.835339352e-08,3569.088792,2.3671442890000001e-07,39,8.4528215719999997e-06,1,1,1,331,E5|5|moderate_redundancy|0.0|1|0,L_relative_error,2.5714076100000001e-05,0.0025714076100000001,percent,100 * raw_value,n==5; practical designs; retained coefficients,37,37,NA,NA,NA,NA,NA,NA,NA,NA,NA,NA,NA,NA,NA,NA,NA,NA,NA,NA,NA,NA,NA,NA,NA,NA,NA,NA
4,a,raw,results/k9_practical_replicates.csv,d24c65b6f7fc8473eaeb70bc016389b14e71df683f57a6be41dd58fef9437361,E5,5,1,1,0,0,0,high_redundancy,77,fit_complete,True,1.0059583819999999e-07,402.28757619999999,7.7631837629999995e-07,27,3.3994250330000001e-06,1,1,1,332,E5|5|high_redundancy|0.0|1|0,L_relative_error,7.3301069570000001e-06,0.00073301069569999997,percent,100 * raw_value,n==5; practical designs; retained coefficients,77,77,NA,NA,NA,NA,NA,NA,NA,NA,NA,NA,NA,NA,NA,NA,NA,NA,NA,NA,NA,NA,NA,NA,NA,NA,NA,NA
4,a,raw,results/k9_practical_replicates.csv,d24c65b6f7fc8473eaeb70bc016389b14e71df683f57a6be41dd58fef9437361,E5,5,1,1,1,0,0,moderate_redundancy,37,fit_complete,True,2.835339352e-08,3569.088792,2.3671442890000001e-07,39,8.4528215719999997e-06,1,1,1,334,E5|5|moderate_redundancy|0.0|1|1,L_relative_error,2.5714076100000001e-05,0.0025714076100000001,percent,100 * raw_value,n==5; practical designs; retained coefficients,37,37,NA,NA,NA,NA,NA,NA,NA,NA,NA,NA,NA,NA,NA,NA,NA,NA,NA,NA,NA,NA,NA,NA,NA,NA,NA,NA
4,a,raw,results/k9_practical_replicates.csv,d24c65b6f7fc8473eaeb70bc016389b14e71df683f57a6be41dd58fef9437361,E5,5,1,1,1,0,0,high_redundancy,77,fit_complete,True,1.0059583819999999e-07,402.28757619999999,7.7631837629999995e-07,27,3.3994250330000001e-06,1,1,1,335,E5|5|high_redundancy|0.0|1|1,L_relative_error,7.3301069570000001e-06,0.00073301069569999997,percent,100 * raw_value,n==5; practical designs; retained coefficients,77,77,NA,NA,NA,NA,NA,NA,NA,NA,NA,NA,NA,NA,NA,NA,NA,NA,NA,NA,NA,NA,NA,NA,NA,NA,NA,NA
4,a,raw,results/k9_practical_replicates.csv,d24c65b6f7fc8473eaeb70bc016389b14e71df683f57a6be41dd58fef9437361,E5,5,1,1,2,0,0,moderate_redundancy,37,fit_complete,True,2.835339352e-08,3569.088792,2.3671442890000001e-07,39,8.4528215719999997e-06,1,1,1,337,E5|5|moderate_redundancy|0.0|1|2,L_relative_error,2.5714076100000001e-05,0.0025714076100000001,percent,100 * raw_value,n==5; practical designs; retained coefficients,37,37,NA,NA,NA,NA,NA,NA,NA,NA,NA,NA,NA,NA,NA,NA,NA,NA,NA,NA,NA,NA,NA,NA,NA,NA,NA,NA
4,a,raw,results/k9_practical_replicates.csv,d24c65b6f7fc8473eaeb70bc016389b14e71df683f57a6be41dd58fef9437361,E5,5,1,1,2,0,0,high_redundancy,77,fit_complete,True,1.0059583819999999e-07,402.28757619999999,7.7631837629999995e-07,27,3.3994250330000001e-06,1,1,1,338,E5|5|high_redundancy|0.0|1|2,L_relative_error,7.3301069570000001e-06,0.00073301069569999997,percent,100 * raw_value,n==5; practical designs; retained coefficients,77,77,NA,NA,NA,NA,NA,NA,NA,NA,NA,NA,NA,NA,NA,NA,NA,NA,NA,NA,NA,NA,NA,NA,NA,NA,NA,NA
4,a,raw,results/k9_practical_replicates.csv,d24c65b6f7fc8473eaeb70bc016389b14e71df683f57a6be41dd58fef9437361,E5,5,1,1,3,0,0,moderate_redundancy,37,fit_complete,True,2.835339352e-08,3569.088792,2.3671442890000001e-07,39,8.4528215719999997e-06,1,1,1,340,E5|5|moderate_redundancy|0.0|1|3,L_relative_error,2.5714076100000001e-05,0.0025714076100000001,percent,100 * raw_value,n==5; practical designs; retained coefficients,37,37,NA,NA,NA,NA,NA,NA,NA,NA,NA,NA,NA,NA,NA,NA,NA,NA,NA,NA,NA,NA,NA,NA,NA,NA,NA,NA
4,a,raw,results/k9_practical_replicates.csv,d24c65b6f7fc8473eaeb70bc016389b14e71df683f57a6be41dd58fef9437361,E5,5,1,1,3,0,0,high_redundancy,77,fit_complete,True,1.0059583819999999e-07,402.28757619999999,7.7631837629999995e-07,27,3.3994250330000001e-06,1,1,1,341,E5|5|high_redundancy|0.0|1|3,L_relative_error,7.3301069570000001e-06,0.00073301069569999997,percent,100 * raw_value,n==5; practical designs; retained coefficients,77,77,NA,NA,NA,NA,NA,NA,NA,NA,NA,NA,NA,NA,NA,NA,NA,NA,NA,NA,NA,NA,NA,NA,NA,NA,NA,NA
4,a,raw,results/k9_practical_replicates.csv,d24c65b6f7fc8473eaeb70bc016389b14e71df683f57a6be41dd58fef9437361,E5,5,1,1,0,0.0001,0.01,moderate_redundancy,37,fit_complete,True,5.0016963390000001e-05,3558.8557890000002,0.00035252642959999998,32,0.0095444381229999996,1,1,1,343,E5|5|moderate_redundancy|0.0001|1|0,L_relative_error,0.0024006900359999999,0.2400690036,percent,100 * raw_value,n==5; practical designs; retained coefficients,37,37,NA,NA,NA,NA,NA,NA,NA,NA,NA,NA,NA,NA,NA,NA,NA,NA,NA,NA,NA,NA,NA,NA,NA,NA,NA,NA
4,a,raw,results/k9_practical_replicates.csv,d24c65b6f7fc8473eaeb70bc016389b14e71df683f57a6be41dd58fef9437361,E5,5,1,1,0,0.0001,0.01,high_redundancy,77,fit_complete,True,9.0047914169999994e-05,401.76113149999998,0.00078955989840000002,26,0.0029917204219999998,1,1,1,344,E5|5|high_redundancy|0.0001|1|0,L_relative_error,0.00059333356360000004,0.059333356360000006,percent,100 * raw_value,n==5; practical designs; retained coefficients,77,77,NA,NA,NA,NA,NA,NA,NA,NA,NA,NA,NA,NA,NA,NA,NA,NA,NA,NA,NA,NA,NA,NA,NA,NA,NA,NA
4,a,raw,results/k9_practical_replicates.csv,d24c65b6f7fc8473eaeb70bc016389b14e71df683f57a6be41dd58fef9437361,E5,5,1,1,1,0.0001,0.01,moderate_redundancy,37,fit_complete,True,5.864701172e-05,3512.8178950000001,0.00039103580659999998,40,0.01052225758,1,1,1,346,E5|5|moderate_redundancy|0.0001|1|1,L_relative_error,0.0060194936910000002,0.60194936909999996,percent,100 * raw_value,n==5; practical designs; retained coefficients,37,37,NA,NA,NA,NA,NA,NA,NA,NA,NA,NA,NA,NA,NA,NA,NA,NA,NA,NA,NA,NA,NA,NA,NA,NA,NA,NA
4,a,raw,results/k9_practical_replicates.csv,d24c65b6f7fc8473eaeb70bc016389b14e71df683f57a6be41dd58fef9437361,E5,5,1,1,1,0.0001,0.01,high_redundancy,77,fit_complete,True,7.5299178259999994e-05,400.9229651,0.00070227860990000005,25,0.0061851070569999998,1,1,1,347,E5|5|high_redundancy|0.0001|1|1,L_relative_error,0.00090641532890000005,0.090641532890000001,percent,100 * raw_value,n==5; practical designs; retained coefficients,77,77,NA,NA,NA,NA,NA,NA,NA,NA,NA,NA,NA,NA,NA,NA,NA,NA,NA,NA,NA,NA,NA,NA,NA,NA,NA,NA
4,a,raw,results/k9_practical_replicates.csv,d24c65b6f7fc8473eaeb70bc016389b14e71df683f57a6be41dd58fef9437361,E5,5,1,1,2,0.0001,0.01,moderate_redundancy,37,fit_complete,True,7.2971081899999996e-05,3487.3705620000001,0.00044388944080000001,36,0.015883565320000001,1,1,1,349,E5|5|moderate_redundancy|0.0001|1|2,L_relative_error,0.011956512169999999,1.195651217,percent,100 * raw_value,n==5; practical designs; retained coefficients,37,37,NA,NA,NA,NA,NA,NA,NA,NA,NA,NA,NA,NA,NA,NA,NA,NA,NA,NA,NA,NA,NA,NA,NA,NA,NA,NA
4,a,raw,results/k9_practical_replicates.csv,d24c65b6f7fc8473eaeb70bc016389b14e71df683f57a6be41dd58fef9437361,E5,5,1,1,2,0.0001,0.01,high_redundancy,77,fit_complete,True,9.2273508819999998e-05,400.87729460000003,0.00077672636530000004,24,0.0043108150559999997,1,1,1,350,E5|5|high_redundancy|0.0001|1|2,L_relative_error,0.00090213422070000002,0.090213422070000007,percent,100 * raw_value,n==5; practical designs; retained coefficients,77,77,NA,NA,NA,NA,NA,NA,NA,NA,NA,NA,NA,NA,NA,NA,NA,NA,NA,NA,NA,NA,NA,NA,NA,NA,NA,NA
4,a,raw,results/k9_practical_replicates.csv,d24c65b6f7fc8473eaeb70bc016389b14e71df683f57a6be41dd58fef9437361,E5,5,1,1,3,0.0001,0.01,moderate_redundancy,37,fit_complete,True,5.0286244329999998e-05,3568.645743,0.0003890724611,37,0.01552793056,1,1,1,352,E5|5|moderate_redundancy|0.0001|1|3,L_relative_error,0.0085040916569999996,0.85040916569999991,percent,100 * raw_value,n==5; practical designs; retained coefficients,37,37,NA,NA,NA,NA,NA,NA,NA,NA,NA,NA,NA,NA,NA,NA,NA,NA,NA,NA,NA,NA,NA,NA,NA,NA,NA,NA
4,a,raw,results/k9_practical_replicates.csv,d24c65b6f7fc8473eaeb70bc016389b14e71df683f57a6be41dd58fef9437361,E5,5,1,1,3,0.0001,0.01,high_redundancy,77,fit_complete,True,8.1781533509999994e-05,400.64653939999999,0.00075966007110000002,25,0.0065046111819999997,1,1,1,353,E5|5|high_redundancy|0.0001|1|3,L_relative_error,0.00088014346080000005,0.08801434608,percent,100 * raw_value,n==5; practical designs; retained coefficients,77,77,NA,NA,NA,NA,NA,NA,NA,NA,NA,NA,NA,NA,NA,NA,NA,NA,NA,NA,NA,NA,NA,NA,NA,NA,NA,NA
4,a,raw,results/k9_practical_replicates.csv,d24c65b6f7fc8473eaeb70bc016389b14e71df683f57a6be41dd58fef9437361,E5,5,1,1,0,0.00029999999999999997,0.029999999999999999,moderate_redundancy,37,fit_complete,True,0.00017234712239999999,3181.9150719999998,0.0011451502310000001,33,0.043166971339999999,1,1,1,355,E5|5|moderate_redundancy|0.0003|1|0,L_relative_error,0.042589365310000002,4.2589365309999998,percent,100 * raw_value,n==5; practical designs; retained coefficients,37,37,NA,NA,NA,NA,NA,NA,NA,NA,NA,NA,NA,NA,NA,NA,NA,NA,NA,NA,NA,NA,NA,NA,NA,NA,NA,NA
4,a,raw,results/k9_practical_replicates.csv,d24c65b6f7fc8473eaeb70bc016389b14e71df683f57a6be41dd58fef9437361,E5,5,1,1,0,0.00029999999999999997,0.029999999999999999,high_redundancy,77,fit_complete,True,0.00024680567670000002,401.10235729999999,0.0022163158889999999,22,0.0086757337090000008,1,1,1,356,E5|5|high_redundancy|0.0003|1|0,L_relative_error,0.0019562497620000002,0.19562497620000002,percent,100 * raw_value,n==5; practical designs; retained coefficients,77,77,NA,NA,NA,NA,NA,NA,NA,NA,NA,NA,NA,NA,NA,NA,NA,NA,NA,NA,NA,NA,NA,NA,NA,NA,NA,NA
4,a,raw,results/k9_practical_replicates.csv,d24c65b6f7fc8473eaeb70bc016389b14e71df683f57a6be41dd58fef9437361,E5,5,1,1,1,0.00029999999999999997,0.029999999999999999,moderate_redundancy,37,fit_complete,True,0.00017188596039999999,2942.773596,0.0009482498551,45,0.067294102989999993,0.83333333330000003,1,0.90909090910000001,358,E5|5|moderate_redundancy|0.0003|1|1,L_relative_error,0.065616493159999997,6.5616493159999996,percent,100 * raw_value,n==5; practical designs; retained coefficients,37,37,NA,NA,NA,NA,NA,NA,NA,NA,NA,NA,NA,NA,NA,NA,NA,NA,NA,NA,NA,NA,NA,NA,NA,NA,NA,NA
4,a,raw,results/k9_practical_replicates.csv,d24c65b6f7fc8473eaeb70bc016389b14e71df683f57a6be41dd58fef9437361,E5,5,1,1,1,0.00029999999999999997,0.029999999999999999,high_redundancy,77,fit_complete,True,0.00026173980879999999,401.18368040000001,0.0023794309600000002,26,0.01000051563,1,1,1,359,E5|5|high_redundancy|0.0003|1|1,L_relative_error,0.0031262600619999998,0.31262600619999997,percent,100 * raw_value,n==5; practical designs; retained coefficients,77,77,NA,NA,NA,NA,NA,NA,NA,NA,NA,NA,NA,NA,NA,NA,NA,NA,NA,NA,NA,NA,NA,NA,NA,NA,NA,NA
4,a,raw,results/k9_practical_replicates.csv,d24c65b6f7fc8473eaeb70bc016389b14e71df683f57a6be41dd58fef9437361,E5,5,1,1,2,0.00029999999999999997,0.029999999999999999,moderate_redundancy,37,fit_complete,True,0.00015029585319999999,3137.2021540000001,0.001105343858,28,0.050805696070000003,1,1,1,361,E5|5|moderate_redundancy|0.0003|1|2,L_relative_error,0.036139053409999997,3.6139053409999997,percent,100 * raw_value,n==5; practical designs; retained coefficients,37,37,NA,NA,NA,NA,NA,NA,NA,NA,NA,NA,NA,NA,NA,NA,NA,NA,NA,NA,NA,NA,NA,NA,NA,NA,NA,NA
4,a,raw,results/k9_practical_replicates.csv,d24c65b6f7fc8473eaeb70bc016389b14e71df683f57a6be41dd58fef9437361,E5,5,1,1,2,0.00029999999999999997,0.029999999999999999,high_redundancy,77,fit_complete,True,0.0002096123573,401.14025340000001,0.001857198811,22,0.0082698439819999994,1,1,1,362,E5|5|high_redundancy|0.0003|1|2,L_relative_error,0.002809658976,0.28096589760000001,percent,100 * raw_value,n==5; practical designs; retained coefficients,77,77,NA,NA,NA,NA,NA,NA,NA,NA,NA,NA,NA,NA,NA,NA,NA,NA,NA,NA,NA,NA,NA,NA,NA,NA,NA,NA
4,a,raw,results/k9_practical_replicates.csv,d24c65b6f7fc8473eaeb70bc016389b14e71df683f57a6be41dd58fef9437361,E5,5,1,1,3,0.00029999999999999997,0.029999999999999999,moderate_redundancy,37,fit_complete,True,0.0001852082883,3455.0190950000001,0.001082523206,29,0.021828327420000002,1,1,1,364,E5|5|moderate_redundancy|0.0003|1|3,L_relative_error,0.021881626929999998,2.1881626929999998,percent,100 * raw_value,n==5; practical designs; retained coefficients,37,37,NA,NA,NA,NA,NA,NA,NA,NA,NA,NA,NA,NA,NA,NA,NA,NA,NA,NA,NA,NA,NA,NA,NA,NA,NA,NA
4,a,raw,results/k9_practical_replicates.csv,d24c65b6f7fc8473eaeb70bc016389b14e71df683f57a6be41dd58fef9437361,E5,5,1,1,3,0.00029999999999999997,0.029999999999999999,high_redundancy,77,fit_complete,True,0.00021131266349999999,399.95689249999998,0.0019678480450000002,23,0.0083939454580000007,1,1,1,365,E5|5|high_redundancy|0.0003|1|3,L_relative_error,0.0030451801029999998,0.30451801029999997,percent,100 * raw_value,n==5; practical designs; retained coefficients,77,77,NA,NA,NA,NA,NA,NA,NA,NA,NA,NA,NA,NA,NA,NA,NA,NA,NA,NA,NA,NA,NA,NA,NA,NA,NA,NA
4,a,raw,results/k9_practical_replicates.csv,d24c65b6f7fc8473eaeb70bc016389b14e71df683f57a6be41dd58fef9437361,E5,5,1,1,0,0.001,0.10000000000000001,moderate_redundancy,37,fit_complete,True,0.00063732910920000002,4128.3310000000001,0.0034543847440000001,38,0.049572343290000001,0.83333333330000003,1,0.90909090910000001,367,E5|5|moderate_redundancy|0.001|1|0,L_relative_error,0.093951637650000003,9.3951637649999995,percent,100 * raw_value,n==5; practical designs; retained coefficients,37,37,NA,NA,NA,NA,NA,NA,NA,NA,NA,NA,NA,NA,NA,NA,NA,NA,NA,NA,NA,NA,NA,NA,NA,NA,NA,NA
4,a,raw,results/k9_practical_replicates.csv,d24c65b6f7fc8473eaeb70bc016389b14e71df683f57a6be41dd58fef9437361,E5,5,1,1,0,0.001,0.10000000000000001,high_redundancy,77,fit_complete,True,0.00077723422930000001,395.07346999999999,0.0071329974809999997,21,0.022428660560000001,1,1,1,368,E5|5|high_redundancy|0.001|1|0,L_relative_error,0.01208278617,1.2082786169999999,percent,100 * raw_value,n==5; practical designs; retained coefficients,77,77,NA,NA,NA,NA,NA,NA,NA,NA,NA,NA,NA,NA,NA,NA,NA,NA,NA,NA,NA,NA,NA,NA,NA,NA,NA,NA
4,a,raw,results/k9_practical_replicates.csv,d24c65b6f7fc8473eaeb70bc016389b14e71df683f57a6be41dd58fef9437361,E5,5,1,1,1,0.001,0.10000000000000001,moderate_redundancy,37,fit_complete,True,0.00071280535360000003,2136.155827,0.0048681514869999996,40,0.099168733620000005,0.71428571429999999,1,0.83333333330000003,370,E5|5|moderate_redundancy|0.001|1|1,L_relative_error,0.17111404960000001,17.111404960000002,percent,100 * raw_value,n==5; practical designs; retained coefficients,37,37,NA,NA,NA,NA,NA,NA,NA,NA,NA,NA,NA,NA,NA,NA,NA,NA,NA,NA,NA,NA,NA,NA,NA,NA,NA,NA
4,a,raw,results/k9_practical_replicates.csv,d24c65b6f7fc8473eaeb70bc016389b14e71df683f57a6be41dd58fef9437361,E5,5,1,1,1,0.001,0.10000000000000001,high_redundancy,77,fit_complete,True,0.00090708259769999998,394.5984014,0.0086512723029999999,23,0.037514233600000002,1,1,1,371,E5|5|high_redundancy|0.001|1|1,L_relative_error,0.011957625560000001,1.195762556,percent,100 * raw_value,n==5; practical designs; retained coefficients,77,77,NA,NA,NA,NA,NA,NA,NA,NA,NA,NA,NA,NA,NA,NA,NA,NA,NA,NA,NA,NA,NA,NA,NA,NA,NA,NA
4,a,raw,results/k9_practical_replicates.csv,d24c65b6f7fc8473eaeb70bc016389b14e71df683f57a6be41dd58fef9437361,E5,5,1,1,2,0.001,0.10000000000000001,moderate_redundancy,37,fit_complete,True,0.00047121849119999997,3489.6616600000002,0.0034277835830000001,36,0.1002979328,0.83333333330000003,1,0.90909090910000001,373,E5|5|moderate_redundancy|0.001|1|2,L_relative_error,0.070007431849999996,7.0007431849999993,percent,100 * raw_value,n==5; practical designs; retained coefficients,37,37,NA,NA,NA,NA,NA,NA,NA,NA,NA,NA,NA,NA,NA,NA,NA,NA,NA,NA,NA,NA,NA,NA,NA,NA,NA,NA
4,a,raw,results/k9_practical_replicates.csv,d24c65b6f7fc8473eaeb70bc016389b14e71df683f57a6be41dd58fef9437361,E5,5,1,1,2,0.001,0.10000000000000001,high_redundancy,77,fit_complete,True,0.00090165370359999997,400.29587729999997,0.0077501380490000004,20,0.019023273980000002,1,1,1,374,E5|5|high_redundancy|0.001|1|2,L_relative_error,0.0040650937409999997,0.40650937409999999,percent,100 * raw_value,n==5; practical designs; retained coefficients,77,77,NA,NA,NA,NA,NA,NA,NA,NA,NA,NA,NA,NA,NA,NA,NA,NA,NA,NA,NA,NA,NA,NA,NA,NA,NA,NA
4,a,raw,results/k9_practical_replicates.csv,d24c65b6f7fc8473eaeb70bc016389b14e71df683f57a6be41dd58fef9437361,E5,5,1,1,3,0.001,0.10000000000000001,moderate_redundancy,37,fit_complete,True,0.00068900878989999997,2393.4610269999998,0.0044706198520000004,32,0.11118188750000001,0.71428571429999999,1,0.83333333330000003,376,E5|5|moderate_redundancy|0.001|1|3,L_relative_error,0.1442437268,14.424372679999999,percent,100 * raw_value,n==5; practical designs; retained coefficients,37,37,NA,NA,NA,NA,NA,NA,NA,NA,NA,NA,NA,NA,NA,NA,NA,NA,NA,NA,NA,NA,NA,NA,NA,NA,NA,NA
4,a,raw,results/k9_practical_replicates.csv,d24c65b6f7fc8473eaeb70bc016389b14e71df683f57a6be41dd58fef9437361,E5,5,1,1,3,0.001,0.10000000000000001,high_redundancy,77,fit_complete,True,0.00084766812700000002,392.59002729999997,0.0078591872209999997,21,0.038146962919999999,1,1,1,377,E5|5|high_redundancy|0.001|1|3,L_relative_error,0.0072963710369999997,0.72963710370000001,percent,100 * raw_value,n==5; practical designs; retained coefficients,77,77,NA,NA,NA,NA,NA,NA,NA,NA,NA,NA,NA,NA,NA,NA,NA,NA,NA,NA,NA,NA,NA,NA,NA,NA,NA,NA
4,a,raw,results/k9_practical_replicates.csv,d24c65b6f7fc8473eaeb70bc016389b14e71df683f57a6be41dd58fef9437361,E5,5,1,1,0,0.0030000000000000001,0.29999999999999999,moderate_redundancy,37,fit_complete,True,0.001304388896,5091.6306560000003,0.0094669188319999997,40,0.43896955409999999,0.57142857140000003,0.80000000000000004,0.66666666669999997,379,E5|5|moderate_redundancy|0.003|1|0,L_relative_error,0.31920898399999997,31.920898399999999,percent,100 * raw_value,n==5; practical designs; retained coefficients,37,37,NA,NA,NA,NA,NA,NA,NA,NA,NA,NA,NA,NA,NA,NA,NA,NA,NA,NA,NA,NA,NA,NA,NA,NA,NA,NA
4,a,raw,results/k9_practical_replicates.csv,d24c65b6f7fc8473eaeb70bc016389b14e71df683f57a6be41dd58fef9437361,E5,5,1,1,0,0.0030000000000000001,0.29999999999999999,high_redundancy,77,fit_complete,True,0.0021166167140000002,391.37299489999998,0.020676730890000002,26,0.050052328209999997,1,1,1,380,E5|5|high_redundancy|0.003|1|0,L_relative_error,0.022352270590000001,2.2352270590000001,percent,100 * raw_value,n==5; practical designs; retained coefficients,77,77,NA,NA,NA,NA,NA,NA,NA,NA,NA,NA,NA,NA,NA,NA,NA,NA,NA,NA,NA,NA,NA,NA,NA,NA,NA,NA
4,a,raw,results/k9_practical_replicates.csv,d24c65b6f7fc8473eaeb70bc016389b14e71df683f57a6be41dd58fef9437361,E5,5,1,1,1,0.0030000000000000001,0.29999999999999999,moderate_redundancy,37,fit_complete,True,0.001900761917,1541.503115,0.01354237786,37,0.15287066229999999,0.71428571429999999,1,0.83333333330000003,382,E5|5|moderate_redundancy|0.003|1|1,L_relative_error,0.26903136109999998,26.903136109999998,percent,100 * raw_value,n==5; practical designs; retained coefficients,37,37,NA,NA,NA,NA,NA,NA,NA,NA,NA,NA,NA,NA,NA,NA,NA,NA,NA,NA,NA,NA,NA,NA,NA,NA,NA,NA
4,a,raw,results/k9_practical_replicates.csv,d24c65b6f7fc8473eaeb70bc016389b14e71df683f57a6be41dd58fef9437361,E5,5,1,1,1,0.0030000000000000001,0.29999999999999999,high_redundancy,77,fit_complete,True,0.002630780343,423.77365839999999,0.024226807350000001,19,0.1651207066,1,1,1,383,E5|5|high_redundancy|0.003|1|1,L_relative_error,0.026144202620000001,2.6144202620000003,percent,100 * raw_value,n==5; practical designs; retained coefficients,77,77,NA,NA,NA,NA,NA,NA,NA,NA,NA,NA,NA,NA,NA,NA,NA,NA,NA,NA,NA,NA,NA,NA,NA,NA,NA,NA
4,a,raw,results/k9_practical_replicates.csv,d24c65b6f7fc8473eaeb70bc016389b14e71df683f57a6be41dd58fef9437361,E5,5,1,1,2,0.0030000000000000001,0.29999999999999999,moderate_redundancy,37,fit_complete,True,0.002690428403,4661.871838,0.01875542577,78,0.48519339189999999,0.71428571429999999,1,0.83333333330000003,385,E5|5|moderate_redundancy|0.003|1|2,L_relative_error,0.29452096230000002,29.452096230000002,percent,100 * raw_value,n==5; practical designs; retained coefficients,37,37,NA,NA,NA,NA,NA,NA,NA,NA,NA,NA,NA,NA,NA,NA,NA,NA,NA,NA,NA,NA,NA,NA,NA,NA,NA,NA
4,a,raw,results/k9_practical_replicates.csv,d24c65b6f7fc8473eaeb70bc016389b14e71df683f57a6be41dd58fef9437361,E5,5,1,1,2,0.0030000000000000001,0.29999999999999999,high_redundancy,77,fit_complete,True,0.0027747300700000001,397.40699999999998,0.02444876667,24,0.23841613689999999,1,1,1,386,E5|5|high_redundancy|0.003|1|2,L_relative_error,0.028463213750000001,2.846321375,percent,100 * raw_value,n==5; practical designs; retained coefficients,77,77,NA,NA,NA,NA,NA,NA,NA,NA,NA,NA,NA,NA,NA,NA,NA,NA,NA,NA,NA,NA,NA,NA,NA,NA,NA,NA
4,a,raw,results/k9_practical_replicates.csv,d24c65b6f7fc8473eaeb70bc016389b14e71df683f57a6be41dd58fef9437361,E5,5,1,1,3,0.0030000000000000001,0.29999999999999999,moderate_redundancy,37,fit_complete,True,0.00186458858,1440.2592139999999,0.01382814651,42,0.17143069320000001,0.55555555560000003,1,0.71428571429999999,388,E5|5|moderate_redundancy|0.003|1|3,L_relative_error,0.23817513870000001,23.817513870000003,percent,100 * raw_value,n==5; practical designs; retained coefficients,37,37,NA,NA,NA,NA,NA,NA,NA,NA,NA,NA,NA,NA,NA,NA,NA,NA,NA,NA,NA,NA,NA,NA,NA,NA,NA,NA
4,a,raw,results/k9_practical_replicates.csv,d24c65b6f7fc8473eaeb70bc016389b14e71df683f57a6be41dd58fef9437361,E5,5,1,1,3,0.0030000000000000001,0.29999999999999999,high_redundancy,77,fit_complete,True,0.0027411697130000001,375.26729089999998,0.026030490890000001,17,0.073508217550000005,1,1,1,389,E5|5|high_redundancy|0.003|1|3,L_relative_error,0.03104427136,3.104427136,percent,100 * raw_value,n==5; practical designs; retained coefficients,77,77,NA,NA,NA,NA,NA,NA,NA,NA,NA,NA,NA,NA,NA,NA,NA,NA,NA,NA,NA,NA,NA,NA,NA,NA,NA,NA
4,a,summary,results/k9_practical_replicates.csv,d24c65b6f7fc8473eaeb70bc016389b14e71df683f57a6be41dd58fef9437361,NA,NA,NA,NA,NA,0,NA,moderate_redundancy,NA,NA,NA,NA,NA,NA,NA,NA,NA,NA,NA,NA,NA,L_relative_error,NA,NA,percent,100 * raw_value,n==5; practical designs; retained coefficients,NA,NA,24,24,24,2.5714076100000001e-05,0.0018769525569999998,0.0030969147279999998,0.0053422661340000004,0.0025714076100000001,0.18769525569999998,0.30969147279999998,0.53422661339999999,NA,NA,NA,NA,NA,NA,NA,NA,NA,NA,NA,NA,NA,NA,NA
4,a,summary,results/k9_practical_replicates.csv,d24c65b6f7fc8473eaeb70bc016389b14e71df683f57a6be41dd58fef9437361,NA,NA,NA,NA,NA,0,NA,high_redundancy,NA,NA,NA,NA,NA,NA,NA,NA,NA,NA,NA,NA,NA,L_relative_error,NA,NA,percent,100 * raw_value,n==5; practical designs; retained coefficients,NA,NA,24,24,24,7.8882298260000005e-06,1.083320878e-05,1.5457442950000001e-05,2.2026456140000001e-05,0.00078882298260000007,0.001083320878,0.0015457442950000001,0.0022026456140000002,NA,NA,NA,NA,NA,NA,NA,NA,NA,NA,NA,NA,NA,NA,NA
4,a,summary,results/k9_practical_replicates.csv,d24c65b6f7fc8473eaeb70bc016389b14e71df683f57a6be41dd58fef9437361,NA,NA,NA,NA,NA,0.0001,NA,moderate_redundancy,NA,NA,NA,NA,NA,NA,NA,NA,NA,NA,NA,NA,NA,L_relative_error,NA,NA,percent,100 * raw_value,n==5; practical designs; retained coefficients,NA,NA,24,24,24,0.0113841278795,0.032796690259999997,0.050041122652499999,0.077074038186999982,1.1384127879499999,3.2796690259999997,5.0041122652499999,7.7074038186999978,NA,NA,NA,NA,NA,NA,NA,NA,NA,NA,NA,NA,NA,NA,NA
4,a,summary,results/k9_practical_replicates.csv,d24c65b6f7fc8473eaeb70bc016389b14e71df683f57a6be41dd58fef9437361,NA,NA,NA,NA,NA,0.0001,NA,high_redundancy,NA,NA,NA,NA,NA,NA,NA,NA,NA,NA,NA,NA,NA,L_relative_error,NA,NA,percent,100 * raw_value,n==5; practical designs; retained coefficients,NA,NA,24,24,24,0.00095531533692500004,0.0028025766184999997,0.0051307296975000001,0.010923912009999998,0.095531533692500004,0.28025766184999995,0.51307296975000005,1.0923912009999999,NA,NA,NA,NA,NA,NA,NA,NA,NA,NA,NA,NA,NA,NA,NA
4,a,summary,results/k9_practical_replicates.csv,d24c65b6f7fc8473eaeb70bc016389b14e71df683f57a6be41dd58fef9437361,NA,NA,NA,NA,NA,0.00029999999999999997,NA,moderate_redundancy,NA,NA,NA,NA,NA,NA,NA,NA,NA,NA,NA,NA,NA,L_relative_error,NA,NA,percent,100 * raw_value,n==5; practical designs; retained coefficients,NA,NA,24,24,24,0.041311337395000002,0.078532071699999997,0.13199464887500001,0.18662318600999997,4.1311337395000001,7.8532071700000001,13.199464887500001,18.662318600999996,NA,NA,NA,NA,NA,NA,NA,NA,NA,NA,NA,NA,NA,NA,NA
4,a,summary,results/k9_practical_replicates.csv,d24c65b6f7fc8473eaeb70bc016389b14e71df683f57a6be41dd58fef9437361,NA,NA,NA,NA,NA,0.00029999999999999997,NA,high_redundancy,NA,NA,NA,NA,NA,NA,NA,NA,NA,NA,NA,NA,NA,L_relative_error,NA,NA,percent,100 * raw_value,n==5; practical designs; retained coefficients,NA,NA,24,24,24,0.0031704759362500001,0.0087893029169999991,0.0136014124175,0.023690246121999999,0.31704759362500001,0.87893029169999992,1.3601412417500001,2.3690246122,NA,NA,NA,NA,NA,NA,NA,NA,NA,NA,NA,NA,NA,NA,NA
4,a,summary,results/k9_practical_replicates.csv,d24c65b6f7fc8473eaeb70bc016389b14e71df683f57a6be41dd58fef9437361,NA,NA,NA,NA,NA,0.001,NA,moderate_redundancy,NA,NA,NA,NA,NA,NA,NA,NA,NA,NA,NA,NA,NA,L_relative_error,NA,NA,percent,100 * raw_value,n==5; practical designs; retained coefficients,NA,NA,24,24,24,0.146046967625,0.2186649695,0.31062949360000003,0.40389542459,14.6046967625,21.866496949999998,31.062949360000005,40.389542458999998,NA,NA,NA,NA,NA,NA,NA,NA,NA,NA,NA,NA,NA,NA,NA
4,a,summary,results/k9_practical_replicates.csv,d24c65b6f7fc8473eaeb70bc016389b14e71df683f57a6be41dd58fef9437361,NA,NA,NA,NA,NA,0.001,NA,high_redundancy,NA,NA,NA,NA,NA,NA,NA,NA,NA,NA,NA,NA,NA,L_relative_error,NA,NA,percent,100 * raw_value,n==5; practical designs; retained coefficients,NA,NA,24,24,24,0.01079231192925,0.029123742884999998,0.050007057252500001,0.066740631333999989,1.079231192925,2.9123742884999997,5.0007057252500005,6.6740631333999989,NA,NA,NA,NA,NA,NA,NA,NA,NA,NA,NA,NA,NA,NA,NA
4,a,summary,results/k9_practical_replicates.csv,d24c65b6f7fc8473eaeb70bc016389b14e71df683f57a6be41dd58fef9437361,NA,NA,NA,NA,NA,0.0030000000000000001,NA,moderate_redundancy,NA,NA,NA,NA,NA,NA,NA,NA,NA,NA,NA,NA,NA,L_relative_error,NA,NA,percent,100 * raw_value,n==5; practical designs; retained coefficients,NA,NA,24,24,24,0.26725489809999997,0.35955482480000001,0.520957257625,0.63203768207,26.725489809999996,35.955482480000001,52.095725762500003,63.203768206999996,NA,NA,NA,NA,NA,NA,NA,NA,NA,NA,NA,NA,NA,NA,NA
4,a,summary,results/k9_practical_replicates.csv,d24c65b6f7fc8473eaeb70bc016389b14e71df683f57a6be41dd58fef9437361,NA,NA,NA,NA,NA,0.0030000000000000001,NA,high_redundancy,NA,NA,NA,NA,NA,NA,NA,NA,NA,NA,NA,NA,NA,L_relative_error,NA,NA,percent,100 * raw_value,n==5; practical designs; retained coefficients,NA,NA,24,24,24,0.030588195795000002,0.054281457564999996,0.101100600025,0.14468952720999997,3.0588195795000002,5.4281457564999993,10.110060002500001,14.468952720999997,NA,NA,NA,NA,NA,NA,NA,NA,NA,NA,NA,NA,NA,NA,NA
4,b,raw,results/k9_practical_replicates.csv,d24c65b6f7fc8473eaeb70bc016389b14e71df683f57a6be41dd58fef9437361,E3,5,1,0,0,0,0,moderate_redundancy,37,fit_complete,True,4.0770395540000001e-07,37389.736680000002,3.354387773e-06,97,NA,1,1,1,7,E3|5|moderate_redundancy|0.0|0|0,C_relative_error,0.00052832556480000002,0.052832556480000001,percent,100 * raw_value,n==5; practical designs; retained coefficients,37,37,NA,NA,NA,NA,NA,NA,NA,NA,NA,NA,NA,0.001061737732,NA,NA,NA,NA,NA,NA,NA,NA,NA,NA,NA,NA,NA,NA
4,b,raw,results/k9_practical_replicates.csv,d24c65b6f7fc8473eaeb70bc016389b14e71df683f57a6be41dd58fef9437361,E3,5,1,0,0,0,0,high_redundancy,77,fit_complete,True,4.152726438e-08,6685.619659,3.6254539519999999e-07,42,NA,1,1,1,8,E3|5|high_redundancy|0.0|0|0,C_relative_error,3.0294027800000001e-06,0.000302940278,percent,100 * raw_value,n==5; practical designs; retained coefficients,77,77,NA,NA,NA,NA,NA,NA,NA,NA,NA,NA,NA,1.5457442950000001e-05,NA,NA,NA,NA,NA,NA,NA,NA,NA,NA,NA,NA,NA,NA
4,b,raw,results/k9_practical_replicates.csv,d24c65b6f7fc8473eaeb70bc016389b14e71df683f57a6be41dd58fef9437361,E3,5,1,0,1,0,0,moderate_redundancy,37,fit_complete,True,4.0770395540000001e-07,37389.736680000002,3.354387773e-06,97,NA,1,1,1,10,E3|5|moderate_redundancy|0.0|0|1,C_relative_error,0.00052832556480000002,0.052832556480000001,percent,100 * raw_value,n==5; practical designs; retained coefficients,37,37,NA,NA,NA,NA,NA,NA,NA,NA,NA,NA,NA,0.001061737732,NA,NA,NA,NA,NA,NA,NA,NA,NA,NA,NA,NA,NA,NA
4,b,raw,results/k9_practical_replicates.csv,d24c65b6f7fc8473eaeb70bc016389b14e71df683f57a6be41dd58fef9437361,E3,5,1,0,1,0,0,high_redundancy,77,fit_complete,True,4.152726438e-08,6685.619659,3.6254539519999999e-07,42,NA,1,1,1,11,E3|5|high_redundancy|0.0|0|1,C_relative_error,3.0294027800000001e-06,0.000302940278,percent,100 * raw_value,n==5; practical designs; retained coefficients,77,77,NA,NA,NA,NA,NA,NA,NA,NA,NA,NA,NA,1.5457442950000001e-05,NA,NA,NA,NA,NA,NA,NA,NA,NA,NA,NA,NA,NA,NA
4,b,raw,results/k9_practical_replicates.csv,d24c65b6f7fc8473eaeb70bc016389b14e71df683f57a6be41dd58fef9437361,E3,5,1,0,2,0,0,moderate_redundancy,37,fit_complete,True,4.0770395540000001e-07,37389.736680000002,3.354387773e-06,97,NA,1,1,1,13,E3|5|moderate_redundancy|0.0|0|2,C_relative_error,0.00052832556480000002,0.052832556480000001,percent,100 * raw_value,n==5; practical designs; retained coefficients,37,37,NA,NA,NA,NA,NA,NA,NA,NA,NA,NA,NA,0.001061737732,NA,NA,NA,NA,NA,NA,NA,NA,NA,NA,NA,NA,NA,NA
4,b,raw,results/k9_practical_replicates.csv,d24c65b6f7fc8473eaeb70bc016389b14e71df683f57a6be41dd58fef9437361,E3,5,1,0,2,0,0,high_redundancy,77,fit_complete,True,4.152726438e-08,6685.619659,3.6254539519999999e-07,42,NA,1,1,1,14,E3|5|high_redundancy|0.0|0|2,C_relative_error,3.0294027800000001e-06,0.000302940278,percent,100 * raw_value,n==5; practical designs; retained coefficients,77,77,NA,NA,NA,NA,NA,NA,NA,NA,NA,NA,NA,1.5457442950000001e-05,NA,NA,NA,NA,NA,NA,NA,NA,NA,NA,NA,NA,NA,NA
4,b,raw,results/k9_practical_replicates.csv,d24c65b6f7fc8473eaeb70bc016389b14e71df683f57a6be41dd58fef9437361,E3,5,1,0,3,0,0,moderate_redundancy,37,fit_complete,True,4.0770395540000001e-07,37389.736680000002,3.354387773e-06,97,NA,1,1,1,16,E3|5|moderate_redundancy|0.0|0|3,C_relative_error,0.00052832556480000002,0.052832556480000001,percent,100 * raw_value,n==5; practical designs; retained coefficients,37,37,NA,NA,NA,NA,NA,NA,NA,NA,NA,NA,NA,0.001061737732,NA,NA,NA,NA,NA,NA,NA,NA,NA,NA,NA,NA,NA,NA
4,b,raw,results/k9_practical_replicates.csv,d24c65b6f7fc8473eaeb70bc016389b14e71df683f57a6be41dd58fef9437361,E3,5,1,0,3,0,0,high_redundancy,77,fit_complete,True,4.152726438e-08,6685.619659,3.6254539519999999e-07,42,NA,1,1,1,17,E3|5|high_redundancy|0.0|0|3,C_relative_error,3.0294027800000001e-06,0.000302940278,percent,100 * raw_value,n==5; practical designs; retained coefficients,77,77,NA,NA,NA,NA,NA,NA,NA,NA,NA,NA,NA,1.5457442950000001e-05,NA,NA,NA,NA,NA,NA,NA,NA,NA,NA,NA,NA,NA,NA
4,b,raw,results/k9_practical_replicates.csv,d24c65b6f7fc8473eaeb70bc016389b14e71df683f57a6be41dd58fef9437361,E3,5,1,0,0,0.0001,0.01,moderate_redundancy,37,fit_complete,True,5.9039802480000001e-05,33777.075400000002,0.00036162508420000002,96,NA,1,1,1,19,E3|5|moderate_redundancy|0.0001|0|0,C_relative_error,0.039309126610000002,3.9309126610000003,percent,100 * raw_value,n==5; practical designs; retained coefficients,37,37,NA,NA,NA,NA,NA,NA,NA,NA,NA,NA,NA,0.048612541109999997,NA,NA,NA,NA,NA,NA,NA,NA,NA,NA,NA,NA,NA,NA
4,b,raw,results/k9_practical_replicates.csv,d24c65b6f7fc8473eaeb70bc016389b14e71df683f57a6be41dd58fef9437361,E3,5,1,0,0,0.0001,0.01,high_redundancy,77,fit_complete,True,9.389646746e-05,6711.3746950000004,0.00079866962300000001,36,NA,1,1,1,20,E3|5|high_redundancy|0.0001|0|0,C_relative_error,0.040364076710000002,4.0364076710000001,percent,100 * raw_value,n==5; practical designs; retained coefficients,77,77,NA,NA,NA,NA,NA,NA,NA,NA,NA,NA,NA,0.0026969876989999999,NA,NA,NA,NA,NA,NA,NA,NA,NA,NA,NA,NA,NA,NA
4,b,raw,results/k9_practical_replicates.csv,d24c65b6f7fc8473eaeb70bc016389b14e71df683f57a6be41dd58fef9437361,E3,5,1,0,1,0.0001,0.01,moderate_redundancy,37,fit_complete,True,9.4944833990000003e-05,27887.151949999999,0.0005481436415,85,NA,0.83333333330000003,1,0.90909090910000001,22,E3|5|moderate_redundancy|0.0001|0|1,C_relative_error,0.048256164519999999,4.8256164520000002,percent,100 * raw_value,n==5; practical designs; retained coefficients,37,37,NA,NA,NA,NA,NA,NA,NA,NA,NA,NA,NA,0.12688911510000001,NA,NA,NA,NA,NA,NA,NA,NA,NA,NA,NA,NA,NA,NA
4,b,raw,results/k9_practical_replicates.csv,d24c65b6f7fc8473eaeb70bc016389b14e71df683f57a6be41dd58fef9437361,E3,5,1,0,1,0.0001,0.01,high_redundancy,77,fit_complete,True,8.2260773840000002e-05,6485.3579689999997,0.000782078724,41,NA,1,1,1,23,E3|5|high_redundancy|0.0001|0|1,C_relative_error,0.01278548738,1.278548738,percent,100 * raw_value,n==5; practical designs; retained coefficients,77,77,NA,NA,NA,NA,NA,NA,NA,NA,NA,NA,NA,0.015081517359999999,NA,NA,NA,NA,NA,NA,NA,NA,NA,NA,NA,NA,NA,NA
4,b,raw,results/k9_practical_replicates.csv,d24c65b6f7fc8473eaeb70bc016389b14e71df683f57a6be41dd58fef9437361,E3,5,1,0,2,0.0001,0.01,moderate_redundancy,37,fit_complete,True,6.9987473749999997e-05,31289.636340000001,0.00040652849459999998,101,NA,1,1,1,25,E3|5|moderate_redundancy|0.0001|0|2,C_relative_error,0.04195725308,4.1957253080000001,percent,100 * raw_value,n==5; practical designs; retained coefficients,37,37,NA,NA,NA,NA,NA,NA,NA,NA,NA,NA,NA,0.080870732469999998,NA,NA,NA,NA,NA,NA,NA,NA,NA,NA,NA,NA,NA,NA
4,b,raw,results/k9_practical_replicates.csv,d24c65b6f7fc8473eaeb70bc016389b14e71df683f57a6be41dd58fef9437361,E3,5,1,0,2,0.0001,0.01,high_redundancy,77,fit_complete,True,8.1078635499999994e-05,6601.861723,0.00072799682000000004,39,NA,1,1,1,26,E3|5|high_redundancy|0.0001|0|2,C_relative_error,0.027159097649999998,2.7159097649999997,percent,100 * raw_value,n==5; practical designs; retained coefficients,77,77,NA,NA,NA,NA,NA,NA,NA,NA,NA,NA,NA,0.0062474471120000001,NA,NA,NA,NA,NA,NA,NA,NA,NA,NA,NA,NA,NA,NA
4,b,raw,results/k9_practical_replicates.csv,d24c65b6f7fc8473eaeb70bc016389b14e71df683f57a6be41dd58fef9437361,E3,5,1,0,3,0.0001,0.01,moderate_redundancy,37,fit_complete,True,9.9370369070000004e-05,35397.365230000003,0.00051604020630000003,92,NA,1,1,1,28,E3|5|moderate_redundancy|0.0001|0|3,C_relative_error,0.014751169999999999,1.475117,percent,100 * raw_value,n==5; practical designs; retained coefficients,37,37,NA,NA,NA,NA,NA,NA,NA,NA,NA,NA,NA,0.036977768809999999,NA,NA,NA,NA,NA,NA,NA,NA,NA,NA,NA,NA,NA,NA
4,b,raw,results/k9_practical_replicates.csv,d24c65b6f7fc8473eaeb70bc016389b14e71df683f57a6be41dd58fef9437361,E3,5,1,0,3,0.0001,0.01,high_redundancy,77,fit_complete,True,9.5293807150000006e-05,6685.869455,0.00081035669120000005,40,NA,1,1,1,29,E3|5|high_redundancy|0.0001|0|3,C_relative_error,0.050692880189999998,5.069288019,percent,100 * raw_value,n==5; practical designs; retained coefficients,77,77,NA,NA,NA,NA,NA,NA,NA,NA,NA,NA,NA,0.0038450702860000001,NA,NA,NA,NA,NA,NA,NA,NA,NA,NA,NA,NA,NA,NA
4,b,raw,results/k9_practical_replicates.csv,d24c65b6f7fc8473eaeb70bc016389b14e71df683f57a6be41dd58fef9437361,E3,5,1,0,0,0.00029999999999999997,0.029999999999999999,moderate_redundancy,37,fit_complete,True,0.00023507254739999999,31216.820110000001,0.001239239512,108,NA,1,1,1,31,E3|5|moderate_redundancy|0.0003|0|0,C_relative_error,0.25294535309999999,25.294535310000001,percent,100 * raw_value,n==5; practical designs; retained coefficients,37,37,NA,NA,NA,NA,NA,NA,NA,NA,NA,NA,NA,0.13784741480000001,NA,NA,NA,NA,NA,NA,NA,NA,NA,NA,NA,NA,NA,NA
4,b,raw,results/k9_practical_replicates.csv,d24c65b6f7fc8473eaeb70bc016389b14e71df683f57a6be41dd58fef9437361,E3,5,1,0,0,0.00029999999999999997,0.029999999999999999,high_redundancy,77,fit_complete,True,0.00025388526679999998,6488.7682279999999,0.0022956255679999998,35,NA,1,1,1,32,E3|5|high_redundancy|0.0003|0|0,C_relative_error,0.061325465240000002,6.1325465240000003,percent,100 * raw_value,n==5; practical designs; retained coefficients,77,77,NA,NA,NA,NA,NA,NA,NA,NA,NA,NA,NA,0.01312441522,NA,NA,NA,NA,NA,NA,NA,NA,NA,NA,NA,NA,NA,NA
4,b,raw,results/k9_practical_replicates.csv,d24c65b6f7fc8473eaeb70bc016389b14e71df683f57a6be41dd58fef9437361,E3,5,1,0,1,0.00029999999999999997,0.029999999999999999,moderate_redundancy,37,fit_complete,True,0.00023448735999999999,29372.975610000001,0.0013360314779999999,75,NA,0.83333333330000003,1,0.90909090910000001,34,E3|5|moderate_redundancy|0.0003|0|1,C_relative_error,0.068043437009999999,6.8043437009999996,percent,100 * raw_value,n==5; practical designs; retained coefficients,37,37,NA,NA,NA,NA,NA,NA,NA,NA,NA,NA,NA,0.099948413149999998,NA,NA,NA,NA,NA,NA,NA,NA,NA,NA,NA,NA,NA,NA
4,b,raw,results/k9_practical_replicates.csv,d24c65b6f7fc8473eaeb70bc016389b14e71df683f57a6be41dd58fef9437361,E3,5,1,0,1,0.00029999999999999997,0.029999999999999999,high_redundancy,77,fit_complete,True,0.00022804604929999999,6360.4741139999996,0.0021122531729999999,36,NA,1,1,1,35,E3|5|high_redundancy|0.0003|0|1,C_relative_error,0.037289203049999997,3.7289203049999999,percent,100 * raw_value,n==5; practical designs; retained coefficients,77,77,NA,NA,NA,NA,NA,NA,NA,NA,NA,NA,NA,0.02035672698,NA,NA,NA,NA,NA,NA,NA,NA,NA,NA,NA,NA,NA,NA
4,b,raw,results/k9_practical_replicates.csv,d24c65b6f7fc8473eaeb70bc016389b14e71df683f57a6be41dd58fef9437361,E3,5,1,0,2,0.00029999999999999997,0.029999999999999999,moderate_redundancy,37,fit_complete,True,0.00021225566799999999,27943.748960000001,0.001307769998,103,NA,0.83333333330000003,1,0.90909090910000001,37,E3|5|moderate_redundancy|0.0003|0|2,C_relative_error,0.30952231879999997,30.952231879999996,percent,100 * raw_value,n==5; practical designs; retained coefficients,37,37,NA,NA,NA,NA,NA,NA,NA,NA,NA,NA,NA,0.15884330220000001,NA,NA,NA,NA,NA,NA,NA,NA,NA,NA,NA,NA,NA,NA
4,b,raw,results/k9_practical_replicates.csv,d24c65b6f7fc8473eaeb70bc016389b14e71df683f57a6be41dd58fef9437361,E3,5,1,0,2,0.00029999999999999997,0.029999999999999999,high_redundancy,77,fit_complete,True,0.00025353298920000001,6717.03845,0.0022625323750000001,31,NA,1,1,1,38,E3|5|high_redundancy|0.0003|0|2,C_relative_error,0.1302049981,13.02049981,percent,100 * raw_value,n==5; practical designs; retained coefficients,77,77,NA,NA,NA,NA,NA,NA,NA,NA,NA,NA,NA,0.0088190509019999992,NA,NA,NA,NA,NA,NA,NA,NA,NA,NA,NA,NA,NA,NA
4,b,raw,results/k9_practical_replicates.csv,d24c65b6f7fc8473eaeb70bc016389b14e71df683f57a6be41dd58fef9437361,E3,5,1,0,3,0.00029999999999999997,0.029999999999999999,moderate_redundancy,37,fit_complete,True,0.00020479241420000001,22995.802950000001,0.001222257501,88,NA,0.83333333330000003,1,0.90909090910000001,40,E3|5|moderate_redundancy|0.0003|0|3,C_relative_error,0.049191602260000002,4.9191602259999998,percent,100 * raw_value,n==5; practical designs; retained coefficients,37,37,NA,NA,NA,NA,NA,NA,NA,NA,NA,NA,NA,0.19852885049999999,NA,NA,NA,NA,NA,NA,NA,NA,NA,NA,NA,NA,NA,NA
4,b,raw,results/k9_practical_replicates.csv,d24c65b6f7fc8473eaeb70bc016389b14e71df683f57a6be41dd58fef9437361,E3,5,1,0,3,0.00029999999999999997,0.029999999999999999,high_redundancy,77,fit_complete,True,0.00025996731669999999,6805.5233900000003,0.0022282665629999999,38,NA,1,1,1,41,E3|5|high_redundancy|0.0003|0|3,C_relative_error,0.06062385067,6.0623850670000001,percent,100 * raw_value,n==5; practical designs; retained coefficients,77,77,NA,NA,NA,NA,NA,NA,NA,NA,NA,NA,NA,0.012982617869999999,NA,NA,NA,NA,NA,NA,NA,NA,NA,NA,NA,NA,NA,NA
4,b,raw,results/k9_practical_replicates.csv,d24c65b6f7fc8473eaeb70bc016389b14e71df683f57a6be41dd58fef9437361,E3,5,1,0,0,0.001,0.10000000000000001,moderate_redundancy,37,fit_complete,True,0.00089161819690000005,52599.608930000002,0.0047760012899999999,120,NA,0.83333333330000003,1,0.90909090910000001,43,E3|5|moderate_redundancy|0.001|0|0,C_relative_error,0.18254895069999999,18.25489507,percent,100 * raw_value,n==5; practical designs; retained coefficients,37,37,NA,NA,NA,NA,NA,NA,NA,NA,NA,NA,NA,0.47061053980000001,NA,NA,NA,NA,NA,NA,NA,NA,NA,NA,NA,NA,NA,NA
4,b,raw,results/k9_practical_replicates.csv,d24c65b6f7fc8473eaeb70bc016389b14e71df683f57a6be41dd58fef9437361,E3,5,1,0,0,0.001,0.10000000000000001,high_redundancy,77,fit_complete,True,0.00098081181109999993,5273.4609689999997,0.0082840426489999997,31,NA,0.83333333330000003,1,0.90909090910000001,44,E3|5|high_redundancy|0.001|0|0,C_relative_error,0.20142058560000001,20.142058560000002,percent,100 * raw_value,n==5; practical designs; retained coefficients,77,77,NA,NA,NA,NA,NA,NA,NA,NA,NA,NA,NA,0.102936316,NA,NA,NA,NA,NA,NA,NA,NA,NA,NA,NA,NA,NA,NA
4,b,raw,results/k9_practical_replicates.csv,d24c65b6f7fc8473eaeb70bc016389b14e71df683f57a6be41dd58fef9437361,E3,5,1,0,1,0.001,0.10000000000000001,moderate_redundancy,37,fit_complete,True,0.00051236618350000002,45638.128239999998,0.0031222069860000002,101,NA,0.71428571429999999,1,0.83333333330000003,46,E3|5|moderate_redundancy|0.001|0|1,C_relative_error,0.53333101250000003,53.333101250000006,percent,100 * raw_value,n==5; practical designs; retained coefficients,37,37,NA,NA,NA,NA,NA,NA,NA,NA,NA,NA,NA,0.14664804789999999,NA,NA,NA,NA,NA,NA,NA,NA,NA,NA,NA,NA,NA,NA
4,b,raw,results/k9_practical_replicates.csv,d24c65b6f7fc8473eaeb70bc016389b14e71df683f57a6be41dd58fef9437361,E3,5,1,0,1,0.001,0.10000000000000001,high_redundancy,77,fit_complete,True,0.00092354219960000001,5151.6042349999998,0.0071203140759999997,33,NA,1,1,1,47,E3|5|high_redundancy|0.001|0|1,C_relative_error,0.01329147956,1.3291479559999999,percent,100 * raw_value,n==5; practical designs; retained coefficients,77,77,NA,NA,NA,NA,NA,NA,NA,NA,NA,NA,NA,0.1159282227,NA,NA,NA,NA,NA,NA,NA,NA,NA,NA,NA,NA,NA,NA
4,b,raw,results/k9_practical_replicates.csv,d24c65b6f7fc8473eaeb70bc016389b14e71df683f57a6be41dd58fef9437361,E3,5,1,0,2,0.001,0.10000000000000001,moderate_redundancy,37,fit_complete,True,0.00068399718079999996,56800.215810000002,0.0044776254199999999,80,NA,0.83333333330000003,1,0.90909090910000001,49,E3|5|moderate_redundancy|0.001|0|2,C_relative_error,0.54262104659999999,54.262104659999999,percent,100 * raw_value,n==5; practical designs; retained coefficients,37,37,NA,NA,NA,NA,NA,NA,NA,NA,NA,NA,NA,0.28841034370000002,NA,NA,NA,NA,NA,NA,NA,NA,NA,NA,NA,NA,NA,NA
4,b,raw,results/k9_practical_replicates.csv,d24c65b6f7fc8473eaeb70bc016389b14e71df683f57a6be41dd58fef9437361,E3,5,1,0,2,0.001,0.10000000000000001,high_redundancy,77,fit_complete,True,0.00090152727729999997,6058.4572459999999,0.0079688098440000004,32,NA,1,1,1,50,E3|5|high_redundancy|0.001|0|2,C_relative_error,0.1862762935,18.627629349999999,percent,100 * raw_value,n==5; practical designs; retained coefficients,77,77,NA,NA,NA,NA,NA,NA,NA,NA,NA,NA,NA,0.037012187379999999,NA,NA,NA,NA,NA,NA,NA,NA,NA,NA,NA,NA,NA,NA
4,b,raw,results/k9_practical_replicates.csv,d24c65b6f7fc8473eaeb70bc016389b14e71df683f57a6be41dd58fef9437361,E3,5,1,0,3,0.001,0.10000000000000001,moderate_redundancy,37,fit_complete,True,0.00090983781850000002,15032.577929999999,0.0041459840819999998,67,NA,0.83333333330000003,1,0.90909090910000001,52,E3|5|moderate_redundancy|0.001|0|3,C_relative_error,0.34201091379999998,34.201091380000001,percent,100 * raw_value,n==5; practical designs; retained coefficients,37,37,NA,NA,NA,NA,NA,NA,NA,NA,NA,NA,NA,0.4114712693,NA,NA,NA,NA,NA,NA,NA,NA,NA,NA,NA,NA,NA,NA
4,b,raw,results/k9_practical_replicates.csv,d24c65b6f7fc8473eaeb70bc016389b14e71df683f57a6be41dd58fef9437361,E3,5,1,0,3,0.001,0.10000000000000001,high_redundancy,77,fit_complete,True,0.001093148318,6844.5392069999998,0.0088919885599999995,34,NA,1,1,1,53,E3|5|high_redundancy|0.001|0|3,C_relative_error,0.22584002349999999,22.584002349999999,percent,100 * raw_value,n==5; practical designs; retained coefficients,77,77,NA,NA,NA,NA,NA,NA,NA,NA,NA,NA,NA,0.037645220430000001,NA,NA,NA,NA,NA,NA,NA,NA,NA,NA,NA,NA,NA,NA
4,b,raw,results/k9_practical_replicates.csv,d24c65b6f7fc8473eaeb70bc016389b14e71df683f57a6be41dd58fef9437361,E3,5,1,0,0,0.0030000000000000001,0.29999999999999999,moderate_redundancy,37,fit_complete,True,0.0018312864480000001,4188.2287239999996,0.011293904759999999,52,NA,0.625,1,0.7692307692,55,E3|5|moderate_redundancy|0.003|0|0,C_relative_error,0.2554373989,25.543739890000001,percent,100 * raw_value,n==5; practical designs; retained coefficients,37,37,NA,NA,NA,NA,NA,NA,NA,NA,NA,NA,NA,0.63973100360000001,NA,NA,NA,NA,NA,NA,NA,NA,NA,NA,NA,NA,NA,NA
4,b,raw,results/k9_practical_replicates.csv,d24c65b6f7fc8473eaeb70bc016389b14e71df683f57a6be41dd58fef9437361,E3,5,1,0,0,0.0030000000000000001,0.29999999999999999,high_redundancy,77,fit_complete,True,0.0027131423900000002,17676.62556,0.022319307900000002,40,NA,1,1,1,56,E3|5|high_redundancy|0.003|0|0,C_relative_error,0.96271913409999998,96.271913409999996,percent,100 * raw_value,n==5; practical designs; retained coefficients,77,77,NA,NA,NA,NA,NA,NA,NA,NA,NA,NA,NA,0.12437100149999999,NA,NA,NA,NA,NA,NA,NA,NA,NA,NA,NA,NA,NA,NA
4,b,raw,results/k9_practical_replicates.csv,d24c65b6f7fc8473eaeb70bc016389b14e71df683f57a6be41dd58fef9437361,E3,5,1,0,1,0.0030000000000000001,0.29999999999999999,moderate_redundancy,37,fit_complete,True,0.002508584086,92527.280119999996,0.01500038978,167,NA,0.71428571429999999,1,0.83333333330000003,58,E3|5|moderate_redundancy|0.003|0|1,C_relative_error,3.1751873960000001,317.5187396,percent,100 * raw_value,n==5; practical designs; retained coefficients,37,37,NA,NA,NA,NA,NA,NA,NA,NA,NA,NA,NA,0.56566800500000003,NA,NA,NA,NA,NA,NA,NA,NA,NA,NA,NA,NA,NA,NA
4,b,raw,results/k9_practical_replicates.csv,d24c65b6f7fc8473eaeb70bc016389b14e71df683f57a6be41dd58fef9437361,E3,5,1,0,1,0.0030000000000000001,0.29999999999999999,high_redundancy,77,fit_complete,True,0.0031655127520000001,6063.5326180000002,0.02811981107,27,NA,0.83333333330000003,1,0.90909090910000001,59,E3|5|high_redundancy|0.003|0|1,C_relative_error,0.37016680839999999,37.016680839999999,percent,100 * raw_value,n==5; practical designs; retained coefficients,77,77,NA,NA,NA,NA,NA,NA,NA,NA,NA,NA,NA,0.057347921529999998,NA,NA,NA,NA,NA,NA,NA,NA,NA,NA,NA,NA,NA,NA
4,b,raw,results/k9_practical_replicates.csv,d24c65b6f7fc8473eaeb70bc016389b14e71df683f57a6be41dd58fef9437361,E3,5,1,0,2,0.0030000000000000001,0.29999999999999999,moderate_redundancy,37,fit_complete,True,0.0020033223849999999,22927.40453,0.0140110693,116,NA,0.625,1,0.7692307692,61,E3|5|moderate_redundancy|0.003|0|2,C_relative_error,0.75855605589999997,75.855605589999996,percent,100 * raw_value,n==5; practical designs; retained coefficients,37,37,NA,NA,NA,NA,NA,NA,NA,NA,NA,NA,NA,0.4687105734,NA,NA,NA,NA,NA,NA,NA,NA,NA,NA,NA,NA,NA,NA
4,b,raw,results/k9_practical_replicates.csv,d24c65b6f7fc8473eaeb70bc016389b14e71df683f57a6be41dd58fef9437361,E3,5,1,0,2,0.0030000000000000001,0.29999999999999999,high_redundancy,77,fit_complete,True,0.0025224947450000002,27693.772690000002,0.022355981970000001,43,NA,1,1,1,62,E3|5|high_redundancy|0.003|0|2,C_relative_error,0.63462118700000003,63.462118700000005,percent,100 * raw_value,n==5; practical designs; retained coefficients,77,77,NA,NA,NA,NA,NA,NA,NA,NA,NA,NA,NA,0.15339746679999999,NA,NA,NA,NA,NA,NA,NA,NA,NA,NA,NA,NA,NA,NA
4,b,raw,results/k9_practical_replicates.csv,d24c65b6f7fc8473eaeb70bc016389b14e71df683f57a6be41dd58fef9437361,E3,5,1,0,3,0.0030000000000000001,0.29999999999999999,moderate_redundancy,37,fit_complete,True,0.0013643551979999999,8155.714172,0.0081769131800000002,106,NA,0.625,1,0.7692307692,64,E3|5|moderate_redundancy|0.003|0|3,C_relative_error,0.88458759840000001,88.458759839999999,percent,100 * raw_value,n==5; practical designs; retained coefficients,37,37,NA,NA,NA,NA,NA,NA,NA,NA,NA,NA,NA,0.78911833170000001,NA,NA,NA,NA,NA,NA,NA,NA,NA,NA,NA,NA,NA,NA
4,b,raw,results/k9_practical_replicates.csv,d24c65b6f7fc8473eaeb70bc016389b14e71df683f57a6be41dd58fef9437361,E3,5,1,0,3,0.0030000000000000001,0.29999999999999999,high_redundancy,77,fit_complete,True,0.0026433661259999998,28743.881730000001,0.022789561810000001,38,NA,0.83333333330000003,1,0.90909090910000001,65,E3|5|high_redundancy|0.003|0|3,C_relative_error,0.57117331680000005,57.117331680000007,percent,100 * raw_value,n==5; practical designs; retained coefficients,77,77,NA,NA,NA,NA,NA,NA,NA,NA,NA,NA,NA,0.1100205808,NA,NA,NA,NA,NA,NA,NA,NA,NA,NA,NA,NA,NA,NA
4,b,raw,results/k9_practical_replicates.csv,d24c65b6f7fc8473eaeb70bc016389b14e71df683f57a6be41dd58fef9437361,E3,5,1,1,0,0,0,moderate_redundancy,37,fit_complete,True,1.732662145e-06,42520.572840000001,1.4108571040000001e-05,179,NA,1,1,1,67,E3|5|moderate_redundancy|0.0|1|0,C_relative_error,0.0035141426240000002,0.35141426240000001,percent,100 * raw_value,n==5; practical designs; retained coefficients,37,37,NA,NA,NA,NA,NA,NA,NA,NA,NA,NA,NA,0.0053422661340000004,NA,NA,NA,NA,NA,NA,NA,NA,NA,NA,NA,NA,NA,NA
4,b,raw,results/k9_practical_replicates.csv,d24c65b6f7fc8473eaeb70bc016389b14e71df683f57a6be41dd58fef9437361,E3,5,1,1,0,0,0,high_redundancy,77,fit_complete,True,5.0236412170000002e-08,7240.0231350000004,4.4624434980000002e-07,34,NA,1,1,1,68,E3|5|high_redundancy|0.0|1|0,C_relative_error,4.8761921170000001e-06,0.00048761921169999999,percent,100 * raw_value,n==5; practical designs; retained coefficients,77,77,NA,NA,NA,NA,NA,NA,NA,NA,NA,NA,NA,2.2026456140000001e-05,NA,NA,NA,NA,NA,NA,NA,NA,NA,NA,NA,NA,NA,NA
4,b,raw,results/k9_practical_replicates.csv,d24c65b6f7fc8473eaeb70bc016389b14e71df683f57a6be41dd58fef9437361,E3,5,1,1,1,0,0,moderate_redundancy,37,fit_complete,True,1.732662145e-06,42520.572840000001,1.4108571040000001e-05,179,NA,1,1,1,70,E3|5|moderate_redundancy|0.0|1|1,C_relative_error,0.0035141426240000002,0.35141426240000001,percent,100 * raw_value,n==5; practical designs; retained coefficients,37,37,NA,NA,NA,NA,NA,NA,NA,NA,NA,NA,NA,0.0053422661340000004,NA,NA,NA,NA,NA,NA,NA,NA,NA,NA,NA,NA,NA,NA
4,b,raw,results/k9_practical_replicates.csv,d24c65b6f7fc8473eaeb70bc016389b14e71df683f57a6be41dd58fef9437361,E3,5,1,1,1,0,0,high_redundancy,77,fit_complete,True,5.0236412170000002e-08,7240.0231350000004,4.4624434980000002e-07,34,NA,1,1,1,71,E3|5|high_redundancy|0.0|1|1,C_relative_error,4.8761921170000001e-06,0.00048761921169999999,percent,100 * raw_value,n==5; practical designs; retained coefficients,77,77,NA,NA,NA,NA,NA,NA,NA,NA,NA,NA,NA,2.2026456140000001e-05,NA,NA,NA,NA,NA,NA,NA,NA,NA,NA,NA,NA,NA,NA
4,b,raw,results/k9_practical_replicates.csv,d24c65b6f7fc8473eaeb70bc016389b14e71df683f57a6be41dd58fef9437361,E3,5,1,1,2,0,0,moderate_redundancy,37,fit_complete,True,1.732662145e-06,42520.572840000001,1.4108571040000001e-05,179,NA,1,1,1,73,E3|5|moderate_redundancy|0.0|1|2,C_relative_error,0.0035141426240000002,0.35141426240000001,percent,100 * raw_value,n==5; practical designs; retained coefficients,37,37,NA,NA,NA,NA,NA,NA,NA,NA,NA,NA,NA,0.0053422661340000004,NA,NA,NA,NA,NA,NA,NA,NA,NA,NA,NA,NA,NA,NA
4,b,raw,results/k9_practical_replicates.csv,d24c65b6f7fc8473eaeb70bc016389b14e71df683f57a6be41dd58fef9437361,E3,5,1,1,2,0,0,high_redundancy,77,fit_complete,True,5.0236412170000002e-08,7240.0231350000004,4.4624434980000002e-07,34,NA,1,1,1,74,E3|5|high_redundancy|0.0|1|2,C_relative_error,4.8761921170000001e-06,0.00048761921169999999,percent,100 * raw_value,n==5; practical designs; retained coefficients,77,77,NA,NA,NA,NA,NA,NA,NA,NA,NA,NA,NA,2.2026456140000001e-05,NA,NA,NA,NA,NA,NA,NA,NA,NA,NA,NA,NA,NA,NA
4,b,raw,results/k9_practical_replicates.csv,d24c65b6f7fc8473eaeb70bc016389b14e71df683f57a6be41dd58fef9437361,E3,5,1,1,3,0,0,moderate_redundancy,37,fit_complete,True,1.732662145e-06,42520.572840000001,1.4108571040000001e-05,179,NA,1,1,1,76,E3|5|moderate_redundancy|0.0|1|3,C_relative_error,0.0035141426240000002,0.35141426240000001,percent,100 * raw_value,n==5; practical designs; retained coefficients,37,37,NA,NA,NA,NA,NA,NA,NA,NA,NA,NA,NA,0.0053422661340000004,NA,NA,NA,NA,NA,NA,NA,NA,NA,NA,NA,NA,NA,NA
4,b,raw,results/k9_practical_replicates.csv,d24c65b6f7fc8473eaeb70bc016389b14e71df683f57a6be41dd58fef9437361,E3,5,1,1,3,0,0,high_redundancy,77,fit_complete,True,5.0236412170000002e-08,7240.0231350000004,4.4624434980000002e-07,34,NA,1,1,1,77,E3|5|high_redundancy|0.0|1|3,C_relative_error,4.8761921170000001e-06,0.00048761921169999999,percent,100 * raw_value,n==5; practical designs; retained coefficients,77,77,NA,NA,NA,NA,NA,NA,NA,NA,NA,NA,NA,2.2026456140000001e-05,NA,NA,NA,NA,NA,NA,NA,NA,NA,NA,NA,NA,NA,NA
4,b,raw,results/k9_practical_replicates.csv,d24c65b6f7fc8473eaeb70bc016389b14e71df683f57a6be41dd58fef9437361,E3,5,1,1,0,0.0001,0.01,moderate_redundancy,37,fit_complete,True,8.4245371829999994e-05,35561.290910000003,0.00052217199279999996,178,NA,1,1,1,79,E3|5|moderate_redundancy|0.0001|1|0,C_relative_error,0.050682893399999998,5.0682893399999998,percent,100 * raw_value,n==5; practical designs; retained coefficients,37,37,NA,NA,NA,NA,NA,NA,NA,NA,NA,NA,NA,0.079836301779999994,NA,NA,NA,NA,NA,NA,NA,NA,NA,NA,NA,NA,NA,NA
4,b,raw,results/k9_practical_replicates.csv,d24c65b6f7fc8473eaeb70bc016389b14e71df683f57a6be41dd58fef9437361,E3,5,1,1,0,0.0001,0.01,high_redundancy,77,fit_complete,True,7.4980627269999998e-05,7109.0468879999999,0.00063840991199999998,35,NA,1,1,1,80,E3|5|high_redundancy|0.0001|1|0,C_relative_error,0.02265325944,2.2653259440000002,percent,100 * raw_value,n==5; practical designs; retained coefficients,77,77,NA,NA,NA,NA,NA,NA,NA,NA,NA,NA,NA,0.01128346549,NA,NA,NA,NA,NA,NA,NA,NA,NA,NA,NA,NA,NA,NA
4,b,raw,results/k9_practical_replicates.csv,d24c65b6f7fc8473eaeb70bc016389b14e71df683f57a6be41dd58fef9437361,E3,5,1,1,1,0.0001,0.01,moderate_redundancy,37,fit_complete,True,9.116643218e-05,48358.73014,0.00044925881770000001,209,NA,1,1,1,82,E3|5|moderate_redundancy|0.0001|1|1,C_relative_error,0.041929713809999998,4.1929713809999996,percent,100 * raw_value,n==5; practical designs; retained coefficients,37,37,NA,NA,NA,NA,NA,NA,NA,NA,NA,NA,NA,0.070628756469999998,NA,NA,NA,NA,NA,NA,NA,NA,NA,NA,NA,NA,NA,NA
4,b,raw,results/k9_practical_replicates.csv,d24c65b6f7fc8473eaeb70bc016389b14e71df683f57a6be41dd58fef9437361,E3,5,1,1,1,0.0001,0.01,high_redundancy,77,fit_complete,True,9.5552803579999996e-05,7040.3712589999996,0.00080054254930000002,35,NA,1,1,1,83,E3|5|high_redundancy|0.0001|1|1,C_relative_error,0.01000612203,1.000612203,percent,100 * raw_value,n==5; practical designs; retained coefficients,77,77,NA,NA,NA,NA,NA,NA,NA,NA,NA,NA,NA,0.01359876877,NA,NA,NA,NA,NA,NA,NA,NA,NA,NA,NA,NA,NA,NA
4,b,raw,results/k9_practical_replicates.csv,d24c65b6f7fc8473eaeb70bc016389b14e71df683f57a6be41dd58fef9437361,E3,5,1,1,2,0.0001,0.01,moderate_redundancy,37,fit_complete,True,5.8129288660000002e-05,45816.959819999996,0.000328633881,198,NA,1,1,1,85,E3|5|moderate_redundancy|0.0001|1|2,C_relative_error,0.022717124839999998,2.271712484,percent,100 * raw_value,n==5; practical designs; retained coefficients,37,37,NA,NA,NA,NA,NA,NA,NA,NA,NA,NA,NA,0.0414567037,NA,NA,NA,NA,NA,NA,NA,NA,NA,NA,NA,NA,NA,NA
4,b,raw,results/k9_practical_replicates.csv,d24c65b6f7fc8473eaeb70bc016389b14e71df683f57a6be41dd58fef9437361,E3,5,1,1,2,0.0001,0.01,high_redundancy,77,fit_complete,True,8.6684111840000001e-05,7232.8956550000003,0.00072355053640000004,28,NA,1,1,1,86,E3|5|high_redundancy|0.0001|1|2,C_relative_error,0.024477645320000001,2.4477645320000003,percent,100 * raw_value,n==5; practical designs; retained coefficients,77,77,NA,NA,NA,NA,NA,NA,NA,NA,NA,NA,NA,0.001616713843,NA,NA,NA,NA,NA,NA,NA,NA,NA,NA,NA,NA,NA,NA
4,b,raw,results/k9_practical_replicates.csv,d24c65b6f7fc8473eaeb70bc016389b14e71df683f57a6be41dd58fef9437361,E3,5,1,1,3,0.0001,0.01,moderate_redundancy,37,fit_complete,True,8.8331906489999998e-05,43448.183120000002,0.00048420037369999999,159,NA,1,1,1,88,E3|5|moderate_redundancy|0.0001|1|3,C_relative_error,0.041578133480000001,4.1578133480000004,percent,100 * raw_value,n==5; practical designs; retained coefficients,37,37,NA,NA,NA,NA,NA,NA,NA,NA,NA,NA,NA,0.032777690720000002,NA,NA,NA,NA,NA,NA,NA,NA,NA,NA,NA,NA,NA,NA
4,b,raw,results/k9_practical_replicates.csv,d24c65b6f7fc8473eaeb70bc016389b14e71df683f57a6be41dd58fef9437361,E3,5,1,1,3,0.0001,0.01,high_redundancy,77,fit_complete,True,0.0001017829669,7234.8794719999996,0.00086931677569999997,29,NA,1,1,1,89,E3|5|high_redundancy|0.0001|1|3,C_relative_error,0.019294770369999999,1.9294770369999998,percent,100 * raw_value,n==5; practical designs; retained coefficients,77,77,NA,NA,NA,NA,NA,NA,NA,NA,NA,NA,NA,0.0023182543070000001,NA,NA,NA,NA,NA,NA,NA,NA,NA,NA,NA,NA,NA,NA
4,b,raw,results/k9_practical_replicates.csv,d24c65b6f7fc8473eaeb70bc016389b14e71df683f57a6be41dd58fef9437361,E3,5,1,1,0,0.00029999999999999997,0.029999999999999999,moderate_redundancy,37,fit_complete,True,0.0002081108079,24314.461329999998,0.0013828798409999999,165,NA,0.83333333330000003,1,0.90909090910000001,91,E3|5|moderate_redundancy|0.0003|1|0,C_relative_error,0.04255897602,4.2558976020000001,percent,100 * raw_value,n==5; practical designs; retained coefficients,37,37,NA,NA,NA,NA,NA,NA,NA,NA,NA,NA,NA,0.23807027920000001,NA,NA,NA,NA,NA,NA,NA,NA,NA,NA,NA,NA,NA,NA
4,b,raw,results/k9_practical_replicates.csv,d24c65b6f7fc8473eaeb70bc016389b14e71df683f57a6be41dd58fef9437361,E3,5,1,1,0,0.00029999999999999997,0.029999999999999999,high_redundancy,77,fit_complete,True,0.00029681859979999999,7380.758006,0.0026291109520000001,29,NA,1,1,1,92,E3|5|high_redundancy|0.0003|1|0,C_relative_error,0.034885044830000003,3.4885044830000003,percent,100 * raw_value,n==5; practical designs; retained coefficients,77,77,NA,NA,NA,NA,NA,NA,NA,NA,NA,NA,NA,0.01503240401,NA,NA,NA,NA,NA,NA,NA,NA,NA,NA,NA,NA,NA,NA
4,b,raw,results/k9_practical_replicates.csv,d24c65b6f7fc8473eaeb70bc016389b14e71df683f57a6be41dd58fef9437361,E3,5,1,1,1,0.00029999999999999997,0.029999999999999999,moderate_redundancy,37,fit_complete,True,0.00023778432049999999,90830.790630000003,0.001509607942,136,NA,0.83333333330000003,1,0.90909090910000001,94,E3|5|moderate_redundancy|0.0003|1|1,C_relative_error,0.57725239149999996,57.725239149999993,percent,100 * raw_value,n==5; practical designs; retained coefficients,37,37,NA,NA,NA,NA,NA,NA,NA,NA,NA,NA,NA,0.080829407749999999,NA,NA,NA,NA,NA,NA,NA,NA,NA,NA,NA,NA,NA,NA
4,b,raw,results/k9_practical_replicates.csv,d24c65b6f7fc8473eaeb70bc016389b14e71df683f57a6be41dd58fef9437361,E3,5,1,1,1,0.00029999999999999997,0.029999999999999999,high_redundancy,77,fit_complete,True,0.00030012551460000003,6782.6024589999997,0.002671675231,28,NA,1,1,1,95,E3|5|high_redundancy|0.0003|1|1,C_relative_error,0.056924559159999999,5.6924559160000001,percent,100 * raw_value,n==5; practical designs; retained coefficients,77,77,NA,NA,NA,NA,NA,NA,NA,NA,NA,NA,NA,0.037385607539999997,NA,NA,NA,NA,NA,NA,NA,NA,NA,NA,NA,NA,NA,NA
4,b,raw,results/k9_practical_replicates.csv,d24c65b6f7fc8473eaeb70bc016389b14e71df683f57a6be41dd58fef9437361,E3,5,1,1,2,0.00029999999999999997,0.029999999999999999,moderate_redundancy,37,fit_complete,True,0.0002258726487,19503.966659999998,0.0015534437399999999,153,NA,0.83333333330000003,1,0.90909090910000001,97,E3|5|moderate_redundancy|0.0003|1|2,C_relative_error,0.4528221248,45.282212479999998,percent,100 * raw_value,n==5; practical designs; retained coefficients,37,37,NA,NA,NA,NA,NA,NA,NA,NA,NA,NA,NA,0.31862070809999998,NA,NA,NA,NA,NA,NA,NA,NA,NA,NA,NA,NA,NA,NA
4,b,raw,results/k9_practical_replicates.csv,d24c65b6f7fc8473eaeb70bc016389b14e71df683f57a6be41dd58fef9437361,E3,5,1,1,2,0.00029999999999999997,0.029999999999999999,high_redundancy,77,fit_complete,True,0.0002692519231,7146.7802510000001,0.0023925660670000002,23,NA,1,1,1,98,E3|5|high_redundancy|0.0003|1|2,C_relative_error,0.031382977770000001,3.138297777,percent,100 * raw_value,n==5; practical designs; retained coefficients,77,77,NA,NA,NA,NA,NA,NA,NA,NA,NA,NA,NA,0.024293770060000001,NA,NA,NA,NA,NA,NA,NA,NA,NA,NA,NA,NA,NA,NA
4,b,raw,results/k9_practical_replicates.csv,d24c65b6f7fc8473eaeb70bc016389b14e71df683f57a6be41dd58fef9437361,E3,5,1,1,3,0.00029999999999999997,0.029999999999999999,moderate_redundancy,37,fit_complete,True,0.00019881321720000001,47576.152589999998,0.001084909005,200,NA,1,1,1,100,E3|5|moderate_redundancy|0.0003|1|3,C_relative_error,0.395905585,39.5905585,percent,100 * raw_value,n==5; practical designs; retained coefficients,37,37,NA,NA,NA,NA,NA,NA,NA,NA,NA,NA,NA,0.064815274950000001,NA,NA,NA,NA,NA,NA,NA,NA,NA,NA,NA,NA,NA,NA
4,b,raw,results/k9_practical_replicates.csv,d24c65b6f7fc8473eaeb70bc016389b14e71df683f57a6be41dd58fef9437361,E3,5,1,1,3,0.00029999999999999997,0.029999999999999999,high_redundancy,77,fit_complete,True,0.00025313208449999998,7277.7764809999999,0.0021989133239999998,34,NA,1,1,1,101,E3|5|high_redundancy|0.0003|1|3,C_relative_error,0.029172655910000001,2.917265591,percent,100 * raw_value,n==5; practical designs; retained coefficients,77,77,NA,NA,NA,NA,NA,NA,NA,NA,NA,NA,NA,0.0074739361779999998,NA,NA,NA,NA,NA,NA,NA,NA,NA,NA,NA,NA,NA,NA
4,b,raw,results/k9_practical_replicates.csv,d24c65b6f7fc8473eaeb70bc016389b14e71df683f57a6be41dd58fef9437361,E3,5,1,1,0,0.001,0.10000000000000001,moderate_redundancy,37,fit_complete,True,0.00087457353400000005,65847.650659999999,0.0051209403809999998,110,NA,0.83333333330000003,1,0.90909090910000001,103,E3|5|moderate_redundancy|0.001|1|0,C_relative_error,0.79015801620000004,79.015801620000005,percent,100 * raw_value,n==5; practical designs; retained coefficients,37,37,NA,NA,NA,NA,NA,NA,NA,NA,NA,NA,NA,0.33002563779999999,NA,NA,NA,NA,NA,NA,NA,NA,NA,NA,NA,NA,NA,NA
4,b,raw,results/k9_practical_replicates.csv,d24c65b6f7fc8473eaeb70bc016389b14e71df683f57a6be41dd58fef9437361,E3,5,1,1,0,0.001,0.10000000000000001,high_redundancy,77,fit_complete,True,0.00075900263000000003,6895.6284939999996,0.0069645835480000003,25,NA,1,1,1,104,E3|5|high_redundancy|0.001|1|0,C_relative_error,0.26976934079999998,26.976934079999999,percent,100 * raw_value,n==5; practical designs; retained coefficients,77,77,NA,NA,NA,NA,NA,NA,NA,NA,NA,NA,NA,0.049932057740000001,NA,NA,NA,NA,NA,NA,NA,NA,NA,NA,NA,NA,NA,NA
4,b,raw,results/k9_practical_replicates.csv,d24c65b6f7fc8473eaeb70bc016389b14e71df683f57a6be41dd58fef9437361,E3,5,1,1,1,0.001,0.10000000000000001,moderate_redundancy,37,fit_complete,True,0.00070127750199999999,34559.741650000004,0.0045804588650000004,101,NA,0.66666666669999997,0.80000000000000004,0.72727272730000003,106,E3|5|moderate_redundancy|0.001|1|1,C_relative_error,0.78048032649999999,78.048032649999996,percent,100 * raw_value,n==5; practical designs; retained coefficients,37,37,NA,NA,NA,NA,NA,NA,NA,NA,NA,NA,NA,0.4824341345,NA,NA,NA,NA,NA,NA,NA,NA,NA,NA,NA,NA,NA,NA
4,b,raw,results/k9_practical_replicates.csv,d24c65b6f7fc8473eaeb70bc016389b14e71df683f57a6be41dd58fef9437361,E3,5,1,1,1,0.001,0.10000000000000001,high_redundancy,77,fit_complete,True,0.0010026908079999999,7148.1246950000004,0.0091088672600000004,29,NA,1,1,1,107,E3|5|high_redundancy|0.001|1|1,C_relative_error,0.21894140049999999,21.894140050000001,percent,100 * raw_value,n==5; practical designs; retained coefficients,77,77,NA,NA,NA,NA,NA,NA,NA,NA,NA,NA,NA,0.019700754210000001,NA,NA,NA,NA,NA,NA,NA,NA,NA,NA,NA,NA,NA,NA
4,b,raw,results/k9_practical_replicates.csv,d24c65b6f7fc8473eaeb70bc016389b14e71df683f57a6be41dd58fef9437361,E3,5,1,1,2,0.001,0.10000000000000001,moderate_redundancy,37,fit_complete,True,0.00090417414850000005,67064.116299999994,0.0051876600089999997,145,NA,0.83333333330000003,1,0.90909090910000001,109,E3|5|moderate_redundancy|0.001|1|2,C_relative_error,0.84771150019999997,84.771150019999993,percent,100 * raw_value,n==5; practical designs; retained coefficients,37,37,NA,NA,NA,NA,NA,NA,NA,NA,NA,NA,NA,0.38621845360000001,NA,NA,NA,NA,NA,NA,NA,NA,NA,NA,NA,NA,NA,NA
4,b,raw,results/k9_practical_replicates.csv,d24c65b6f7fc8473eaeb70bc016389b14e71df683f57a6be41dd58fef9437361,E3,5,1,1,2,0.001,0.10000000000000001,high_redundancy,77,fit_complete,True,0.001057380129,6167.9031519999999,0.0092446813660000005,27,NA,1,1,1,110,E3|5|high_redundancy|0.001|1|2,C_relative_error,0.1423820056,14.238200559999999,percent,100 * raw_value,n==5; practical designs; retained coefficients,77,77,NA,NA,NA,NA,NA,NA,NA,NA,NA,NA,NA,0.068078001969999996,NA,NA,NA,NA,NA,NA,NA,NA,NA,NA,NA,NA,NA,NA
4,b,raw,results/k9_practical_replicates.csv,d24c65b6f7fc8473eaeb70bc016389b14e71df683f57a6be41dd58fef9437361,E3,5,1,1,3,0.001,0.10000000000000001,moderate_redundancy,37,fit_complete,True,0.00084408756450000001,80750.070540000001,0.0049798409530000002,112,NA,0.66666666669999997,0.80000000000000004,0.72727272730000003,112,E3|5|moderate_redundancy|0.001|1|3,C_relative_error,0.75984670659999998,75.984670659999992,percent,100 * raw_value,n==5; practical designs; retained coefficients,37,37,NA,NA,NA,NA,NA,NA,NA,NA,NA,NA,NA,0.22721804200000001,NA,NA,NA,NA,NA,NA,NA,NA,NA,NA,NA,NA,NA,NA
4,b,raw,results/k9_practical_replicates.csv,d24c65b6f7fc8473eaeb70bc016389b14e71df683f57a6be41dd58fef9437361,E3,5,1,1,3,0.001,0.10000000000000001,high_redundancy,77,fit_complete,True,0.0010376538649999999,7326.3182139999999,0.0090871882210000008,34,NA,1,1,1,113,E3|5|high_redundancy|0.001|1|3,C_relative_error,0.1885012865,18.850128650000002,percent,100 * raw_value,n==5; practical designs; retained coefficients,77,77,NA,NA,NA,NA,NA,NA,NA,NA,NA,NA,NA,0.01488034572,NA,NA,NA,NA,NA,NA,NA,NA,NA,NA,NA,NA,NA,NA
4,b,raw,results/k9_practical_replicates.csv,d24c65b6f7fc8473eaeb70bc016389b14e71df683f57a6be41dd58fef9437361,E3,5,1,1,0,0.0030000000000000001,0.29999999999999999,moderate_redundancy,37,fit_complete,True,0.001763539251,167949.37040000001,0.01108486168,150,NA,1,0.80000000000000004,0.88888888889999995,115,E3|5|moderate_redundancy|0.003|1|0,C_relative_error,1.115169447,111.5169447,percent,100 * raw_value,n==5; practical designs; retained coefficients,37,37,NA,NA,NA,NA,NA,NA,NA,NA,NA,NA,NA,0.26740654679999998,NA,NA,NA,NA,NA,NA,NA,NA,NA,NA,NA,NA,NA,NA
4,b,raw,results/k9_practical_replicates.csv,d24c65b6f7fc8473eaeb70bc016389b14e71df683f57a6be41dd58fef9437361,E3,5,1,1,0,0.0030000000000000001,0.29999999999999999,high_redundancy,77,fit_complete,True,0.002343984834,7835.7278640000004,0.02080206897,32,NA,1,1,1,116,E3|5|high_redundancy|0.003|1|0,C_relative_error,0.58956394329999995,58.956394329999995,percent,100 * raw_value,n==5; practical designs; retained coefficients,77,77,NA,NA,NA,NA,NA,NA,NA,NA,NA,NA,NA,0.036201765900000002,NA,NA,NA,NA,NA,NA,NA,NA,NA,NA,NA,NA,NA,NA
4,b,raw,results/k9_practical_replicates.csv,d24c65b6f7fc8473eaeb70bc016389b14e71df683f57a6be41dd58fef9437361,E3,5,1,1,1,0.0030000000000000001,0.29999999999999999,moderate_redundancy,37,fit_complete,True,0.001751131534,109227.7542,0.01053018078,184,NA,1,1,1,118,E3|5|moderate_redundancy|0.003|1|1,C_relative_error,0.70981234979999996,70.981234979999996,percent,100 * raw_value,n==5; practical designs; retained coefficients,37,37,NA,NA,NA,NA,NA,NA,NA,NA,NA,NA,NA,0.19600476519999999,NA,NA,NA,NA,NA,NA,NA,NA,NA,NA,NA,NA,NA,NA
4,b,raw,results/k9_practical_replicates.csv,d24c65b6f7fc8473eaeb70bc016389b14e71df683f57a6be41dd58fef9437361,E3,5,1,1,1,0.0030000000000000001,0.29999999999999999,high_redundancy,77,fit_complete,True,0.0025266145739999998,24205.040130000001,0.021210850739999999,33,NA,1,1,1,119,E3|5|high_redundancy|0.003|1|1,C_relative_error,0.76682116509999998,76.68211651,percent,100 * raw_value,n==5; practical designs; retained coefficients,77,77,NA,NA,NA,NA,NA,NA,NA,NA,NA,NA,NA,0.031273090420000003,NA,NA,NA,NA,NA,NA,NA,NA,NA,NA,NA,NA,NA,NA
4,b,raw,results/k9_practical_replicates.csv,d24c65b6f7fc8473eaeb70bc016389b14e71df683f57a6be41dd58fef9437361,E3,5,1,1,2,0.0030000000000000001,0.29999999999999999,moderate_redundancy,37,fit_complete,True,0.0023808974900000001,9263.2350310000002,0.013677560720000001,94,NA,0.71428571429999999,1,0.83333333330000003,121,E3|5|moderate_redundancy|0.003|1|2,C_relative_error,0.44716533780000001,44.716533779999999,percent,100 * raw_value,n==5; practical designs; retained coefficients,37,37,NA,NA,NA,NA,NA,NA,NA,NA,NA,NA,NA,0.61408659850000002,NA,NA,NA,NA,NA,NA,NA,NA,NA,NA,NA,NA,NA,NA
4,b,raw,results/k9_practical_replicates.csv,d24c65b6f7fc8473eaeb70bc016389b14e71df683f57a6be41dd58fef9437361,E3,5,1,1,2,0.0030000000000000001,0.29999999999999999,high_redundancy,77,fit_complete,True,0.0020676762459999999,41357.601159999998,0.020028945199999999,39,NA,0.80000000000000004,0.80000000000000004,0.80000000000000004,122,E3|5|high_redundancy|0.003|1|2,C_relative_error,0.70897891749999997,70.897891749999999,percent,100 * raw_value,n==5; practical designs; retained coefficients,77,77,NA,NA,NA,NA,NA,NA,NA,NA,NA,NA,NA,0.26408781840000001,NA,NA,NA,NA,NA,NA,NA,NA,NA,NA,NA,NA,NA,NA
4,b,raw,results/k9_practical_replicates.csv,d24c65b6f7fc8473eaeb70bc016389b14e71df683f57a6be41dd58fef9437361,E3,5,1,1,3,0.0030000000000000001,0.29999999999999999,moderate_redundancy,37,fit_complete,True,0.0026553544980000001,47078.251819999998,0.015626194369999999,156,NA,0.83333333330000003,1,0.90909090910000001,124,E3|5|moderate_redundancy|0.003|1|3,C_relative_error,2.3712105829999999,237.12105829999999,percent,100 * raw_value,n==5; practical designs; retained coefficients,37,37,NA,NA,NA,NA,NA,NA,NA,NA,NA,NA,NA,0.39058007680000001,NA,NA,NA,NA,NA,NA,NA,NA,NA,NA,NA,NA,NA,NA
4,b,raw,results/k9_practical_replicates.csv,d24c65b6f7fc8473eaeb70bc016389b14e71df683f57a6be41dd58fef9437361,E3,5,1,1,3,0.0030000000000000001,0.29999999999999999,high_redundancy,77,fit_complete,True,0.0029434580380000002,6699.5602550000003,0.027300148199999999,28,NA,0.83333333330000003,1,0.90909090910000001,125,E3|5|high_redundancy|0.003|1|3,C_relative_error,0.23658424619999999,23.658424619999998,percent,100 * raw_value,n==5; practical designs; retained coefficients,77,77,NA,NA,NA,NA,NA,NA,NA,NA,NA,NA,NA,0.04118977242,NA,NA,NA,NA,NA,NA,NA,NA,NA,NA,NA,NA,NA,NA
4,b,raw,results/k9_practical_replicates.csv,d24c65b6f7fc8473eaeb70bc016389b14e71df683f57a6be41dd58fef9437361,E4,5,0,0,0,0,0,moderate_redundancy,37,fit_complete,True,1.2726620579999999e-06,17458.349900000001,1.0181172930000001e-05,73,NA,1,1,1,139,E4|5|moderate_redundancy|0.0|0|0,C_relative_error,0.001681271977,0.16812719770000001,percent,100 * raw_value,n==5; practical designs; retained coefficients,37,37,NA,NA,NA,NA,NA,NA,NA,NA,NA,NA,NA,0.0026921673819999999,NA,NA,NA,NA,NA,NA,NA,NA,NA,NA,NA,NA,NA,NA
4,b,raw,results/k9_practical_replicates.csv,d24c65b6f7fc8473eaeb70bc016389b14e71df683f57a6be41dd58fef9437361,E4,5,0,0,0,0,0,high_redundancy,77,fit_complete,True,3.1939940320000002e-08,3575.416131,2.8602007379999998e-07,33,NA,1,1,1,140,E4|5|high_redundancy|0.0|0|0,C_relative_error,3.865086813e-06,0.00038650868130000001,percent,100 * raw_value,n==5; practical designs; retained coefficients,77,77,NA,NA,NA,NA,NA,NA,NA,NA,NA,NA,NA,1.13683962e-05,NA,NA,NA,NA,NA,NA,NA,NA,NA,NA,NA,NA,NA,NA
4,b,raw,results/k9_practical_replicates.csv,d24c65b6f7fc8473eaeb70bc016389b14e71df683f57a6be41dd58fef9437361,E4,5,0,0,1,0,0,moderate_redundancy,37,fit_complete,True,1.2726620579999999e-06,17458.349900000001,1.0181172930000001e-05,73,NA,1,1,1,142,E4|5|moderate_redundancy|0.0|0|1,C_relative_error,0.001681271977,0.16812719770000001,percent,100 * raw_value,n==5; practical designs; retained coefficients,37,37,NA,NA,NA,NA,NA,NA,NA,NA,NA,NA,NA,0.0026921673819999999,NA,NA,NA,NA,NA,NA,NA,NA,NA,NA,NA,NA,NA,NA
4,b,raw,results/k9_practical_replicates.csv,d24c65b6f7fc8473eaeb70bc016389b14e71df683f57a6be41dd58fef9437361,E4,5,0,0,1,0,0,high_redundancy,77,fit_complete,True,3.1939940320000002e-08,3575.416131,2.8602007379999998e-07,33,NA,1,1,1,143,E4|5|high_redundancy|0.0|0|1,C_relative_error,3.865086813e-06,0.00038650868130000001,percent,100 * raw_value,n==5; practical designs; retained coefficients,77,77,NA,NA,NA,NA,NA,NA,NA,NA,NA,NA,NA,1.13683962e-05,NA,NA,NA,NA,NA,NA,NA,NA,NA,NA,NA,NA,NA,NA
4,b,raw,results/k9_practical_replicates.csv,d24c65b6f7fc8473eaeb70bc016389b14e71df683f57a6be41dd58fef9437361,E4,5,0,0,2,0,0,moderate_redundancy,37,fit_complete,True,1.2726620579999999e-06,17458.349900000001,1.0181172930000001e-05,73,NA,1,1,1,145,E4|5|moderate_redundancy|0.0|0|2,C_relative_error,0.001681271977,0.16812719770000001,percent,100 * raw_value,n==5; practical designs; retained coefficients,37,37,NA,NA,NA,NA,NA,NA,NA,NA,NA,NA,NA,0.0026921673819999999,NA,NA,NA,NA,NA,NA,NA,NA,NA,NA,NA,NA,NA,NA
4,b,raw,results/k9_practical_replicates.csv,d24c65b6f7fc8473eaeb70bc016389b14e71df683f57a6be41dd58fef9437361,E4,5,0,0,2,0,0,high_redundancy,77,fit_complete,True,3.1939940320000002e-08,3575.416131,2.8602007379999998e-07,33,NA,1,1,1,146,E4|5|high_redundancy|0.0|0|2,C_relative_error,3.865086813e-06,0.00038650868130000001,percent,100 * raw_value,n==5; practical designs; retained coefficients,77,77,NA,NA,NA,NA,NA,NA,NA,NA,NA,NA,NA,1.13683962e-05,NA,NA,NA,NA,NA,NA,NA,NA,NA,NA,NA,NA,NA,NA
4,b,raw,results/k9_practical_replicates.csv,d24c65b6f7fc8473eaeb70bc016389b14e71df683f57a6be41dd58fef9437361,E4,5,0,0,3,0,0,moderate_redundancy,37,fit_complete,True,1.2726620579999999e-06,17458.349900000001,1.0181172930000001e-05,73,NA,1,1,1,148,E4|5|moderate_redundancy|0.0|0|3,C_relative_error,0.001681271977,0.16812719770000001,percent,100 * raw_value,n==5; practical designs; retained coefficients,37,37,NA,NA,NA,NA,NA,NA,NA,NA,NA,NA,NA,0.0026921673819999999,NA,NA,NA,NA,NA,NA,NA,NA,NA,NA,NA,NA,NA,NA
4,b,raw,results/k9_practical_replicates.csv,d24c65b6f7fc8473eaeb70bc016389b14e71df683f57a6be41dd58fef9437361,E4,5,0,0,3,0,0,high_redundancy,77,fit_complete,True,3.1939940320000002e-08,3575.416131,2.8602007379999998e-07,33,NA,1,1,1,149,E4|5|high_redundancy|0.0|0|3,C_relative_error,3.865086813e-06,0.00038650868130000001,percent,100 * raw_value,n==5; practical designs; retained coefficients,77,77,NA,NA,NA,NA,NA,NA,NA,NA,NA,NA,NA,1.13683962e-05,NA,NA,NA,NA,NA,NA,NA,NA,NA,NA,NA,NA,NA,NA
4,b,raw,results/k9_practical_replicates.csv,d24c65b6f7fc8473eaeb70bc016389b14e71df683f57a6be41dd58fef9437361,E4,5,0,0,0,0.0001,0.01,moderate_redundancy,37,fit_complete,True,7.2804783269999997e-05,16670.021680000002,0.00041123492470000002,74,NA,1,1,1,151,E4|5|moderate_redundancy|0.0001|0|0,C_relative_error,0.028925727209999998,2.8925727209999996,percent,100 * raw_value,n==5; practical designs; retained coefficients,37,37,NA,NA,NA,NA,NA,NA,NA,NA,NA,NA,NA,0.01699203782,NA,NA,NA,NA,NA,NA,NA,NA,NA,NA,NA,NA,NA,NA
4,b,raw,results/k9_practical_replicates.csv,d24c65b6f7fc8473eaeb70bc016389b14e71df683f57a6be41dd58fef9437361,E4,5,0,0,0,0.0001,0.01,high_redundancy,77,fit_complete,True,7.5786751710000001e-05,3538.5055710000001,0.00067075997139999998,29,NA,1,1,1,152,E4|5|high_redundancy|0.0001|0|0,C_relative_error,0.018365262409999999,1.8365262410000001,percent,100 * raw_value,n==5; practical designs; retained coefficients,77,77,NA,NA,NA,NA,NA,NA,NA,NA,NA,NA,NA,0.0050010106369999998,NA,NA,NA,NA,NA,NA,NA,NA,NA,NA,NA,NA,NA,NA
4,b,raw,results/k9_practical_replicates.csv,d24c65b6f7fc8473eaeb70bc016389b14e71df683f57a6be41dd58fef9437361,E4,5,0,0,1,0.0001,0.01,moderate_redundancy,37,fit_complete,True,8.8690120050000004e-05,16334.58649,0.00054125629850000005,67,NA,1,1,1,154,E4|5|moderate_redundancy|0.0001|0|1,C_relative_error,0.062149580259999997,6.2149580259999997,percent,100 * raw_value,n==5; practical designs; retained coefficients,37,37,NA,NA,NA,NA,NA,NA,NA,NA,NA,NA,NA,0.035064673939999999,NA,NA,NA,NA,NA,NA,NA,NA,NA,NA,NA,NA,NA,NA
4,b,raw,results/k9_practical_replicates.csv,d24c65b6f7fc8473eaeb70bc016389b14e71df683f57a6be41dd58fef9437361,E4,5,0,0,1,0.0001,0.01,high_redundancy,77,fit_complete,True,9.7962211330000003e-05,3487.6042120000002,0.00090829620040000004,30,NA,1,1,1,155,E4|5|high_redundancy|0.0001|0|1,C_relative_error,0.01022761592,1.0227615919999999,percent,100 * raw_value,n==5; practical designs; retained coefficients,77,77,NA,NA,NA,NA,NA,NA,NA,NA,NA,NA,NA,0.01008495389,NA,NA,NA,NA,NA,NA,NA,NA,NA,NA,NA,NA,NA,NA
4,b,raw,results/k9_practical_replicates.csv,d24c65b6f7fc8473eaeb70bc016389b14e71df683f57a6be41dd58fef9437361,E4,5,0,0,2,0.0001,0.01,moderate_redundancy,37,fit_complete,True,0.0001019229054,17542.552309999999,0.00056778069330000003,76,NA,1,1,1,157,E4|5|moderate_redundancy|0.0001|0|2,C_relative_error,0.019089268440000001,1.9089268440000002,percent,100 * raw_value,n==5; practical designs; retained coefficients,37,37,NA,NA,NA,NA,NA,NA,NA,NA,NA,NA,NA,0.0033614232020000002,NA,NA,NA,NA,NA,NA,NA,NA,NA,NA,NA,NA,NA,NA
4,b,raw,results/k9_practical_replicates.csv,d24c65b6f7fc8473eaeb70bc016389b14e71df683f57a6be41dd58fef9437361,E4,5,0,0,2,0.0001,0.01,high_redundancy,77,fit_complete,True,8.8766426199999999e-05,3538.156622,0.00074339186139999998,27,NA,1,1,1,158,E4|5|high_redundancy|0.0001|0|2,C_relative_error,0.016422930320000001,1.642293032,percent,100 * raw_value,n==5; practical designs; retained coefficients,77,77,NA,NA,NA,NA,NA,NA,NA,NA,NA,NA,NA,0.0035092142010000001,NA,NA,NA,NA,NA,NA,NA,NA,NA,NA,NA,NA,NA,NA
4,b,raw,results/k9_practical_replicates.csv,d24c65b6f7fc8473eaeb70bc016389b14e71df683f57a6be41dd58fef9437361,E4,5,0,0,3,0.0001,0.01,moderate_redundancy,37,fit_complete,True,8.8103275290000004e-05,13908.50603,0.00050696543850000005,61,NA,1,1,1,160,E4|5|moderate_redundancy|0.0001|0|3,C_relative_error,0.058300134849999997,5.8300134849999994,percent,100 * raw_value,n==5; practical designs; retained coefficients,37,37,NA,NA,NA,NA,NA,NA,NA,NA,NA,NA,NA,0.065166938359999996,NA,NA,NA,NA,NA,NA,NA,NA,NA,NA,NA,NA,NA,NA
4,b,raw,results/k9_practical_replicates.csv,d24c65b6f7fc8473eaeb70bc016389b14e71df683f57a6be41dd58fef9437361,E4,5,0,0,3,0.0001,0.01,high_redundancy,77,fit_complete,True,9.0550948969999999e-05,3538.137545,0.00079278153929999995,29,NA,1,1,1,161,E4|5|high_redundancy|0.0001|0|3,C_relative_error,0.0025475271329999999,0.25475271329999999,percent,100 * raw_value,n==5; practical designs; retained coefficients,77,77,NA,NA,NA,NA,NA,NA,NA,NA,NA,NA,NA,0.00426677555,NA,NA,NA,NA,NA,NA,NA,NA,NA,NA,NA,NA,NA,NA
4,b,raw,results/k9_practical_replicates.csv,d24c65b6f7fc8473eaeb70bc016389b14e71df683f57a6be41dd58fef9437361,E4,5,0,0,0,0.00029999999999999997,0.029999999999999999,moderate_redundancy,37,fit_complete,True,0.00019330359500000001,18897.112440000001,0.0012546977750000001,60,NA,0.80000000000000004,1,0.88888888889999995,163,E4|5|moderate_redundancy|0.0003|0|0,C_relative_error,0.11631205109999999,11.63120511,percent,100 * raw_value,n==5; practical designs; retained coefficients,37,37,NA,NA,NA,NA,NA,NA,NA,NA,NA,NA,NA,0.050459217819999999,NA,NA,NA,NA,NA,NA,NA,NA,NA,NA,NA,NA,NA,NA
4,b,raw,results/k9_practical_replicates.csv,d24c65b6f7fc8473eaeb70bc016389b14e71df683f57a6be41dd58fef9437361,E4,5,0,0,0,0.00029999999999999997,0.029999999999999999,high_redundancy,77,fit_complete,True,0.0002782485282,3455.9483770000002,0.0023558449419999999,27,NA,1,1,1,164,E4|5|high_redundancy|0.0003|0|0,C_relative_error,0.042054590330000002,4.2054590330000003,percent,100 * raw_value,n==5; practical designs; retained coefficients,77,77,NA,NA,NA,NA,NA,NA,NA,NA,NA,NA,NA,0.01260745684,NA,NA,NA,NA,NA,NA,NA,NA,NA,NA,NA,NA,NA,NA
4,b,raw,results/k9_practical_replicates.csv,d24c65b6f7fc8473eaeb70bc016389b14e71df683f57a6be41dd58fef9437361,E4,5,0,0,1,0.00029999999999999997,0.029999999999999999,moderate_redundancy,37,fit_complete,True,0.00020551135670000001,13060.09528,0.001412400225,76,NA,0.80000000000000004,1,0.88888888889999995,166,E4|5|moderate_redundancy|0.0003|0|1,C_relative_error,0.1103413912,11.034139120000001,percent,100 * raw_value,n==5; practical designs; retained coefficients,37,37,NA,NA,NA,NA,NA,NA,NA,NA,NA,NA,NA,0.1156579641,NA,NA,NA,NA,NA,NA,NA,NA,NA,NA,NA,NA,NA,NA
4,b,raw,results/k9_practical_replicates.csv,d24c65b6f7fc8473eaeb70bc016389b14e71df683f57a6be41dd58fef9437361,E4,5,0,0,1,0.00029999999999999997,0.029999999999999999,high_redundancy,77,fit_complete,True,0.0002460588003,3574.3212840000001,0.002267647169,28,NA,1,1,1,167,E4|5|high_redundancy|0.0003|0|1,C_relative_error,0.055750434270000003,5.5750434270000007,percent,100 * raw_value,n==5; practical designs; retained coefficients,77,77,NA,NA,NA,NA,NA,NA,NA,NA,NA,NA,NA,0.0032319135359999999,NA,NA,NA,NA,NA,NA,NA,NA,NA,NA,NA,NA,NA,NA
4,b,raw,results/k9_practical_replicates.csv,d24c65b6f7fc8473eaeb70bc016389b14e71df683f57a6be41dd58fef9437361,E4,5,0,0,2,0.00029999999999999997,0.029999999999999999,moderate_redundancy,37,fit_complete,True,0.00026364300639999998,12520.35231,0.0014247223509999999,58,NA,0.80000000000000004,1,0.88888888889999995,169,E4|5|moderate_redundancy|0.0003|0|2,C_relative_error,0.1413288657,14.13288657,percent,100 * raw_value,n==5; practical designs; retained coefficients,37,37,NA,NA,NA,NA,NA,NA,NA,NA,NA,NA,NA,0.10932428449999999,NA,NA,NA,NA,NA,NA,NA,NA,NA,NA,NA,NA,NA,NA
4,b,raw,results/k9_practical_replicates.csv,d24c65b6f7fc8473eaeb70bc016389b14e71df683f57a6be41dd58fef9437361,E4,5,0,0,2,0.00029999999999999997,0.029999999999999999,high_redundancy,77,fit_complete,True,0.00024583360679999999,3371.8246039999999,0.0022200187880000001,25,NA,1,1,1,170,E4|5|high_redundancy|0.0003|0|2,C_relative_error,0.033031513200000001,3.30315132,percent,100 * raw_value,n==5; practical designs; retained coefficients,77,77,NA,NA,NA,NA,NA,NA,NA,NA,NA,NA,NA,0.022282023599999999,NA,NA,NA,NA,NA,NA,NA,NA,NA,NA,NA,NA,NA,NA
4,b,raw,results/k9_practical_replicates.csv,d24c65b6f7fc8473eaeb70bc016389b14e71df683f57a6be41dd58fef9437361,E4,5,0,0,3,0.00029999999999999997,0.029999999999999999,moderate_redundancy,37,fit_complete,True,0.00026472390190000002,14067.672909999999,0.001503082257,71,NA,0.80000000000000004,1,0.88888888889999995,172,E4|5|moderate_redundancy|0.0003|0|3,C_relative_error,0.14264027430000001,14.264027430000001,percent,100 * raw_value,n==5; practical designs; retained coefficients,37,37,NA,NA,NA,NA,NA,NA,NA,NA,NA,NA,NA,0.074588845619999997,NA,NA,NA,NA,NA,NA,NA,NA,NA,NA,NA,NA,NA,NA
4,b,raw,results/k9_practical_replicates.csv,d24c65b6f7fc8473eaeb70bc016389b14e71df683f57a6be41dd58fef9437361,E4,5,0,0,3,0.00029999999999999997,0.029999999999999999,high_redundancy,77,fit_complete,True,0.0002595021792,3595.9324580000002,0.002355152683,24,NA,1,1,1,173,E4|5|high_redundancy|0.0003|0|3,C_relative_error,0.038460745220000002,3.8460745220000003,percent,100 * raw_value,n==5; practical designs; retained coefficients,77,77,NA,NA,NA,NA,NA,NA,NA,NA,NA,NA,NA,0.0067841090759999997,NA,NA,NA,NA,NA,NA,NA,NA,NA,NA,NA,NA,NA,NA
4,b,raw,results/k9_practical_replicates.csv,d24c65b6f7fc8473eaeb70bc016389b14e71df683f57a6be41dd58fef9437361,E4,5,0,0,0,0.001,0.10000000000000001,moderate_redundancy,37,fit_complete,True,0.00078293854610000002,14553.20054,0.0046856756369999999,69,NA,0.80000000000000004,1,0.88888888889999995,175,E4|5|moderate_redundancy|0.001|0|0,C_relative_error,0.44553736710000003,44.553736710000003,percent,100 * raw_value,n==5; practical designs; retained coefficients,37,37,NA,NA,NA,NA,NA,NA,NA,NA,NA,NA,NA,0.26264149980000001,NA,NA,NA,NA,NA,NA,NA,NA,NA,NA,NA,NA,NA,NA
4,b,raw,results/k9_practical_replicates.csv,d24c65b6f7fc8473eaeb70bc016389b14e71df683f57a6be41dd58fef9437361,E4,5,0,0,0,0.001,0.10000000000000001,high_redundancy,77,fit_complete,True,0.00092798435599999996,3269.6087440000001,0.0079835806450000001,22,NA,0.80000000000000004,1,0.88888888889999995,176,E4|5|high_redundancy|0.001|0|0,C_relative_error,0.1342637683,13.426376830000001,percent,100 * raw_value,n==5; practical designs; retained coefficients,77,77,NA,NA,NA,NA,NA,NA,NA,NA,NA,NA,NA,0.03011604167,NA,NA,NA,NA,NA,NA,NA,NA,NA,NA,NA,NA,NA,NA
4,b,raw,results/k9_practical_replicates.csv,d24c65b6f7fc8473eaeb70bc016389b14e71df683f57a6be41dd58fef9437361,E4,5,0,0,1,0.001,0.10000000000000001,moderate_redundancy,37,fit_complete,True,0.00062327721669999995,8755.5042240000002,0.0038419071550000001,52,NA,1,1,1,178,E4|5|moderate_redundancy|0.001|0|1,C_relative_error,0.54812377199999995,54.812377199999993,percent,100 * raw_value,n==5; practical designs; retained coefficients,37,37,NA,NA,NA,NA,NA,NA,NA,NA,NA,NA,NA,0.20323323130000001,NA,NA,NA,NA,NA,NA,NA,NA,NA,NA,NA,NA,NA,NA
4,b,raw,results/k9_practical_replicates.csv,d24c65b6f7fc8473eaeb70bc016389b14e71df683f57a6be41dd58fef9437361,E4,5,0,0,1,0.001,0.10000000000000001,high_redundancy,77,fit_complete,True,0.00088050673449999997,3174.4753689999998,0.007651290933,23,NA,0.80000000000000004,1,0.88888888889999995,179,E4|5|high_redundancy|0.001|0|1,C_relative_error,0.14749478630000001,14.749478630000002,percent,100 * raw_value,n==5; practical designs; retained coefficients,77,77,NA,NA,NA,NA,NA,NA,NA,NA,NA,NA,NA,0.050232055790000001,NA,NA,NA,NA,NA,NA,NA,NA,NA,NA,NA,NA,NA,NA
4,b,raw,results/k9_practical_replicates.csv,d24c65b6f7fc8473eaeb70bc016389b14e71df683f57a6be41dd58fef9437361,E4,5,0,0,2,0.001,0.10000000000000001,moderate_redundancy,37,fit_complete,True,0.00079746426750000002,17705.777760000001,0.0048170708490000002,73,NA,1,1,1,181,E4|5|moderate_redundancy|0.001|0|2,C_relative_error,0.4958799861,49.58799861,percent,100 * raw_value,n==5; practical designs; retained coefficients,37,37,NA,NA,NA,NA,NA,NA,NA,NA,NA,NA,NA,0.17724490940000001,NA,NA,NA,NA,NA,NA,NA,NA,NA,NA,NA,NA,NA,NA
4,b,raw,results/k9_practical_replicates.csv,d24c65b6f7fc8473eaeb70bc016389b14e71df683f57a6be41dd58fef9437361,E4,5,0,0,2,0.001,0.10000000000000001,high_redundancy,77,fit_complete,True,0.00083844647029999997,3482.7268570000001,0.0075519795430000003,27,NA,1,1,1,182,E4|5|high_redundancy|0.001|0|2,C_relative_error,0.136358639,13.6358639,percent,100 * raw_value,n==5; practical designs; retained coefficients,77,77,NA,NA,NA,NA,NA,NA,NA,NA,NA,NA,NA,0.0281314441,NA,NA,NA,NA,NA,NA,NA,NA,NA,NA,NA,NA,NA,NA
4,b,raw,results/k9_practical_replicates.csv,d24c65b6f7fc8473eaeb70bc016389b14e71df683f57a6be41dd58fef9437361,E4,5,0,0,3,0.001,0.10000000000000001,moderate_redundancy,37,fit_complete,True,0.00077380825700000002,63713.47335,0.0048742305099999999,82,NA,0.5,1,0.66666666669999997,184,E4|5|moderate_redundancy|0.001|0|3,C_relative_error,0.85482021050000001,85.48202105,percent,100 * raw_value,n==5; practical designs; retained coefficients,37,37,NA,NA,NA,NA,NA,NA,NA,NA,NA,NA,NA,0.33560186990000002,NA,NA,NA,NA,NA,NA,NA,NA,NA,NA,NA,NA,NA,NA
4,b,raw,results/k9_practical_replicates.csv,d24c65b6f7fc8473eaeb70bc016389b14e71df683f57a6be41dd58fef9437361,E4,5,0,0,3,0.001,0.10000000000000001,high_redundancy,77,fit_complete,True,0.00085981375799999997,3323.3628659999999,0.0078282246319999992,26,NA,1,1,1,185,E4|5|high_redundancy|0.001|0|3,C_relative_error,0.30548746560000001,30.548746560000001,percent,100 * raw_value,n==5; practical designs; retained coefficients,77,77,NA,NA,NA,NA,NA,NA,NA,NA,NA,NA,NA,0.0266301387,NA,NA,NA,NA,NA,NA,NA,NA,NA,NA,NA,NA,NA,NA
4,b,raw,results/k9_practical_replicates.csv,d24c65b6f7fc8473eaeb70bc016389b14e71df683f57a6be41dd58fef9437361,E4,5,0,0,0,0.0030000000000000001,0.29999999999999999,moderate_redundancy,37,fit_complete,True,0.0027889423980000001,5269.0252719999999,0.016184934009999999,77,NA,0.66666666669999997,1,0.80000000000000004,187,E4|5|moderate_redundancy|0.003|0|0,C_relative_error,0.43341806939999999,43.341806939999998,percent,100 * raw_value,n==5; practical designs; retained coefficients,37,37,NA,NA,NA,NA,NA,NA,NA,NA,NA,NA,NA,0.41527737710000001,NA,NA,NA,NA,NA,NA,NA,NA,NA,NA,NA,NA,NA,NA
4,b,raw,results/k9_practical_replicates.csv,d24c65b6f7fc8473eaeb70bc016389b14e71df683f57a6be41dd58fef9437361,E4,5,0,0,0,0.0030000000000000001,0.29999999999999999,high_redundancy,77,fit_complete,True,0.0024761722010000001,17141.31479,0.021414918679999999,23,NA,1,1,1,188,E4|5|high_redundancy|0.003|0|0,C_relative_error,0.52666465709999999,52.666465709999997,percent,100 * raw_value,n==5; practical designs; retained coefficients,77,77,NA,NA,NA,NA,NA,NA,NA,NA,NA,NA,NA,0.098127273099999995,NA,NA,NA,NA,NA,NA,NA,NA,NA,NA,NA,NA,NA,NA
4,b,raw,results/k9_practical_replicates.csv,d24c65b6f7fc8473eaeb70bc016389b14e71df683f57a6be41dd58fef9437361,E4,5,0,0,1,0.0030000000000000001,0.29999999999999999,moderate_redundancy,37,fit_complete,True,0.002446862576,97825.859030000007,0.01507843475,52,NA,0.66666666669999997,1,0.80000000000000004,190,E4|5|moderate_redundancy|0.003|0|1,C_relative_error,0.84732445010000002,84.732445010000006,percent,100 * raw_value,n==5; practical designs; retained coefficients,37,37,NA,NA,NA,NA,NA,NA,NA,NA,NA,NA,NA,0.35094978960000001,NA,NA,NA,NA,NA,NA,NA,NA,NA,NA,NA,NA,NA,NA
4,b,raw,results/k9_practical_replicates.csv,d24c65b6f7fc8473eaeb70bc016389b14e71df683f57a6be41dd58fef9437361,E4,5,0,0,1,0.0030000000000000001,0.29999999999999999,high_redundancy,77,fit_complete,True,0.002771219469,3719.5827680000002,0.024495411799999998,25,NA,1,1,1,191,E4|5|high_redundancy|0.003|0|1,C_relative_error,0.4872190783,48.721907829999999,percent,100 * raw_value,n==5; practical designs; retained coefficients,77,77,NA,NA,NA,NA,NA,NA,NA,NA,NA,NA,NA,0.039854810800000001,NA,NA,NA,NA,NA,NA,NA,NA,NA,NA,NA,NA,NA,NA
4,b,raw,results/k9_practical_replicates.csv,d24c65b6f7fc8473eaeb70bc016389b14e71df683f57a6be41dd58fef9437361,E4,5,0,0,2,0.0030000000000000001,0.29999999999999999,moderate_redundancy,37,fit_complete,True,0.0021027702720000001,60538.65208,0.01388728514,120,NA,0.75,0.75,0.75,193,E4|5|moderate_redundancy|0.003|0|2,C_relative_error,3.9640081810000001,396.40081809999998,percent,100 * raw_value,n==5; practical designs; retained coefficients,37,37,NA,NA,NA,NA,NA,NA,NA,NA,NA,NA,NA,0.51485746389999998,NA,NA,NA,NA,NA,NA,NA,NA,NA,NA,NA,NA,NA,NA
4,b,raw,results/k9_practical_replicates.csv,d24c65b6f7fc8473eaeb70bc016389b14e71df683f57a6be41dd58fef9437361,E4,5,0,0,2,0.0030000000000000001,0.29999999999999999,high_redundancy,77,fit_complete,True,0.0030692906340000002,3670.8345169999998,0.0263265772,32,NA,0.66666666669999997,1,0.80000000000000004,194,E4|5|high_redundancy|0.003|0|2,C_relative_error,0.52918079259999995,52.918079259999992,percent,100 * raw_value,n==5; practical designs; retained coefficients,77,77,NA,NA,NA,NA,NA,NA,NA,NA,NA,NA,NA,0.18570435269999999,NA,NA,NA,NA,NA,NA,NA,NA,NA,NA,NA,NA,NA,NA
4,b,raw,results/k9_practical_replicates.csv,d24c65b6f7fc8473eaeb70bc016389b14e71df683f57a6be41dd58fef9437361,E4,5,0,0,3,0.0030000000000000001,0.29999999999999999,moderate_redundancy,37,fit_complete,True,0.0016103375510000001,28957.429960000001,0.009678610277,119,NA,0.57142857140000003,1,0.72727272730000003,196,E4|5|moderate_redundancy|0.003|0|3,C_relative_error,1.2553009740000001,125.5300974,percent,100 * raw_value,n==5; practical designs; retained coefficients,37,37,NA,NA,NA,NA,NA,NA,NA,NA,NA,NA,NA,0.42910529720000001,NA,NA,NA,NA,NA,NA,NA,NA,NA,NA,NA,NA,NA,NA
4,b,raw,results/k9_practical_replicates.csv,d24c65b6f7fc8473eaeb70bc016389b14e71df683f57a6be41dd58fef9437361,E4,5,0,0,3,0.0030000000000000001,0.29999999999999999,high_redundancy,77,fit_complete,True,0.0028132653040000002,2621.3327899999999,0.023595274119999999,30,NA,0.80000000000000004,1,0.88888888889999995,197,E4|5|high_redundancy|0.003|0|3,C_relative_error,0.73455295220000005,73.455295220000011,percent,100 * raw_value,n==5; practical designs; retained coefficients,77,77,NA,NA,NA,NA,NA,NA,NA,NA,NA,NA,NA,0.089063401910000006,NA,NA,NA,NA,NA,NA,NA,NA,NA,NA,NA,NA,NA,NA
4,b,raw,results/k9_practical_replicates.csv,d24c65b6f7fc8473eaeb70bc016389b14e71df683f57a6be41dd58fef9437361,E4,5,0,1,0,0,0,moderate_redundancy,37,fit_complete,True,1.845149969e-06,14305.14165,1.4972772640000001e-05,132,NA,1,1,1,199,E4|5|moderate_redundancy|0.0|1|0,C_relative_error,0.0025571562719999999,0.25571562719999996,percent,100 * raw_value,n==5; practical designs; retained coefficients,37,37,NA,NA,NA,NA,NA,NA,NA,NA,NA,NA,NA,0.0030969147279999998,NA,NA,NA,NA,NA,NA,NA,NA,NA,NA,NA,NA,NA,NA
4,b,raw,results/k9_practical_replicates.csv,d24c65b6f7fc8473eaeb70bc016389b14e71df683f57a6be41dd58fef9437361,E4,5,0,1,0,0,0,high_redundancy,77,fit_complete,True,3.1217416540000002e-08,2982.0881370000002,2.7711539859999999e-07,34,NA,1,1,1,200,E4|5|high_redundancy|0.0|1|0,C_relative_error,2.7302660859999999e-06,0.00027302660859999998,percent,100 * raw_value,n==5; practical designs; retained coefficients,77,77,NA,NA,NA,NA,NA,NA,NA,NA,NA,NA,NA,1.029802136e-05,NA,NA,NA,NA,NA,NA,NA,NA,NA,NA,NA,NA,NA,NA
4,b,raw,results/k9_practical_replicates.csv,d24c65b6f7fc8473eaeb70bc016389b14e71df683f57a6be41dd58fef9437361,E4,5,0,1,1,0,0,moderate_redundancy,37,fit_complete,True,1.845149969e-06,14305.14165,1.4972772640000001e-05,132,NA,1,1,1,202,E4|5|moderate_redundancy|0.0|1|1,C_relative_error,0.0025571562719999999,0.25571562719999996,percent,100 * raw_value,n==5; practical designs; retained coefficients,37,37,NA,NA,NA,NA,NA,NA,NA,NA,NA,NA,NA,0.0030969147279999998,NA,NA,NA,NA,NA,NA,NA,NA,NA,NA,NA,NA,NA,NA
4,b,raw,results/k9_practical_replicates.csv,d24c65b6f7fc8473eaeb70bc016389b14e71df683f57a6be41dd58fef9437361,E4,5,0,1,1,0,0,high_redundancy,77,fit_complete,True,3.1217416540000002e-08,2982.0881370000002,2.7711539859999999e-07,34,NA,1,1,1,203,E4|5|high_redundancy|0.0|1|1,C_relative_error,2.7302660859999999e-06,0.00027302660859999998,percent,100 * raw_value,n==5; practical designs; retained coefficients,77,77,NA,NA,NA,NA,NA,NA,NA,NA,NA,NA,NA,1.029802136e-05,NA,NA,NA,NA,NA,NA,NA,NA,NA,NA,NA,NA,NA,NA
4,b,raw,results/k9_practical_replicates.csv,d24c65b6f7fc8473eaeb70bc016389b14e71df683f57a6be41dd58fef9437361,E4,5,0,1,2,0,0,moderate_redundancy,37,fit_complete,True,1.845149969e-06,14305.14165,1.4972772640000001e-05,132,NA,1,1,1,205,E4|5|moderate_redundancy|0.0|1|2,C_relative_error,0.0025571562719999999,0.25571562719999996,percent,100 * raw_value,n==5; practical designs; retained coefficients,37,37,NA,NA,NA,NA,NA,NA,NA,NA,NA,NA,NA,0.0030969147279999998,NA,NA,NA,NA,NA,NA,NA,NA,NA,NA,NA,NA,NA,NA
4,b,raw,results/k9_practical_replicates.csv,d24c65b6f7fc8473eaeb70bc016389b14e71df683f57a6be41dd58fef9437361,E4,5,0,1,2,0,0,high_redundancy,77,fit_complete,True,3.1217416540000002e-08,2982.0881370000002,2.7711539859999999e-07,34,NA,1,1,1,206,E4|5|high_redundancy|0.0|1|2,C_relative_error,2.7302660859999999e-06,0.00027302660859999998,percent,100 * raw_value,n==5; practical designs; retained coefficients,77,77,NA,NA,NA,NA,NA,NA,NA,NA,NA,NA,NA,1.029802136e-05,NA,NA,NA,NA,NA,NA,NA,NA,NA,NA,NA,NA,NA,NA
4,b,raw,results/k9_practical_replicates.csv,d24c65b6f7fc8473eaeb70bc016389b14e71df683f57a6be41dd58fef9437361,E4,5,0,1,3,0,0,moderate_redundancy,37,fit_complete,True,1.845149969e-06,14305.14165,1.4972772640000001e-05,132,NA,1,1,1,208,E4|5|moderate_redundancy|0.0|1|3,C_relative_error,0.0025571562719999999,0.25571562719999996,percent,100 * raw_value,n==5; practical designs; retained coefficients,37,37,NA,NA,NA,NA,NA,NA,NA,NA,NA,NA,NA,0.0030969147279999998,NA,NA,NA,NA,NA,NA,NA,NA,NA,NA,NA,NA,NA,NA
4,b,raw,results/k9_practical_replicates.csv,d24c65b6f7fc8473eaeb70bc016389b14e71df683f57a6be41dd58fef9437361,E4,5,0,1,3,0,0,high_redundancy,77,fit_complete,True,3.1217416540000002e-08,2982.0881370000002,2.7711539859999999e-07,34,NA,1,1,1,209,E4|5|high_redundancy|0.0|1|3,C_relative_error,2.7302660859999999e-06,0.00027302660859999998,percent,100 * raw_value,n==5; practical designs; retained coefficients,77,77,NA,NA,NA,NA,NA,NA,NA,NA,NA,NA,NA,1.029802136e-05,NA,NA,NA,NA,NA,NA,NA,NA,NA,NA,NA,NA,NA,NA
4,b,raw,results/k9_practical_replicates.csv,d24c65b6f7fc8473eaeb70bc016389b14e71df683f57a6be41dd58fef9437361,E4,5,0,1,0,0.0001,0.01,moderate_redundancy,37,fit_complete,True,5.7155216429999998e-05,14352.650869999999,0.00035163775209999998,142,NA,1,1,1,211,E4|5|moderate_redundancy|0.0001|1|0,C_relative_error,0.037378777330000001,3.7378777330000004,percent,100 * raw_value,n==5; practical designs; retained coefficients,37,37,NA,NA,NA,NA,NA,NA,NA,NA,NA,NA,NA,0.023271120440000001,NA,NA,NA,NA,NA,NA,NA,NA,NA,NA,NA,NA,NA,NA
4,b,raw,results/k9_practical_replicates.csv,d24c65b6f7fc8473eaeb70bc016389b14e71df683f57a6be41dd58fef9437361,E4,5,0,1,0,0.0001,0.01,high_redundancy,77,fit_complete,True,8.3600388750000004e-05,2938.7100329999998,0.00073717373500000003,30,NA,1,1,1,212,E4|5|high_redundancy|0.0001|1|0,C_relative_error,0.0085773576679999998,0.85773576679999997,percent,100 * raw_value,n==5; practical designs; retained coefficients,77,77,NA,NA,NA,NA,NA,NA,NA,NA,NA,NA,NA,0.0055198868790000003,NA,NA,NA,NA,NA,NA,NA,NA,NA,NA,NA,NA,NA,NA
4,b,raw,results/k9_practical_replicates.csv,d24c65b6f7fc8473eaeb70bc016389b14e71df683f57a6be41dd58fef9437361,E4,5,0,1,1,0.0001,0.01,moderate_redundancy,37,fit_complete,True,6.7677829739999998e-05,12654.12104,0.00040609417970000002,128,NA,1,1,1,214,E4|5|moderate_redundancy|0.0001|1|1,C_relative_error,0.021930914039999999,2.193091404,percent,100 * raw_value,n==5; practical designs; retained coefficients,37,37,NA,NA,NA,NA,NA,NA,NA,NA,NA,NA,NA,0.054326867280000003,NA,NA,NA,NA,NA,NA,NA,NA,NA,NA,NA,NA,NA,NA
4,b,raw,results/k9_practical_replicates.csv,d24c65b6f7fc8473eaeb70bc016389b14e71df683f57a6be41dd58fef9437361,E4,5,0,1,1,0.0001,0.01,high_redundancy,77,fit_complete,True,0.0001034269077,2984.5254580000001,0.00082900980339999997,31,NA,1,1,1,215,E4|5|high_redundancy|0.0001|1|1,C_relative_error,0.0092816046980000004,0.9281604698,percent,100 * raw_value,n==5; practical designs; retained coefficients,77,77,NA,NA,NA,NA,NA,NA,NA,NA,NA,NA,NA,0.0010969755820000001,NA,NA,NA,NA,NA,NA,NA,NA,NA,NA,NA,NA,NA,NA
4,b,raw,results/k9_practical_replicates.csv,d24c65b6f7fc8473eaeb70bc016389b14e71df683f57a6be41dd58fef9437361,E4,5,0,1,2,0.0001,0.01,moderate_redundancy,37,fit_complete,True,8.0839444059999997e-05,13177.37859,0.00045283820559999997,135,NA,1,1,1,217,E4|5|moderate_redundancy|0.0001|1|2,C_relative_error,0.069141404589999997,6.9141404589999995,percent,100 * raw_value,n==5; practical designs; retained coefficients,37,37,NA,NA,NA,NA,NA,NA,NA,NA,NA,NA,NA,0.032815689799999999,NA,NA,NA,NA,NA,NA,NA,NA,NA,NA,NA,NA,NA,NA
4,b,raw,results/k9_practical_replicates.csv,d24c65b6f7fc8473eaeb70bc016389b14e71df683f57a6be41dd58fef9437361,E4,5,0,1,2,0.0001,0.01,high_redundancy,77,fit_complete,True,9.7162943770000005e-05,2970.9786290000002,0.00076916088419999996,37,NA,1,1,1,218,E4|5|high_redundancy|0.0001|1|2,C_relative_error,0.014878042480000001,1.487804248,percent,100 * raw_value,n==5; practical designs; retained coefficients,77,77,NA,NA,NA,NA,NA,NA,NA,NA,NA,NA,NA,0.0029081655379999999,NA,NA,NA,NA,NA,NA,NA,NA,NA,NA,NA,NA,NA,NA
4,b,raw,results/k9_practical_replicates.csv,d24c65b6f7fc8473eaeb70bc016389b14e71df683f57a6be41dd58fef9437361,E4,5,0,1,3,0.0001,0.01,moderate_redundancy,37,fit_complete,True,7.9064899310000005e-05,13338.201010000001,0.00045974809690000002,128,NA,1,1,1,220,E4|5|moderate_redundancy|0.0001|1|3,C_relative_error,0.027881219610000001,2.7881219609999999,percent,100 * raw_value,n==5; practical designs; retained coefficients,37,37,NA,NA,NA,NA,NA,NA,NA,NA,NA,NA,NA,0.03678898605,NA,NA,NA,NA,NA,NA,NA,NA,NA,NA,NA,NA,NA,NA
4,b,raw,results/k9_practical_replicates.csv,d24c65b6f7fc8473eaeb70bc016389b14e71df683f57a6be41dd58fef9437361,E4,5,0,1,3,0.0001,0.01,high_redundancy,77,fit_complete,True,8.1256900769999994e-05,2948.7997570000002,0.00068140938369999995,31,NA,1,1,1,221,E4|5|high_redundancy|0.0001|1|3,C_relative_error,0.017583582989999999,1.758358299,percent,100 * raw_value,n==5; practical designs; retained coefficients,77,77,NA,NA,NA,NA,NA,NA,NA,NA,NA,NA,NA,0.0040334606089999997,NA,NA,NA,NA,NA,NA,NA,NA,NA,NA,NA,NA,NA,NA
4,b,raw,results/k9_practical_replicates.csv,d24c65b6f7fc8473eaeb70bc016389b14e71df683f57a6be41dd58fef9437361,E4,5,0,1,0,0.00029999999999999997,0.029999999999999999,moderate_redundancy,37,fit_complete,True,0.00023119339689999999,16907.47824,0.0015606244190000001,147,NA,0.66666666669999997,1,0.80000000000000004,223,E4|5|moderate_redundancy|0.0003|1|0,C_relative_error,0.21748569100000001,21.748569100000001,percent,100 * raw_value,n==5; practical designs; retained coefficients,37,37,NA,NA,NA,NA,NA,NA,NA,NA,NA,NA,NA,0.076234735649999996,NA,NA,NA,NA,NA,NA,NA,NA,NA,NA,NA,NA,NA,NA
4,b,raw,results/k9_practical_replicates.csv,d24c65b6f7fc8473eaeb70bc016389b14e71df683f57a6be41dd58fef9437361,E4,5,0,1,0,0.00029999999999999997,0.029999999999999999,high_redundancy,77,fit_complete,True,0.00035796795229999998,2801.6034519999998,0.002713062875,28,NA,1,1,1,224,E4|5|high_redundancy|0.0003|1|0,C_relative_error,0.022825689749999999,2.2825689749999998,percent,100 * raw_value,n==5; practical designs; retained coefficients,77,77,NA,NA,NA,NA,NA,NA,NA,NA,NA,NA,NA,0.025311299089999999,NA,NA,NA,NA,NA,NA,NA,NA,NA,NA,NA,NA,NA,NA
4,b,raw,results/k9_practical_replicates.csv,d24c65b6f7fc8473eaeb70bc016389b14e71df683f57a6be41dd58fef9437361,E4,5,0,1,1,0.00029999999999999997,0.029999999999999999,moderate_redundancy,37,fit_complete,True,0.0002096546946,10420.7521,0.001185971499,144,NA,0.66666666669999997,1,0.80000000000000004,226,E4|5|moderate_redundancy|0.0003|1|1,C_relative_error,0.060822243810000003,6.0822243810000005,percent,100 * raw_value,n==5; practical designs; retained coefficients,37,37,NA,NA,NA,NA,NA,NA,NA,NA,NA,NA,NA,0.11149910790000001,NA,NA,NA,NA,NA,NA,NA,NA,NA,NA,NA,NA,NA,NA
4,b,raw,results/k9_practical_replicates.csv,d24c65b6f7fc8473eaeb70bc016389b14e71df683f57a6be41dd58fef9437361,E4,5,0,1,1,0.00029999999999999997,0.029999999999999999,high_redundancy,77,fit_complete,True,0.000238284743,2906.2438430000002,0.00200805996,32,NA,1,1,1,227,E4|5|high_redundancy|0.0003|1|1,C_relative_error,0.019157717370000001,1.915771737,percent,100 * raw_value,n==5; practical designs; retained coefficients,77,77,NA,NA,NA,NA,NA,NA,NA,NA,NA,NA,NA,0.0087595549320000007,NA,NA,NA,NA,NA,NA,NA,NA,NA,NA,NA,NA,NA,NA
4,b,raw,results/k9_practical_replicates.csv,d24c65b6f7fc8473eaeb70bc016389b14e71df683f57a6be41dd58fef9437361,E4,5,0,1,2,0.00029999999999999997,0.029999999999999999,moderate_redundancy,37,fit_complete,True,0.00022719495980000001,9342.3511880000005,0.0014015971700000001,137,NA,0.80000000000000004,1,0.88888888889999995,229,E4|5|moderate_redundancy|0.0003|1|2,C_relative_error,0.08824848096,8.8248480960000002,percent,100 * raw_value,n==5; practical designs; retained coefficients,37,37,NA,NA,NA,NA,NA,NA,NA,NA,NA,NA,NA,0.15775806149999999,NA,NA,NA,NA,NA,NA,NA,NA,NA,NA,NA,NA,NA,NA
4,b,raw,results/k9_practical_replicates.csv,d24c65b6f7fc8473eaeb70bc016389b14e71df683f57a6be41dd58fef9437361,E4,5,0,1,2,0.00029999999999999997,0.029999999999999999,high_redundancy,77,fit_complete,True,0.00023696829409999999,2916.718527,0.0021627801569999998,29,NA,1,1,1,230,E4|5|high_redundancy|0.0003|1|2,C_relative_error,0.05259147284,5.259147284,percent,100 * raw_value,n==5; practical designs; retained coefficients,77,77,NA,NA,NA,NA,NA,NA,NA,NA,NA,NA,NA,0.01106446751,NA,NA,NA,NA,NA,NA,NA,NA,NA,NA,NA,NA,NA,NA
4,b,raw,results/k9_practical_replicates.csv,d24c65b6f7fc8473eaeb70bc016389b14e71df683f57a6be41dd58fef9437361,E4,5,0,1,3,0.00029999999999999997,0.029999999999999999,moderate_redundancy,37,fit_complete,True,0.00022915176180000001,9652.3103300000002,0.0013531406309999999,138,NA,0.80000000000000004,1,0.88888888889999995,232,E4|5|moderate_redundancy|0.0003|1|3,C_relative_error,0.068111297589999995,6.8111297589999991,percent,100 * raw_value,n==5; practical designs; retained coefficients,37,37,NA,NA,NA,NA,NA,NA,NA,NA,NA,NA,NA,0.13004372689999999,NA,NA,NA,NA,NA,NA,NA,NA,NA,NA,NA,NA,NA,NA
4,b,raw,results/k9_practical_replicates.csv,d24c65b6f7fc8473eaeb70bc016389b14e71df683f57a6be41dd58fef9437361,E4,5,0,1,3,0.00029999999999999997,0.029999999999999999,high_redundancy,77,fit_complete,True,0.00028621868690000002,2915.3715480000001,0.002484464978,26,NA,1,1,1,233,E4|5|high_redundancy|0.0003|1|3,C_relative_error,0.0072594364629999996,0.72594364629999997,percent,100 * raw_value,n==5; practical designs; retained coefficients,77,77,NA,NA,NA,NA,NA,NA,NA,NA,NA,NA,NA,0.01179117625,NA,NA,NA,NA,NA,NA,NA,NA,NA,NA,NA,NA,NA,NA
4,b,raw,results/k9_practical_replicates.csv,d24c65b6f7fc8473eaeb70bc016389b14e71df683f57a6be41dd58fef9437361,E4,5,0,1,0,0.001,0.10000000000000001,moderate_redundancy,37,fit_complete,True,0.00080830833549999995,6422.7395370000004,0.0054206748649999999,95,NA,0.66666666669999997,1,0.80000000000000004,235,E4|5|moderate_redundancy|0.001|1|0,C_relative_error,0.4422824742,44.228247420000002,percent,100 * raw_value,n==5; practical designs; retained coefficients,37,37,NA,NA,NA,NA,NA,NA,NA,NA,NA,NA,NA,0.2728317354,NA,NA,NA,NA,NA,NA,NA,NA,NA,NA,NA,NA,NA,NA
4,b,raw,results/k9_practical_replicates.csv,d24c65b6f7fc8473eaeb70bc016389b14e71df683f57a6be41dd58fef9437361,E4,5,0,1,0,0.001,0.10000000000000001,high_redundancy,77,fit_complete,True,0.00090642151890000004,2578.077084,0.0079171930719999992,27,NA,0.80000000000000004,1,0.88888888889999995,236,E4|5|high_redundancy|0.001|1|0,C_relative_error,0.18388510429999999,18.38851043,percent,100 * raw_value,n==5; practical designs; retained coefficients,77,77,NA,NA,NA,NA,NA,NA,NA,NA,NA,NA,NA,0.06362009985,NA,NA,NA,NA,NA,NA,NA,NA,NA,NA,NA,NA,NA,NA
4,b,raw,results/k9_practical_replicates.csv,d24c65b6f7fc8473eaeb70bc016389b14e71df683f57a6be41dd58fef9437361,E4,5,0,1,1,0.001,0.10000000000000001,moderate_redundancy,37,fit_complete,True,0.00068328230330000003,6701.7126859999998,0.0043757815229999997,129,NA,0.66666666669999997,1,0.80000000000000004,238,E4|5|moderate_redundancy|0.001|1|1,C_relative_error,0.42662136470000001,42.66213647,percent,100 * raw_value,n==5; practical designs; retained coefficients,37,37,NA,NA,NA,NA,NA,NA,NA,NA,NA,NA,NA,0.3041641122,NA,NA,NA,NA,NA,NA,NA,NA,NA,NA,NA,NA,NA,NA
4,b,raw,results/k9_practical_replicates.csv,d24c65b6f7fc8473eaeb70bc016389b14e71df683f57a6be41dd58fef9437361,E4,5,0,1,1,0.001,0.10000000000000001,high_redundancy,77,fit_complete,True,0.00076083233259999997,2566.9219990000001,0.007233643235,29,NA,1,1,1,239,E4|5|high_redundancy|0.001|1|1,C_relative_error,0.039074213910000002,3.9074213910000002,percent,100 * raw_value,n==5; practical designs; retained coefficients,77,77,NA,NA,NA,NA,NA,NA,NA,NA,NA,NA,NA,0.05565762757,NA,NA,NA,NA,NA,NA,NA,NA,NA,NA,NA,NA,NA,NA
4,b,raw,results/k9_practical_replicates.csv,d24c65b6f7fc8473eaeb70bc016389b14e71df683f57a6be41dd58fef9437361,E4,5,0,1,2,0.001,0.10000000000000001,moderate_redundancy,37,fit_complete,True,0.00083788712820000004,64116.686759999997,0.0051158339049999996,111,NA,0.66666666669999997,1,0.80000000000000004,241,E4|5|moderate_redundancy|0.001|1|2,C_relative_error,0.8135098019,81.350980190000001,percent,100 * raw_value,n==5; practical designs; retained coefficients,37,37,NA,NA,NA,NA,NA,NA,NA,NA,NA,NA,NA,0.26877609349999998,NA,NA,NA,NA,NA,NA,NA,NA,NA,NA,NA,NA,NA,NA
4,b,raw,results/k9_practical_replicates.csv,d24c65b6f7fc8473eaeb70bc016389b14e71df683f57a6be41dd58fef9437361,E4,5,0,1,2,0.001,0.10000000000000001,high_redundancy,77,fit_complete,True,0.00084845396750000003,2829.9035330000002,0.007499309214,27,NA,1,1,1,242,E4|5|high_redundancy|0.001|1|2,C_relative_error,0.076469073570000004,7.6469073570000008,percent,100 * raw_value,n==5; practical designs; retained coefficients,77,77,NA,NA,NA,NA,NA,NA,NA,NA,NA,NA,NA,0.030904348839999998,NA,NA,NA,NA,NA,NA,NA,NA,NA,NA,NA,NA,NA,NA
4,b,raw,results/k9_practical_replicates.csv,d24c65b6f7fc8473eaeb70bc016389b14e71df683f57a6be41dd58fef9437361,E4,5,0,1,3,0.001,0.10000000000000001,moderate_redundancy,37,fit_complete,True,0.00069470712849999995,14734.857980000001,0.0040368832519999997,109,NA,0.80000000000000004,1,0.88888888889999995,244,E4|5|moderate_redundancy|0.001|1|3,C_relative_error,0.19958819429999999,19.958819429999998,percent,100 * raw_value,n==5; practical designs; retained coefficients,37,37,NA,NA,NA,NA,NA,NA,NA,NA,NA,NA,NA,0.21011189699999999,NA,NA,NA,NA,NA,NA,NA,NA,NA,NA,NA,NA,NA,NA
4,b,raw,results/k9_practical_replicates.csv,d24c65b6f7fc8473eaeb70bc016389b14e71df683f57a6be41dd58fef9437361,E4,5,0,1,3,0.001,0.10000000000000001,high_redundancy,77,fit_complete,True,0.00083772925479999995,2992.653957,0.0075615511109999997,28,NA,1,1,1,245,E4|5|high_redundancy|0.001|1|3,C_relative_error,0.19900712919999999,19.90071292,percent,100 * raw_value,n==5; practical designs; retained coefficients,77,77,NA,NA,NA,NA,NA,NA,NA,NA,NA,NA,NA,0.035384452800000001,NA,NA,NA,NA,NA,NA,NA,NA,NA,NA,NA,NA,NA,NA
4,b,raw,results/k9_practical_replicates.csv,d24c65b6f7fc8473eaeb70bc016389b14e71df683f57a6be41dd58fef9437361,E4,5,0,1,0,0.0030000000000000001,0.29999999999999999,moderate_redundancy,37,fit_complete,True,0.0023923956800000002,79363.653460000001,0.014552566859999999,75,NA,0.66666666669999997,1,0.80000000000000004,247,E4|5|moderate_redundancy|0.003|1|0,C_relative_error,0.59982077509999998,59.982077509999996,percent,100 * raw_value,n==5; practical designs; retained coefficients,37,37,NA,NA,NA,NA,NA,NA,NA,NA,NA,NA,NA,0.53925663879999997,NA,NA,NA,NA,NA,NA,NA,NA,NA,NA,NA,NA,NA,NA
4,b,raw,results/k9_practical_replicates.csv,d24c65b6f7fc8473eaeb70bc016389b14e71df683f57a6be41dd58fef9437361,E4,5,0,1,0,0.0030000000000000001,0.29999999999999999,high_redundancy,77,fit_complete,True,0.0027765023060000002,2291.1361710000001,0.02415413764,26,NA,0.80000000000000004,1,0.88888888889999995,248,E4|5|high_redundancy|0.003|1|0,C_relative_error,0.1770710523,17.70710523,percent,100 * raw_value,n==5; practical designs; retained coefficients,77,77,NA,NA,NA,NA,NA,NA,NA,NA,NA,NA,NA,0.11604655160000001,NA,NA,NA,NA,NA,NA,NA,NA,NA,NA,NA,NA,NA,NA
4,b,raw,results/k9_practical_replicates.csv,d24c65b6f7fc8473eaeb70bc016389b14e71df683f57a6be41dd58fef9437361,E4,5,0,1,1,0.0030000000000000001,0.29999999999999999,moderate_redundancy,37,fit_complete,True,0.0025681350419999999,97315.153059999997,0.01490627642,145,NA,0.57142857140000003,1,0.72727272730000003,250,E4|5|moderate_redundancy|0.003|1|1,C_relative_error,3.8119201490000001,381.1920149,percent,100 * raw_value,n==5; practical designs; retained coefficients,37,37,NA,NA,NA,NA,NA,NA,NA,NA,NA,NA,NA,0.73399553390000005,NA,NA,NA,NA,NA,NA,NA,NA,NA,NA,NA,NA,NA,NA
4,b,raw,results/k9_practical_replicates.csv,d24c65b6f7fc8473eaeb70bc016389b14e71df683f57a6be41dd58fef9437361,E4,5,0,1,1,0.0030000000000000001,0.29999999999999999,high_redundancy,77,fit_complete,True,0.0021568137119999998,2701.2719229999998,0.021458186939999999,27,NA,1,1,1,251,E4|5|high_redundancy|0.003|1|1,C_relative_error,0.18476494020000001,18.476494020000001,percent,100 * raw_value,n==5; practical designs; retained coefficients,77,77,NA,NA,NA,NA,NA,NA,NA,NA,NA,NA,NA,0.084206955680000001,NA,NA,NA,NA,NA,NA,NA,NA,NA,NA,NA,NA,NA,NA
4,b,raw,results/k9_practical_replicates.csv,d24c65b6f7fc8473eaeb70bc016389b14e71df683f57a6be41dd58fef9437361,E4,5,0,1,2,0.0030000000000000001,0.29999999999999999,moderate_redundancy,37,fit_complete,True,0.0021480209460000002,70009.379100000006,0.01463346186,86,NA,0.66666666669999997,1,0.80000000000000004,253,E4|5|moderate_redundancy|0.003|1|2,C_relative_error,1.4606604089999999,146.06604089999999,percent,100 * raw_value,n==5; practical designs; retained coefficients,37,37,NA,NA,NA,NA,NA,NA,NA,NA,NA,NA,NA,0.26679995200000001,NA,NA,NA,NA,NA,NA,NA,NA,NA,NA,NA,NA,NA,NA
4,b,raw,results/k9_practical_replicates.csv,d24c65b6f7fc8473eaeb70bc016389b14e71df683f57a6be41dd58fef9437361,E4,5,0,1,2,0.0030000000000000001,0.29999999999999999,high_redundancy,77,fit_complete,True,0.0030760583419999999,2220.9073819999999,0.02745083643,38,NA,1,1,1,254,E4|5|high_redundancy|0.003|1|2,C_relative_error,0.3126352899,31.263528990000001,percent,100 * raw_value,n==5; practical designs; retained coefficients,77,77,NA,NA,NA,NA,NA,NA,NA,NA,NA,NA,NA,0.081416102140000002,NA,NA,NA,NA,NA,NA,NA,NA,NA,NA,NA,NA,NA,NA
4,b,raw,results/k9_practical_replicates.csv,d24c65b6f7fc8473eaeb70bc016389b14e71df683f57a6be41dd58fef9437361,E4,5,0,1,3,0.0030000000000000001,0.29999999999999999,moderate_redundancy,37,fit_complete,True,0.002691413246,28932.059880000001,0.017409036159999999,92,NA,0.66666666669999997,1,0.80000000000000004,256,E4|5|moderate_redundancy|0.003|1|3,C_relative_error,1.200429736,120.0429736,percent,100 * raw_value,n==5; practical designs; retained coefficients,37,37,NA,NA,NA,NA,NA,NA,NA,NA,NA,NA,NA,0.36815986000000001,NA,NA,NA,NA,NA,NA,NA,NA,NA,NA,NA,NA,NA,NA
4,b,raw,results/k9_practical_replicates.csv,d24c65b6f7fc8473eaeb70bc016389b14e71df683f57a6be41dd58fef9437361,E4,5,0,1,3,0.0030000000000000001,0.29999999999999999,high_redundancy,77,fit_complete,True,0.002626624689,2744.230869,0.024065077569999999,29,NA,1,1,1,257,E4|5|high_redundancy|0.003|1|3,C_relative_error,0.29488746380000003,29.488746380000002,percent,100 * raw_value,n==5; practical designs; retained coefficients,77,77,NA,NA,NA,NA,NA,NA,NA,NA,NA,NA,NA,0.070475039180000004,NA,NA,NA,NA,NA,NA,NA,NA,NA,NA,NA,NA,NA,NA
4,b,raw,results/k9_practical_replicates.csv,d24c65b6f7fc8473eaeb70bc016389b14e71df683f57a6be41dd58fef9437361,E5,5,1,0,0,0,0,moderate_redundancy,37,fit_complete,True,2.3584582739999999e-08,3139.0180959999998,1.9336097800000001e-07,58,NA,1,1,1,271,E5|5|moderate_redundancy|0.0|0|0,C_relative_error,8.1631489439999995e-06,0.00081631489439999998,percent,100 * raw_value,n==5; practical designs; retained coefficients,37,37,NA,NA,NA,NA,NA,NA,NA,NA,NA,NA,NA,2.0281811059999999e-05,NA,NA,NA,NA,NA,NA,NA,NA,NA,NA,NA,NA,NA,NA
4,b,raw,results/k9_practical_replicates.csv,d24c65b6f7fc8473eaeb70bc016389b14e71df683f57a6be41dd58fef9437361,E5,5,1,0,0,0,0,high_redundancy,77,fit_complete,True,1.043489786e-07,375.4882771,8.2449594870000002e-07,25,NA,1,1,1,272,E5|5|high_redundancy|0.0|0|0,C_relative_error,3.6919013170000002e-06,0.00036919013170000001,percent,100 * raw_value,n==5; practical designs; retained coefficients,77,77,NA,NA,NA,NA,NA,NA,NA,NA,NA,NA,NA,7.8882298260000005e-06,NA,NA,NA,NA,NA,NA,NA,NA,NA,NA,NA,NA,NA,NA
4,b,raw,results/k9_practical_replicates.csv,d24c65b6f7fc8473eaeb70bc016389b14e71df683f57a6be41dd58fef9437361,E5,5,1,0,1,0,0,moderate_redundancy,37,fit_complete,True,2.3584582739999999e-08,3139.0180959999998,1.9336097800000001e-07,58,NA,1,1,1,274,E5|5|moderate_redundancy|0.0|0|1,C_relative_error,8.1631489439999995e-06,0.00081631489439999998,percent,100 * raw_value,n==5; practical designs; retained coefficients,37,37,NA,NA,NA,NA,NA,NA,NA,NA,NA,NA,NA,2.0281811059999999e-05,NA,NA,NA,NA,NA,NA,NA,NA,NA,NA,NA,NA,NA,NA
4,b,raw,results/k9_practical_replicates.csv,d24c65b6f7fc8473eaeb70bc016389b14e71df683f57a6be41dd58fef9437361,E5,5,1,0,1,0,0,high_redundancy,77,fit_complete,True,1.043489786e-07,375.4882771,8.2449594870000002e-07,25,NA,1,1,1,275,E5|5|high_redundancy|0.0|0|1,C_relative_error,3.6919013170000002e-06,0.00036919013170000001,percent,100 * raw_value,n==5; practical designs; retained coefficients,77,77,NA,NA,NA,NA,NA,NA,NA,NA,NA,NA,NA,7.8882298260000005e-06,NA,NA,NA,NA,NA,NA,NA,NA,NA,NA,NA,NA,NA,NA
4,b,raw,results/k9_practical_replicates.csv,d24c65b6f7fc8473eaeb70bc016389b14e71df683f57a6be41dd58fef9437361,E5,5,1,0,2,0,0,moderate_redundancy,37,fit_complete,True,2.3584582739999999e-08,3139.0180959999998,1.9336097800000001e-07,58,NA,1,1,1,277,E5|5|moderate_redundancy|0.0|0|2,C_relative_error,8.1631489439999995e-06,0.00081631489439999998,percent,100 * raw_value,n==5; practical designs; retained coefficients,37,37,NA,NA,NA,NA,NA,NA,NA,NA,NA,NA,NA,2.0281811059999999e-05,NA,NA,NA,NA,NA,NA,NA,NA,NA,NA,NA,NA,NA,NA
4,b,raw,results/k9_practical_replicates.csv,d24c65b6f7fc8473eaeb70bc016389b14e71df683f57a6be41dd58fef9437361,E5,5,1,0,2,0,0,high_redundancy,77,fit_complete,True,1.043489786e-07,375.4882771,8.2449594870000002e-07,25,NA,1,1,1,278,E5|5|high_redundancy|0.0|0|2,C_relative_error,3.6919013170000002e-06,0.00036919013170000001,percent,100 * raw_value,n==5; practical designs; retained coefficients,77,77,NA,NA,NA,NA,NA,NA,NA,NA,NA,NA,NA,7.8882298260000005e-06,NA,NA,NA,NA,NA,NA,NA,NA,NA,NA,NA,NA,NA,NA
4,b,raw,results/k9_practical_replicates.csv,d24c65b6f7fc8473eaeb70bc016389b14e71df683f57a6be41dd58fef9437361,E5,5,1,0,3,0,0,moderate_redundancy,37,fit_complete,True,2.3584582739999999e-08,3139.0180959999998,1.9336097800000001e-07,58,NA,1,1,1,280,E5|5|moderate_redundancy|0.0|0|3,C_relative_error,8.1631489439999995e-06,0.00081631489439999998,percent,100 * raw_value,n==5; practical designs; retained coefficients,37,37,NA,NA,NA,NA,NA,NA,NA,NA,NA,NA,NA,2.0281811059999999e-05,NA,NA,NA,NA,NA,NA,NA,NA,NA,NA,NA,NA,NA,NA
4,b,raw,results/k9_practical_replicates.csv,d24c65b6f7fc8473eaeb70bc016389b14e71df683f57a6be41dd58fef9437361,E5,5,1,0,3,0,0,high_redundancy,77,fit_complete,True,1.043489786e-07,375.4882771,8.2449594870000002e-07,25,NA,1,1,1,281,E5|5|high_redundancy|0.0|0|3,C_relative_error,3.6919013170000002e-06,0.00036919013170000001,percent,100 * raw_value,n==5; practical designs; retained coefficients,77,77,NA,NA,NA,NA,NA,NA,NA,NA,NA,NA,NA,7.8882298260000005e-06,NA,NA,NA,NA,NA,NA,NA,NA,NA,NA,NA,NA,NA,NA
4,b,raw,results/k9_practical_replicates.csv,d24c65b6f7fc8473eaeb70bc016389b14e71df683f57a6be41dd58fef9437361,E5,5,1,0,0,0.0001,0.01,moderate_redundancy,37,fit_complete,True,5.9694488049999999e-05,2950.4287340000001,0.00042776119050000002,49,NA,1,1,1,283,E5|5|moderate_redundancy|0.0001|0|0,C_relative_error,0.013121045499999999,1.3121045499999999,percent,100 * raw_value,n==5; practical designs; retained coefficients,37,37,NA,NA,NA,NA,NA,NA,NA,NA,NA,NA,NA,0.018540322599999999,NA,NA,NA,NA,NA,NA,NA,NA,NA,NA,NA,NA,NA,NA
4,b,raw,results/k9_practical_replicates.csv,d24c65b6f7fc8473eaeb70bc016389b14e71df683f57a6be41dd58fef9437361,E5,5,1,0,0,0.0001,0.01,high_redundancy,77,fit_complete,True,0.00010747221219999999,373.83247130000001,0.0007631412251,24,NA,1,1,1,284,E5|5|high_redundancy|0.0001|0|0,C_relative_error,0.0023565196039999998,0.23565196039999997,percent,100 * raw_value,n==5; practical designs; retained coefficients,77,77,NA,NA,NA,NA,NA,NA,NA,NA,NA,NA,NA,0.0010957533270000001,NA,NA,NA,NA,NA,NA,NA,NA,NA,NA,NA,NA,NA,NA
4,b,raw,results/k9_practical_replicates.csv,d24c65b6f7fc8473eaeb70bc016389b14e71df683f57a6be41dd58fef9437361,E5,5,1,0,1,0.0001,0.01,moderate_redundancy,37,fit_complete,True,6.083212973e-05,3043.0952830000001,0.00037131973320000001,56,NA,1,1,1,286,E5|5|moderate_redundancy|0.0001|0|1,C_relative_error,0.01501241362,1.501241362,percent,100 * raw_value,n==5; practical designs; retained coefficients,37,37,NA,NA,NA,NA,NA,NA,NA,NA,NA,NA,NA,0.0096669750079999995,NA,NA,NA,NA,NA,NA,NA,NA,NA,NA,NA,NA,NA,NA
4,b,raw,results/k9_practical_replicates.csv,d24c65b6f7fc8473eaeb70bc016389b14e71df683f57a6be41dd58fef9437361,E5,5,1,0,1,0.0001,0.01,high_redundancy,77,fit_complete,True,9.4522879180000002e-05,374.7352846,0.00083714802959999998,24,NA,1,1,1,287,E5|5|high_redundancy|0.0001|0|1,C_relative_error,0.0024320594199999999,0.24320594199999998,percent,100 * raw_value,n==5; practical designs; retained coefficients,77,77,NA,NA,NA,NA,NA,NA,NA,NA,NA,NA,NA,0.00085517063200000001,NA,NA,NA,NA,NA,NA,NA,NA,NA,NA,NA,NA,NA,NA
4,b,raw,results/k9_practical_replicates.csv,d24c65b6f7fc8473eaeb70bc016389b14e71df683f57a6be41dd58fef9437361,E5,5,1,0,2,0.0001,0.01,moderate_redundancy,37,fit_complete,True,5.9981149659999997e-05,3079.659701,0.000412881265,54,NA,1,1,1,289,E5|5|moderate_redundancy|0.0001|0|2,C_relative_error,0.0044719800369999998,0.44719800369999996,percent,100 * raw_value,n==5; practical designs; retained coefficients,37,37,NA,NA,NA,NA,NA,NA,NA,NA,NA,NA,NA,0.0074999715890000001,NA,NA,NA,NA,NA,NA,NA,NA,NA,NA,NA,NA,NA,NA
4,b,raw,results/k9_practical_replicates.csv,d24c65b6f7fc8473eaeb70bc016389b14e71df683f57a6be41dd58fef9437361,E5,5,1,0,2,0.0001,0.01,high_redundancy,77,fit_complete,True,7.1712880669999999e-05,374.72168199999999,0.00068386554259999995,23,NA,1,1,1,290,E5|5|high_redundancy|0.0001|0|2,C_relative_error,0.0020441876299999999,0.204418763,percent,100 * raw_value,n==5; practical designs; retained coefficients,77,77,NA,NA,NA,NA,NA,NA,NA,NA,NA,NA,NA,0.00061015842300000001,NA,NA,NA,NA,NA,NA,NA,NA,NA,NA,NA,NA,NA,NA
4,b,raw,results/k9_practical_replicates.csv,d24c65b6f7fc8473eaeb70bc016389b14e71df683f57a6be41dd58fef9437361,E5,5,1,0,3,0.0001,0.01,moderate_redundancy,37,fit_complete,True,7.3297810829999998e-05,3022.6396850000001,0.00043169715049999998,50,NA,1,1,1,292,E5|5|moderate_redundancy|0.0001|0|3,C_relative_error,0.01458661321,1.4586613209999999,percent,100 * raw_value,n==5; practical designs; retained coefficients,37,37,NA,NA,NA,NA,NA,NA,NA,NA,NA,NA,NA,0.012693736230000001,NA,NA,NA,NA,NA,NA,NA,NA,NA,NA,NA,NA,NA,NA
4,b,raw,results/k9_practical_replicates.csv,d24c65b6f7fc8473eaeb70bc016389b14e71df683f57a6be41dd58fef9437361,E5,5,1,0,3,0.0001,0.01,high_redundancy,77,fit_complete,True,8.3914031599999998e-05,374.51400489999997,0.00074550609259999999,24,NA,1,1,1,293,E5|5|high_redundancy|0.0001|0|3,C_relative_error,0.0023557461929999998,0.23557461929999998,percent,100 * raw_value,n==5; practical designs; retained coefficients,77,77,NA,NA,NA,NA,NA,NA,NA,NA,NA,NA,NA,0.00097161533960000003,NA,NA,NA,NA,NA,NA,NA,NA,NA,NA,NA,NA,NA,NA
4,b,raw,results/k9_practical_replicates.csv,d24c65b6f7fc8473eaeb70bc016389b14e71df683f57a6be41dd58fef9437361,E5,5,1,0,0,0.00029999999999999997,0.029999999999999999,moderate_redundancy,37,fit_complete,True,0.00027211465340000002,3062.2801119999999,0.0015399467139999999,57,NA,1,1,1,295,E5|5|moderate_redundancy|0.0003|0|0,C_relative_error,0.01702650231,1.702650231,percent,100 * raw_value,n==5; practical designs; retained coefficients,37,37,NA,NA,NA,NA,NA,NA,NA,NA,NA,NA,NA,0.011769825689999999,NA,NA,NA,NA,NA,NA,NA,NA,NA,NA,NA,NA,NA,NA
4,b,raw,results/k9_practical_replicates.csv,d24c65b6f7fc8473eaeb70bc016389b14e71df683f57a6be41dd58fef9437361,E5,5,1,0,0,0.00029999999999999997,0.029999999999999999,high_redundancy,77,fit_complete,True,0.00024553723750000002,371.442792,0.0023371902690000001,22,NA,1,1,1,296,E5|5|high_redundancy|0.0003|0|0,C_relative_error,0.01164316491,1.1643164909999999,percent,100 * raw_value,n==5; practical designs; retained coefficients,77,77,NA,NA,NA,NA,NA,NA,NA,NA,NA,NA,NA,0.0031852145609999999,NA,NA,NA,NA,NA,NA,NA,NA,NA,NA,NA,NA,NA,NA
4,b,raw,results/k9_practical_replicates.csv,d24c65b6f7fc8473eaeb70bc016389b14e71df683f57a6be41dd58fef9437361,E5,5,1,0,1,0.00029999999999999997,0.029999999999999999,moderate_redundancy,37,fit_complete,True,0.00020634017729999999,3105.2422190000002,0.001344516164,57,NA,1,1,1,298,E5|5|moderate_redundancy|0.0003|0|1,C_relative_error,0.034934304809999997,3.4934304809999999,percent,100 * raw_value,n==5; practical designs; retained coefficients,37,37,NA,NA,NA,NA,NA,NA,NA,NA,NA,NA,NA,0.0108831242,NA,NA,NA,NA,NA,NA,NA,NA,NA,NA,NA,NA,NA,NA
4,b,raw,results/k9_practical_replicates.csv,d24c65b6f7fc8473eaeb70bc016389b14e71df683f57a6be41dd58fef9437361,E5,5,1,0,1,0.00029999999999999997,0.029999999999999999,high_redundancy,77,fit_complete,True,0.00025198364480000002,372.62062659999998,0.0022389105169999999,17,NA,1,1,1,299,E5|5|high_redundancy|0.0003|0|1,C_relative_error,0.017416693069999999,1.741669307,percent,100 * raw_value,n==5; practical designs; retained coefficients,77,77,NA,NA,NA,NA,NA,NA,NA,NA,NA,NA,NA,0.0041697095999999999,NA,NA,NA,NA,NA,NA,NA,NA,NA,NA,NA,NA,NA,NA
4,b,raw,results/k9_practical_replicates.csv,d24c65b6f7fc8473eaeb70bc016389b14e71df683f57a6be41dd58fef9437361,E5,5,1,0,2,0.00029999999999999997,0.029999999999999999,moderate_redundancy,37,fit_complete,True,0.0002715596571,2769.8180560000001,0.001551956799,52,NA,1,1,1,301,E5|5|moderate_redundancy|0.0003|0|2,C_relative_error,0.041961174109999999,4.1961174109999995,percent,100 * raw_value,n==5; practical designs; retained coefficients,37,37,NA,NA,NA,NA,NA,NA,NA,NA,NA,NA,NA,0.034931147900000001,NA,NA,NA,NA,NA,NA,NA,NA,NA,NA,NA,NA,NA,NA
4,b,raw,results/k9_practical_replicates.csv,d24c65b6f7fc8473eaeb70bc016389b14e71df683f57a6be41dd58fef9437361,E5,5,1,0,2,0.00029999999999999997,0.029999999999999999,high_redundancy,77,fit_complete,True,0.00026128817340000002,372.02587799999998,0.0023458182670000002,20,NA,1,1,1,302,E5|5|high_redundancy|0.0003|0|2,C_relative_error,0.0089372597000000002,0.89372596999999998,percent,100 * raw_value,n==5; practical designs; retained coefficients,77,77,NA,NA,NA,NA,NA,NA,NA,NA,NA,NA,NA,0.0028260641890000002,NA,NA,NA,NA,NA,NA,NA,NA,NA,NA,NA,NA,NA,NA
4,b,raw,results/k9_practical_replicates.csv,d24c65b6f7fc8473eaeb70bc016389b14e71df683f57a6be41dd58fef9437361,E5,5,1,0,3,0.00029999999999999997,0.029999999999999999,moderate_redundancy,37,fit_complete,True,0.00025700637419999998,2669.354585,0.001447072201,53,NA,1,1,1,304,E5|5|moderate_redundancy|0.0003|0|3,C_relative_error,0.044994133569999997,4.4994133569999999,percent,100 * raw_value,n==5; practical designs; retained coefficients,37,37,NA,NA,NA,NA,NA,NA,NA,NA,NA,NA,NA,0.03747725365,NA,NA,NA,NA,NA,NA,NA,NA,NA,NA,NA,NA,NA,NA
4,b,raw,results/k9_practical_replicates.csv,d24c65b6f7fc8473eaeb70bc016389b14e71df683f57a6be41dd58fef9437361,E5,5,1,0,3,0.00029999999999999997,0.029999999999999999,high_redundancy,77,fit_complete,True,0.00027839146109999999,373.85318749999999,0.002665212263,22,NA,1,1,1,305,E5|5|high_redundancy|0.0003|0|3,C_relative_error,0.0051556953589999999,0.51556953589999999,percent,100 * raw_value,n==5; practical designs; retained coefficients,77,77,NA,NA,NA,NA,NA,NA,NA,NA,NA,NA,NA,0.0024097076580000001,NA,NA,NA,NA,NA,NA,NA,NA,NA,NA,NA,NA,NA,NA
4,b,raw,results/k9_practical_replicates.csv,d24c65b6f7fc8473eaeb70bc016389b14e71df683f57a6be41dd58fef9437361,E5,5,1,0,0,0.001,0.10000000000000001,moderate_redundancy,37,fit_complete,True,0.0006418311902,2133.8383749999998,0.0038752848399999998,42,NA,0.83333333330000003,1,0.90909090910000001,307,E5|5|moderate_redundancy|0.001|0|0,C_relative_error,0.1139814203,11.398142029999999,percent,100 * raw_value,n==5; practical designs; retained coefficients,37,37,NA,NA,NA,NA,NA,NA,NA,NA,NA,NA,NA,0.1186849416,NA,NA,NA,NA,NA,NA,NA,NA,NA,NA,NA,NA,NA,NA
4,b,raw,results/k9_practical_replicates.csv,d24c65b6f7fc8473eaeb70bc016389b14e71df683f57a6be41dd58fef9437361,E5,5,1,0,0,0.001,0.10000000000000001,high_redundancy,77,fit_complete,True,0.00089590997030000003,365.9953261,0.0082681531330000002,19,NA,1,1,1,308,E5|5|high_redundancy|0.001|0|0,C_relative_error,0.036358317629999998,3.6358317629999997,percent,100 * raw_value,n==5; practical designs; retained coefficients,77,77,NA,NA,NA,NA,NA,NA,NA,NA,NA,NA,NA,0.0053687401330000002,NA,NA,NA,NA,NA,NA,NA,NA,NA,NA,NA,NA,NA,NA
4,b,raw,results/k9_practical_replicates.csv,d24c65b6f7fc8473eaeb70bc016389b14e71df683f57a6be41dd58fef9437361,E5,5,1,0,1,0.001,0.10000000000000001,moderate_redundancy,37,fit_complete,True,0.00082686945860000003,1828.216946,0.0051433753550000003,45,NA,0.71428571429999999,1,0.83333333330000003,310,E5|5|moderate_redundancy|0.001|0|1,C_relative_error,0.22935991999999999,22.935991999999999,percent,100 * raw_value,n==5; practical designs; retained coefficients,37,37,NA,NA,NA,NA,NA,NA,NA,NA,NA,NA,NA,0.20232667779999999,NA,NA,NA,NA,NA,NA,NA,NA,NA,NA,NA,NA,NA,NA
4,b,raw,results/k9_practical_replicates.csv,d24c65b6f7fc8473eaeb70bc016389b14e71df683f57a6be41dd58fef9437361,E5,5,1,0,1,0.001,0.10000000000000001,high_redundancy,77,fit_complete,True,0.00091675935460000003,369.80724429999998,0.0086925167229999992,19,NA,1,1,1,311,E5|5|high_redundancy|0.001|0|1,C_relative_error,0.055904978100000002,5.5904978100000005,percent,100 * raw_value,n==5; practical designs; retained coefficients,77,77,NA,NA,NA,NA,NA,NA,NA,NA,NA,NA,NA,0.0052527494180000002,NA,NA,NA,NA,NA,NA,NA,NA,NA,NA,NA,NA,NA,NA
4,b,raw,results/k9_practical_replicates.csv,d24c65b6f7fc8473eaeb70bc016389b14e71df683f57a6be41dd58fef9437361,E5,5,1,0,2,0.001,0.10000000000000001,moderate_redundancy,37,fit_complete,True,0.00093681539710000004,3274.0363149999998,0.0054079988610000003,38,NA,0.71428571429999999,1,0.83333333330000003,313,E5|5|moderate_redundancy|0.001|0|2,C_relative_error,0.18251204730000001,18.251204730000001,percent,100 * raw_value,n==5; practical designs; retained coefficients,37,37,NA,NA,NA,NA,NA,NA,NA,NA,NA,NA,NA,0.1006194101,NA,NA,NA,NA,NA,NA,NA,NA,NA,NA,NA,NA,NA,NA
4,b,raw,results/k9_practical_replicates.csv,d24c65b6f7fc8473eaeb70bc016389b14e71df683f57a6be41dd58fef9437361,E5,5,1,0,2,0.001,0.10000000000000001,high_redundancy,77,fit_complete,True,0.00094722906559999999,369.93110780000001,0.0085815880319999992,19,NA,1,1,1,314,E5|5|high_redundancy|0.001|0|2,C_relative_error,0.020103027150000001,2.0103027149999999,percent,100 * raw_value,n==5; practical designs; retained coefficients,77,77,NA,NA,NA,NA,NA,NA,NA,NA,NA,NA,NA,0.0063037815049999998,NA,NA,NA,NA,NA,NA,NA,NA,NA,NA,NA,NA,NA,NA
4,b,raw,results/k9_practical_replicates.csv,d24c65b6f7fc8473eaeb70bc016389b14e71df683f57a6be41dd58fef9437361,E5,5,1,0,3,0.001,0.10000000000000001,moderate_redundancy,37,fit_complete,True,0.00051538714110000003,2561.5507499999999,0.003406817635,50,NA,1,1,1,316,E5|5|moderate_redundancy|0.001|0|3,C_relative_error,0.039525886929999997,3.9525886929999996,percent,100 * raw_value,n==5; practical designs; retained coefficients,37,37,NA,NA,NA,NA,NA,NA,NA,NA,NA,NA,NA,0.063039382899999996,NA,NA,NA,NA,NA,NA,NA,NA,NA,NA,NA,NA,NA,NA
4,b,raw,results/k9_practical_replicates.csv,d24c65b6f7fc8473eaeb70bc016389b14e71df683f57a6be41dd58fef9437361,E5,5,1,0,3,0.001,0.10000000000000001,high_redundancy,77,fit_complete,True,0.00082093921519999999,373.63044439999999,0.0067201080079999998,22,NA,1,1,1,317,E5|5|high_redundancy|0.001|0|3,C_relative_error,0.073363190719999999,7.3363190720000002,percent,100 * raw_value,n==5; practical designs; retained coefficients,77,77,NA,NA,NA,NA,NA,NA,NA,NA,NA,NA,NA,0.0043619094670000001,NA,NA,NA,NA,NA,NA,NA,NA,NA,NA,NA,NA,NA,NA
4,b,raw,results/k9_practical_replicates.csv,d24c65b6f7fc8473eaeb70bc016389b14e71df683f57a6be41dd58fef9437361,E5,5,1,0,0,0.0030000000000000001,0.29999999999999999,moderate_redundancy,37,fit_complete,True,0.0020938971820000001,2846.450073,0.01227560697,45,NA,0.71428571429999999,1,0.83333333330000003,319,E5|5|moderate_redundancy|0.003|0|0,C_relative_error,0.78323715289999996,78.323715289999996,percent,100 * raw_value,n==5; practical designs; retained coefficients,37,37,NA,NA,NA,NA,NA,NA,NA,NA,NA,NA,NA,0.1563414062,NA,NA,NA,NA,NA,NA,NA,NA,NA,NA,NA,NA,NA,NA
4,b,raw,results/k9_practical_replicates.csv,d24c65b6f7fc8473eaeb70bc016389b14e71df683f57a6be41dd58fef9437361,E5,5,1,0,0,0.0030000000000000001,0.29999999999999999,high_redundancy,77,fit_complete,True,0.0024639717770000001,319.8760949,0.02246574917,20,NA,1,1,1,320,E5|5|high_redundancy|0.003|0|0,C_relative_error,0.091625727810000002,9.1625727809999997,percent,100 * raw_value,n==5; practical designs; retained coefficients,77,77,NA,NA,NA,NA,NA,NA,NA,NA,NA,NA,NA,0.051214993600000001,NA,NA,NA,NA,NA,NA,NA,NA,NA,NA,NA,NA,NA,NA
4,b,raw,results/k9_practical_replicates.csv,d24c65b6f7fc8473eaeb70bc016389b14e71df683f57a6be41dd58fef9437361,E5,5,1,0,1,0.0030000000000000001,0.29999999999999999,moderate_redundancy,37,fit_complete,True,0.0021890760430000001,1483.098493,0.01329538819,49,NA,0.625,1,0.7692307692,322,E5|5|moderate_redundancy|0.003|0|1,C_relative_error,0.11627792200000001,11.6277922,percent,100 * raw_value,n==5; practical designs; retained coefficients,37,37,NA,NA,NA,NA,NA,NA,NA,NA,NA,NA,NA,0.33374448559999997,NA,NA,NA,NA,NA,NA,NA,NA,NA,NA,NA,NA,NA,NA
4,b,raw,results/k9_practical_replicates.csv,d24c65b6f7fc8473eaeb70bc016389b14e71df683f57a6be41dd58fef9437361,E5,5,1,0,1,0.0030000000000000001,0.29999999999999999,high_redundancy,77,fit_complete,True,0.0025191211569999998,346.33675729999999,0.021676337689999998,20,NA,1,1,1,323,E5|5|high_redundancy|0.003|0|1,C_relative_error,0.081002813369999996,8.1002813370000002,percent,100 * raw_value,n==5; practical designs; retained coefficients,77,77,NA,NA,NA,NA,NA,NA,NA,NA,NA,NA,NA,0.024392198109999999,NA,NA,NA,NA,NA,NA,NA,NA,NA,NA,NA,NA,NA,NA
4,b,raw,results/k9_practical_replicates.csv,d24c65b6f7fc8473eaeb70bc016389b14e71df683f57a6be41dd58fef9437361,E5,5,1,0,2,0.0030000000000000001,0.29999999999999999,moderate_redundancy,37,fit_complete,True,0.002271168874,1914.9153449999999,0.014538513899999999,55,NA,0.625,1,0.7692307692,325,E5|5|moderate_redundancy|0.003|0|2,C_relative_error,0.1618924182,16.189241819999999,percent,100 * raw_value,n==5; practical designs; retained coefficients,37,37,NA,NA,NA,NA,NA,NA,NA,NA,NA,NA,NA,0.2310393781,NA,NA,NA,NA,NA,NA,NA,NA,NA,NA,NA,NA,NA,NA
4,b,raw,results/k9_practical_replicates.csv,d24c65b6f7fc8473eaeb70bc016389b14e71df683f57a6be41dd58fef9437361,E5,5,1,0,2,0.0030000000000000001,0.29999999999999999,high_redundancy,77,fit_complete,True,0.0027624578599999999,338.66661599999998,0.02467989437,21,NA,1,1,1,326,E5|5|high_redundancy|0.003|0|2,C_relative_error,0.1038010179,10.380101789999999,percent,100 * raw_value,n==5; practical designs; retained coefficients,77,77,NA,NA,NA,NA,NA,NA,NA,NA,NA,NA,NA,0.0292199691,NA,NA,NA,NA,NA,NA,NA,NA,NA,NA,NA,NA,NA,NA
4,b,raw,results/k9_practical_replicates.csv,d24c65b6f7fc8473eaeb70bc016389b14e71df683f57a6be41dd58fef9437361,E5,5,1,0,3,0.0030000000000000001,0.29999999999999999,moderate_redundancy,37,fit_complete,True,0.001743347676,5962.6770489999999,0.01129797013,65,NA,0.625,1,0.7692307692,328,E5|5|moderate_redundancy|0.003|0|3,C_relative_error,0.19824612520000001,19.824612520000002,percent,100 * raw_value,n==5; practical designs; retained coefficients,37,37,NA,NA,NA,NA,NA,NA,NA,NA,NA,NA,NA,0.2334959388,NA,NA,NA,NA,NA,NA,NA,NA,NA,NA,NA,NA,NA,NA
4,b,raw,results/k9_practical_replicates.csv,d24c65b6f7fc8473eaeb70bc016389b14e71df683f57a6be41dd58fef9437361,E5,5,1,0,3,0.0030000000000000001,0.29999999999999999,high_redundancy,77,fit_complete,True,0.0021881091899999998,341.31968499999999,0.020785278729999999,19,NA,1,1,1,329,E5|5|high_redundancy|0.003|0|3,C_relative_error,0.10225316,10.225315999999999,percent,100 * raw_value,n==5; practical designs; retained coefficients,77,77,NA,NA,NA,NA,NA,NA,NA,NA,NA,NA,NA,0.026054579729999999,NA,NA,NA,NA,NA,NA,NA,NA,NA,NA,NA,NA,NA,NA
4,b,raw,results/k9_practical_replicates.csv,d24c65b6f7fc8473eaeb70bc016389b14e71df683f57a6be41dd58fef9437361,E5,5,1,1,0,0,0,moderate_redundancy,37,fit_complete,True,2.835339352e-08,3569.088792,2.3671442890000001e-07,39,NA,1,1,1,331,E5|5|moderate_redundancy|0.0|1|0,C_relative_error,8.4528215719999997e-06,0.00084528215719999991,percent,100 * raw_value,n==5; practical designs; retained coefficients,37,37,NA,NA,NA,NA,NA,NA,NA,NA,NA,NA,NA,2.5714076100000001e-05,NA,NA,NA,NA,NA,NA,NA,NA,NA,NA,NA,NA,NA,NA
4,b,raw,results/k9_practical_replicates.csv,d24c65b6f7fc8473eaeb70bc016389b14e71df683f57a6be41dd58fef9437361,E5,5,1,1,0,0,0,high_redundancy,77,fit_complete,True,1.0059583819999999e-07,402.28757619999999,7.7631837629999995e-07,27,NA,1,1,1,332,E5|5|high_redundancy|0.0|1|0,C_relative_error,3.3994250330000001e-06,0.00033994250330000002,percent,100 * raw_value,n==5; practical designs; retained coefficients,77,77,NA,NA,NA,NA,NA,NA,NA,NA,NA,NA,NA,7.3301069570000001e-06,NA,NA,NA,NA,NA,NA,NA,NA,NA,NA,NA,NA,NA,NA
4,b,raw,results/k9_practical_replicates.csv,d24c65b6f7fc8473eaeb70bc016389b14e71df683f57a6be41dd58fef9437361,E5,5,1,1,1,0,0,moderate_redundancy,37,fit_complete,True,2.835339352e-08,3569.088792,2.3671442890000001e-07,39,NA,1,1,1,334,E5|5|moderate_redundancy|0.0|1|1,C_relative_error,8.4528215719999997e-06,0.00084528215719999991,percent,100 * raw_value,n==5; practical designs; retained coefficients,37,37,NA,NA,NA,NA,NA,NA,NA,NA,NA,NA,NA,2.5714076100000001e-05,NA,NA,NA,NA,NA,NA,NA,NA,NA,NA,NA,NA,NA,NA
4,b,raw,results/k9_practical_replicates.csv,d24c65b6f7fc8473eaeb70bc016389b14e71df683f57a6be41dd58fef9437361,E5,5,1,1,1,0,0,high_redundancy,77,fit_complete,True,1.0059583819999999e-07,402.28757619999999,7.7631837629999995e-07,27,NA,1,1,1,335,E5|5|high_redundancy|0.0|1|1,C_relative_error,3.3994250330000001e-06,0.00033994250330000002,percent,100 * raw_value,n==5; practical designs; retained coefficients,77,77,NA,NA,NA,NA,NA,NA,NA,NA,NA,NA,NA,7.3301069570000001e-06,NA,NA,NA,NA,NA,NA,NA,NA,NA,NA,NA,NA,NA,NA
4,b,raw,results/k9_practical_replicates.csv,d24c65b6f7fc8473eaeb70bc016389b14e71df683f57a6be41dd58fef9437361,E5,5,1,1,2,0,0,moderate_redundancy,37,fit_complete,True,2.835339352e-08,3569.088792,2.3671442890000001e-07,39,NA,1,1,1,337,E5|5|moderate_redundancy|0.0|1|2,C_relative_error,8.4528215719999997e-06,0.00084528215719999991,percent,100 * raw_value,n==5; practical designs; retained coefficients,37,37,NA,NA,NA,NA,NA,NA,NA,NA,NA,NA,NA,2.5714076100000001e-05,NA,NA,NA,NA,NA,NA,NA,NA,NA,NA,NA,NA,NA,NA
4,b,raw,results/k9_practical_replicates.csv,d24c65b6f7fc8473eaeb70bc016389b14e71df683f57a6be41dd58fef9437361,E5,5,1,1,2,0,0,high_redundancy,77,fit_complete,True,1.0059583819999999e-07,402.28757619999999,7.7631837629999995e-07,27,NA,1,1,1,338,E5|5|high_redundancy|0.0|1|2,C_relative_error,3.3994250330000001e-06,0.00033994250330000002,percent,100 * raw_value,n==5; practical designs; retained coefficients,77,77,NA,NA,NA,NA,NA,NA,NA,NA,NA,NA,NA,7.3301069570000001e-06,NA,NA,NA,NA,NA,NA,NA,NA,NA,NA,NA,NA,NA,NA
4,b,raw,results/k9_practical_replicates.csv,d24c65b6f7fc8473eaeb70bc016389b14e71df683f57a6be41dd58fef9437361,E5,5,1,1,3,0,0,moderate_redundancy,37,fit_complete,True,2.835339352e-08,3569.088792,2.3671442890000001e-07,39,NA,1,1,1,340,E5|5|moderate_redundancy|0.0|1|3,C_relative_error,8.4528215719999997e-06,0.00084528215719999991,percent,100 * raw_value,n==5; practical designs; retained coefficients,37,37,NA,NA,NA,NA,NA,NA,NA,NA,NA,NA,NA,2.5714076100000001e-05,NA,NA,NA,NA,NA,NA,NA,NA,NA,NA,NA,NA,NA,NA
4,b,raw,results/k9_practical_replicates.csv,d24c65b6f7fc8473eaeb70bc016389b14e71df683f57a6be41dd58fef9437361,E5,5,1,1,3,0,0,high_redundancy,77,fit_complete,True,1.0059583819999999e-07,402.28757619999999,7.7631837629999995e-07,27,NA,1,1,1,341,E5|5|high_redundancy|0.0|1|3,C_relative_error,3.3994250330000001e-06,0.00033994250330000002,percent,100 * raw_value,n==5; practical designs; retained coefficients,77,77,NA,NA,NA,NA,NA,NA,NA,NA,NA,NA,NA,7.3301069570000001e-06,NA,NA,NA,NA,NA,NA,NA,NA,NA,NA,NA,NA,NA,NA
4,b,raw,results/k9_practical_replicates.csv,d24c65b6f7fc8473eaeb70bc016389b14e71df683f57a6be41dd58fef9437361,E5,5,1,1,0,0.0001,0.01,moderate_redundancy,37,fit_complete,True,5.0016963390000001e-05,3558.8557890000002,0.00035252642959999998,32,NA,1,1,1,343,E5|5|moderate_redundancy|0.0001|1|0,C_relative_error,0.0095444381229999996,0.95444381229999997,percent,100 * raw_value,n==5; practical designs; retained coefficients,37,37,NA,NA,NA,NA,NA,NA,NA,NA,NA,NA,NA,0.0024006900359999999,NA,NA,NA,NA,NA,NA,NA,NA,NA,NA,NA,NA,NA,NA
4,b,raw,results/k9_practical_replicates.csv,d24c65b6f7fc8473eaeb70bc016389b14e71df683f57a6be41dd58fef9437361,E5,5,1,1,0,0.0001,0.01,high_redundancy,77,fit_complete,True,9.0047914169999994e-05,401.76113149999998,0.00078955989840000002,26,NA,1,1,1,344,E5|5|high_redundancy|0.0001|1|0,C_relative_error,0.0029917204219999998,0.29917204219999999,percent,100 * raw_value,n==5; practical designs; retained coefficients,77,77,NA,NA,NA,NA,NA,NA,NA,NA,NA,NA,NA,0.00059333356360000004,NA,NA,NA,NA,NA,NA,NA,NA,NA,NA,NA,NA,NA,NA
4,b,raw,results/k9_practical_replicates.csv,d24c65b6f7fc8473eaeb70bc016389b14e71df683f57a6be41dd58fef9437361,E5,5,1,1,1,0.0001,0.01,moderate_redundancy,37,fit_complete,True,5.864701172e-05,3512.8178950000001,0.00039103580659999998,40,NA,1,1,1,346,E5|5|moderate_redundancy|0.0001|1|1,C_relative_error,0.01052225758,1.0522257580000001,percent,100 * raw_value,n==5; practical designs; retained coefficients,37,37,NA,NA,NA,NA,NA,NA,NA,NA,NA,NA,NA,0.0060194936910000002,NA,NA,NA,NA,NA,NA,NA,NA,NA,NA,NA,NA,NA,NA
4,b,raw,results/k9_practical_replicates.csv,d24c65b6f7fc8473eaeb70bc016389b14e71df683f57a6be41dd58fef9437361,E5,5,1,1,1,0.0001,0.01,high_redundancy,77,fit_complete,True,7.5299178259999994e-05,400.9229651,0.00070227860990000005,25,NA,1,1,1,347,E5|5|high_redundancy|0.0001|1|1,C_relative_error,0.0061851070569999998,0.6185107057,percent,100 * raw_value,n==5; practical designs; retained coefficients,77,77,NA,NA,NA,NA,NA,NA,NA,NA,NA,NA,NA,0.00090641532890000005,NA,NA,NA,NA,NA,NA,NA,NA,NA,NA,NA,NA,NA,NA
4,b,raw,results/k9_practical_replicates.csv,d24c65b6f7fc8473eaeb70bc016389b14e71df683f57a6be41dd58fef9437361,E5,5,1,1,2,0.0001,0.01,moderate_redundancy,37,fit_complete,True,7.2971081899999996e-05,3487.3705620000001,0.00044388944080000001,36,NA,1,1,1,349,E5|5|moderate_redundancy|0.0001|1|2,C_relative_error,0.015883565320000001,1.5883565320000002,percent,100 * raw_value,n==5; practical designs; retained coefficients,37,37,NA,NA,NA,NA,NA,NA,NA,NA,NA,NA,NA,0.011956512169999999,NA,NA,NA,NA,NA,NA,NA,NA,NA,NA,NA,NA,NA,NA
4,b,raw,results/k9_practical_replicates.csv,d24c65b6f7fc8473eaeb70bc016389b14e71df683f57a6be41dd58fef9437361,E5,5,1,1,2,0.0001,0.01,high_redundancy,77,fit_complete,True,9.2273508819999998e-05,400.87729460000003,0.00077672636530000004,24,NA,1,1,1,350,E5|5|high_redundancy|0.0001|1|2,C_relative_error,0.0043108150559999997,0.43108150559999997,percent,100 * raw_value,n==5; practical designs; retained coefficients,77,77,NA,NA,NA,NA,NA,NA,NA,NA,NA,NA,NA,0.00090213422070000002,NA,NA,NA,NA,NA,NA,NA,NA,NA,NA,NA,NA,NA,NA
4,b,raw,results/k9_practical_replicates.csv,d24c65b6f7fc8473eaeb70bc016389b14e71df683f57a6be41dd58fef9437361,E5,5,1,1,3,0.0001,0.01,moderate_redundancy,37,fit_complete,True,5.0286244329999998e-05,3568.645743,0.0003890724611,37,NA,1,1,1,352,E5|5|moderate_redundancy|0.0001|1|3,C_relative_error,0.01552793056,1.5527930560000001,percent,100 * raw_value,n==5; practical designs; retained coefficients,37,37,NA,NA,NA,NA,NA,NA,NA,NA,NA,NA,NA,0.0085040916569999996,NA,NA,NA,NA,NA,NA,NA,NA,NA,NA,NA,NA,NA,NA
4,b,raw,results/k9_practical_replicates.csv,d24c65b6f7fc8473eaeb70bc016389b14e71df683f57a6be41dd58fef9437361,E5,5,1,1,3,0.0001,0.01,high_redundancy,77,fit_complete,True,8.1781533509999994e-05,400.64653939999999,0.00075966007110000002,25,NA,1,1,1,353,E5|5|high_redundancy|0.0001|1|3,C_relative_error,0.0065046111819999997,0.65046111819999997,percent,100 * raw_value,n==5; practical designs; retained coefficients,77,77,NA,NA,NA,NA,NA,NA,NA,NA,NA,NA,NA,0.00088014346080000005,NA,NA,NA,NA,NA,NA,NA,NA,NA,NA,NA,NA,NA,NA
4,b,raw,results/k9_practical_replicates.csv,d24c65b6f7fc8473eaeb70bc016389b14e71df683f57a6be41dd58fef9437361,E5,5,1,1,0,0.00029999999999999997,0.029999999999999999,moderate_redundancy,37,fit_complete,True,0.00017234712239999999,3181.9150719999998,0.0011451502310000001,33,NA,1,1,1,355,E5|5|moderate_redundancy|0.0003|1|0,C_relative_error,0.043166971339999999,4.316697134,percent,100 * raw_value,n==5; practical designs; retained coefficients,37,37,NA,NA,NA,NA,NA,NA,NA,NA,NA,NA,NA,0.042589365310000002,NA,NA,NA,NA,NA,NA,NA,NA,NA,NA,NA,NA,NA,NA
4,b,raw,results/k9_practical_replicates.csv,d24c65b6f7fc8473eaeb70bc016389b14e71df683f57a6be41dd58fef9437361,E5,5,1,1,0,0.00029999999999999997,0.029999999999999999,high_redundancy,77,fit_complete,True,0.00024680567670000002,401.10235729999999,0.0022163158889999999,22,NA,1,1,1,356,E5|5|high_redundancy|0.0003|1|0,C_relative_error,0.0086757337090000008,0.86757337090000008,percent,100 * raw_value,n==5; practical designs; retained coefficients,77,77,NA,NA,NA,NA,NA,NA,NA,NA,NA,NA,NA,0.0019562497620000002,NA,NA,NA,NA,NA,NA,NA,NA,NA,NA,NA,NA,NA,NA
4,b,raw,results/k9_practical_replicates.csv,d24c65b6f7fc8473eaeb70bc016389b14e71df683f57a6be41dd58fef9437361,E5,5,1,1,1,0.00029999999999999997,0.029999999999999999,moderate_redundancy,37,fit_complete,True,0.00017188596039999999,2942.773596,0.0009482498551,45,NA,0.83333333330000003,1,0.90909090910000001,358,E5|5|moderate_redundancy|0.0003|1|1,C_relative_error,0.067294102989999993,6.7294102989999995,percent,100 * raw_value,n==5; practical designs; retained coefficients,37,37,NA,NA,NA,NA,NA,NA,NA,NA,NA,NA,NA,0.065616493159999997,NA,NA,NA,NA,NA,NA,NA,NA,NA,NA,NA,NA,NA,NA
4,b,raw,results/k9_practical_replicates.csv,d24c65b6f7fc8473eaeb70bc016389b14e71df683f57a6be41dd58fef9437361,E5,5,1,1,1,0.00029999999999999997,0.029999999999999999,high_redundancy,77,fit_complete,True,0.00026173980879999999,401.18368040000001,0.0023794309600000002,26,NA,1,1,1,359,E5|5|high_redundancy|0.0003|1|1,C_relative_error,0.01000051563,1.000051563,percent,100 * raw_value,n==5; practical designs; retained coefficients,77,77,NA,NA,NA,NA,NA,NA,NA,NA,NA,NA,NA,0.0031262600619999998,NA,NA,NA,NA,NA,NA,NA,NA,NA,NA,NA,NA,NA,NA
4,b,raw,results/k9_practical_replicates.csv,d24c65b6f7fc8473eaeb70bc016389b14e71df683f57a6be41dd58fef9437361,E5,5,1,1,2,0.00029999999999999997,0.029999999999999999,moderate_redundancy,37,fit_complete,True,0.00015029585319999999,3137.2021540000001,0.001105343858,28,NA,1,1,1,361,E5|5|moderate_redundancy|0.0003|1|2,C_relative_error,0.050805696070000003,5.0805696070000002,percent,100 * raw_value,n==5; practical designs; retained coefficients,37,37,NA,NA,NA,NA,NA,NA,NA,NA,NA,NA,NA,0.036139053409999997,NA,NA,NA,NA,NA,NA,NA,NA,NA,NA,NA,NA,NA,NA
4,b,raw,results/k9_practical_replicates.csv,d24c65b6f7fc8473eaeb70bc016389b14e71df683f57a6be41dd58fef9437361,E5,5,1,1,2,0.00029999999999999997,0.029999999999999999,high_redundancy,77,fit_complete,True,0.0002096123573,401.14025340000001,0.001857198811,22,NA,1,1,1,362,E5|5|high_redundancy|0.0003|1|2,C_relative_error,0.0082698439819999994,0.82698439819999991,percent,100 * raw_value,n==5; practical designs; retained coefficients,77,77,NA,NA,NA,NA,NA,NA,NA,NA,NA,NA,NA,0.002809658976,NA,NA,NA,NA,NA,NA,NA,NA,NA,NA,NA,NA,NA,NA
4,b,raw,results/k9_practical_replicates.csv,d24c65b6f7fc8473eaeb70bc016389b14e71df683f57a6be41dd58fef9437361,E5,5,1,1,3,0.00029999999999999997,0.029999999999999999,moderate_redundancy,37,fit_complete,True,0.0001852082883,3455.0190950000001,0.001082523206,29,NA,1,1,1,364,E5|5|moderate_redundancy|0.0003|1|3,C_relative_error,0.021828327420000002,2.182832742,percent,100 * raw_value,n==5; practical designs; retained coefficients,37,37,NA,NA,NA,NA,NA,NA,NA,NA,NA,NA,NA,0.021881626929999998,NA,NA,NA,NA,NA,NA,NA,NA,NA,NA,NA,NA,NA,NA
4,b,raw,results/k9_practical_replicates.csv,d24c65b6f7fc8473eaeb70bc016389b14e71df683f57a6be41dd58fef9437361,E5,5,1,1,3,0.00029999999999999997,0.029999999999999999,high_redundancy,77,fit_complete,True,0.00021131266349999999,399.95689249999998,0.0019678480450000002,23,NA,1,1,1,365,E5|5|high_redundancy|0.0003|1|3,C_relative_error,0.0083939454580000007,0.83939454580000006,percent,100 * raw_value,n==5; practical designs; retained coefficients,77,77,NA,NA,NA,NA,NA,NA,NA,NA,NA,NA,NA,0.0030451801029999998,NA,NA,NA,NA,NA,NA,NA,NA,NA,NA,NA,NA,NA,NA
4,b,raw,results/k9_practical_replicates.csv,d24c65b6f7fc8473eaeb70bc016389b14e71df683f57a6be41dd58fef9437361,E5,5,1,1,0,0.001,0.10000000000000001,moderate_redundancy,37,fit_complete,True,0.00063732910920000002,4128.3310000000001,0.0034543847440000001,38,NA,0.83333333330000003,1,0.90909090910000001,367,E5|5|moderate_redundancy|0.001|1|0,C_relative_error,0.049572343290000001,4.9572343290000003,percent,100 * raw_value,n==5; practical designs; retained coefficients,37,37,NA,NA,NA,NA,NA,NA,NA,NA,NA,NA,NA,0.093951637650000003,NA,NA,NA,NA,NA,NA,NA,NA,NA,NA,NA,NA,NA,NA
4,b,raw,results/k9_practical_replicates.csv,d24c65b6f7fc8473eaeb70bc016389b14e71df683f57a6be41dd58fef9437361,E5,5,1,1,0,0.001,0.10000000000000001,high_redundancy,77,fit_complete,True,0.00077723422930000001,395.07346999999999,0.0071329974809999997,21,NA,1,1,1,368,E5|5|high_redundancy|0.001|1|0,C_relative_error,0.022428660560000001,2.242866056,percent,100 * raw_value,n==5; practical designs; retained coefficients,77,77,NA,NA,NA,NA,NA,NA,NA,NA,NA,NA,NA,0.01208278617,NA,NA,NA,NA,NA,NA,NA,NA,NA,NA,NA,NA,NA,NA
4,b,raw,results/k9_practical_replicates.csv,d24c65b6f7fc8473eaeb70bc016389b14e71df683f57a6be41dd58fef9437361,E5,5,1,1,1,0.001,0.10000000000000001,moderate_redundancy,37,fit_complete,True,0.00071280535360000003,2136.155827,0.0048681514869999996,40,NA,0.71428571429999999,1,0.83333333330000003,370,E5|5|moderate_redundancy|0.001|1|1,C_relative_error,0.099168733620000005,9.9168733620000005,percent,100 * raw_value,n==5; practical designs; retained coefficients,37,37,NA,NA,NA,NA,NA,NA,NA,NA,NA,NA,NA,0.17111404960000001,NA,NA,NA,NA,NA,NA,NA,NA,NA,NA,NA,NA,NA,NA
4,b,raw,results/k9_practical_replicates.csv,d24c65b6f7fc8473eaeb70bc016389b14e71df683f57a6be41dd58fef9437361,E5,5,1,1,1,0.001,0.10000000000000001,high_redundancy,77,fit_complete,True,0.00090708259769999998,394.5984014,0.0086512723029999999,23,NA,1,1,1,371,E5|5|high_redundancy|0.001|1|1,C_relative_error,0.037514233600000002,3.7514233600000004,percent,100 * raw_value,n==5; practical designs; retained coefficients,77,77,NA,NA,NA,NA,NA,NA,NA,NA,NA,NA,NA,0.011957625560000001,NA,NA,NA,NA,NA,NA,NA,NA,NA,NA,NA,NA,NA,NA
4,b,raw,results/k9_practical_replicates.csv,d24c65b6f7fc8473eaeb70bc016389b14e71df683f57a6be41dd58fef9437361,E5,5,1,1,2,0.001,0.10000000000000001,moderate_redundancy,37,fit_complete,True,0.00047121849119999997,3489.6616600000002,0.0034277835830000001,36,NA,0.83333333330000003,1,0.90909090910000001,373,E5|5|moderate_redundancy|0.001|1|2,C_relative_error,0.1002979328,10.02979328,percent,100 * raw_value,n==5; practical designs; retained coefficients,37,37,NA,NA,NA,NA,NA,NA,NA,NA,NA,NA,NA,0.070007431849999996,NA,NA,NA,NA,NA,NA,NA,NA,NA,NA,NA,NA,NA,NA
4,b,raw,results/k9_practical_replicates.csv,d24c65b6f7fc8473eaeb70bc016389b14e71df683f57a6be41dd58fef9437361,E5,5,1,1,2,0.001,0.10000000000000001,high_redundancy,77,fit_complete,True,0.00090165370359999997,400.29587729999997,0.0077501380490000004,20,NA,1,1,1,374,E5|5|high_redundancy|0.001|1|2,C_relative_error,0.019023273980000002,1.9023273980000002,percent,100 * raw_value,n==5; practical designs; retained coefficients,77,77,NA,NA,NA,NA,NA,NA,NA,NA,NA,NA,NA,0.0040650937409999997,NA,NA,NA,NA,NA,NA,NA,NA,NA,NA,NA,NA,NA,NA
4,b,raw,results/k9_practical_replicates.csv,d24c65b6f7fc8473eaeb70bc016389b14e71df683f57a6be41dd58fef9437361,E5,5,1,1,3,0.001,0.10000000000000001,moderate_redundancy,37,fit_complete,True,0.00068900878989999997,2393.4610269999998,0.0044706198520000004,32,NA,0.71428571429999999,1,0.83333333330000003,376,E5|5|moderate_redundancy|0.001|1|3,C_relative_error,0.11118188750000001,11.11818875,percent,100 * raw_value,n==5; practical designs; retained coefficients,37,37,NA,NA,NA,NA,NA,NA,NA,NA,NA,NA,NA,0.1442437268,NA,NA,NA,NA,NA,NA,NA,NA,NA,NA,NA,NA,NA,NA
4,b,raw,results/k9_practical_replicates.csv,d24c65b6f7fc8473eaeb70bc016389b14e71df683f57a6be41dd58fef9437361,E5,5,1,1,3,0.001,0.10000000000000001,high_redundancy,77,fit_complete,True,0.00084766812700000002,392.59002729999997,0.0078591872209999997,21,NA,1,1,1,377,E5|5|high_redundancy|0.001|1|3,C_relative_error,0.038146962919999999,3.8146962919999998,percent,100 * raw_value,n==5; practical designs; retained coefficients,77,77,NA,NA,NA,NA,NA,NA,NA,NA,NA,NA,NA,0.0072963710369999997,NA,NA,NA,NA,NA,NA,NA,NA,NA,NA,NA,NA,NA,NA
4,b,raw,results/k9_practical_replicates.csv,d24c65b6f7fc8473eaeb70bc016389b14e71df683f57a6be41dd58fef9437361,E5,5,1,1,0,0.0030000000000000001,0.29999999999999999,moderate_redundancy,37,fit_complete,True,0.001304388896,5091.6306560000003,0.0094669188319999997,40,NA,0.57142857140000003,0.80000000000000004,0.66666666669999997,379,E5|5|moderate_redundancy|0.003|1|0,C_relative_error,0.43896955409999999,43.896955409999997,percent,100 * raw_value,n==5; practical designs; retained coefficients,37,37,NA,NA,NA,NA,NA,NA,NA,NA,NA,NA,NA,0.31920898399999997,NA,NA,NA,NA,NA,NA,NA,NA,NA,NA,NA,NA,NA,NA
4,b,raw,results/k9_practical_replicates.csv,d24c65b6f7fc8473eaeb70bc016389b14e71df683f57a6be41dd58fef9437361,E5,5,1,1,0,0.0030000000000000001,0.29999999999999999,high_redundancy,77,fit_complete,True,0.0021166167140000002,391.37299489999998,0.020676730890000002,26,NA,1,1,1,380,E5|5|high_redundancy|0.003|1|0,C_relative_error,0.050052328209999997,5.0052328209999999,percent,100 * raw_value,n==5; practical designs; retained coefficients,77,77,NA,NA,NA,NA,NA,NA,NA,NA,NA,NA,NA,0.022352270590000001,NA,NA,NA,NA,NA,NA,NA,NA,NA,NA,NA,NA,NA,NA
4,b,raw,results/k9_practical_replicates.csv,d24c65b6f7fc8473eaeb70bc016389b14e71df683f57a6be41dd58fef9437361,E5,5,1,1,1,0.0030000000000000001,0.29999999999999999,moderate_redundancy,37,fit_complete,True,0.001900761917,1541.503115,0.01354237786,37,NA,0.71428571429999999,1,0.83333333330000003,382,E5|5|moderate_redundancy|0.003|1|1,C_relative_error,0.15287066229999999,15.287066229999999,percent,100 * raw_value,n==5; practical designs; retained coefficients,37,37,NA,NA,NA,NA,NA,NA,NA,NA,NA,NA,NA,0.26903136109999998,NA,NA,NA,NA,NA,NA,NA,NA,NA,NA,NA,NA,NA,NA
4,b,raw,results/k9_practical_replicates.csv,d24c65b6f7fc8473eaeb70bc016389b14e71df683f57a6be41dd58fef9437361,E5,5,1,1,1,0.0030000000000000001,0.29999999999999999,high_redundancy,77,fit_complete,True,0.002630780343,423.77365839999999,0.024226807350000001,19,NA,1,1,1,383,E5|5|high_redundancy|0.003|1|1,C_relative_error,0.1651207066,16.512070659999999,percent,100 * raw_value,n==5; practical designs; retained coefficients,77,77,NA,NA,NA,NA,NA,NA,NA,NA,NA,NA,NA,0.026144202620000001,NA,NA,NA,NA,NA,NA,NA,NA,NA,NA,NA,NA,NA,NA
4,b,raw,results/k9_practical_replicates.csv,d24c65b6f7fc8473eaeb70bc016389b14e71df683f57a6be41dd58fef9437361,E5,5,1,1,2,0.0030000000000000001,0.29999999999999999,moderate_redundancy,37,fit_complete,True,0.002690428403,4661.871838,0.01875542577,78,NA,0.71428571429999999,1,0.83333333330000003,385,E5|5|moderate_redundancy|0.003|1|2,C_relative_error,0.48519339189999999,48.519339189999997,percent,100 * raw_value,n==5; practical designs; retained coefficients,37,37,NA,NA,NA,NA,NA,NA,NA,NA,NA,NA,NA,0.29452096230000002,NA,NA,NA,NA,NA,NA,NA,NA,NA,NA,NA,NA,NA,NA
4,b,raw,results/k9_practical_replicates.csv,d24c65b6f7fc8473eaeb70bc016389b14e71df683f57a6be41dd58fef9437361,E5,5,1,1,2,0.0030000000000000001,0.29999999999999999,high_redundancy,77,fit_complete,True,0.0027747300700000001,397.40699999999998,0.02444876667,24,NA,1,1,1,386,E5|5|high_redundancy|0.003|1|2,C_relative_error,0.23841613689999999,23.841613689999999,percent,100 * raw_value,n==5; practical designs; retained coefficients,77,77,NA,NA,NA,NA,NA,NA,NA,NA,NA,NA,NA,0.028463213750000001,NA,NA,NA,NA,NA,NA,NA,NA,NA,NA,NA,NA,NA,NA
4,b,raw,results/k9_practical_replicates.csv,d24c65b6f7fc8473eaeb70bc016389b14e71df683f57a6be41dd58fef9437361,E5,5,1,1,3,0.0030000000000000001,0.29999999999999999,moderate_redundancy,37,fit_complete,True,0.00186458858,1440.2592139999999,0.01382814651,42,NA,0.55555555560000003,1,0.71428571429999999,388,E5|5|moderate_redundancy|0.003|1|3,C_relative_error,0.17143069320000001,17.143069320000002,percent,100 * raw_value,n==5; practical designs; retained coefficients,37,37,NA,NA,NA,NA,NA,NA,NA,NA,NA,NA,NA,0.23817513870000001,NA,NA,NA,NA,NA,NA,NA,NA,NA,NA,NA,NA,NA,NA
4,b,raw,results/k9_practical_replicates.csv,d24c65b6f7fc8473eaeb70bc016389b14e71df683f57a6be41dd58fef9437361,E5,5,1,1,3,0.0030000000000000001,0.29999999999999999,high_redundancy,77,fit_complete,True,0.0027411697130000001,375.26729089999998,0.026030490890000001,17,NA,1,1,1,389,E5|5|high_redundancy|0.003|1|3,C_relative_error,0.073508217550000005,7.3508217550000001,percent,100 * raw_value,n==5; practical designs; retained coefficients,77,77,NA,NA,NA,NA,NA,NA,NA,NA,NA,NA,NA,0.03104427136,NA,NA,NA,NA,NA,NA,NA,NA,NA,NA,NA,NA,NA,NA
4,b,summary,results/k9_practical_replicates.csv,d24c65b6f7fc8473eaeb70bc016389b14e71df683f57a6be41dd58fef9437361,NA,NA,NA,NA,NA,0,NA,moderate_redundancy,NA,NA,NA,NA,NA,NA,NA,NA,NA,NA,NA,NA,NA,C_relative_error,NA,NA,percent,100 * raw_value,n==5; practical designs; retained coefficients,NA,NA,24,24,24,8.4528215719999997e-06,0.0011047987709,0.0025571562719999999,0.0035141426240000002,0.00084528215719999991,0.11047987709,0.25571562719999996,0.35141426240000001,NA,NA,NA,NA,NA,NA,NA,NA,NA,NA,NA,NA,NA,NA,NA
4,b,summary,results/k9_practical_replicates.csv,d24c65b6f7fc8473eaeb70bc016389b14e71df683f57a6be41dd58fef9437361,NA,NA,NA,NA,NA,0,NA,high_redundancy,NA,NA,NA,NA,NA,NA,NA,NA,NA,NA,NA,NA,NA,C_relative_error,NA,NA,percent,100 * raw_value,n==5; practical designs; retained coefficients,NA,NA,24,24,24,3.0294027800000001e-06,3.5456631750000001e-06,3.865086813e-06,4.8761921170000001e-06,0.000302940278,0.00035456631750000004,0.00038650868130000001,0.00048761921169999999,NA,NA,NA,NA,NA,NA,NA,NA,NA,NA,NA,NA,NA,NA,NA
4,b,summary,results/k9_practical_replicates.csv,d24c65b6f7fc8473eaeb70bc016389b14e71df683f57a6be41dd58fef9437361,NA,NA,NA,NA,NA,0.0001,NA,moderate_redundancy,NA,NA,NA,NA,NA,NA,NA,NA,NA,NA,NA,NA,NA,C_relative_error,NA,NA,percent,100 * raw_value,n==5; practical designs; retained coefficients,NA,NA,24,24,24,0.014947102715,0.025299172225,0.041936598627500002,0.056014962414999994,1.4947102715,2.5299172225,4.1936598627500006,5.6014962414999996,NA,NA,NA,NA,NA,NA,NA,NA,NA,NA,NA,NA,NA,NA,NA
4,b,summary,results/k9_practical_replicates.csv,d24c65b6f7fc8473eaeb70bc016389b14e71df683f57a6be41dd58fef9437361,NA,NA,NA,NA,NA,0.0001,NA,high_redundancy,NA,NA,NA,NA,NA,NA,NA,NA,NA,NA,NA,NA,NA,C_relative_error,NA,NA,percent,100 * raw_value,n==5; practical designs; retained coefficients,NA,NA,24,24,24,0.0039810413974999993,0.010116868975,0.018597639399999998,0.026354661950999999,0.39810413974999992,1.0116868975,1.8597639399999997,2.6354661950999998,NA,NA,NA,NA,NA,NA,NA,NA,NA,NA,NA,NA,NA,NA,NA
4,b,summary,results/k9_practical_replicates.csv,d24c65b6f7fc8473eaeb70bc016389b14e71df683f57a6be41dd58fef9437361,NA,NA,NA,NA,NA,0.00029999999999999997,NA,moderate_redundancy,NA,NA,NA,NA,NA,NA,NA,NA,NA,NA,NA,NA,NA,C_relative_error,NA,NA,percent,100 * raw_value,n==5; practical designs; retained coefficients,NA,NA,24,24,24,0.044537343012499994,0.068077367299999997,0.16135162847500001,0.36999060513999993,4.453734301249999,6.8077367299999993,16.135162847500002,36.999060513999993,NA,NA,NA,NA,NA,NA,NA,NA,NA,NA,NA,NA,NA,NA,NA
4,b,summary,results/k9_practical_replicates.csv,d24c65b6f7fc8473eaeb70bc016389b14e71df683f57a6be41dd58fef9437361,NA,NA,NA,NA,NA,0.00029999999999999997,NA,high_redundancy,NA,NA,NA,NA,NA,NA,NA,NA,NA,NA,NA,NA,NA,C_relative_error,NA,NA,percent,100 * raw_value,n==5; practical designs; retained coefficients,NA,NA,24,24,24,0.0097347016474999999,0.030277816839999999,0.044688810957500005,0.059514063217,0.97347016475000003,3.0277816839999998,4.4688810957500005,5.9514063217000004,NA,NA,NA,NA,NA,NA,NA,NA,NA,NA,NA,NA,NA,NA,NA
4,b,summary,results/k9_practical_replicates.csv,d24c65b6f7fc8473eaeb70bc016389b14e71df683f57a6be41dd58fef9437361,NA,NA,NA,NA,NA,0.001,NA,moderate_redundancy,NA,NA,NA,NA,NA,NA,NA,NA,NA,NA,NA,NA,NA,C_relative_error,NA,NA,percent,100 * raw_value,n==5; practical designs; retained coefficients,NA,NA,24,24,24,0.16537939055,0.43445191945,0.60105450564999996,0.80650426619000004,16.537939054999999,43.445191944999998,60.105450564999998,80.650426619000001,NA,NA,NA,NA,NA,NA,NA,NA,NA,NA,NA,NA,NA,NA,NA
4,b,summary,results/k9_practical_replicates.csv,d24c65b6f7fc8473eaeb70bc016389b14e71df683f57a6be41dd58fef9437361,NA,NA,NA,NA,NA,0.001,NA,high_redundancy,NA,NA,NA,NA,NA,NA,NA,NA,NA,NA,NA,NA,NA,C_relative_error,NA,NA,percent,100 * raw_value,n==5; practical designs; retained coefficients,NA,NA,24,24,24,0.03798878059,0.13531120364999999,0.191127747175,0.22377043659999998,3.7988780590000002,13.531120365,19.112774717499999,22.377043659999998,NA,NA,NA,NA,NA,NA,NA,NA,NA,NA,NA,NA,NA,NA,NA
4,b,summary,results/k9_practical_replicates.csv,d24c65b6f7fc8473eaeb70bc016389b14e71df683f57a6be41dd58fef9437361,NA,NA,NA,NA,NA,0.0030000000000000001,NA,moderate_redundancy,NA,NA,NA,NA,NA,NA,NA,NA,NA,NA,NA,NA,NA,C_relative_error,NA,NA,percent,100 * raw_value,n==5; practical designs; retained coefficients,NA,NA,24,24,24,0.388922901775,0.73418420284999997,1.2141475454999999,2.9339943520999996,38.892290177500001,73.418420284999996,121.41475455,293.39943520999998,NA,NA,NA,NA,NA,NA,NA,NA,NA,NA,NA,NA,NA,NA,NA
4,b,summary,results/k9_practical_replicates.csv,d24c65b6f7fc8473eaeb70bc016389b14e71df683f57a6be41dd58fef9437361,NA,NA,NA,NA,NA,0.0030000000000000001,NA,high_redundancy,NA,NA,NA,NA,NA,NA,NA,NA,NA,NA,NA,NA,NA,C_relative_error,NA,NA,percent,100 * raw_value,n==5; practical designs; retained coefficients,NA,NA,24,24,24,0.14979078442499999,0.30376137685000004,0.57577097342500005,0.72688074179000006,14.979078442499999,30.376137685000003,57.577097342500004,72.688074179000012,NA,NA,NA,NA,NA,NA,NA,NA,NA,NA,NA,NA,NA,NA,NA
4,c,raw,results/k9_mechanics_sensitivity.csv,6baea83cab61f4c6ca3666d05714b4cfc359b0dcf6a1cd3f322ab791a77042b5,E3,5,1,NA,0,0.001,NA,NA,77,`gtol` termination condition is satisfied.,True,0.00084390780540000002,5655.2920700000004,NA,41,NA,1,1,1,0,E3|5|0.001|reference|0|0,L_relative_error,0.04042283554,4.0422835539999999,percent,100 * raw_value,all 324; noise_fraction==0.001; 77 reads,77,77,NA,NA,NA,NA,NA,NA,NA,NA,NA,NA,NA,NA,reference,0,5,1,1,1,0.080000000000000002,inverse_length,NA,NA,NA,NA,NA,NA
4,c,raw,results/k9_mechanics_sensitivity.csv,6baea83cab61f4c6ca3666d05714b4cfc359b0dcf6a1cd3f322ab791a77042b5,E3,5,1,NA,0,0.001,NA,NA,77,`gtol` termination condition is satisfied.,True,0.00084390780540000002,5655.2920700000004,NA,41,NA,1,1,1,0,E3|5|0.001|reference|0|0,C_relative_error,0.20573953189999999,20.573953190000001,percent,100 * raw_value,all 324; noise_fraction==0.001; 77 reads,77,77,NA,NA,NA,NA,NA,NA,NA,NA,NA,NA,NA,NA,reference,0,5,1,1,1,0.080000000000000002,inverse_length,NA,NA,NA,NA,NA,NA
4,c,raw,results/k9_mechanics_sensitivity.csv,6baea83cab61f4c6ca3666d05714b4cfc359b0dcf6a1cd3f322ab791a77042b5,E3,5,1,NA,1,0.001,NA,NA,77,`gtol` termination condition is satisfied.,True,0.00075348484519999995,4344.1885650000004,NA,35,NA,1,1,1,1,E3|5|0.001|reference|0|1,L_relative_error,0.1036172372,10.361723720000001,percent,100 * raw_value,all 324; noise_fraction==0.001; 77 reads,77,77,NA,NA,NA,NA,NA,NA,NA,NA,NA,NA,NA,NA,reference,0,5,1,1,1,0.080000000000000002,inverse_length,NA,NA,NA,NA,NA,NA
4,c,raw,results/k9_mechanics_sensitivity.csv,6baea83cab61f4c6ca3666d05714b4cfc359b0dcf6a1cd3f322ab791a77042b5,E3,5,1,NA,1,0.001,NA,NA,77,`gtol` termination condition is satisfied.,True,0.00075348484519999995,4344.1885650000004,NA,35,NA,1,1,1,1,E3|5|0.001|reference|0|1,C_relative_error,0.1191064117,11.91064117,percent,100 * raw_value,all 324; noise_fraction==0.001; 77 reads,77,77,NA,NA,NA,NA,NA,NA,NA,NA,NA,NA,NA,NA,reference,0,5,1,1,1,0.080000000000000002,inverse_length,NA,NA,NA,NA,NA,NA
4,c,raw,results/k9_mechanics_sensitivity.csv,6baea83cab61f4c6ca3666d05714b4cfc359b0dcf6a1cd3f322ab791a77042b5,E3,5,1,NA,2,0.001,NA,NA,77,`gtol` termination condition is satisfied.,True,0.00074404064409999996,5439.7868319999998,NA,36,NA,1,1,1,2,E3|5|0.001|reference|0|2,L_relative_error,0.057121298590000001,5.712129859,percent,100 * raw_value,all 324; noise_fraction==0.001; 77 reads,77,77,NA,NA,NA,NA,NA,NA,NA,NA,NA,NA,NA,NA,reference,0,5,1,1,1,0.080000000000000002,inverse_length,NA,NA,NA,NA,NA,NA
4,c,raw,results/k9_mechanics_sensitivity.csv,6baea83cab61f4c6ca3666d05714b4cfc359b0dcf6a1cd3f322ab791a77042b5,E3,5,1,NA,2,0.001,NA,NA,77,`gtol` termination condition is satisfied.,True,0.00074404064409999996,5439.7868319999998,NA,36,NA,1,1,1,2,E3|5|0.001|reference|0|2,C_relative_error,0.057725781740000003,5.7725781740000004,percent,100 * raw_value,all 324; noise_fraction==0.001; 77 reads,77,77,NA,NA,NA,NA,NA,NA,NA,NA,NA,NA,NA,NA,reference,0,5,1,1,1,0.080000000000000002,inverse_length,NA,NA,NA,NA,NA,NA
4,c,raw,results/k9_mechanics_sensitivity.csv,6baea83cab61f4c6ca3666d05714b4cfc359b0dcf6a1cd3f322ab791a77042b5,E3,5,1,NA,0,0.001,NA,NA,77,`gtol` termination condition is satisfied.,True,0.00075069160590000004,5659.12014,NA,33,NA,1,1,1,3,E3|5|0.001|reference|1|0,L_relative_error,0.1153213016,11.532130159999999,percent,100 * raw_value,all 324; noise_fraction==0.001; 77 reads,77,77,NA,NA,NA,NA,NA,NA,NA,NA,NA,NA,NA,NA,reference,1,5,1,1,1,0.080000000000000002,inverse_length,NA,NA,NA,NA,NA,NA
4,c,raw,results/k9_mechanics_sensitivity.csv,6baea83cab61f4c6ca3666d05714b4cfc359b0dcf6a1cd3f322ab791a77042b5,E3,5,1,NA,0,0.001,NA,NA,77,`gtol` termination condition is satisfied.,True,0.00075069160590000004,5659.12014,NA,33,NA,1,1,1,3,E3|5|0.001|reference|1|0,C_relative_error,0.1201511346,12.01511346,percent,100 * raw_value,all 324; noise_fraction==0.001; 77 reads,77,77,NA,NA,NA,NA,NA,NA,NA,NA,NA,NA,NA,NA,reference,1,5,1,1,1,0.080000000000000002,inverse_length,NA,NA,NA,NA,NA,NA
4,c,raw,results/k9_mechanics_sensitivity.csv,6baea83cab61f4c6ca3666d05714b4cfc359b0dcf6a1cd3f322ab791a77042b5,E3,5,1,NA,1,0.001,NA,NA,77,`gtol` termination condition is satisfied.,True,0.00074560531129999998,7373.3656080000001,NA,35,NA,1,1,1,4,E3|5|0.001|reference|1|1,L_relative_error,0.048947370529999999,4.8947370530000001,percent,100 * raw_value,all 324; noise_fraction==0.001; 77 reads,77,77,NA,NA,NA,NA,NA,NA,NA,NA,NA,NA,NA,NA,reference,1,5,1,1,1,0.080000000000000002,inverse_length,NA,NA,NA,NA,NA,NA
4,c,raw,results/k9_mechanics_sensitivity.csv,6baea83cab61f4c6ca3666d05714b4cfc359b0dcf6a1cd3f322ab791a77042b5,E3,5,1,NA,1,0.001,NA,NA,77,`gtol` termination condition is satisfied.,True,0.00074560531129999998,7373.3656080000001,NA,35,NA,1,1,1,4,E3|5|0.001|reference|1|1,C_relative_error,0.050719753110000002,5.0719753110000001,percent,100 * raw_value,all 324; noise_fraction==0.001; 77 reads,77,77,NA,NA,NA,NA,NA,NA,NA,NA,NA,NA,NA,NA,reference,1,5,1,1,1,0.080000000000000002,inverse_length,NA,NA,NA,NA,NA,NA
4,c,raw,results/k9_mechanics_sensitivity.csv,6baea83cab61f4c6ca3666d05714b4cfc359b0dcf6a1cd3f322ab791a77042b5,E3,5,1,NA,2,0.001,NA,NA,77,`gtol` termination condition is satisfied.,True,0.00075828548529999998,6785.092122,NA,34,NA,1,1,1,5,E3|5|0.001|reference|1|2,L_relative_error,0.04429330712,4.4293307119999996,percent,100 * raw_value,all 324; noise_fraction==0.001; 77 reads,77,77,NA,NA,NA,NA,NA,NA,NA,NA,NA,NA,NA,NA,reference,1,5,1,1,1,0.080000000000000002,inverse_length,NA,NA,NA,NA,NA,NA
4,c,raw,results/k9_mechanics_sensitivity.csv,6baea83cab61f4c6ca3666d05714b4cfc359b0dcf6a1cd3f322ab791a77042b5,E3,5,1,NA,2,0.001,NA,NA,77,`gtol` termination condition is satisfied.,True,0.00075828548529999998,6785.092122,NA,34,NA,1,1,1,5,E3|5|0.001|reference|1|2,C_relative_error,0.30484154429999999,30.48415443,percent,100 * raw_value,all 324; noise_fraction==0.001; 77 reads,77,77,NA,NA,NA,NA,NA,NA,NA,NA,NA,NA,NA,NA,reference,1,5,1,1,1,0.080000000000000002,inverse_length,NA,NA,NA,NA,NA,NA
4,c,raw,results/k9_mechanics_sensitivity.csv,6baea83cab61f4c6ca3666d05714b4cfc359b0dcf6a1cd3f322ab791a77042b5,E3,5,1,NA,0,0.001,NA,NA,77,`gtol` termination condition is satisfied.,True,0.00074608696079999997,5378.7180799999996,NA,33,NA,1,1,1,6,E3|5|0.001|reference|2|0,L_relative_error,0.054670749400000003,5.4670749400000007,percent,100 * raw_value,all 324; noise_fraction==0.001; 77 reads,77,77,NA,NA,NA,NA,NA,NA,NA,NA,NA,NA,NA,NA,reference,2,5,1,1,1,0.080000000000000002,inverse_length,NA,NA,NA,NA,NA,NA
4,c,raw,results/k9_mechanics_sensitivity.csv,6baea83cab61f4c6ca3666d05714b4cfc359b0dcf6a1cd3f322ab791a77042b5,E3,5,1,NA,0,0.001,NA,NA,77,`gtol` termination condition is satisfied.,True,0.00074608696079999997,5378.7180799999996,NA,33,NA,1,1,1,6,E3|5|0.001|reference|2|0,C_relative_error,0.050338458449999998,5.0338458450000001,percent,100 * raw_value,all 324; noise_fraction==0.001; 77 reads,77,77,NA,NA,NA,NA,NA,NA,NA,NA,NA,NA,NA,NA,reference,2,5,1,1,1,0.080000000000000002,inverse_length,NA,NA,NA,NA,NA,NA
4,c,raw,results/k9_mechanics_sensitivity.csv,6baea83cab61f4c6ca3666d05714b4cfc359b0dcf6a1cd3f322ab791a77042b5,E3,5,1,NA,1,0.001,NA,NA,77,`gtol` termination condition is satisfied.,True,0.00077116576520000002,5135.5080180000004,NA,26,NA,1,1,1,7,E3|5|0.001|reference|2|1,L_relative_error,0.045321276430000002,4.5321276429999999,percent,100 * raw_value,all 324; noise_fraction==0.001; 77 reads,77,77,NA,NA,NA,NA,NA,NA,NA,NA,NA,NA,NA,NA,reference,2,5,1,1,1,0.080000000000000002,inverse_length,NA,NA,NA,NA,NA,NA
4,c,raw,results/k9_mechanics_sensitivity.csv,6baea83cab61f4c6ca3666d05714b4cfc359b0dcf6a1cd3f322ab791a77042b5,E3,5,1,NA,1,0.001,NA,NA,77,`gtol` termination condition is satisfied.,True,0.00077116576520000002,5135.5080180000004,NA,26,NA,1,1,1,7,E3|5|0.001|reference|2|1,C_relative_error,0.28032251270000003,28.032251270000003,percent,100 * raw_value,all 324; noise_fraction==0.001; 77 reads,77,77,NA,NA,NA,NA,NA,NA,NA,NA,NA,NA,NA,NA,reference,2,5,1,1,1,0.080000000000000002,inverse_length,NA,NA,NA,NA,NA,NA
4,c,raw,results/k9_mechanics_sensitivity.csv,6baea83cab61f4c6ca3666d05714b4cfc359b0dcf6a1cd3f322ab791a77042b5,E3,5,1,NA,2,0.001,NA,NA,77,`gtol` termination condition is satisfied.,True,0.00087824262999999997,4703.6790229999997,NA,30,NA,1,1,1,8,E3|5|0.001|reference|2|2,L_relative_error,0.071098225340000001,7.1098225340000001,percent,100 * raw_value,all 324; noise_fraction==0.001; 77 reads,77,77,NA,NA,NA,NA,NA,NA,NA,NA,NA,NA,NA,NA,reference,2,5,1,1,1,0.080000000000000002,inverse_length,NA,NA,NA,NA,NA,NA
4,c,raw,results/k9_mechanics_sensitivity.csv,6baea83cab61f4c6ca3666d05714b4cfc359b0dcf6a1cd3f322ab791a77042b5,E3,5,1,NA,2,0.001,NA,NA,77,`gtol` termination condition is satisfied.,True,0.00087824262999999997,4703.6790229999997,NA,30,NA,1,1,1,8,E3|5|0.001|reference|2|2,C_relative_error,0.14370738529999999,14.370738529999999,percent,100 * raw_value,all 324; noise_fraction==0.001; 77 reads,77,77,NA,NA,NA,NA,NA,NA,NA,NA,NA,NA,NA,NA,reference,2,5,1,1,1,0.080000000000000002,inverse_length,NA,NA,NA,NA,NA,NA
4,c,raw,results/k9_mechanics_sensitivity.csv,6baea83cab61f4c6ca3666d05714b4cfc359b0dcf6a1cd3f322ab791a77042b5,E3,5,1,NA,0,0.001,NA,NA,77,`gtol` termination condition is satisfied.,True,0.0007712151601,7139.1664449999998,NA,29,NA,1,1,1,9,E3|5|0.001|reference|3|0,L_relative_error,0.045580241809999998,4.5580241809999995,percent,100 * raw_value,all 324; noise_fraction==0.001; 77 reads,77,77,NA,NA,NA,NA,NA,NA,NA,NA,NA,NA,NA,NA,reference,3,5,1,1,1,0.080000000000000002,inverse_length,NA,NA,NA,NA,NA,NA
4,c,raw,results/k9_mechanics_sensitivity.csv,6baea83cab61f4c6ca3666d05714b4cfc359b0dcf6a1cd3f322ab791a77042b5,E3,5,1,NA,0,0.001,NA,NA,77,`gtol` termination condition is satisfied.,True,0.0007712151601,7139.1664449999998,NA,29,NA,1,1,1,9,E3|5|0.001|reference|3|0,C_relative_error,0.30552567959999999,30.552567959999998,percent,100 * raw_value,all 324; noise_fraction==0.001; 77 reads,77,77,NA,NA,NA,NA,NA,NA,NA,NA,NA,NA,NA,NA,reference,3,5,1,1,1,0.080000000000000002,inverse_length,NA,NA,NA,NA,NA,NA
4,c,raw,results/k9_mechanics_sensitivity.csv,6baea83cab61f4c6ca3666d05714b4cfc359b0dcf6a1cd3f322ab791a77042b5,E3,5,1,NA,1,0.001,NA,NA,77,`gtol` termination condition is satisfied.,True,0.00087751789760000005,6341.7645140000004,NA,27,NA,1,1,1,10,E3|5|0.001|reference|3|1,L_relative_error,0.088768499819999999,8.8768499819999995,percent,100 * raw_value,all 324; noise_fraction==0.001; 77 reads,77,77,NA,NA,NA,NA,NA,NA,NA,NA,NA,NA,NA,NA,reference,3,5,1,1,1,0.080000000000000002,inverse_length,NA,NA,NA,NA,NA,NA
4,c,raw,results/k9_mechanics_sensitivity.csv,6baea83cab61f4c6ca3666d05714b4cfc359b0dcf6a1cd3f322ab791a77042b5,E3,5,1,NA,1,0.001,NA,NA,77,`gtol` termination condition is satisfied.,True,0.00087751789760000005,6341.7645140000004,NA,27,NA,1,1,1,10,E3|5|0.001|reference|3|1,C_relative_error,0.1493845855,14.93845855,percent,100 * raw_value,all 324; noise_fraction==0.001; 77 reads,77,77,NA,NA,NA,NA,NA,NA,NA,NA,NA,NA,NA,NA,reference,3,5,1,1,1,0.080000000000000002,inverse_length,NA,NA,NA,NA,NA,NA
4,c,raw,results/k9_mechanics_sensitivity.csv,6baea83cab61f4c6ca3666d05714b4cfc359b0dcf6a1cd3f322ab791a77042b5,E3,5,1,NA,2,0.001,NA,NA,77,`ftol` termination condition is satisfied.,True,0.00092894856949999997,7140.9782649999997,NA,37,NA,1,1,1,11,E3|5|0.001|reference|3|2,L_relative_error,0.057194309790000002,5.7194309790000002,percent,100 * raw_value,all 324; noise_fraction==0.001; 77 reads,77,77,NA,NA,NA,NA,NA,NA,NA,NA,NA,NA,NA,NA,reference,3,5,1,1,1,0.080000000000000002,inverse_length,NA,NA,NA,NA,NA,NA
4,c,raw,results/k9_mechanics_sensitivity.csv,6baea83cab61f4c6ca3666d05714b4cfc359b0dcf6a1cd3f322ab791a77042b5,E3,5,1,NA,2,0.001,NA,NA,77,`ftol` termination condition is satisfied.,True,0.00092894856949999997,7140.9782649999997,NA,37,NA,1,1,1,11,E3|5|0.001|reference|3|2,C_relative_error,0.1747200871,17.472008710000001,percent,100 * raw_value,all 324; noise_fraction==0.001; 77 reads,77,77,NA,NA,NA,NA,NA,NA,NA,NA,NA,NA,NA,NA,reference,3,5,1,1,1,0.080000000000000002,inverse_length,NA,NA,NA,NA,NA,NA
4,c,raw,results/k9_mechanics_sensitivity.csv,6baea83cab61f4c6ca3666d05714b4cfc359b0dcf6a1cd3f322ab791a77042b5,E3,5,1,NA,0,0.001,NA,NA,77,`gtol` termination condition is satisfied.,True,0.0008235883618,7894.9078049999998,NA,35,NA,1,1,1,12,E3|5|0.001|low_stiffness|0|0,L_relative_error,0.032075550920000001,3.2075550920000002,percent,100 * raw_value,all 324; noise_fraction==0.001; 77 reads,77,77,NA,NA,NA,NA,NA,NA,NA,NA,NA,NA,NA,NA,low_stiffness,0,5,0.5,0.5,1,0.080000000000000002,inverse_length,NA,NA,NA,NA,NA,NA
4,c,raw,results/k9_mechanics_sensitivity.csv,6baea83cab61f4c6ca3666d05714b4cfc359b0dcf6a1cd3f322ab791a77042b5,E3,5,1,NA,0,0.001,NA,NA,77,`gtol` termination condition is satisfied.,True,0.0008235883618,7894.9078049999998,NA,35,NA,1,1,1,12,E3|5|0.001|low_stiffness|0|0,C_relative_error,0.30587969009999999,30.587969009999998,percent,100 * raw_value,all 324; noise_fraction==0.001; 77 reads,77,77,NA,NA,NA,NA,NA,NA,NA,NA,NA,NA,NA,NA,low_stiffness,0,5,0.5,0.5,1,0.080000000000000002,inverse_length,NA,NA,NA,NA,NA,NA
4,c,raw,results/k9_mechanics_sensitivity.csv,6baea83cab61f4c6ca3666d05714b4cfc359b0dcf6a1cd3f322ab791a77042b5,E3,5,1,NA,1,0.001,NA,NA,77,`gtol` termination condition is satisfied.,True,0.00091121618580000002,5854.2570379999997,NA,29,NA,1,1,1,13,E3|5|0.001|low_stiffness|0|1,L_relative_error,0.034510496529999997,3.4510496529999997,percent,100 * raw_value,all 324; noise_fraction==0.001; 77 reads,77,77,NA,NA,NA,NA,NA,NA,NA,NA,NA,NA,NA,NA,low_stiffness,0,5,0.5,0.5,1,0.080000000000000002,inverse_length,NA,NA,NA,NA,NA,NA
4,c,raw,results/k9_mechanics_sensitivity.csv,6baea83cab61f4c6ca3666d05714b4cfc359b0dcf6a1cd3f322ab791a77042b5,E3,5,1,NA,1,0.001,NA,NA,77,`gtol` termination condition is satisfied.,True,0.00091121618580000002,5854.2570379999997,NA,29,NA,1,1,1,13,E3|5|0.001|low_stiffness|0|1,C_relative_error,0.1331820018,13.31820018,percent,100 * raw_value,all 324; noise_fraction==0.001; 77 reads,77,77,NA,NA,NA,NA,NA,NA,NA,NA,NA,NA,NA,NA,low_stiffness,0,5,0.5,0.5,1,0.080000000000000002,inverse_length,NA,NA,NA,NA,NA,NA
4,c,raw,results/k9_mechanics_sensitivity.csv,6baea83cab61f4c6ca3666d05714b4cfc359b0dcf6a1cd3f322ab791a77042b5,E3,5,1,NA,2,0.001,NA,NA,77,`gtol` termination condition is satisfied.,True,0.00089368180420000001,25111.249790000002,NA,30,NA,1,1,1,14,E3|5|0.001|low_stiffness|0|2,L_relative_error,0.057280314059999997,5.7280314059999995,percent,100 * raw_value,all 324; noise_fraction==0.001; 77 reads,77,77,NA,NA,NA,NA,NA,NA,NA,NA,NA,NA,NA,NA,low_stiffness,0,5,0.5,0.5,1,0.080000000000000002,inverse_length,NA,NA,NA,NA,NA,NA
4,c,raw,results/k9_mechanics_sensitivity.csv,6baea83cab61f4c6ca3666d05714b4cfc359b0dcf6a1cd3f322ab791a77042b5,E3,5,1,NA,2,0.001,NA,NA,77,`gtol` termination condition is satisfied.,True,0.00089368180420000001,25111.249790000002,NA,30,NA,1,1,1,14,E3|5|0.001|low_stiffness|0|2,C_relative_error,0.43032475619999999,43.03247562,percent,100 * raw_value,all 324; noise_fraction==0.001; 77 reads,77,77,NA,NA,NA,NA,NA,NA,NA,NA,NA,NA,NA,NA,low_stiffness,0,5,0.5,0.5,1,0.080000000000000002,inverse_length,NA,NA,NA,NA,NA,NA
4,c,raw,results/k9_mechanics_sensitivity.csv,6baea83cab61f4c6ca3666d05714b4cfc359b0dcf6a1cd3f322ab791a77042b5,E3,5,1,NA,0,0.001,NA,NA,77,`gtol` termination condition is satisfied.,True,0.00091055626490000002,4256.4709810000004,NA,28,NA,1,1,1,15,E3|5|0.001|low_stiffness|1|0,L_relative_error,0.025234544349999999,2.5234544349999997,percent,100 * raw_value,all 324; noise_fraction==0.001; 77 reads,77,77,NA,NA,NA,NA,NA,NA,NA,NA,NA,NA,NA,NA,low_stiffness,1,5,0.5,0.5,1,0.080000000000000002,inverse_length,NA,NA,NA,NA,NA,NA
4,c,raw,results/k9_mechanics_sensitivity.csv,6baea83cab61f4c6ca3666d05714b4cfc359b0dcf6a1cd3f322ab791a77042b5,E3,5,1,NA,0,0.001,NA,NA,77,`gtol` termination condition is satisfied.,True,0.00091055626490000002,4256.4709810000004,NA,28,NA,1,1,1,15,E3|5|0.001|low_stiffness|1|0,C_relative_error,0.085091836249999997,8.5091836250000004,percent,100 * raw_value,all 324; noise_fraction==0.001; 77 reads,77,77,NA,NA,NA,NA,NA,NA,NA,NA,NA,NA,NA,NA,low_stiffness,1,5,0.5,0.5,1,0.080000000000000002,inverse_length,NA,NA,NA,NA,NA,NA
4,c,raw,results/k9_mechanics_sensitivity.csv,6baea83cab61f4c6ca3666d05714b4cfc359b0dcf6a1cd3f322ab791a77042b5,E3,5,1,NA,1,0.001,NA,NA,77,`gtol` termination condition is satisfied.,True,0.00089329826140000001,5432.8915290000004,NA,26,NA,1,1,1,16,E3|5|0.001|low_stiffness|1|1,L_relative_error,0.047674657209999999,4.7674657209999998,percent,100 * raw_value,all 324; noise_fraction==0.001; 77 reads,77,77,NA,NA,NA,NA,NA,NA,NA,NA,NA,NA,NA,NA,low_stiffness,1,5,0.5,0.5,1,0.080000000000000002,inverse_length,NA,NA,NA,NA,NA,NA
4,c,raw,results/k9_mechanics_sensitivity.csv,6baea83cab61f4c6ca3666d05714b4cfc359b0dcf6a1cd3f322ab791a77042b5,E3,5,1,NA,1,0.001,NA,NA,77,`gtol` termination condition is satisfied.,True,0.00089329826140000001,5432.8915290000004,NA,26,NA,1,1,1,16,E3|5|0.001|low_stiffness|1|1,C_relative_error,0.35056072849999997,35.05607285,percent,100 * raw_value,all 324; noise_fraction==0.001; 77 reads,77,77,NA,NA,NA,NA,NA,NA,NA,NA,NA,NA,NA,NA,low_stiffness,1,5,0.5,0.5,1,0.080000000000000002,inverse_length,NA,NA,NA,NA,NA,NA
4,c,raw,results/k9_mechanics_sensitivity.csv,6baea83cab61f4c6ca3666d05714b4cfc359b0dcf6a1cd3f322ab791a77042b5,E3,5,1,NA,2,0.001,NA,NA,77,`gtol` termination condition is satisfied.,True,0.00077578157240000003,4261.1651650000003,NA,27,NA,1,1,1,17,E3|5|0.001|low_stiffness|1|2,L_relative_error,0.028916007939999998,2.8916007939999999,percent,100 * raw_value,all 324; noise_fraction==0.001; 77 reads,77,77,NA,NA,NA,NA,NA,NA,NA,NA,NA,NA,NA,NA,low_stiffness,1,5,0.5,0.5,1,0.080000000000000002,inverse_length,NA,NA,NA,NA,NA,NA
4,c,raw,results/k9_mechanics_sensitivity.csv,6baea83cab61f4c6ca3666d05714b4cfc359b0dcf6a1cd3f322ab791a77042b5,E3,5,1,NA,2,0.001,NA,NA,77,`gtol` termination condition is satisfied.,True,0.00077578157240000003,4261.1651650000003,NA,27,NA,1,1,1,17,E3|5|0.001|low_stiffness|1|2,C_relative_error,0.12149302350000001,12.149302350000001,percent,100 * raw_value,all 324; noise_fraction==0.001; 77 reads,77,77,NA,NA,NA,NA,NA,NA,NA,NA,NA,NA,NA,NA,low_stiffness,1,5,0.5,0.5,1,0.080000000000000002,inverse_length,NA,NA,NA,NA,NA,NA
4,c,raw,results/k9_mechanics_sensitivity.csv,6baea83cab61f4c6ca3666d05714b4cfc359b0dcf6a1cd3f322ab791a77042b5,E3,5,1,NA,0,0.001,NA,NA,77,`ftol` termination condition is satisfied.,True,0.0008908585725,5676.9289360000002,NA,32,NA,1,1,1,18,E3|5|0.001|low_stiffness|2|0,L_relative_error,0.045696588060000001,4.5696588060000005,percent,100 * raw_value,all 324; noise_fraction==0.001; 77 reads,77,77,NA,NA,NA,NA,NA,NA,NA,NA,NA,NA,NA,NA,low_stiffness,2,5,0.5,0.5,1,0.080000000000000002,inverse_length,NA,NA,NA,NA,NA,NA
4,c,raw,results/k9_mechanics_sensitivity.csv,6baea83cab61f4c6ca3666d05714b4cfc359b0dcf6a1cd3f322ab791a77042b5,E3,5,1,NA,0,0.001,NA,NA,77,`ftol` termination condition is satisfied.,True,0.0008908585725,5676.9289360000002,NA,32,NA,1,1,1,18,E3|5|0.001|low_stiffness|2|0,C_relative_error,0.33287038689999998,33.287038689999996,percent,100 * raw_value,all 324; noise_fraction==0.001; 77 reads,77,77,NA,NA,NA,NA,NA,NA,NA,NA,NA,NA,NA,NA,low_stiffness,2,5,0.5,0.5,1,0.080000000000000002,inverse_length,NA,NA,NA,NA,NA,NA
4,c,raw,results/k9_mechanics_sensitivity.csv,6baea83cab61f4c6ca3666d05714b4cfc359b0dcf6a1cd3f322ab791a77042b5,E3,5,1,NA,1,0.001,NA,NA,77,`gtol` termination condition is satisfied.,True,0.00077706304670000002,3621.474404,NA,32,NA,1,1,1,19,E3|5|0.001|low_stiffness|2|1,L_relative_error,0.026972782349999998,2.6972782349999997,percent,100 * raw_value,all 324; noise_fraction==0.001; 77 reads,77,77,NA,NA,NA,NA,NA,NA,NA,NA,NA,NA,NA,NA,low_stiffness,2,5,0.5,0.5,1,0.080000000000000002,inverse_length,NA,NA,NA,NA,NA,NA
4,c,raw,results/k9_mechanics_sensitivity.csv,6baea83cab61f4c6ca3666d05714b4cfc359b0dcf6a1cd3f322ab791a77042b5,E3,5,1,NA,1,0.001,NA,NA,77,`gtol` termination condition is satisfied.,True,0.00077706304670000002,3621.474404,NA,32,NA,1,1,1,19,E3|5|0.001|low_stiffness|2|1,C_relative_error,0.1139072059,11.390720590000001,percent,100 * raw_value,all 324; noise_fraction==0.001; 77 reads,77,77,NA,NA,NA,NA,NA,NA,NA,NA,NA,NA,NA,NA,low_stiffness,2,5,0.5,0.5,1,0.080000000000000002,inverse_length,NA,NA,NA,NA,NA,NA
4,c,raw,results/k9_mechanics_sensitivity.csv,6baea83cab61f4c6ca3666d05714b4cfc359b0dcf6a1cd3f322ab791a77042b5,E3,5,1,NA,2,0.001,NA,NA,77,`gtol` termination condition is satisfied.,True,0.0008667565292,3507.750845,NA,33,NA,1,1,1,20,E3|5|0.001|low_stiffness|2|2,L_relative_error,0.04175998802,4.1759988019999996,percent,100 * raw_value,all 324; noise_fraction==0.001; 77 reads,77,77,NA,NA,NA,NA,NA,NA,NA,NA,NA,NA,NA,NA,low_stiffness,2,5,0.5,0.5,1,0.080000000000000002,inverse_length,NA,NA,NA,NA,NA,NA
4,c,raw,results/k9_mechanics_sensitivity.csv,6baea83cab61f4c6ca3666d05714b4cfc359b0dcf6a1cd3f322ab791a77042b5,E3,5,1,NA,2,0.001,NA,NA,77,`gtol` termination condition is satisfied.,True,0.0008667565292,3507.750845,NA,33,NA,1,1,1,20,E3|5|0.001|low_stiffness|2|2,C_relative_error,0.078069307249999997,7.806930725,percent,100 * raw_value,all 324; noise_fraction==0.001; 77 reads,77,77,NA,NA,NA,NA,NA,NA,NA,NA,NA,NA,NA,NA,low_stiffness,2,5,0.5,0.5,1,0.080000000000000002,inverse_length,NA,NA,NA,NA,NA,NA
4,c,raw,results/k9_mechanics_sensitivity.csv,6baea83cab61f4c6ca3666d05714b4cfc359b0dcf6a1cd3f322ab791a77042b5,E3,5,1,NA,0,0.001,NA,NA,77,`gtol` termination condition is satisfied.,True,0.00077844090880000002,5198.4238489999998,NA,34,NA,1,1,1,21,E3|5|0.001|low_stiffness|3|0,L_relative_error,0.035616130119999999,3.561613012,percent,100 * raw_value,all 324; noise_fraction==0.001; 77 reads,77,77,NA,NA,NA,NA,NA,NA,NA,NA,NA,NA,NA,NA,low_stiffness,3,5,0.5,0.5,1,0.080000000000000002,inverse_length,NA,NA,NA,NA,NA,NA
4,c,raw,results/k9_mechanics_sensitivity.csv,6baea83cab61f4c6ca3666d05714b4cfc359b0dcf6a1cd3f322ab791a77042b5,E3,5,1,NA,0,0.001,NA,NA,77,`gtol` termination condition is satisfied.,True,0.00077844090880000002,5198.4238489999998,NA,34,NA,1,1,1,21,E3|5|0.001|low_stiffness|3|0,C_relative_error,0.15599340140000001,15.599340140000001,percent,100 * raw_value,all 324; noise_fraction==0.001; 77 reads,77,77,NA,NA,NA,NA,NA,NA,NA,NA,NA,NA,NA,NA,low_stiffness,3,5,0.5,0.5,1,0.080000000000000002,inverse_length,NA,NA,NA,NA,NA,NA
4,c,raw,results/k9_mechanics_sensitivity.csv,6baea83cab61f4c6ca3666d05714b4cfc359b0dcf6a1cd3f322ab791a77042b5,E3,5,1,NA,1,0.001,NA,NA,77,`gtol` termination condition is satisfied.,True,0.00086406026739999997,4993.3008040000004,NA,31,NA,1,1,1,22,E3|5|0.001|low_stiffness|3|1,L_relative_error,0.0546834977,5.4683497699999997,percent,100 * raw_value,all 324; noise_fraction==0.001; 77 reads,77,77,NA,NA,NA,NA,NA,NA,NA,NA,NA,NA,NA,NA,low_stiffness,3,5,0.5,0.5,1,0.080000000000000002,inverse_length,NA,NA,NA,NA,NA,NA
4,c,raw,results/k9_mechanics_sensitivity.csv,6baea83cab61f4c6ca3666d05714b4cfc359b0dcf6a1cd3f322ab791a77042b5,E3,5,1,NA,1,0.001,NA,NA,77,`gtol` termination condition is satisfied.,True,0.00086406026739999997,4993.3008040000004,NA,31,NA,1,1,1,22,E3|5|0.001|low_stiffness|3|1,C_relative_error,0.0975810228,9.7581022799999992,percent,100 * raw_value,all 324; noise_fraction==0.001; 77 reads,77,77,NA,NA,NA,NA,NA,NA,NA,NA,NA,NA,NA,NA,low_stiffness,3,5,0.5,0.5,1,0.080000000000000002,inverse_length,NA,NA,NA,NA,NA,NA
4,c,raw,results/k9_mechanics_sensitivity.csv,6baea83cab61f4c6ca3666d05714b4cfc359b0dcf6a1cd3f322ab791a77042b5,E3,5,1,NA,2,0.001,NA,NA,77,`gtol` termination condition is satisfied.,True,0.00105674685,5383.6605010000003,NA,30,NA,1,1,1,23,E3|5|0.001|low_stiffness|3|2,L_relative_error,0.01686718853,1.6867188530000001,percent,100 * raw_value,all 324; noise_fraction==0.001; 77 reads,77,77,NA,NA,NA,NA,NA,NA,NA,NA,NA,NA,NA,NA,low_stiffness,3,5,0.5,0.5,1,0.080000000000000002,inverse_length,NA,NA,NA,NA,NA,NA
4,c,raw,results/k9_mechanics_sensitivity.csv,6baea83cab61f4c6ca3666d05714b4cfc359b0dcf6a1cd3f322ab791a77042b5,E3,5,1,NA,2,0.001,NA,NA,77,`gtol` termination condition is satisfied.,True,0.00105674685,5383.6605010000003,NA,30,NA,1,1,1,23,E3|5|0.001|low_stiffness|3|2,C_relative_error,0.31985019669999998,31.985019669999996,percent,100 * raw_value,all 324; noise_fraction==0.001; 77 reads,77,77,NA,NA,NA,NA,NA,NA,NA,NA,NA,NA,NA,NA,low_stiffness,3,5,0.5,0.5,1,0.080000000000000002,inverse_length,NA,NA,NA,NA,NA,NA
4,c,raw,results/k9_mechanics_sensitivity.csv,6baea83cab61f4c6ca3666d05714b4cfc359b0dcf6a1cd3f322ab791a77042b5,E3,5,1,NA,0,0.001,NA,NA,77,`gtol` termination condition is satisfied.,True,0.001039745572,8035.9384879999998,NA,42,NA,0.83333333330000003,1,0.90909090910000001,24,E3|5|0.001|high_stiffness|0|0,L_relative_error,0.25116298240000001,25.116298240000003,percent,100 * raw_value,all 324; noise_fraction==0.001; 77 reads,77,77,NA,NA,NA,NA,NA,NA,NA,NA,NA,NA,NA,NA,high_stiffness,0,5,2,2,1,0.080000000000000002,inverse_length,NA,NA,NA,NA,NA,NA
4,c,raw,results/k9_mechanics_sensitivity.csv,6baea83cab61f4c6ca3666d05714b4cfc359b0dcf6a1cd3f322ab791a77042b5,E3,5,1,NA,0,0.001,NA,NA,77,`gtol` termination condition is satisfied.,True,0.001039745572,8035.9384879999998,NA,42,NA,0.83333333330000003,1,0.90909090910000001,24,E3|5|0.001|high_stiffness|0|0,C_relative_error,0.47599060770000001,47.599060770000001,percent,100 * raw_value,all 324; noise_fraction==0.001; 77 reads,77,77,NA,NA,NA,NA,NA,NA,NA,NA,NA,NA,NA,NA,high_stiffness,0,5,2,2,1,0.080000000000000002,inverse_length,NA,NA,NA,NA,NA,NA
4,c,raw,results/k9_mechanics_sensitivity.csv,6baea83cab61f4c6ca3666d05714b4cfc359b0dcf6a1cd3f322ab791a77042b5,E3,5,1,NA,1,0.001,NA,NA,77,`gtol` termination condition is satisfied.,True,0.00078419498570000002,6870.865922,NA,40,NA,0.83333333330000003,1,0.90909090910000001,25,E3|5|0.001|high_stiffness|0|1,L_relative_error,0.25705774460000003,25.705774460000004,percent,100 * raw_value,all 324; noise_fraction==0.001; 77 reads,77,77,NA,NA,NA,NA,NA,NA,NA,NA,NA,NA,NA,NA,high_stiffness,0,5,2,2,1,0.080000000000000002,inverse_length,NA,NA,NA,NA,NA,NA
4,c,raw,results/k9_mechanics_sensitivity.csv,6baea83cab61f4c6ca3666d05714b4cfc359b0dcf6a1cd3f322ab791a77042b5,E3,5,1,NA,1,0.001,NA,NA,77,`gtol` termination condition is satisfied.,True,0.00078419498570000002,6870.865922,NA,40,NA,0.83333333330000003,1,0.90909090910000001,25,E3|5|0.001|high_stiffness|0|1,C_relative_error,0.37764014699999998,37.764014699999997,percent,100 * raw_value,all 324; noise_fraction==0.001; 77 reads,77,77,NA,NA,NA,NA,NA,NA,NA,NA,NA,NA,NA,NA,high_stiffness,0,5,2,2,1,0.080000000000000002,inverse_length,NA,NA,NA,NA,NA,NA
4,c,raw,results/k9_mechanics_sensitivity.csv,6baea83cab61f4c6ca3666d05714b4cfc359b0dcf6a1cd3f322ab791a77042b5,E3,5,1,NA,2,0.001,NA,NA,77,`gtol` termination condition is satisfied.,True,0.001010431315,7017.9814299999998,NA,40,NA,0.83333333330000003,1,0.90909090910000001,26,E3|5|0.001|high_stiffness|0|2,L_relative_error,0.2543232379,25.432323789999998,percent,100 * raw_value,all 324; noise_fraction==0.001; 77 reads,77,77,NA,NA,NA,NA,NA,NA,NA,NA,NA,NA,NA,NA,high_stiffness,0,5,2,2,1,0.080000000000000002,inverse_length,NA,NA,NA,NA,NA,NA
4,c,raw,results/k9_mechanics_sensitivity.csv,6baea83cab61f4c6ca3666d05714b4cfc359b0dcf6a1cd3f322ab791a77042b5,E3,5,1,NA,2,0.001,NA,NA,77,`gtol` termination condition is satisfied.,True,0.001010431315,7017.9814299999998,NA,40,NA,0.83333333330000003,1,0.90909090910000001,26,E3|5|0.001|high_stiffness|0|2,C_relative_error,0.23658776149999999,23.658776149999998,percent,100 * raw_value,all 324; noise_fraction==0.001; 77 reads,77,77,NA,NA,NA,NA,NA,NA,NA,NA,NA,NA,NA,NA,high_stiffness,0,5,2,2,1,0.080000000000000002,inverse_length,NA,NA,NA,NA,NA,NA
4,c,raw,results/k9_mechanics_sensitivity.csv,6baea83cab61f4c6ca3666d05714b4cfc359b0dcf6a1cd3f322ab791a77042b5,E3,5,1,NA,0,0.001,NA,NA,77,`gtol` termination condition is satisfied.,True,0.00078004440139999996,7352.3583879999996,NA,39,NA,0.83333333330000003,1,0.90909090910000001,27,E3|5|0.001|high_stiffness|1|0,L_relative_error,0.22891210619999999,22.891210619999999,percent,100 * raw_value,all 324; noise_fraction==0.001; 77 reads,77,77,NA,NA,NA,NA,NA,NA,NA,NA,NA,NA,NA,NA,high_stiffness,1,5,2,2,1,0.080000000000000002,inverse_length,NA,NA,NA,NA,NA,NA
4,c,raw,results/k9_mechanics_sensitivity.csv,6baea83cab61f4c6ca3666d05714b4cfc359b0dcf6a1cd3f322ab791a77042b5,E3,5,1,NA,0,0.001,NA,NA,77,`gtol` termination condition is satisfied.,True,0.00078004440139999996,7352.3583879999996,NA,39,NA,0.83333333330000003,1,0.90909090910000001,27,E3|5|0.001|high_stiffness|1|0,C_relative_error,0.32445619339999998,32.44561934,percent,100 * raw_value,all 324; noise_fraction==0.001; 77 reads,77,77,NA,NA,NA,NA,NA,NA,NA,NA,NA,NA,NA,NA,high_stiffness,1,5,2,2,1,0.080000000000000002,inverse_length,NA,NA,NA,NA,NA,NA
4,c,raw,results/k9_mechanics_sensitivity.csv,6baea83cab61f4c6ca3666d05714b4cfc359b0dcf6a1cd3f322ab791a77042b5,E3,5,1,NA,1,0.001,NA,NA,77,`ftol` termination condition is satisfied.,True,0.00099696193970000009,7558.453896,NA,41,NA,0.83333333330000003,1,0.90909090910000001,28,E3|5|0.001|high_stiffness|1|1,L_relative_error,0.22520850079999999,22.520850079999999,percent,100 * raw_value,all 324; noise_fraction==0.001; 77 reads,77,77,NA,NA,NA,NA,NA,NA,NA,NA,NA,NA,NA,NA,high_stiffness,1,5,2,2,1,0.080000000000000002,inverse_length,NA,NA,NA,NA,NA,NA
4,c,raw,results/k9_mechanics_sensitivity.csv,6baea83cab61f4c6ca3666d05714b4cfc359b0dcf6a1cd3f322ab791a77042b5,E3,5,1,NA,1,0.001,NA,NA,77,`ftol` termination condition is satisfied.,True,0.00099696193970000009,7558.453896,NA,41,NA,0.83333333330000003,1,0.90909090910000001,28,E3|5|0.001|high_stiffness|1|1,C_relative_error,0.22639380119999999,22.639380119999998,percent,100 * raw_value,all 324; noise_fraction==0.001; 77 reads,77,77,NA,NA,NA,NA,NA,NA,NA,NA,NA,NA,NA,NA,high_stiffness,1,5,2,2,1,0.080000000000000002,inverse_length,NA,NA,NA,NA,NA,NA
4,c,raw,results/k9_mechanics_sensitivity.csv,6baea83cab61f4c6ca3666d05714b4cfc359b0dcf6a1cd3f322ab791a77042b5,E3,5,1,NA,2,0.001,NA,NA,77,`gtol` termination condition is satisfied.,True,0.00080809615750000003,7579.800338,NA,40,NA,0.83333333330000003,1,0.90909090910000001,29,E3|5|0.001|high_stiffness|1|2,L_relative_error,0.2275934419,22.75934419,percent,100 * raw_value,all 324; noise_fraction==0.001; 77 reads,77,77,NA,NA,NA,NA,NA,NA,NA,NA,NA,NA,NA,NA,high_stiffness,1,5,2,2,1,0.080000000000000002,inverse_length,NA,NA,NA,NA,NA,NA
4,c,raw,results/k9_mechanics_sensitivity.csv,6baea83cab61f4c6ca3666d05714b4cfc359b0dcf6a1cd3f322ab791a77042b5,E3,5,1,NA,2,0.001,NA,NA,77,`gtol` termination condition is satisfied.,True,0.00080809615750000003,7579.800338,NA,40,NA,0.83333333330000003,1,0.90909090910000001,29,E3|5|0.001|high_stiffness|1|2,C_relative_error,0.43418198619999998,43.418198619999998,percent,100 * raw_value,all 324; noise_fraction==0.001; 77 reads,77,77,NA,NA,NA,NA,NA,NA,NA,NA,NA,NA,NA,NA,high_stiffness,1,5,2,2,1,0.080000000000000002,inverse_length,NA,NA,NA,NA,NA,NA
4,c,raw,results/k9_mechanics_sensitivity.csv,6baea83cab61f4c6ca3666d05714b4cfc359b0dcf6a1cd3f322ab791a77042b5,E3,5,1,NA,0,0.001,NA,NA,77,`ftol` termination condition is satisfied.,True,0.0009945164966999999,7480.0621979999996,NA,40,NA,0.83333333330000003,1,0.90909090910000001,30,E3|5|0.001|high_stiffness|2|0,L_relative_error,0.23737513700000001,23.737513700000001,percent,100 * raw_value,all 324; noise_fraction==0.001; 77 reads,77,77,NA,NA,NA,NA,NA,NA,NA,NA,NA,NA,NA,NA,high_stiffness,2,5,2,2,1,0.080000000000000002,inverse_length,NA,NA,NA,NA,NA,NA
4,c,raw,results/k9_mechanics_sensitivity.csv,6baea83cab61f4c6ca3666d05714b4cfc359b0dcf6a1cd3f322ab791a77042b5,E3,5,1,NA,0,0.001,NA,NA,77,`ftol` termination condition is satisfied.,True,0.0009945164966999999,7480.0621979999996,NA,40,NA,0.83333333330000003,1,0.90909090910000001,30,E3|5|0.001|high_stiffness|2|0,C_relative_error,0.25149750739999999,25.149750739999998,percent,100 * raw_value,all 324; noise_fraction==0.001; 77 reads,77,77,NA,NA,NA,NA,NA,NA,NA,NA,NA,NA,NA,NA,high_stiffness,2,5,2,2,1,0.080000000000000002,inverse_length,NA,NA,NA,NA,NA,NA
4,c,raw,results/k9_mechanics_sensitivity.csv,6baea83cab61f4c6ca3666d05714b4cfc359b0dcf6a1cd3f322ab791a77042b5,E3,5,1,NA,1,0.001,NA,NA,77,`ftol` termination condition is satisfied.,True,0.00080844544610000001,7583.3000650000004,NA,47,NA,0.83333333330000003,1,0.90909090910000001,31,E3|5|0.001|high_stiffness|2|1,L_relative_error,0.23927968650000001,23.92796865,percent,100 * raw_value,all 324; noise_fraction==0.001; 77 reads,77,77,NA,NA,NA,NA,NA,NA,NA,NA,NA,NA,NA,NA,high_stiffness,2,5,2,2,1,0.080000000000000002,inverse_length,NA,NA,NA,NA,NA,NA
4,c,raw,results/k9_mechanics_sensitivity.csv,6baea83cab61f4c6ca3666d05714b4cfc359b0dcf6a1cd3f322ab791a77042b5,E3,5,1,NA,1,0.001,NA,NA,77,`ftol` termination condition is satisfied.,True,0.00080844544610000001,7583.3000650000004,NA,47,NA,0.83333333330000003,1,0.90909090910000001,31,E3|5|0.001|high_stiffness|2|1,C_relative_error,0.38587362130000002,38.587362130000002,percent,100 * raw_value,all 324; noise_fraction==0.001; 77 reads,77,77,NA,NA,NA,NA,NA,NA,NA,NA,NA,NA,NA,NA,high_stiffness,2,5,2,2,1,0.080000000000000002,inverse_length,NA,NA,NA,NA,NA,NA
4,c,raw,results/k9_mechanics_sensitivity.csv,6baea83cab61f4c6ca3666d05714b4cfc359b0dcf6a1cd3f322ab791a77042b5,E3,5,1,NA,2,0.001,NA,NA,77,`gtol` termination condition is satisfied.,True,0.00078628066900000002,7626.938596,NA,42,NA,0.83333333330000003,1,0.90909090910000001,32,E3|5|0.001|high_stiffness|2|2,L_relative_error,0.23612263389999999,23.612263389999999,percent,100 * raw_value,all 324; noise_fraction==0.001; 77 reads,77,77,NA,NA,NA,NA,NA,NA,NA,NA,NA,NA,NA,NA,high_stiffness,2,5,2,2,1,0.080000000000000002,inverse_length,NA,NA,NA,NA,NA,NA
4,c,raw,results/k9_mechanics_sensitivity.csv,6baea83cab61f4c6ca3666d05714b4cfc359b0dcf6a1cd3f322ab791a77042b5,E3,5,1,NA,2,0.001,NA,NA,77,`gtol` termination condition is satisfied.,True,0.00078628066900000002,7626.938596,NA,42,NA,0.83333333330000003,1,0.90909090910000001,32,E3|5|0.001|high_stiffness|2|2,C_relative_error,0.097570341229999996,9.7570341230000004,percent,100 * raw_value,all 324; noise_fraction==0.001; 77 reads,77,77,NA,NA,NA,NA,NA,NA,NA,NA,NA,NA,NA,NA,high_stiffness,2,5,2,2,1,0.080000000000000002,inverse_length,NA,NA,NA,NA,NA,NA
4,c,raw,results/k9_mechanics_sensitivity.csv,6baea83cab61f4c6ca3666d05714b4cfc359b0dcf6a1cd3f322ab791a77042b5,E3,5,1,NA,0,0.001,NA,NA,77,`gtol` termination condition is satisfied.,True,0.00083920464870000005,6093.7856739999997,NA,50,NA,0.83333333330000003,1,0.90909090910000001,33,E3|5|0.001|high_stiffness|3|0,L_relative_error,0.27726900840000002,27.726900840000003,percent,100 * raw_value,all 324; noise_fraction==0.001; 77 reads,77,77,NA,NA,NA,NA,NA,NA,NA,NA,NA,NA,NA,NA,high_stiffness,3,5,2,2,1,0.080000000000000002,inverse_length,NA,NA,NA,NA,NA,NA
4,c,raw,results/k9_mechanics_sensitivity.csv,6baea83cab61f4c6ca3666d05714b4cfc359b0dcf6a1cd3f322ab791a77042b5,E3,5,1,NA,0,0.001,NA,NA,77,`gtol` termination condition is satisfied.,True,0.00083920464870000005,6093.7856739999997,NA,50,NA,0.83333333330000003,1,0.90909090910000001,33,E3|5|0.001|high_stiffness|3|0,C_relative_error,0.38363328520000001,38.363328520000003,percent,100 * raw_value,all 324; noise_fraction==0.001; 77 reads,77,77,NA,NA,NA,NA,NA,NA,NA,NA,NA,NA,NA,NA,high_stiffness,3,5,2,2,1,0.080000000000000002,inverse_length,NA,NA,NA,NA,NA,NA
4,c,raw,results/k9_mechanics_sensitivity.csv,6baea83cab61f4c6ca3666d05714b4cfc359b0dcf6a1cd3f322ab791a77042b5,E3,5,1,NA,1,0.001,NA,NA,77,`gtol` termination condition is satisfied.,True,0.00082137375790000005,6150.766713,NA,50,NA,0.83333333330000003,1,0.90909090910000001,34,E3|5|0.001|high_stiffness|3|1,L_relative_error,0.2726495894,27.26495894,percent,100 * raw_value,all 324; noise_fraction==0.001; 77 reads,77,77,NA,NA,NA,NA,NA,NA,NA,NA,NA,NA,NA,NA,high_stiffness,3,5,2,2,1,0.080000000000000002,inverse_length,NA,NA,NA,NA,NA,NA
4,c,raw,results/k9_mechanics_sensitivity.csv,6baea83cab61f4c6ca3666d05714b4cfc359b0dcf6a1cd3f322ab791a77042b5,E3,5,1,NA,1,0.001,NA,NA,77,`gtol` termination condition is satisfied.,True,0.00082137375790000005,6150.766713,NA,50,NA,0.83333333330000003,1,0.90909090910000001,34,E3|5|0.001|high_stiffness|3|1,C_relative_error,0.099851628819999996,9.9851628819999991,percent,100 * raw_value,all 324; noise_fraction==0.001; 77 reads,77,77,NA,NA,NA,NA,NA,NA,NA,NA,NA,NA,NA,NA,high_stiffness,3,5,2,2,1,0.080000000000000002,inverse_length,NA,NA,NA,NA,NA,NA
4,c,raw,results/k9_mechanics_sensitivity.csv,6baea83cab61f4c6ca3666d05714b4cfc359b0dcf6a1cd3f322ab791a77042b5,E3,5,1,NA,2,0.001,NA,NA,77,`gtol` termination condition is satisfied.,True,0.00069346042610000003,6088.0360780000001,NA,43,NA,0.83333333330000003,1,0.90909090910000001,35,E3|5|0.001|high_stiffness|3|2,L_relative_error,0.2758496829,27.584968289999999,percent,100 * raw_value,all 324; noise_fraction==0.001; 77 reads,77,77,NA,NA,NA,NA,NA,NA,NA,NA,NA,NA,NA,NA,high_stiffness,3,5,2,2,1,0.080000000000000002,inverse_length,NA,NA,NA,NA,NA,NA
4,c,raw,results/k9_mechanics_sensitivity.csv,6baea83cab61f4c6ca3666d05714b4cfc359b0dcf6a1cd3f322ab791a77042b5,E3,5,1,NA,2,0.001,NA,NA,77,`gtol` termination condition is satisfied.,True,0.00069346042610000003,6088.0360780000001,NA,43,NA,0.83333333330000003,1,0.90909090910000001,35,E3|5|0.001|high_stiffness|3|2,C_relative_error,0.040916890070000003,4.0916890070000003,percent,100 * raw_value,all 324; noise_fraction==0.001; 77 reads,77,77,NA,NA,NA,NA,NA,NA,NA,NA,NA,NA,NA,NA,high_stiffness,3,5,2,2,1,0.080000000000000002,inverse_length,NA,NA,NA,NA,NA,NA
4,c,raw,results/k9_mechanics_sensitivity.csv,6baea83cab61f4c6ca3666d05714b4cfc359b0dcf6a1cd3f322ab791a77042b5,E3,5,1,NA,0,0.001,NA,NA,77,`gtol` termination condition is satisfied.,True,0.00082273634460000003,5578.9742130000004,NA,38,NA,1,1,1,36,E3|5|0.001|low_storage|0|0,L_relative_error,0.040119309409999998,4.0119309410000001,percent,100 * raw_value,all 324; noise_fraction==0.001; 77 reads,77,77,NA,NA,NA,NA,NA,NA,NA,NA,NA,NA,NA,NA,low_storage,0,5,1,1,0.5,0.080000000000000002,inverse_length,NA,NA,NA,NA,NA,NA
4,c,raw,results/k9_mechanics_sensitivity.csv,6baea83cab61f4c6ca3666d05714b4cfc359b0dcf6a1cd3f322ab791a77042b5,E3,5,1,NA,0,0.001,NA,NA,77,`gtol` termination condition is satisfied.,True,0.00082273634460000003,5578.9742130000004,NA,38,NA,1,1,1,36,E3|5|0.001|low_storage|0|0,C_relative_error,0.1209465005,12.09465005,percent,100 * raw_value,all 324; noise_fraction==0.001; 77 reads,77,77,NA,NA,NA,NA,NA,NA,NA,NA,NA,NA,NA,NA,low_storage,0,5,1,1,0.5,0.080000000000000002,inverse_length,NA,NA,NA,NA,NA,NA
4,c,raw,results/k9_mechanics_sensitivity.csv,6baea83cab61f4c6ca3666d05714b4cfc359b0dcf6a1cd3f322ab791a77042b5,E3,5,1,NA,1,0.001,NA,NA,77,`gtol` termination condition is satisfied.,True,0.00087286960579999997,5669.2900369999998,NA,40,NA,1,1,1,37,E3|5|0.001|low_storage|0|1,L_relative_error,0.01561488563,1.5614885629999999,percent,100 * raw_value,all 324; noise_fraction==0.001; 77 reads,77,77,NA,NA,NA,NA,NA,NA,NA,NA,NA,NA,NA,NA,low_storage,0,5,1,1,0.5,0.080000000000000002,inverse_length,NA,NA,NA,NA,NA,NA
4,c,raw,results/k9_mechanics_sensitivity.csv,6baea83cab61f4c6ca3666d05714b4cfc359b0dcf6a1cd3f322ab791a77042b5,E3,5,1,NA,1,0.001,NA,NA,77,`gtol` termination condition is satisfied.,True,0.00087286960579999997,5669.2900369999998,NA,40,NA,1,1,1,37,E3|5|0.001|low_storage|0|1,C_relative_error,0.29392121090000001,29.39212109,percent,100 * raw_value,all 324; noise_fraction==0.001; 77 reads,77,77,NA,NA,NA,NA,NA,NA,NA,NA,NA,NA,NA,NA,low_storage,0,5,1,1,0.5,0.080000000000000002,inverse_length,NA,NA,NA,NA,NA,NA
4,c,raw,results/k9_mechanics_sensitivity.csv,6baea83cab61f4c6ca3666d05714b4cfc359b0dcf6a1cd3f322ab791a77042b5,E3,5,1,NA,2,0.001,NA,NA,77,`gtol` termination condition is satisfied.,True,0.00071352856059999996,17717.788140000001,NA,43,NA,1,1,1,38,E3|5|0.001|low_storage|0|2,L_relative_error,0.052447851550000001,5.2447851549999998,percent,100 * raw_value,all 324; noise_fraction==0.001; 77 reads,77,77,NA,NA,NA,NA,NA,NA,NA,NA,NA,NA,NA,NA,low_storage,0,5,1,1,0.5,0.080000000000000002,inverse_length,NA,NA,NA,NA,NA,NA
4,c,raw,results/k9_mechanics_sensitivity.csv,6baea83cab61f4c6ca3666d05714b4cfc359b0dcf6a1cd3f322ab791a77042b5,E3,5,1,NA,2,0.001,NA,NA,77,`gtol` termination condition is satisfied.,True,0.00071352856059999996,17717.788140000001,NA,43,NA,1,1,1,38,E3|5|0.001|low_storage|0|2,C_relative_error,0.65588891230000002,65.588891230000002,percent,100 * raw_value,all 324; noise_fraction==0.001; 77 reads,77,77,NA,NA,NA,NA,NA,NA,NA,NA,NA,NA,NA,NA,low_storage,0,5,1,1,0.5,0.080000000000000002,inverse_length,NA,NA,NA,NA,NA,NA
4,c,raw,results/k9_mechanics_sensitivity.csv,6baea83cab61f4c6ca3666d05714b4cfc359b0dcf6a1cd3f322ab791a77042b5,E3,5,1,NA,0,0.001,NA,NA,77,`ftol` termination condition is satisfied.,True,0.000872755656,6058.4960730000003,NA,36,NA,1,1,1,39,E3|5|0.001|low_storage|1|0,L_relative_error,0.01539941911,1.5399419109999999,percent,100 * raw_value,all 324; noise_fraction==0.001; 77 reads,77,77,NA,NA,NA,NA,NA,NA,NA,NA,NA,NA,NA,NA,low_storage,1,5,1,1,0.5,0.080000000000000002,inverse_length,NA,NA,NA,NA,NA,NA
4,c,raw,results/k9_mechanics_sensitivity.csv,6baea83cab61f4c6ca3666d05714b4cfc359b0dcf6a1cd3f322ab791a77042b5,E3,5,1,NA,0,0.001,NA,NA,77,`ftol` termination condition is satisfied.,True,0.000872755656,6058.4960730000003,NA,36,NA,1,1,1,39,E3|5|0.001|low_storage|1|0,C_relative_error,0.29717819029999998,29.717819029999998,percent,100 * raw_value,all 324; noise_fraction==0.001; 77 reads,77,77,NA,NA,NA,NA,NA,NA,NA,NA,NA,NA,NA,NA,low_storage,1,5,1,1,0.5,0.080000000000000002,inverse_length,NA,NA,NA,NA,NA,NA
4,c,raw,results/k9_mechanics_sensitivity.csv,6baea83cab61f4c6ca3666d05714b4cfc359b0dcf6a1cd3f322ab791a77042b5,E3,5,1,NA,1,0.001,NA,NA,77,`gtol` termination condition is satisfied.,True,0.0007113155681,11373.409030000001,NA,37,NA,1,1,1,40,E3|5|0.001|low_storage|1|1,L_relative_error,0.053306989630000003,5.3306989630000006,percent,100 * raw_value,all 324; noise_fraction==0.001; 77 reads,77,77,NA,NA,NA,NA,NA,NA,NA,NA,NA,NA,NA,NA,low_storage,1,5,1,1,0.5,0.080000000000000002,inverse_length,NA,NA,NA,NA,NA,NA
4,c,raw,results/k9_mechanics_sensitivity.csv,6baea83cab61f4c6ca3666d05714b4cfc359b0dcf6a1cd3f322ab791a77042b5,E3,5,1,NA,1,0.001,NA,NA,77,`gtol` termination condition is satisfied.,True,0.0007113155681,11373.409030000001,NA,37,NA,1,1,1,40,E3|5|0.001|low_storage|1|1,C_relative_error,0.65464035330000003,65.464035330000002,percent,100 * raw_value,all 324; noise_fraction==0.001; 77 reads,77,77,NA,NA,NA,NA,NA,NA,NA,NA,NA,NA,NA,NA,low_storage,1,5,1,1,0.5,0.080000000000000002,inverse_length,NA,NA,NA,NA,NA,NA
4,c,raw,results/k9_mechanics_sensitivity.csv,6baea83cab61f4c6ca3666d05714b4cfc359b0dcf6a1cd3f322ab791a77042b5,E3,5,1,NA,2,0.001,NA,NA,77,`gtol` termination condition is satisfied.,True,0.00093194755290000001,17792.068029999999,NA,36,NA,1,1,1,41,E3|5|0.001|low_storage|1|2,L_relative_error,0.026436143419999999,2.6436143419999998,percent,100 * raw_value,all 324; noise_fraction==0.001; 77 reads,77,77,NA,NA,NA,NA,NA,NA,NA,NA,NA,NA,NA,NA,low_storage,1,5,1,1,0.5,0.080000000000000002,inverse_length,NA,NA,NA,NA,NA,NA
4,c,raw,results/k9_mechanics_sensitivity.csv,6baea83cab61f4c6ca3666d05714b4cfc359b0dcf6a1cd3f322ab791a77042b5,E3,5,1,NA,2,0.001,NA,NA,77,`gtol` termination condition is satisfied.,True,0.00093194755290000001,17792.068029999999,NA,36,NA,1,1,1,41,E3|5|0.001|low_storage|1|2,C_relative_error,0.63265629400000001,63.265629400000002,percent,100 * raw_value,all 324; noise_fraction==0.001; 77 reads,77,77,NA,NA,NA,NA,NA,NA,NA,NA,NA,NA,NA,NA,low_storage,1,5,1,1,0.5,0.080000000000000002,inverse_length,NA,NA,NA,NA,NA,NA
4,c,raw,results/k9_mechanics_sensitivity.csv,6baea83cab61f4c6ca3666d05714b4cfc359b0dcf6a1cd3f322ab791a77042b5,E3,5,1,NA,0,0.001,NA,NA,77,`gtol` termination condition is satisfied.,True,0.00071035773709999996,10172.135420000001,NA,30,NA,1,1,1,42,E3|5|0.001|low_storage|2|0,L_relative_error,0.056039027919999998,5.6039027919999995,percent,100 * raw_value,all 324; noise_fraction==0.001; 77 reads,77,77,NA,NA,NA,NA,NA,NA,NA,NA,NA,NA,NA,NA,low_storage,2,5,1,1,0.5,0.080000000000000002,inverse_length,NA,NA,NA,NA,NA,NA
4,c,raw,results/k9_mechanics_sensitivity.csv,6baea83cab61f4c6ca3666d05714b4cfc359b0dcf6a1cd3f322ab791a77042b5,E3,5,1,NA,0,0.001,NA,NA,77,`gtol` termination condition is satisfied.,True,0.00071035773709999996,10172.135420000001,NA,30,NA,1,1,1,42,E3|5|0.001|low_storage|2|0,C_relative_error,0.64281229740000001,64.281229740000001,percent,100 * raw_value,all 324; noise_fraction==0.001; 77 reads,77,77,NA,NA,NA,NA,NA,NA,NA,NA,NA,NA,NA,NA,low_storage,2,5,1,1,0.5,0.080000000000000002,inverse_length,NA,NA,NA,NA,NA,NA
4,c,raw,results/k9_mechanics_sensitivity.csv,6baea83cab61f4c6ca3666d05714b4cfc359b0dcf6a1cd3f322ab791a77042b5,E3,5,1,NA,1,0.001,NA,NA,77,`gtol` termination condition is satisfied.,True,0.00093086619890000001,19182.334500000001,NA,33,NA,1,1,1,43,E3|5|0.001|low_storage|2|1,L_relative_error,0.024047534450000001,2.4047534450000003,percent,100 * raw_value,all 324; noise_fraction==0.001; 77 reads,77,77,NA,NA,NA,NA,NA,NA,NA,NA,NA,NA,NA,NA,low_storage,2,5,1,1,0.5,0.080000000000000002,inverse_length,NA,NA,NA,NA,NA,NA
4,c,raw,results/k9_mechanics_sensitivity.csv,6baea83cab61f4c6ca3666d05714b4cfc359b0dcf6a1cd3f322ab791a77042b5,E3,5,1,NA,1,0.001,NA,NA,77,`gtol` termination condition is satisfied.,True,0.00093086619890000001,19182.334500000001,NA,33,NA,1,1,1,43,E3|5|0.001|low_storage|2|1,C_relative_error,0.64413695530000004,64.413695529999998,percent,100 * raw_value,all 324; noise_fraction==0.001; 77 reads,77,77,NA,NA,NA,NA,NA,NA,NA,NA,NA,NA,NA,NA,low_storage,2,5,1,1,0.5,0.080000000000000002,inverse_length,NA,NA,NA,NA,NA,NA
4,c,raw,results/k9_mechanics_sensitivity.csv,6baea83cab61f4c6ca3666d05714b4cfc359b0dcf6a1cd3f322ab791a77042b5,E3,5,1,NA,2,0.001,NA,NA,77,`gtol` termination condition is satisfied.,True,0.00089661962689999999,5752.2531140000001,NA,33,NA,1,1,1,44,E3|5|0.001|low_storage|2|2,L_relative_error,0.070466935549999998,7.0466935550000001,percent,100 * raw_value,all 324; noise_fraction==0.001; 77 reads,77,77,NA,NA,NA,NA,NA,NA,NA,NA,NA,NA,NA,NA,low_storage,2,5,1,1,0.5,0.080000000000000002,inverse_length,NA,NA,NA,NA,NA,NA
4,c,raw,results/k9_mechanics_sensitivity.csv,6baea83cab61f4c6ca3666d05714b4cfc359b0dcf6a1cd3f322ab791a77042b5,E3,5,1,NA,2,0.001,NA,NA,77,`gtol` termination condition is satisfied.,True,0.00089661962689999999,5752.2531140000001,NA,33,NA,1,1,1,44,E3|5|0.001|low_storage|2|2,C_relative_error,0.082568921810000001,8.2568921809999996,percent,100 * raw_value,all 324; noise_fraction==0.001; 77 reads,77,77,NA,NA,NA,NA,NA,NA,NA,NA,NA,NA,NA,NA,low_storage,2,5,1,1,0.5,0.080000000000000002,inverse_length,NA,NA,NA,NA,NA,NA
4,c,raw,results/k9_mechanics_sensitivity.csv,6baea83cab61f4c6ca3666d05714b4cfc359b0dcf6a1cd3f322ab791a77042b5,E3,5,1,NA,0,0.001,NA,NA,77,`gtol` termination condition is satisfied.,True,0.00094826940670000002,20745.549910000002,NA,38,NA,1,1,1,45,E3|5|0.001|low_storage|3|0,L_relative_error,0.035385879799999999,3.53858798,percent,100 * raw_value,all 324; noise_fraction==0.001; 77 reads,77,77,NA,NA,NA,NA,NA,NA,NA,NA,NA,NA,NA,NA,low_storage,3,5,1,1,0.5,0.080000000000000002,inverse_length,NA,NA,NA,NA,NA,NA
4,c,raw,results/k9_mechanics_sensitivity.csv,6baea83cab61f4c6ca3666d05714b4cfc359b0dcf6a1cd3f322ab791a77042b5,E3,5,1,NA,0,0.001,NA,NA,77,`gtol` termination condition is satisfied.,True,0.00094826940670000002,20745.549910000002,NA,38,NA,1,1,1,45,E3|5|0.001|low_storage|3|0,C_relative_error,0.52935394769999999,52.935394770000002,percent,100 * raw_value,all 324; noise_fraction==0.001; 77 reads,77,77,NA,NA,NA,NA,NA,NA,NA,NA,NA,NA,NA,NA,low_storage,3,5,1,1,0.5,0.080000000000000002,inverse_length,NA,NA,NA,NA,NA,NA
4,c,raw,results/k9_mechanics_sensitivity.csv,6baea83cab61f4c6ca3666d05714b4cfc359b0dcf6a1cd3f322ab791a77042b5,E3,5,1,NA,1,0.001,NA,NA,77,`gtol` termination condition is satisfied.,True,0.00090155945060000004,7523.8660090000003,NA,36,NA,1,1,1,46,E3|5|0.001|low_storage|3|1,L_relative_error,0.068298091359999993,6.8298091359999997,percent,100 * raw_value,all 324; noise_fraction==0.001; 77 reads,77,77,NA,NA,NA,NA,NA,NA,NA,NA,NA,NA,NA,NA,low_storage,3,5,1,1,0.5,0.080000000000000002,inverse_length,NA,NA,NA,NA,NA,NA
4,c,raw,results/k9_mechanics_sensitivity.csv,6baea83cab61f4c6ca3666d05714b4cfc359b0dcf6a1cd3f322ab791a77042b5,E3,5,1,NA,1,0.001,NA,NA,77,`gtol` termination condition is satisfied.,True,0.00090155945060000004,7523.8660090000003,NA,36,NA,1,1,1,46,E3|5|0.001|low_storage|3|1,C_relative_error,0.062542328420000001,6.2542328420000004,percent,100 * raw_value,all 324; noise_fraction==0.001; 77 reads,77,77,NA,NA,NA,NA,NA,NA,NA,NA,NA,NA,NA,NA,low_storage,3,5,1,1,0.5,0.080000000000000002,inverse_length,NA,NA,NA,NA,NA,NA
4,c,raw,results/k9_mechanics_sensitivity.csv,6baea83cab61f4c6ca3666d05714b4cfc359b0dcf6a1cd3f322ab791a77042b5,E3,5,1,NA,2,0.001,NA,NA,77,`gtol` termination condition is satisfied.,True,0.00085826387250000004,6441.9568600000002,NA,33,NA,0.83333333330000003,1,0.90909090910000001,47,E3|5|0.001|low_storage|3|2,L_relative_error,0.081504310560000001,8.1504310560000004,percent,100 * raw_value,all 324; noise_fraction==0.001; 77 reads,77,77,NA,NA,NA,NA,NA,NA,NA,NA,NA,NA,NA,NA,low_storage,3,5,1,1,0.5,0.080000000000000002,inverse_length,NA,NA,NA,NA,NA,NA
4,c,raw,results/k9_mechanics_sensitivity.csv,6baea83cab61f4c6ca3666d05714b4cfc359b0dcf6a1cd3f322ab791a77042b5,E3,5,1,NA,2,0.001,NA,NA,77,`gtol` termination condition is satisfied.,True,0.00085826387250000004,6441.9568600000002,NA,33,NA,0.83333333330000003,1,0.90909090910000001,47,E3|5|0.001|low_storage|3|2,C_relative_error,0.3280416062,32.804160619999998,percent,100 * raw_value,all 324; noise_fraction==0.001; 77 reads,77,77,NA,NA,NA,NA,NA,NA,NA,NA,NA,NA,NA,NA,low_storage,3,5,1,1,0.5,0.080000000000000002,inverse_length,NA,NA,NA,NA,NA,NA
4,c,raw,results/k9_mechanics_sensitivity.csv,6baea83cab61f4c6ca3666d05714b4cfc359b0dcf6a1cd3f322ab791a77042b5,E3,5,1,NA,0,0.001,NA,NA,77,`ftol` termination condition is satisfied.,True,0.00099400149249999998,7645.3800620000002,NA,29,NA,1,1,1,48,E3|5|0.001|high_storage|0|0,L_relative_error,0.085212354470000001,8.5212354470000005,percent,100 * raw_value,all 324; noise_fraction==0.001; 77 reads,77,77,NA,NA,NA,NA,NA,NA,NA,NA,NA,NA,NA,NA,high_storage,0,5,1,1,1.5,0.080000000000000002,inverse_length,NA,NA,NA,NA,NA,NA
4,c,raw,results/k9_mechanics_sensitivity.csv,6baea83cab61f4c6ca3666d05714b4cfc359b0dcf6a1cd3f322ab791a77042b5,E3,5,1,NA,0,0.001,NA,NA,77,`ftol` termination condition is satisfied.,True,0.00099400149249999998,7645.3800620000002,NA,29,NA,1,1,1,48,E3|5|0.001|high_storage|0|0,C_relative_error,0.2034688663,20.34688663,percent,100 * raw_value,all 324; noise_fraction==0.001; 77 reads,77,77,NA,NA,NA,NA,NA,NA,NA,NA,NA,NA,NA,NA,high_storage,0,5,1,1,1.5,0.080000000000000002,inverse_length,NA,NA,NA,NA,NA,NA
4,c,raw,results/k9_mechanics_sensitivity.csv,6baea83cab61f4c6ca3666d05714b4cfc359b0dcf6a1cd3f322ab791a77042b5,E3,5,1,NA,1,0.001,NA,NA,77,`gtol` termination condition is satisfied.,True,0.0008867620129,24643.722119999999,NA,34,NA,1,1,1,49,E3|5|0.001|high_storage|0|1,L_relative_error,0.07345650057,7.3456500570000003,percent,100 * raw_value,all 324; noise_fraction==0.001; 77 reads,77,77,NA,NA,NA,NA,NA,NA,NA,NA,NA,NA,NA,NA,high_storage,0,5,1,1,1.5,0.080000000000000002,inverse_length,NA,NA,NA,NA,NA,NA
4,c,raw,results/k9_mechanics_sensitivity.csv,6baea83cab61f4c6ca3666d05714b4cfc359b0dcf6a1cd3f322ab791a77042b5,E3,5,1,NA,1,0.001,NA,NA,77,`gtol` termination condition is satisfied.,True,0.0008867620129,24643.722119999999,NA,34,NA,1,1,1,49,E3|5|0.001|high_storage|0|1,C_relative_error,0.44037010189999998,44.037010189999997,percent,100 * raw_value,all 324; noise_fraction==0.001; 77 reads,77,77,NA,NA,NA,NA,NA,NA,NA,NA,NA,NA,NA,NA,high_storage,0,5,1,1,1.5,0.080000000000000002,inverse_length,NA,NA,NA,NA,NA,NA
4,c,raw,results/k9_mechanics_sensitivity.csv,6baea83cab61f4c6ca3666d05714b4cfc359b0dcf6a1cd3f322ab791a77042b5,E3,5,1,NA,2,0.001,NA,NA,77,`gtol` termination condition is satisfied.,True,0.00079038075099999996,8064.525071,NA,35,NA,1,1,1,50,E3|5|0.001|high_storage|0|2,L_relative_error,0.016569270399999999,1.6569270399999998,percent,100 * raw_value,all 324; noise_fraction==0.001; 77 reads,77,77,NA,NA,NA,NA,NA,NA,NA,NA,NA,NA,NA,NA,high_storage,0,5,1,1,1.5,0.080000000000000002,inverse_length,NA,NA,NA,NA,NA,NA
4,c,raw,results/k9_mechanics_sensitivity.csv,6baea83cab61f4c6ca3666d05714b4cfc359b0dcf6a1cd3f322ab791a77042b5,E3,5,1,NA,2,0.001,NA,NA,77,`gtol` termination condition is satisfied.,True,0.00079038075099999996,8064.525071,NA,35,NA,1,1,1,50,E3|5|0.001|high_storage|0|2,C_relative_error,0.22290653799999999,22.290653799999998,percent,100 * raw_value,all 324; noise_fraction==0.001; 77 reads,77,77,NA,NA,NA,NA,NA,NA,NA,NA,NA,NA,NA,NA,high_storage,0,5,1,1,1.5,0.080000000000000002,inverse_length,NA,NA,NA,NA,NA,NA
4,c,raw,results/k9_mechanics_sensitivity.csv,6baea83cab61f4c6ca3666d05714b4cfc359b0dcf6a1cd3f322ab791a77042b5,E3,5,1,NA,0,0.001,NA,NA,77,`ftol` termination condition is satisfied.,True,0.00088834188430000004,11985.24517,NA,33,NA,1,1,1,51,E3|5|0.001|high_storage|1|0,L_relative_error,0.070471033409999995,7.0471033409999997,percent,100 * raw_value,all 324; noise_fraction==0.001; 77 reads,77,77,NA,NA,NA,NA,NA,NA,NA,NA,NA,NA,NA,NA,high_storage,1,5,1,1,1.5,0.080000000000000002,inverse_length,NA,NA,NA,NA,NA,NA
4,c,raw,results/k9_mechanics_sensitivity.csv,6baea83cab61f4c6ca3666d05714b4cfc359b0dcf6a1cd3f322ab791a77042b5,E3,5,1,NA,0,0.001,NA,NA,77,`ftol` termination condition is satisfied.,True,0.00088834188430000004,11985.24517,NA,33,NA,1,1,1,51,E3|5|0.001|high_storage|1|0,C_relative_error,0.42856026120000001,42.856026120000003,percent,100 * raw_value,all 324; noise_fraction==0.001; 77 reads,77,77,NA,NA,NA,NA,NA,NA,NA,NA,NA,NA,NA,NA,high_storage,1,5,1,1,1.5,0.080000000000000002,inverse_length,NA,NA,NA,NA,NA,NA
4,c,raw,results/k9_mechanics_sensitivity.csv,6baea83cab61f4c6ca3666d05714b4cfc359b0dcf6a1cd3f322ab791a77042b5,E3,5,1,NA,1,0.001,NA,NA,77,`gtol` termination condition is satisfied.,True,0.00079124859550000004,8406.9171640000004,NA,30,NA,1,1,1,52,E3|5|0.001|high_storage|1|1,L_relative_error,0.01638117335,1.638117335,percent,100 * raw_value,all 324; noise_fraction==0.001; 77 reads,77,77,NA,NA,NA,NA,NA,NA,NA,NA,NA,NA,NA,NA,high_storage,1,5,1,1,1.5,0.080000000000000002,inverse_length,NA,NA,NA,NA,NA,NA
4,c,raw,results/k9_mechanics_sensitivity.csv,6baea83cab61f4c6ca3666d05714b4cfc359b0dcf6a1cd3f322ab791a77042b5,E3,5,1,NA,1,0.001,NA,NA,77,`gtol` termination condition is satisfied.,True,0.00079124859550000004,8406.9171640000004,NA,30,NA,1,1,1,52,E3|5|0.001|high_storage|1|1,C_relative_error,0.21767542610000001,21.76754261,percent,100 * raw_value,all 324; noise_fraction==0.001; 77 reads,77,77,NA,NA,NA,NA,NA,NA,NA,NA,NA,NA,NA,NA,high_storage,1,5,1,1,1.5,0.080000000000000002,inverse_length,NA,NA,NA,NA,NA,NA
4,c,raw,results/k9_mechanics_sensitivity.csv,6baea83cab61f4c6ca3666d05714b4cfc359b0dcf6a1cd3f322ab791a77042b5,E3,5,1,NA,2,0.001,NA,NA,77,`gtol` termination condition is satisfied.,True,0.00098308567349999999,8511.9921180000001,NA,20,NA,1,1,1,53,E3|5|0.001|high_storage|1|2,L_relative_error,0.028980685480000001,2.8980685479999999,percent,100 * raw_value,all 324; noise_fraction==0.001; 77 reads,77,77,NA,NA,NA,NA,NA,NA,NA,NA,NA,NA,NA,NA,high_storage,1,5,1,1,1.5,0.080000000000000002,inverse_length,NA,NA,NA,NA,NA,NA
4,c,raw,results/k9_mechanics_sensitivity.csv,6baea83cab61f4c6ca3666d05714b4cfc359b0dcf6a1cd3f322ab791a77042b5,E3,5,1,NA,2,0.001,NA,NA,77,`gtol` termination condition is satisfied.,True,0.00098308567349999999,8511.9921180000001,NA,20,NA,1,1,1,53,E3|5|0.001|high_storage|1|2,C_relative_error,0.1508723733,15.087237330000001,percent,100 * raw_value,all 324; noise_fraction==0.001; 77 reads,77,77,NA,NA,NA,NA,NA,NA,NA,NA,NA,NA,NA,NA,high_storage,1,5,1,1,1.5,0.080000000000000002,inverse_length,NA,NA,NA,NA,NA,NA
4,c,raw,results/k9_mechanics_sensitivity.csv,6baea83cab61f4c6ca3666d05714b4cfc359b0dcf6a1cd3f322ab791a77042b5,E3,5,1,NA,0,0.001,NA,NA,77,`gtol` termination condition is satisfied.,True,0.00078704109369999995,6589.4480729999996,NA,33,NA,1,1,1,54,E3|5|0.001|high_storage|2|0,L_relative_error,0.013142533709999999,1.3142533709999999,percent,100 * raw_value,all 324; noise_fraction==0.001; 77 reads,77,77,NA,NA,NA,NA,NA,NA,NA,NA,NA,NA,NA,NA,high_storage,2,5,1,1,1.5,0.080000000000000002,inverse_length,NA,NA,NA,NA,NA,NA
4,c,raw,results/k9_mechanics_sensitivity.csv,6baea83cab61f4c6ca3666d05714b4cfc359b0dcf6a1cd3f322ab791a77042b5,E3,5,1,NA,0,0.001,NA,NA,77,`gtol` termination condition is satisfied.,True,0.00078704109369999995,6589.4480729999996,NA,33,NA,1,1,1,54,E3|5|0.001|high_storage|2|0,C_relative_error,0.17507897459999999,17.507897459999999,percent,100 * raw_value,all 324; noise_fraction==0.001; 77 reads,77,77,NA,NA,NA,NA,NA,NA,NA,NA,NA,NA,NA,NA,high_storage,2,5,1,1,1.5,0.080000000000000002,inverse_length,NA,NA,NA,NA,NA,NA
4,c,raw,results/k9_mechanics_sensitivity.csv,6baea83cab61f4c6ca3666d05714b4cfc359b0dcf6a1cd3f322ab791a77042b5,E3,5,1,NA,1,0.001,NA,NA,77,`gtol` termination condition is satisfied.,True,0.00098289553679999997,6616.9159980000004,NA,28,NA,1,1,1,55,E3|5|0.001|high_storage|2|1,L_relative_error,0.023867495419999999,2.386749542,percent,100 * raw_value,all 324; noise_fraction==0.001; 77 reads,77,77,NA,NA,NA,NA,NA,NA,NA,NA,NA,NA,NA,NA,high_storage,2,5,1,1,1.5,0.080000000000000002,inverse_length,NA,NA,NA,NA,NA,NA
4,c,raw,results/k9_mechanics_sensitivity.csv,6baea83cab61f4c6ca3666d05714b4cfc359b0dcf6a1cd3f322ab791a77042b5,E3,5,1,NA,1,0.001,NA,NA,77,`gtol` termination condition is satisfied.,True,0.00098289553679999997,6616.9159980000004,NA,28,NA,1,1,1,55,E3|5|0.001|high_storage|2|1,C_relative_error,0.1264428135,12.64428135,percent,100 * raw_value,all 324; noise_fraction==0.001; 77 reads,77,77,NA,NA,NA,NA,NA,NA,NA,NA,NA,NA,NA,NA,high_storage,2,5,1,1,1.5,0.080000000000000002,inverse_length,NA,NA,NA,NA,NA,NA
4,c,raw,results/k9_mechanics_sensitivity.csv,6baea83cab61f4c6ca3666d05714b4cfc359b0dcf6a1cd3f322ab791a77042b5,E3,5,1,NA,2,0.001,NA,NA,77,`gtol` termination condition is satisfied.,True,0.00093002733519999996,6380.0180780000001,NA,28,NA,1,1,1,56,E3|5|0.001|high_storage|2|2,L_relative_error,0.032113287240000003,3.2113287240000004,percent,100 * raw_value,all 324; noise_fraction==0.001; 77 reads,77,77,NA,NA,NA,NA,NA,NA,NA,NA,NA,NA,NA,NA,high_storage,2,5,1,1,1.5,0.080000000000000002,inverse_length,NA,NA,NA,NA,NA,NA
4,c,raw,results/k9_mechanics_sensitivity.csv,6baea83cab61f4c6ca3666d05714b4cfc359b0dcf6a1cd3f322ab791a77042b5,E3,5,1,NA,2,0.001,NA,NA,77,`gtol` termination condition is satisfied.,True,0.00093002733519999996,6380.0180780000001,NA,28,NA,1,1,1,56,E3|5|0.001|high_storage|2|2,C_relative_error,0.36069829079999999,36.069829079999998,percent,100 * raw_value,all 324; noise_fraction==0.001; 77 reads,77,77,NA,NA,NA,NA,NA,NA,NA,NA,NA,NA,NA,NA,high_storage,2,5,1,1,1.5,0.080000000000000002,inverse_length,NA,NA,NA,NA,NA,NA
4,c,raw,results/k9_mechanics_sensitivity.csv,6baea83cab61f4c6ca3666d05714b4cfc359b0dcf6a1cd3f322ab791a77042b5,E3,5,1,NA,0,0.001,NA,NA,77,`gtol` termination condition is satisfied.,True,0.00098878162459999997,6182.4048210000001,NA,28,NA,1,1,1,57,E3|5|0.001|high_storage|3|0,L_relative_error,0.024468630200000001,2.4468630199999999,percent,100 * raw_value,all 324; noise_fraction==0.001; 77 reads,77,77,NA,NA,NA,NA,NA,NA,NA,NA,NA,NA,NA,NA,high_storage,3,5,1,1,1.5,0.080000000000000002,inverse_length,NA,NA,NA,NA,NA,NA
4,c,raw,results/k9_mechanics_sensitivity.csv,6baea83cab61f4c6ca3666d05714b4cfc359b0dcf6a1cd3f322ab791a77042b5,E3,5,1,NA,0,0.001,NA,NA,77,`gtol` termination condition is satisfied.,True,0.00098878162459999997,6182.4048210000001,NA,28,NA,1,1,1,57,E3|5|0.001|high_storage|3|0,C_relative_error,0.1162104063,11.62104063,percent,100 * raw_value,all 324; noise_fraction==0.001; 77 reads,77,77,NA,NA,NA,NA,NA,NA,NA,NA,NA,NA,NA,NA,high_storage,3,5,1,1,1.5,0.080000000000000002,inverse_length,NA,NA,NA,NA,NA,NA
4,c,raw,results/k9_mechanics_sensitivity.csv,6baea83cab61f4c6ca3666d05714b4cfc359b0dcf6a1cd3f322ab791a77042b5,E3,5,1,NA,1,0.001,NA,NA,77,`gtol` termination condition is satisfied.,True,0.00092765340299999998,5965.9089029999996,NA,27,NA,1,1,1,58,E3|5|0.001|high_storage|3|1,L_relative_error,0.031961253990000001,3.196125399,percent,100 * raw_value,all 324; noise_fraction==0.001; 77 reads,77,77,NA,NA,NA,NA,NA,NA,NA,NA,NA,NA,NA,NA,high_storage,3,5,1,1,1.5,0.080000000000000002,inverse_length,NA,NA,NA,NA,NA,NA
4,c,raw,results/k9_mechanics_sensitivity.csv,6baea83cab61f4c6ca3666d05714b4cfc359b0dcf6a1cd3f322ab791a77042b5,E3,5,1,NA,1,0.001,NA,NA,77,`gtol` termination condition is satisfied.,True,0.00092765340299999998,5965.9089029999996,NA,27,NA,1,1,1,58,E3|5|0.001|high_storage|3|1,C_relative_error,0.35973604819999999,35.973604819999998,percent,100 * raw_value,all 324; noise_fraction==0.001; 77 reads,77,77,NA,NA,NA,NA,NA,NA,NA,NA,NA,NA,NA,NA,high_storage,3,5,1,1,1.5,0.080000000000000002,inverse_length,NA,NA,NA,NA,NA,NA
4,c,raw,results/k9_mechanics_sensitivity.csv,6baea83cab61f4c6ca3666d05714b4cfc359b0dcf6a1cd3f322ab791a77042b5,E3,5,1,NA,2,0.001,NA,NA,77,`gtol` termination condition is satisfied.,True,0.00088029868339999995,6770.9365500000004,NA,33,NA,1,1,1,59,E3|5|0.001|high_storage|3|2,L_relative_error,0.051430267930000002,5.1430267930000007,percent,100 * raw_value,all 324; noise_fraction==0.001; 77 reads,77,77,NA,NA,NA,NA,NA,NA,NA,NA,NA,NA,NA,NA,high_storage,3,5,1,1,1.5,0.080000000000000002,inverse_length,NA,NA,NA,NA,NA,NA
4,c,raw,results/k9_mechanics_sensitivity.csv,6baea83cab61f4c6ca3666d05714b4cfc359b0dcf6a1cd3f322ab791a77042b5,E3,5,1,NA,2,0.001,NA,NA,77,`gtol` termination condition is satisfied.,True,0.00088029868339999995,6770.9365500000004,NA,33,NA,1,1,1,59,E3|5|0.001|high_storage|3|2,C_relative_error,0.15793191849999999,15.793191849999999,percent,100 * raw_value,all 324; noise_fraction==0.001; 77 reads,77,77,NA,NA,NA,NA,NA,NA,NA,NA,NA,NA,NA,NA,high_storage,3,5,1,1,1.5,0.080000000000000002,inverse_length,NA,NA,NA,NA,NA,NA
4,c,raw,results/k9_mechanics_sensitivity.csv,6baea83cab61f4c6ca3666d05714b4cfc359b0dcf6a1cd3f322ab791a77042b5,E3,5,1,NA,0,0.001,NA,NA,77,`gtol` termination condition is satisfied.,True,0.00082399399519999996,378510.48450000002,NA,84,NA,0.80000000000000004,0.80000000000000004,0.80000000000000004,60,E3|5|0.001|low_edge_ratio|0|0,L_relative_error,0.30279450120000001,30.27945012,percent,100 * raw_value,all 324; noise_fraction==0.001; 77 reads,77,77,NA,NA,NA,NA,NA,NA,NA,NA,NA,NA,NA,NA,low_edge_ratio,0,1.25,1,1,1,0.080000000000000002,inverse_length,NA,NA,NA,NA,NA,NA
4,c,raw,results/k9_mechanics_sensitivity.csv,6baea83cab61f4c6ca3666d05714b4cfc359b0dcf6a1cd3f322ab791a77042b5,E3,5,1,NA,0,0.001,NA,NA,77,`gtol` termination condition is satisfied.,True,0.00082399399519999996,378510.48450000002,NA,84,NA,0.80000000000000004,0.80000000000000004,0.80000000000000004,60,E3|5|0.001|low_edge_ratio|0|0,C_relative_error,1.9170033179999999,191.70033179999999,percent,100 * raw_value,all 324; noise_fraction==0.001; 77 reads,77,77,NA,NA,NA,NA,NA,NA,NA,NA,NA,NA,NA,NA,low_edge_ratio,0,1.25,1,1,1,0.080000000000000002,inverse_length,NA,NA,NA,NA,NA,NA
4,c,raw,results/k9_mechanics_sensitivity.csv,6baea83cab61f4c6ca3666d05714b4cfc359b0dcf6a1cd3f322ab791a77042b5,E3,5,1,NA,1,0.001,NA,NA,77,`gtol` termination condition is satisfied.,True,0.00094402447410000005,278966.28090000001,NA,87,NA,1,0.80000000000000004,0.88888888889999995,61,E3|5|0.001|low_edge_ratio|0|1,L_relative_error,0.28755524919999997,28.755524919999999,percent,100 * raw_value,all 324; noise_fraction==0.001; 77 reads,77,77,NA,NA,NA,NA,NA,NA,NA,NA,NA,NA,NA,NA,low_edge_ratio,0,1.25,1,1,1,0.080000000000000002,inverse_length,NA,NA,NA,NA,NA,NA
4,c,raw,results/k9_mechanics_sensitivity.csv,6baea83cab61f4c6ca3666d05714b4cfc359b0dcf6a1cd3f322ab791a77042b5,E3,5,1,NA,1,0.001,NA,NA,77,`gtol` termination condition is satisfied.,True,0.00094402447410000005,278966.28090000001,NA,87,NA,1,0.80000000000000004,0.88888888889999995,61,E3|5|0.001|low_edge_ratio|0|1,C_relative_error,1.633523155,163.3523155,percent,100 * raw_value,all 324; noise_fraction==0.001; 77 reads,77,77,NA,NA,NA,NA,NA,NA,NA,NA,NA,NA,NA,NA,low_edge_ratio,0,1.25,1,1,1,0.080000000000000002,inverse_length,NA,NA,NA,NA,NA,NA
4,c,raw,results/k9_mechanics_sensitivity.csv,6baea83cab61f4c6ca3666d05714b4cfc359b0dcf6a1cd3f322ab791a77042b5,E3,5,1,NA,2,0.001,NA,NA,77,`ftol` termination condition is satisfied.,True,0.00081902645189999999,169848.1611,NA,85,NA,1,1,1,62,E3|5|0.001|low_edge_ratio|0|2,L_relative_error,0.30139473659999999,30.13947366,percent,100 * raw_value,all 324; noise_fraction==0.001; 77 reads,77,77,NA,NA,NA,NA,NA,NA,NA,NA,NA,NA,NA,NA,low_edge_ratio,0,1.25,1,1,1,0.080000000000000002,inverse_length,NA,NA,NA,NA,NA,NA
4,c,raw,results/k9_mechanics_sensitivity.csv,6baea83cab61f4c6ca3666d05714b4cfc359b0dcf6a1cd3f322ab791a77042b5,E3,5,1,NA,2,0.001,NA,NA,77,`ftol` termination condition is satisfied.,True,0.00081902645189999999,169848.1611,NA,85,NA,1,1,1,62,E3|5|0.001|low_edge_ratio|0|2,C_relative_error,1.398668021,139.8668021,percent,100 * raw_value,all 324; noise_fraction==0.001; 77 reads,77,77,NA,NA,NA,NA,NA,NA,NA,NA,NA,NA,NA,NA,low_edge_ratio,0,1.25,1,1,1,0.080000000000000002,inverse_length,NA,NA,NA,NA,NA,NA
4,c,raw,results/k9_mechanics_sensitivity.csv,6baea83cab61f4c6ca3666d05714b4cfc359b0dcf6a1cd3f322ab791a77042b5,E3,5,1,NA,0,0.001,NA,NA,77,`ftol` termination condition is satisfied.,True,0.00094313141990000002,311685.4829,NA,103,NA,1,0.80000000000000004,0.88888888889999995,63,E3|5|0.001|low_edge_ratio|1|0,L_relative_error,0.31638549199999999,31.6385492,percent,100 * raw_value,all 324; noise_fraction==0.001; 77 reads,77,77,NA,NA,NA,NA,NA,NA,NA,NA,NA,NA,NA,NA,low_edge_ratio,1,1.25,1,1,1,0.080000000000000002,inverse_length,NA,NA,NA,NA,NA,NA
4,c,raw,results/k9_mechanics_sensitivity.csv,6baea83cab61f4c6ca3666d05714b4cfc359b0dcf6a1cd3f322ab791a77042b5,E3,5,1,NA,0,0.001,NA,NA,77,`ftol` termination condition is satisfied.,True,0.00094313141990000002,311685.4829,NA,103,NA,1,0.80000000000000004,0.88888888889999995,63,E3|5|0.001|low_edge_ratio|1|0,C_relative_error,2.169824642,216.98246420000001,percent,100 * raw_value,all 324; noise_fraction==0.001; 77 reads,77,77,NA,NA,NA,NA,NA,NA,NA,NA,NA,NA,NA,NA,low_edge_ratio,1,1.25,1,1,1,0.080000000000000002,inverse_length,NA,NA,NA,NA,NA,NA
4,c,raw,results/k9_mechanics_sensitivity.csv,6baea83cab61f4c6ca3666d05714b4cfc359b0dcf6a1cd3f322ab791a77042b5,E3,5,1,NA,1,0.001,NA,NA,77,`ftol` termination condition is satisfied.,True,0.00081949611600000004,196413.40169999999,NA,79,NA,1,1,1,64,E3|5|0.001|low_edge_ratio|1|1,L_relative_error,0.37020975029999997,37.020975029999995,percent,100 * raw_value,all 324; noise_fraction==0.001; 77 reads,77,77,NA,NA,NA,NA,NA,NA,NA,NA,NA,NA,NA,NA,low_edge_ratio,1,1.25,1,1,1,0.080000000000000002,inverse_length,NA,NA,NA,NA,NA,NA
4,c,raw,results/k9_mechanics_sensitivity.csv,6baea83cab61f4c6ca3666d05714b4cfc359b0dcf6a1cd3f322ab791a77042b5,E3,5,1,NA,1,0.001,NA,NA,77,`ftol` termination condition is satisfied.,True,0.00081949611600000004,196413.40169999999,NA,79,NA,1,1,1,64,E3|5|0.001|low_edge_ratio|1|1,C_relative_error,1.6229007360000001,162.2900736,percent,100 * raw_value,all 324; noise_fraction==0.001; 77 reads,77,77,NA,NA,NA,NA,NA,NA,NA,NA,NA,NA,NA,NA,low_edge_ratio,1,1.25,1,1,1,0.080000000000000002,inverse_length,NA,NA,NA,NA,NA,NA
4,c,raw,results/k9_mechanics_sensitivity.csv,6baea83cab61f4c6ca3666d05714b4cfc359b0dcf6a1cd3f322ab791a77042b5,E3,5,1,NA,2,0.001,NA,NA,77,`gtol` termination condition is satisfied.,True,0.00089794644719999996,178726.17360000001,NA,88,NA,1,0.80000000000000004,0.88888888889999995,65,E3|5|0.001|low_edge_ratio|1|2,L_relative_error,0.37558338219999998,37.558338219999996,percent,100 * raw_value,all 324; noise_fraction==0.001; 77 reads,77,77,NA,NA,NA,NA,NA,NA,NA,NA,NA,NA,NA,NA,low_edge_ratio,1,1.25,1,1,1,0.080000000000000002,inverse_length,NA,NA,NA,NA,NA,NA
4,c,raw,results/k9_mechanics_sensitivity.csv,6baea83cab61f4c6ca3666d05714b4cfc359b0dcf6a1cd3f322ab791a77042b5,E3,5,1,NA,2,0.001,NA,NA,77,`gtol` termination condition is satisfied.,True,0.00089794644719999996,178726.17360000001,NA,88,NA,1,0.80000000000000004,0.88888888889999995,65,E3|5|0.001|low_edge_ratio|1|2,C_relative_error,0.57701452350000004,57.701452350000004,percent,100 * raw_value,all 324; noise_fraction==0.001; 77 reads,77,77,NA,NA,NA,NA,NA,NA,NA,NA,NA,NA,NA,NA,low_edge_ratio,1,1.25,1,1,1,0.080000000000000002,inverse_length,NA,NA,NA,NA,NA,NA
4,c,raw,results/k9_mechanics_sensitivity.csv,6baea83cab61f4c6ca3666d05714b4cfc359b0dcf6a1cd3f322ab791a77042b5,E3,5,1,NA,0,0.001,NA,NA,77,`ftol` termination condition is satisfied.,True,0.00082010011890000002,361496.21710000001,NA,121,NA,1,0.80000000000000004,0.88888888889999995,66,E3|5|0.001|low_edge_ratio|2|0,L_relative_error,0.4209592834,42.09592834,percent,100 * raw_value,all 324; noise_fraction==0.001; 77 reads,77,77,NA,NA,NA,NA,NA,NA,NA,NA,NA,NA,NA,NA,low_edge_ratio,2,1.25,1,1,1,0.080000000000000002,inverse_length,NA,NA,NA,NA,NA,NA
4,c,raw,results/k9_mechanics_sensitivity.csv,6baea83cab61f4c6ca3666d05714b4cfc359b0dcf6a1cd3f322ab791a77042b5,E3,5,1,NA,0,0.001,NA,NA,77,`ftol` termination condition is satisfied.,True,0.00082010011890000002,361496.21710000001,NA,121,NA,1,0.80000000000000004,0.88888888889999995,66,E3|5|0.001|low_edge_ratio|2|0,C_relative_error,2.3403397090000002,234.03397090000001,percent,100 * raw_value,all 324; noise_fraction==0.001; 77 reads,77,77,NA,NA,NA,NA,NA,NA,NA,NA,NA,NA,NA,NA,low_edge_ratio,2,1.25,1,1,1,0.080000000000000002,inverse_length,NA,NA,NA,NA,NA,NA
4,c,raw,results/k9_mechanics_sensitivity.csv,6baea83cab61f4c6ca3666d05714b4cfc359b0dcf6a1cd3f322ab791a77042b5,E3,5,1,NA,1,0.001,NA,NA,77,`gtol` termination condition is satisfied.,True,0.00089685820830000002,179221.38870000001,NA,88,NA,1,0.80000000000000004,0.88888888889999995,67,E3|5|0.001|low_edge_ratio|2|1,L_relative_error,0.38389193170000002,38.389193169999999,percent,100 * raw_value,all 324; noise_fraction==0.001; 77 reads,77,77,NA,NA,NA,NA,NA,NA,NA,NA,NA,NA,NA,NA,low_edge_ratio,2,1.25,1,1,1,0.080000000000000002,inverse_length,NA,NA,NA,NA,NA,NA
4,c,raw,results/k9_mechanics_sensitivity.csv,6baea83cab61f4c6ca3666d05714b4cfc359b0dcf6a1cd3f322ab791a77042b5,E3,5,1,NA,1,0.001,NA,NA,77,`gtol` termination condition is satisfied.,True,0.00089685820830000002,179221.38870000001,NA,88,NA,1,0.80000000000000004,0.88888888889999995,67,E3|5|0.001|low_edge_ratio|2|1,C_relative_error,0.56917597389999997,56.917597389999997,percent,100 * raw_value,all 324; noise_fraction==0.001; 77 reads,77,77,NA,NA,NA,NA,NA,NA,NA,NA,NA,NA,NA,NA,low_edge_ratio,2,1.25,1,1,1,0.080000000000000002,inverse_length,NA,NA,NA,NA,NA,NA
4,c,raw,results/k9_mechanics_sensitivity.csv,6baea83cab61f4c6ca3666d05714b4cfc359b0dcf6a1cd3f322ab791a77042b5,E3,5,1,NA,2,0.001,NA,NA,77,`gtol` termination condition is satisfied.,True,0.00092865688009999997,267036.196,NA,97,NA,1,1,1,68,E3|5|0.001|low_edge_ratio|2|2,L_relative_error,0.2470379201,24.703792010000001,percent,100 * raw_value,all 324; noise_fraction==0.001; 77 reads,77,77,NA,NA,NA,NA,NA,NA,NA,NA,NA,NA,NA,NA,low_edge_ratio,2,1.25,1,1,1,0.080000000000000002,inverse_length,NA,NA,NA,NA,NA,NA
4,c,raw,results/k9_mechanics_sensitivity.csv,6baea83cab61f4c6ca3666d05714b4cfc359b0dcf6a1cd3f322ab791a77042b5,E3,5,1,NA,2,0.001,NA,NA,77,`gtol` termination condition is satisfied.,True,0.00092865688009999997,267036.196,NA,97,NA,1,1,1,68,E3|5|0.001|low_edge_ratio|2|2,C_relative_error,3.8841401950000001,388.41401949999999,percent,100 * raw_value,all 324; noise_fraction==0.001; 77 reads,77,77,NA,NA,NA,NA,NA,NA,NA,NA,NA,NA,NA,NA,low_edge_ratio,2,1.25,1,1,1,0.080000000000000002,inverse_length,NA,NA,NA,NA,NA,NA
4,c,raw,results/k9_mechanics_sensitivity.csv,6baea83cab61f4c6ca3666d05714b4cfc359b0dcf6a1cd3f322ab791a77042b5,E3,5,1,NA,0,0.001,NA,NA,77,`gtol` termination condition is satisfied.,True,0.00089742670519999995,181202.2052,NA,90,NA,1,0.80000000000000004,0.88888888889999995,69,E3|5|0.001|low_edge_ratio|3|0,L_relative_error,0.41279696389999998,41.279696389999998,percent,100 * raw_value,all 324; noise_fraction==0.001; 77 reads,77,77,NA,NA,NA,NA,NA,NA,NA,NA,NA,NA,NA,NA,low_edge_ratio,3,1.25,1,1,1,0.080000000000000002,inverse_length,NA,NA,NA,NA,NA,NA
4,c,raw,results/k9_mechanics_sensitivity.csv,6baea83cab61f4c6ca3666d05714b4cfc359b0dcf6a1cd3f322ab791a77042b5,E3,5,1,NA,0,0.001,NA,NA,77,`gtol` termination condition is satisfied.,True,0.00089742670519999995,181202.2052,NA,90,NA,1,0.80000000000000004,0.88888888889999995,69,E3|5|0.001|low_edge_ratio|3|0,C_relative_error,0.62705616659999996,62.705616659999997,percent,100 * raw_value,all 324; noise_fraction==0.001; 77 reads,77,77,NA,NA,NA,NA,NA,NA,NA,NA,NA,NA,NA,NA,low_edge_ratio,3,1.25,1,1,1,0.080000000000000002,inverse_length,NA,NA,NA,NA,NA,NA
4,c,raw,results/k9_mechanics_sensitivity.csv,6baea83cab61f4c6ca3666d05714b4cfc359b0dcf6a1cd3f322ab791a77042b5,E3,5,1,NA,1,0.001,NA,NA,77,`gtol` termination condition is satisfied.,True,0.00092916984480000001,270645.67580000003,NA,105,NA,1,1,1,70,E3|5|0.001|low_edge_ratio|3|1,L_relative_error,0.27279141890000003,27.279141890000002,percent,100 * raw_value,all 324; noise_fraction==0.001; 77 reads,77,77,NA,NA,NA,NA,NA,NA,NA,NA,NA,NA,NA,NA,low_edge_ratio,3,1.25,1,1,1,0.080000000000000002,inverse_length,NA,NA,NA,NA,NA,NA
4,c,raw,results/k9_mechanics_sensitivity.csv,6baea83cab61f4c6ca3666d05714b4cfc359b0dcf6a1cd3f322ab791a77042b5,E3,5,1,NA,1,0.001,NA,NA,77,`gtol` termination condition is satisfied.,True,0.00092916984480000001,270645.67580000003,NA,105,NA,1,1,1,70,E3|5|0.001|low_edge_ratio|3|1,C_relative_error,4.0485601359999999,404.85601359999998,percent,100 * raw_value,all 324; noise_fraction==0.001; 77 reads,77,77,NA,NA,NA,NA,NA,NA,NA,NA,NA,NA,NA,NA,low_edge_ratio,3,1.25,1,1,1,0.080000000000000002,inverse_length,NA,NA,NA,NA,NA,NA
4,c,raw,results/k9_mechanics_sensitivity.csv,6baea83cab61f4c6ca3666d05714b4cfc359b0dcf6a1cd3f322ab791a77042b5,E3,5,1,NA,2,0.001,NA,NA,77,`gtol` termination condition is satisfied.,True,0.0008193100499,55933.642039999999,NA,87,NA,1,1,1,71,E3|5|0.001|low_edge_ratio|3|2,L_relative_error,0.15245910970000001,15.245910970000001,percent,100 * raw_value,all 324; noise_fraction==0.001; 77 reads,77,77,NA,NA,NA,NA,NA,NA,NA,NA,NA,NA,NA,NA,low_edge_ratio,3,1.25,1,1,1,0.080000000000000002,inverse_length,NA,NA,NA,NA,NA,NA
4,c,raw,results/k9_mechanics_sensitivity.csv,6baea83cab61f4c6ca3666d05714b4cfc359b0dcf6a1cd3f322ab791a77042b5,E3,5,1,NA,2,0.001,NA,NA,77,`gtol` termination condition is satisfied.,True,0.0008193100499,55933.642039999999,NA,87,NA,1,1,1,71,E3|5|0.001|low_edge_ratio|3|2,C_relative_error,2.039396489,203.93964890000001,percent,100 * raw_value,all 324; noise_fraction==0.001; 77 reads,77,77,NA,NA,NA,NA,NA,NA,NA,NA,NA,NA,NA,NA,low_edge_ratio,3,1.25,1,1,1,0.080000000000000002,inverse_length,NA,NA,NA,NA,NA,NA
4,c,raw,results/k9_mechanics_sensitivity.csv,6baea83cab61f4c6ca3666d05714b4cfc359b0dcf6a1cd3f322ab791a77042b5,E3,5,1,NA,0,0.001,NA,NA,77,`gtol` termination condition is satisfied.,True,0.001275554024,3018.0210740000002,NA,33,NA,0.83333333330000003,1,0.90909090910000001,72,E3|5|0.001|high_edge_ratio|0|0,L_relative_error,0.24756808250000001,24.756808250000002,percent,100 * raw_value,all 324; noise_fraction==0.001; 77 reads,77,77,NA,NA,NA,NA,NA,NA,NA,NA,NA,NA,NA,NA,high_edge_ratio,0,10,1,1,1,0.080000000000000002,inverse_length,NA,NA,NA,NA,NA,NA
4,c,raw,results/k9_mechanics_sensitivity.csv,6baea83cab61f4c6ca3666d05714b4cfc359b0dcf6a1cd3f322ab791a77042b5,E3,5,1,NA,0,0.001,NA,NA,77,`gtol` termination condition is satisfied.,True,0.001275554024,3018.0210740000002,NA,33,NA,0.83333333330000003,1,0.90909090910000001,72,E3|5|0.001|high_edge_ratio|0|0,C_relative_error,0.1379881245,13.79881245,percent,100 * raw_value,all 324; noise_fraction==0.001; 77 reads,77,77,NA,NA,NA,NA,NA,NA,NA,NA,NA,NA,NA,NA,high_edge_ratio,0,10,1,1,1,0.080000000000000002,inverse_length,NA,NA,NA,NA,NA,NA
4,c,raw,results/k9_mechanics_sensitivity.csv,6baea83cab61f4c6ca3666d05714b4cfc359b0dcf6a1cd3f322ab791a77042b5,E3,5,1,NA,1,0.001,NA,NA,77,`gtol` termination condition is satisfied.,True,0.001243862407,3046.373368,NA,36,NA,0.83333333330000003,1,0.90909090910000001,73,E3|5|0.001|high_edge_ratio|0|1,L_relative_error,0.24468282320000001,24.46828232,percent,100 * raw_value,all 324; noise_fraction==0.001; 77 reads,77,77,NA,NA,NA,NA,NA,NA,NA,NA,NA,NA,NA,NA,high_edge_ratio,0,10,1,1,1,0.080000000000000002,inverse_length,NA,NA,NA,NA,NA,NA
4,c,raw,results/k9_mechanics_sensitivity.csv,6baea83cab61f4c6ca3666d05714b4cfc359b0dcf6a1cd3f322ab791a77042b5,E3,5,1,NA,1,0.001,NA,NA,77,`gtol` termination condition is satisfied.,True,0.001243862407,3046.373368,NA,36,NA,0.83333333330000003,1,0.90909090910000001,73,E3|5|0.001|high_edge_ratio|0|1,C_relative_error,0.10543055699999999,10.5430557,percent,100 * raw_value,all 324; noise_fraction==0.001; 77 reads,77,77,NA,NA,NA,NA,NA,NA,NA,NA,NA,NA,NA,NA,high_edge_ratio,0,10,1,1,1,0.080000000000000002,inverse_length,NA,NA,NA,NA,NA,NA
4,c,raw,results/k9_mechanics_sensitivity.csv,6baea83cab61f4c6ca3666d05714b4cfc359b0dcf6a1cd3f322ab791a77042b5,E3,5,1,NA,2,0.001,NA,NA,77,`gtol` termination condition is satisfied.,True,0.001078063706,3079.928132,NA,32,NA,0.83333333330000003,1,0.90909090910000001,74,E3|5|0.001|high_edge_ratio|0|2,L_relative_error,0.2454304212,24.543042119999999,percent,100 * raw_value,all 324; noise_fraction==0.001; 77 reads,77,77,NA,NA,NA,NA,NA,NA,NA,NA,NA,NA,NA,NA,high_edge_ratio,0,10,1,1,1,0.080000000000000002,inverse_length,NA,NA,NA,NA,NA,NA
4,c,raw,results/k9_mechanics_sensitivity.csv,6baea83cab61f4c6ca3666d05714b4cfc359b0dcf6a1cd3f322ab791a77042b5,E3,5,1,NA,2,0.001,NA,NA,77,`gtol` termination condition is satisfied.,True,0.001078063706,3079.928132,NA,32,NA,0.83333333330000003,1,0.90909090910000001,74,E3|5|0.001|high_edge_ratio|0|2,C_relative_error,0.18394346,18.394345999999999,percent,100 * raw_value,all 324; noise_fraction==0.001; 77 reads,77,77,NA,NA,NA,NA,NA,NA,NA,NA,NA,NA,NA,NA,high_edge_ratio,0,10,1,1,1,0.080000000000000002,inverse_length,NA,NA,NA,NA,NA,NA
4,c,raw,results/k9_mechanics_sensitivity.csv,6baea83cab61f4c6ca3666d05714b4cfc359b0dcf6a1cd3f322ab791a77042b5,E3,5,1,NA,0,0.001,NA,NA,77,`ftol` termination condition is satisfied.,True,0.0012532407050000001,2909.8717919999999,NA,40,NA,0.83333333330000003,1,0.90909090910000001,75,E3|5|0.001|high_edge_ratio|1|0,L_relative_error,0.25274819199999998,25.2748192,percent,100 * raw_value,all 324; noise_fraction==0.001; 77 reads,77,77,NA,NA,NA,NA,NA,NA,NA,NA,NA,NA,NA,NA,high_edge_ratio,1,10,1,1,1,0.080000000000000002,inverse_length,NA,NA,NA,NA,NA,NA
4,c,raw,results/k9_mechanics_sensitivity.csv,6baea83cab61f4c6ca3666d05714b4cfc359b0dcf6a1cd3f322ab791a77042b5,E3,5,1,NA,0,0.001,NA,NA,77,`ftol` termination condition is satisfied.,True,0.0012532407050000001,2909.8717919999999,NA,40,NA,0.83333333330000003,1,0.90909090910000001,75,E3|5|0.001|high_edge_ratio|1|0,C_relative_error,0.1162606338,11.62606338,percent,100 * raw_value,all 324; noise_fraction==0.001; 77 reads,77,77,NA,NA,NA,NA,NA,NA,NA,NA,NA,NA,NA,NA,high_edge_ratio,1,10,1,1,1,0.080000000000000002,inverse_length,NA,NA,NA,NA,NA,NA
4,c,raw,results/k9_mechanics_sensitivity.csv,6baea83cab61f4c6ca3666d05714b4cfc359b0dcf6a1cd3f322ab791a77042b5,E3,5,1,NA,1,0.001,NA,NA,77,`gtol` termination condition is satisfied.,True,0.001081768343,2938.7568110000002,NA,38,NA,0.83333333330000003,1,0.90909090910000001,76,E3|5|0.001|high_edge_ratio|1|1,L_relative_error,0.25297851789999998,25.297851789999999,percent,100 * raw_value,all 324; noise_fraction==0.001; 77 reads,77,77,NA,NA,NA,NA,NA,NA,NA,NA,NA,NA,NA,NA,high_edge_ratio,1,10,1,1,1,0.080000000000000002,inverse_length,NA,NA,NA,NA,NA,NA
4,c,raw,results/k9_mechanics_sensitivity.csv,6baea83cab61f4c6ca3666d05714b4cfc359b0dcf6a1cd3f322ab791a77042b5,E3,5,1,NA,1,0.001,NA,NA,77,`gtol` termination condition is satisfied.,True,0.001081768343,2938.7568110000002,NA,38,NA,0.83333333330000003,1,0.90909090910000001,76,E3|5|0.001|high_edge_ratio|1|1,C_relative_error,0.1734501809,17.34501809,percent,100 * raw_value,all 324; noise_fraction==0.001; 77 reads,77,77,NA,NA,NA,NA,NA,NA,NA,NA,NA,NA,NA,NA,high_edge_ratio,1,10,1,1,1,0.080000000000000002,inverse_length,NA,NA,NA,NA,NA,NA
4,c,raw,results/k9_mechanics_sensitivity.csv,6baea83cab61f4c6ca3666d05714b4cfc359b0dcf6a1cd3f322ab791a77042b5,E3,5,1,NA,2,0.001,NA,NA,77,`ftol` termination condition is satisfied.,True,0.0012453404429999999,3050.7053780000001,NA,48,NA,0.83333333330000003,1,0.90909090910000001,77,E3|5|0.001|high_edge_ratio|1|2,L_relative_error,0.25113134910000001,25.113134909999999,percent,100 * raw_value,all 324; noise_fraction==0.001; 77 reads,77,77,NA,NA,NA,NA,NA,NA,NA,NA,NA,NA,NA,NA,high_edge_ratio,1,10,1,1,1,0.080000000000000002,inverse_length,NA,NA,NA,NA,NA,NA
4,c,raw,results/k9_mechanics_sensitivity.csv,6baea83cab61f4c6ca3666d05714b4cfc359b0dcf6a1cd3f322ab791a77042b5,E3,5,1,NA,2,0.001,NA,NA,77,`ftol` termination condition is satisfied.,True,0.0012453404429999999,3050.7053780000001,NA,48,NA,0.83333333330000003,1,0.90909090910000001,77,E3|5|0.001|high_edge_ratio|1|2,C_relative_error,0.27139494400000003,27.139494400000004,percent,100 * raw_value,all 324; noise_fraction==0.001; 77 reads,77,77,NA,NA,NA,NA,NA,NA,NA,NA,NA,NA,NA,NA,high_edge_ratio,1,10,1,1,1,0.080000000000000002,inverse_length,NA,NA,NA,NA,NA,NA
4,c,raw,results/k9_mechanics_sensitivity.csv,6baea83cab61f4c6ca3666d05714b4cfc359b0dcf6a1cd3f322ab791a77042b5,E3,5,1,NA,0,0.001,NA,NA,77,`gtol` termination condition is satisfied.,True,0.0010519654150000001,3383.6501370000001,NA,36,NA,0.83333333330000003,1,0.90909090910000001,78,E3|5|0.001|high_edge_ratio|2|0,L_relative_error,0.22932770129999999,22.932770129999998,percent,100 * raw_value,all 324; noise_fraction==0.001; 77 reads,77,77,NA,NA,NA,NA,NA,NA,NA,NA,NA,NA,NA,NA,high_edge_ratio,2,10,1,1,1,0.080000000000000002,inverse_length,NA,NA,NA,NA,NA,NA
4,c,raw,results/k9_mechanics_sensitivity.csv,6baea83cab61f4c6ca3666d05714b4cfc359b0dcf6a1cd3f322ab791a77042b5,E3,5,1,NA,0,0.001,NA,NA,77,`gtol` termination condition is satisfied.,True,0.0010519654150000001,3383.6501370000001,NA,36,NA,0.83333333330000003,1,0.90909090910000001,78,E3|5|0.001|high_edge_ratio|2|0,C_relative_error,0.18874239170000001,18.874239170000003,percent,100 * raw_value,all 324; noise_fraction==0.001; 77 reads,77,77,NA,NA,NA,NA,NA,NA,NA,NA,NA,NA,NA,NA,high_edge_ratio,2,10,1,1,1,0.080000000000000002,inverse_length,NA,NA,NA,NA,NA,NA
4,c,raw,results/k9_mechanics_sensitivity.csv,6baea83cab61f4c6ca3666d05714b4cfc359b0dcf6a1cd3f322ab791a77042b5,E3,5,1,NA,1,0.001,NA,NA,77,`gtol` termination condition is satisfied.,True,0.001197257759,3506.6545150000002,NA,37,NA,0.83333333330000003,1,0.90909090910000001,79,E3|5|0.001|high_edge_ratio|2|1,L_relative_error,0.2271240182,22.71240182,percent,100 * raw_value,all 324; noise_fraction==0.001; 77 reads,77,77,NA,NA,NA,NA,NA,NA,NA,NA,NA,NA,NA,NA,high_edge_ratio,2,10,1,1,1,0.080000000000000002,inverse_length,NA,NA,NA,NA,NA,NA
4,c,raw,results/k9_mechanics_sensitivity.csv,6baea83cab61f4c6ca3666d05714b4cfc359b0dcf6a1cd3f322ab791a77042b5,E3,5,1,NA,1,0.001,NA,NA,77,`gtol` termination condition is satisfied.,True,0.001197257759,3506.6545150000002,NA,37,NA,0.83333333330000003,1,0.90909090910000001,79,E3|5|0.001|high_edge_ratio|2|1,C_relative_error,0.28476703580000001,28.476703580000002,percent,100 * raw_value,all 324; noise_fraction==0.001; 77 reads,77,77,NA,NA,NA,NA,NA,NA,NA,NA,NA,NA,NA,NA,high_edge_ratio,2,10,1,1,1,0.080000000000000002,inverse_length,NA,NA,NA,NA,NA,NA
4,c,raw,results/k9_mechanics_sensitivity.csv,6baea83cab61f4c6ca3666d05714b4cfc359b0dcf6a1cd3f322ab791a77042b5,E3,5,1,NA,2,0.001,NA,NA,77,`ftol` termination condition is satisfied.,True,0.001093618219,3305.650408,NA,38,NA,0.83333333330000003,1,0.90909090910000001,80,E3|5|0.001|high_edge_ratio|2|2,L_relative_error,0.22999507429999999,22.999507429999998,percent,100 * raw_value,all 324; noise_fraction==0.001; 77 reads,77,77,NA,NA,NA,NA,NA,NA,NA,NA,NA,NA,NA,NA,high_edge_ratio,2,10,1,1,1,0.080000000000000002,inverse_length,NA,NA,NA,NA,NA,NA
4,c,raw,results/k9_mechanics_sensitivity.csv,6baea83cab61f4c6ca3666d05714b4cfc359b0dcf6a1cd3f322ab791a77042b5,E3,5,1,NA,2,0.001,NA,NA,77,`ftol` termination condition is satisfied.,True,0.001093618219,3305.650408,NA,38,NA,0.83333333330000003,1,0.90909090910000001,80,E3|5|0.001|high_edge_ratio|2|2,C_relative_error,0.33056487159999998,33.056487159999996,percent,100 * raw_value,all 324; noise_fraction==0.001; 77 reads,77,77,NA,NA,NA,NA,NA,NA,NA,NA,NA,NA,NA,NA,high_edge_ratio,2,10,1,1,1,0.080000000000000002,inverse_length,NA,NA,NA,NA,NA,NA
4,c,raw,results/k9_mechanics_sensitivity.csv,6baea83cab61f4c6ca3666d05714b4cfc359b0dcf6a1cd3f322ab791a77042b5,E3,5,1,NA,0,0.001,NA,NA,77,`gtol` termination condition is satisfied.,True,0.001286713791,2975.3917769999998,NA,36,NA,0.83333333330000003,1,0.90909090910000001,81,E3|5|0.001|high_edge_ratio|3|0,L_relative_error,0.2818773463,28.187734630000001,percent,100 * raw_value,all 324; noise_fraction==0.001; 77 reads,77,77,NA,NA,NA,NA,NA,NA,NA,NA,NA,NA,NA,NA,high_edge_ratio,3,10,1,1,1,0.080000000000000002,inverse_length,NA,NA,NA,NA,NA,NA
4,c,raw,results/k9_mechanics_sensitivity.csv,6baea83cab61f4c6ca3666d05714b4cfc359b0dcf6a1cd3f322ab791a77042b5,E3,5,1,NA,0,0.001,NA,NA,77,`gtol` termination condition is satisfied.,True,0.001286713791,2975.3917769999998,NA,36,NA,0.83333333330000003,1,0.90909090910000001,81,E3|5|0.001|high_edge_ratio|3|0,C_relative_error,0.26373702929999998,26.373702929999997,percent,100 * raw_value,all 324; noise_fraction==0.001; 77 reads,77,77,NA,NA,NA,NA,NA,NA,NA,NA,NA,NA,NA,NA,high_edge_ratio,3,10,1,1,1,0.080000000000000002,inverse_length,NA,NA,NA,NA,NA,NA
4,c,raw,results/k9_mechanics_sensitivity.csv,6baea83cab61f4c6ca3666d05714b4cfc359b0dcf6a1cd3f322ab791a77042b5,E3,5,1,NA,1,0.001,NA,NA,77,`gtol` termination condition is satisfied.,True,0.001193664129,2802.7209160000002,NA,39,NA,0.83333333330000003,1,0.90909090910000001,82,E3|5|0.001|high_edge_ratio|3|1,L_relative_error,0.28453693959999998,28.453693959999999,percent,100 * raw_value,all 324; noise_fraction==0.001; 77 reads,77,77,NA,NA,NA,NA,NA,NA,NA,NA,NA,NA,NA,NA,high_edge_ratio,3,10,1,1,1,0.080000000000000002,inverse_length,NA,NA,NA,NA,NA,NA
4,c,raw,results/k9_mechanics_sensitivity.csv,6baea83cab61f4c6ca3666d05714b4cfc359b0dcf6a1cd3f322ab791a77042b5,E3,5,1,NA,1,0.001,NA,NA,77,`gtol` termination condition is satisfied.,True,0.001193664129,2802.7209160000002,NA,39,NA,0.83333333330000003,1,0.90909090910000001,82,E3|5|0.001|high_edge_ratio|3|1,C_relative_error,0.31709368500000001,31.7093685,percent,100 * raw_value,all 324; noise_fraction==0.001; 77 reads,77,77,NA,NA,NA,NA,NA,NA,NA,NA,NA,NA,NA,NA,high_edge_ratio,3,10,1,1,1,0.080000000000000002,inverse_length,NA,NA,NA,NA,NA,NA
4,c,raw,results/k9_mechanics_sensitivity.csv,6baea83cab61f4c6ca3666d05714b4cfc359b0dcf6a1cd3f322ab791a77042b5,E3,5,1,NA,2,0.001,NA,NA,77,`gtol` termination condition is satisfied.,True,0.0010890496660000001,2886.4508660000001,NA,35,NA,0.83333333330000003,1,0.90909090910000001,83,E3|5|0.001|high_edge_ratio|3|2,L_relative_error,0.28241273929999999,28.241273929999998,percent,100 * raw_value,all 324; noise_fraction==0.001; 77 reads,77,77,NA,NA,NA,NA,NA,NA,NA,NA,NA,NA,NA,NA,high_edge_ratio,3,10,1,1,1,0.080000000000000002,inverse_length,NA,NA,NA,NA,NA,NA
4,c,raw,results/k9_mechanics_sensitivity.csv,6baea83cab61f4c6ca3666d05714b4cfc359b0dcf6a1cd3f322ab791a77042b5,E3,5,1,NA,2,0.001,NA,NA,77,`gtol` termination condition is satisfied.,True,0.0010890496660000001,2886.4508660000001,NA,35,NA,0.83333333330000003,1,0.90909090910000001,83,E3|5|0.001|high_edge_ratio|3|2,C_relative_error,0.031690309969999997,3.1690309969999997,percent,100 * raw_value,all 324; noise_fraction==0.001; 77 reads,77,77,NA,NA,NA,NA,NA,NA,NA,NA,NA,NA,NA,NA,high_edge_ratio,3,10,1,1,1,0.080000000000000002,inverse_length,NA,NA,NA,NA,NA,NA
4,c,raw,results/k9_mechanics_sensitivity.csv,6baea83cab61f4c6ca3666d05714b4cfc359b0dcf6a1cd3f322ab791a77042b5,E3,5,1,NA,0,0.001,NA,NA,77,`gtol` termination condition is satisfied.,True,0.00079420615119999999,24818.265759999998,NA,31,NA,1,1,1,84,E3|5|0.001|heterogeneous_edges|0|0,L_relative_error,0.064921652169999997,6.4921652169999993,percent,100 * raw_value,all 324; noise_fraction==0.001; 77 reads,77,77,NA,NA,NA,NA,NA,NA,NA,NA,NA,NA,NA,NA,heterogeneous_edges,0,5,1,1,1,0.34999999999999998,inverse_length,NA,NA,NA,NA,NA,NA
4,c,raw,results/k9_mechanics_sensitivity.csv,6baea83cab61f4c6ca3666d05714b4cfc359b0dcf6a1cd3f322ab791a77042b5,E3,5,1,NA,0,0.001,NA,NA,77,`gtol` termination condition is satisfied.,True,0.00079420615119999999,24818.265759999998,NA,31,NA,1,1,1,84,E3|5|0.001|heterogeneous_edges|0|0,C_relative_error,0.23258831460000001,23.25883146,percent,100 * raw_value,all 324; noise_fraction==0.001; 77 reads,77,77,NA,NA,NA,NA,NA,NA,NA,NA,NA,NA,NA,NA,heterogeneous_edges,0,5,1,1,1,0.34999999999999998,inverse_length,NA,NA,NA,NA,NA,NA
4,c,raw,results/k9_mechanics_sensitivity.csv,6baea83cab61f4c6ca3666d05714b4cfc359b0dcf6a1cd3f322ab791a77042b5,E3,5,1,NA,1,0.001,NA,NA,77,`ftol` termination condition is satisfied.,True,0.00097510097679999995,21338.975900000001,NA,41,NA,0.83333333330000003,1,0.90909090910000001,85,E3|5|0.001|heterogeneous_edges|0|1,L_relative_error,0.13007444269999999,13.007444269999999,percent,100 * raw_value,all 324; noise_fraction==0.001; 77 reads,77,77,NA,NA,NA,NA,NA,NA,NA,NA,NA,NA,NA,NA,heterogeneous_edges,0,5,1,1,1,0.34999999999999998,inverse_length,NA,NA,NA,NA,NA,NA
4,c,raw,results/k9_mechanics_sensitivity.csv,6baea83cab61f4c6ca3666d05714b4cfc359b0dcf6a1cd3f322ab791a77042b5,E3,5,1,NA,1,0.001,NA,NA,77,`ftol` termination condition is satisfied.,True,0.00097510097679999995,21338.975900000001,NA,41,NA,0.83333333330000003,1,0.90909090910000001,85,E3|5|0.001|heterogeneous_edges|0|1,C_relative_error,0.30391939159999998,30.391939159999996,percent,100 * raw_value,all 324; noise_fraction==0.001; 77 reads,77,77,NA,NA,NA,NA,NA,NA,NA,NA,NA,NA,NA,NA,heterogeneous_edges,0,5,1,1,1,0.34999999999999998,inverse_length,NA,NA,NA,NA,NA,NA
4,c,raw,results/k9_mechanics_sensitivity.csv,6baea83cab61f4c6ca3666d05714b4cfc359b0dcf6a1cd3f322ab791a77042b5,E3,5,1,NA,2,0.001,NA,NA,77,`gtol` termination condition is satisfied.,True,0.00089880440050000004,88803.929629999999,NA,53,NA,1,1,1,86,E3|5|0.001|heterogeneous_edges|0|2,L_relative_error,0.2069859778,20.69859778,percent,100 * raw_value,all 324; noise_fraction==0.001; 77 reads,77,77,NA,NA,NA,NA,NA,NA,NA,NA,NA,NA,NA,NA,heterogeneous_edges,0,5,1,1,1,0.34999999999999998,inverse_length,NA,NA,NA,NA,NA,NA
4,c,raw,results/k9_mechanics_sensitivity.csv,6baea83cab61f4c6ca3666d05714b4cfc359b0dcf6a1cd3f322ab791a77042b5,E3,5,1,NA,2,0.001,NA,NA,77,`gtol` termination condition is satisfied.,True,0.00089880440050000004,88803.929629999999,NA,53,NA,1,1,1,86,E3|5|0.001|heterogeneous_edges|0|2,C_relative_error,0.49471230849999998,49.471230849999998,percent,100 * raw_value,all 324; noise_fraction==0.001; 77 reads,77,77,NA,NA,NA,NA,NA,NA,NA,NA,NA,NA,NA,NA,heterogeneous_edges,0,5,1,1,1,0.34999999999999998,inverse_length,NA,NA,NA,NA,NA,NA
4,c,raw,results/k9_mechanics_sensitivity.csv,6baea83cab61f4c6ca3666d05714b4cfc359b0dcf6a1cd3f322ab791a77042b5,E3,5,1,NA,0,0.001,NA,NA,77,`gtol` termination condition is satisfied.,True,0.00097187453899999997,11001.107459999999,NA,41,NA,1,1,1,87,E3|5|0.001|heterogeneous_edges|1|0,L_relative_error,0.086161257510000006,8.6161257510000002,percent,100 * raw_value,all 324; noise_fraction==0.001; 77 reads,77,77,NA,NA,NA,NA,NA,NA,NA,NA,NA,NA,NA,NA,heterogeneous_edges,1,5,1,1,1,0.34999999999999998,inverse_length,NA,NA,NA,NA,NA,NA
4,c,raw,results/k9_mechanics_sensitivity.csv,6baea83cab61f4c6ca3666d05714b4cfc359b0dcf6a1cd3f322ab791a77042b5,E3,5,1,NA,0,0.001,NA,NA,77,`gtol` termination condition is satisfied.,True,0.00097187453899999997,11001.107459999999,NA,41,NA,1,1,1,87,E3|5|0.001|heterogeneous_edges|1|0,C_relative_error,0.2005598086,20.055980859999998,percent,100 * raw_value,all 324; noise_fraction==0.001; 77 reads,77,77,NA,NA,NA,NA,NA,NA,NA,NA,NA,NA,NA,NA,heterogeneous_edges,1,5,1,1,1,0.34999999999999998,inverse_length,NA,NA,NA,NA,NA,NA
4,c,raw,results/k9_mechanics_sensitivity.csv,6baea83cab61f4c6ca3666d05714b4cfc359b0dcf6a1cd3f322ab791a77042b5,E3,5,1,NA,1,0.001,NA,NA,77,`gtol` termination condition is satisfied.,True,0.00089296538530000003,64044.533819999997,NA,51,NA,1,1,1,88,E3|5|0.001|heterogeneous_edges|1|1,L_relative_error,0.15806086620000001,15.80608662,percent,100 * raw_value,all 324; noise_fraction==0.001; 77 reads,77,77,NA,NA,NA,NA,NA,NA,NA,NA,NA,NA,NA,NA,heterogeneous_edges,1,5,1,1,1,0.34999999999999998,inverse_length,NA,NA,NA,NA,NA,NA
4,c,raw,results/k9_mechanics_sensitivity.csv,6baea83cab61f4c6ca3666d05714b4cfc359b0dcf6a1cd3f322ab791a77042b5,E3,5,1,NA,1,0.001,NA,NA,77,`gtol` termination condition is satisfied.,True,0.00089296538530000003,64044.533819999997,NA,51,NA,1,1,1,88,E3|5|0.001|heterogeneous_edges|1|1,C_relative_error,0.52025861650000005,52.025861650000003,percent,100 * raw_value,all 324; noise_fraction==0.001; 77 reads,77,77,NA,NA,NA,NA,NA,NA,NA,NA,NA,NA,NA,NA,heterogeneous_edges,1,5,1,1,1,0.34999999999999998,inverse_length,NA,NA,NA,NA,NA,NA
4,c,raw,results/k9_mechanics_sensitivity.csv,6baea83cab61f4c6ca3666d05714b4cfc359b0dcf6a1cd3f322ab791a77042b5,E3,5,1,NA,2,0.001,NA,NA,77,`gtol` termination condition is satisfied.,True,0.001039591569,40303.846989999998,NA,50,NA,1,1,1,89,E3|5|0.001|heterogeneous_edges|1|2,L_relative_error,0.1619274876,16.192748760000001,percent,100 * raw_value,all 324; noise_fraction==0.001; 77 reads,77,77,NA,NA,NA,NA,NA,NA,NA,NA,NA,NA,NA,NA,heterogeneous_edges,1,5,1,1,1,0.34999999999999998,inverse_length,NA,NA,NA,NA,NA,NA
4,c,raw,results/k9_mechanics_sensitivity.csv,6baea83cab61f4c6ca3666d05714b4cfc359b0dcf6a1cd3f322ab791a77042b5,E3,5,1,NA,2,0.001,NA,NA,77,`gtol` termination condition is satisfied.,True,0.001039591569,40303.846989999998,NA,50,NA,1,1,1,89,E3|5|0.001|heterogeneous_edges|1|2,C_relative_error,1.1989227819999999,119.89227819999999,percent,100 * raw_value,all 324; noise_fraction==0.001; 77 reads,77,77,NA,NA,NA,NA,NA,NA,NA,NA,NA,NA,NA,NA,heterogeneous_edges,1,5,1,1,1,0.34999999999999998,inverse_length,NA,NA,NA,NA,NA,NA
4,c,raw,results/k9_mechanics_sensitivity.csv,6baea83cab61f4c6ca3666d05714b4cfc359b0dcf6a1cd3f322ab791a77042b5,E3,5,1,NA,0,0.001,NA,NA,77,`ftol` termination condition is satisfied.,True,0.00087635823399999997,3207.3892689999998,NA,30,NA,1,1,1,90,E3|5|0.001|heterogeneous_edges|2|0,L_relative_error,0.055866557560000002,5.5866557559999999,percent,100 * raw_value,all 324; noise_fraction==0.001; 77 reads,77,77,NA,NA,NA,NA,NA,NA,NA,NA,NA,NA,NA,NA,heterogeneous_edges,2,5,1,1,1,0.34999999999999998,inverse_length,NA,NA,NA,NA,NA,NA
4,c,raw,results/k9_mechanics_sensitivity.csv,6baea83cab61f4c6ca3666d05714b4cfc359b0dcf6a1cd3f322ab791a77042b5,E3,5,1,NA,0,0.001,NA,NA,77,`ftol` termination condition is satisfied.,True,0.00087635823399999997,3207.3892689999998,NA,30,NA,1,1,1,90,E3|5|0.001|heterogeneous_edges|2|0,C_relative_error,0.21968915219999999,21.96891522,percent,100 * raw_value,all 324; noise_fraction==0.001; 77 reads,77,77,NA,NA,NA,NA,NA,NA,NA,NA,NA,NA,NA,NA,heterogeneous_edges,2,5,1,1,1,0.34999999999999998,inverse_length,NA,NA,NA,NA,NA,NA
4,c,raw,results/k9_mechanics_sensitivity.csv,6baea83cab61f4c6ca3666d05714b4cfc359b0dcf6a1cd3f322ab791a77042b5,E3,5,1,NA,1,0.001,NA,NA,77,`ftol` termination condition is satisfied.,True,0.0010662873379999999,3100.814308,NA,31,NA,1,1,1,91,E3|5|0.001|heterogeneous_edges|2|1,L_relative_error,0.067976821539999996,6.7976821539999994,percent,100 * raw_value,all 324; noise_fraction==0.001; 77 reads,77,77,NA,NA,NA,NA,NA,NA,NA,NA,NA,NA,NA,NA,heterogeneous_edges,2,5,1,1,1,0.34999999999999998,inverse_length,NA,NA,NA,NA,NA,NA
4,c,raw,results/k9_mechanics_sensitivity.csv,6baea83cab61f4c6ca3666d05714b4cfc359b0dcf6a1cd3f322ab791a77042b5,E3,5,1,NA,1,0.001,NA,NA,77,`ftol` termination condition is satisfied.,True,0.0010662873379999999,3100.814308,NA,31,NA,1,1,1,91,E3|5|0.001|heterogeneous_edges|2|1,C_relative_error,0.48873006250000001,48.873006250000003,percent,100 * raw_value,all 324; noise_fraction==0.001; 77 reads,77,77,NA,NA,NA,NA,NA,NA,NA,NA,NA,NA,NA,NA,heterogeneous_edges,2,5,1,1,1,0.34999999999999998,inverse_length,NA,NA,NA,NA,NA,NA
4,c,raw,results/k9_mechanics_sensitivity.csv,6baea83cab61f4c6ca3666d05714b4cfc359b0dcf6a1cd3f322ab791a77042b5,E3,5,1,NA,2,0.001,NA,NA,77,`gtol` termination condition is satisfied.,True,0.00094081637329999999,3474.8406690000002,NA,30,NA,1,1,1,92,E3|5|0.001|heterogeneous_edges|2|2,L_relative_error,0.043251547600000002,4.3251547600000002,percent,100 * raw_value,all 324; noise_fraction==0.001; 77 reads,77,77,NA,NA,NA,NA,NA,NA,NA,NA,NA,NA,NA,NA,heterogeneous_edges,2,5,1,1,1,0.34999999999999998,inverse_length,NA,NA,NA,NA,NA,NA
4,c,raw,results/k9_mechanics_sensitivity.csv,6baea83cab61f4c6ca3666d05714b4cfc359b0dcf6a1cd3f322ab791a77042b5,E3,5,1,NA,2,0.001,NA,NA,77,`gtol` termination condition is satisfied.,True,0.00094081637329999999,3474.8406690000002,NA,30,NA,1,1,1,92,E3|5|0.001|heterogeneous_edges|2|2,C_relative_error,0.063984432679999995,6.3984432679999994,percent,100 * raw_value,all 324; noise_fraction==0.001; 77 reads,77,77,NA,NA,NA,NA,NA,NA,NA,NA,NA,NA,NA,NA,heterogeneous_edges,2,5,1,1,1,0.34999999999999998,inverse_length,NA,NA,NA,NA,NA,NA
4,c,raw,results/k9_mechanics_sensitivity.csv,6baea83cab61f4c6ca3666d05714b4cfc359b0dcf6a1cd3f322ab791a77042b5,E3,5,1,NA,0,0.001,NA,NA,77,`gtol` termination condition is satisfied.,True,0.0010657280140000001,6037.0604810000004,NA,36,NA,1,1,1,93,E3|5|0.001|heterogeneous_edges|3|0,L_relative_error,0.1070807583,10.70807583,percent,100 * raw_value,all 324; noise_fraction==0.001; 77 reads,77,77,NA,NA,NA,NA,NA,NA,NA,NA,NA,NA,NA,NA,heterogeneous_edges,3,5,1,1,1,0.34999999999999998,inverse_length,NA,NA,NA,NA,NA,NA
4,c,raw,results/k9_mechanics_sensitivity.csv,6baea83cab61f4c6ca3666d05714b4cfc359b0dcf6a1cd3f322ab791a77042b5,E3,5,1,NA,0,0.001,NA,NA,77,`gtol` termination condition is satisfied.,True,0.0010657280140000001,6037.0604810000004,NA,36,NA,1,1,1,93,E3|5|0.001|heterogeneous_edges|3|0,C_relative_error,0.5963138375,59.631383749999998,percent,100 * raw_value,all 324; noise_fraction==0.001; 77 reads,77,77,NA,NA,NA,NA,NA,NA,NA,NA,NA,NA,NA,NA,heterogeneous_edges,3,5,1,1,1,0.34999999999999998,inverse_length,NA,NA,NA,NA,NA,NA
4,c,raw,results/k9_mechanics_sensitivity.csv,6baea83cab61f4c6ca3666d05714b4cfc359b0dcf6a1cd3f322ab791a77042b5,E3,5,1,NA,1,0.001,NA,NA,77,`gtol` termination condition is satisfied.,True,0.00093897676780000001,6803.0583420000003,NA,33,NA,1,1,1,94,E3|5|0.001|heterogeneous_edges|3|1,L_relative_error,0.0558610238,5.5861023799999998,percent,100 * raw_value,all 324; noise_fraction==0.001; 77 reads,77,77,NA,NA,NA,NA,NA,NA,NA,NA,NA,NA,NA,NA,heterogeneous_edges,3,5,1,1,1,0.34999999999999998,inverse_length,NA,NA,NA,NA,NA,NA
4,c,raw,results/k9_mechanics_sensitivity.csv,6baea83cab61f4c6ca3666d05714b4cfc359b0dcf6a1cd3f322ab791a77042b5,E3,5,1,NA,1,0.001,NA,NA,77,`gtol` termination condition is satisfied.,True,0.00093897676780000001,6803.0583420000003,NA,33,NA,1,1,1,94,E3|5|0.001|heterogeneous_edges|3|1,C_relative_error,0.080271018309999997,8.0271018309999995,percent,100 * raw_value,all 324; noise_fraction==0.001; 77 reads,77,77,NA,NA,NA,NA,NA,NA,NA,NA,NA,NA,NA,NA,heterogeneous_edges,3,5,1,1,1,0.34999999999999998,inverse_length,NA,NA,NA,NA,NA,NA
4,c,raw,results/k9_mechanics_sensitivity.csv,6baea83cab61f4c6ca3666d05714b4cfc359b0dcf6a1cd3f322ab791a77042b5,E3,5,1,NA,2,0.001,NA,NA,77,`ftol` termination condition is satisfied.,True,0.00077495320589999995,6564.7231439999996,NA,36,NA,1,1,1,95,E3|5|0.001|heterogeneous_edges|3|2,L_relative_error,0.091080093560000006,9.1080093560000002,percent,100 * raw_value,all 324; noise_fraction==0.001; 77 reads,77,77,NA,NA,NA,NA,NA,NA,NA,NA,NA,NA,NA,NA,heterogeneous_edges,3,5,1,1,1,0.34999999999999998,inverse_length,NA,NA,NA,NA,NA,NA
4,c,raw,results/k9_mechanics_sensitivity.csv,6baea83cab61f4c6ca3666d05714b4cfc359b0dcf6a1cd3f322ab791a77042b5,E3,5,1,NA,2,0.001,NA,NA,77,`ftol` termination condition is satisfied.,True,0.00077495320589999995,6564.7231439999996,NA,36,NA,1,1,1,95,E3|5|0.001|heterogeneous_edges|3|2,C_relative_error,0.16355715609999999,16.355715609999997,percent,100 * raw_value,all 324; noise_fraction==0.001; 77 reads,77,77,NA,NA,NA,NA,NA,NA,NA,NA,NA,NA,NA,NA,heterogeneous_edges,3,5,1,1,1,0.34999999999999998,inverse_length,NA,NA,NA,NA,NA,NA
4,c,raw,results/k9_mechanics_sensitivity.csv,6baea83cab61f4c6ca3666d05714b4cfc359b0dcf6a1cd3f322ab791a77042b5,E3,5,1,NA,0,0.001,NA,NA,77,`gtol` termination condition is satisfied.,True,0.00091182117509999998,2374.0125950000001,NA,27,NA,1,1,1,96,E3|5|0.001|constant_edge_mapping|0|0,L_relative_error,0.096422525270000004,9.6422525270000001,percent,100 * raw_value,all 324; noise_fraction==0.001; 77 reads,77,77,NA,NA,NA,NA,NA,NA,NA,NA,NA,NA,NA,NA,constant_edge_mapping,0,5,1,1,1,0.080000000000000002,constant,NA,NA,NA,NA,NA,NA
4,c,raw,results/k9_mechanics_sensitivity.csv,6baea83cab61f4c6ca3666d05714b4cfc359b0dcf6a1cd3f322ab791a77042b5,E3,5,1,NA,0,0.001,NA,NA,77,`gtol` termination condition is satisfied.,True,0.00091182117509999998,2374.0125950000001,NA,27,NA,1,1,1,96,E3|5|0.001|constant_edge_mapping|0|0,C_relative_error,0.076896947130000004,7.6896947130000006,percent,100 * raw_value,all 324; noise_fraction==0.001; 77 reads,77,77,NA,NA,NA,NA,NA,NA,NA,NA,NA,NA,NA,NA,constant_edge_mapping,0,5,1,1,1,0.080000000000000002,constant,NA,NA,NA,NA,NA,NA
4,c,raw,results/k9_mechanics_sensitivity.csv,6baea83cab61f4c6ca3666d05714b4cfc359b0dcf6a1cd3f322ab791a77042b5,E3,5,1,NA,1,0.001,NA,NA,77,`gtol` termination condition is satisfied.,True,0.00098823244179999993,3668.6587869999998,NA,31,NA,1,1,1,97,E3|5|0.001|constant_edge_mapping|0|1,L_relative_error,0.043661264310000003,4.3661264310000005,percent,100 * raw_value,all 324; noise_fraction==0.001; 77 reads,77,77,NA,NA,NA,NA,NA,NA,NA,NA,NA,NA,NA,NA,constant_edge_mapping,0,5,1,1,1,0.080000000000000002,constant,NA,NA,NA,NA,NA,NA
4,c,raw,results/k9_mechanics_sensitivity.csv,6baea83cab61f4c6ca3666d05714b4cfc359b0dcf6a1cd3f322ab791a77042b5,E3,5,1,NA,1,0.001,NA,NA,77,`gtol` termination condition is satisfied.,True,0.00098823244179999993,3668.6587869999998,NA,31,NA,1,1,1,97,E3|5|0.001|constant_edge_mapping|0|1,C_relative_error,0.30365692750000001,30.365692750000001,percent,100 * raw_value,all 324; noise_fraction==0.001; 77 reads,77,77,NA,NA,NA,NA,NA,NA,NA,NA,NA,NA,NA,NA,constant_edge_mapping,0,5,1,1,1,0.080000000000000002,constant,NA,NA,NA,NA,NA,NA
4,c,raw,results/k9_mechanics_sensitivity.csv,6baea83cab61f4c6ca3666d05714b4cfc359b0dcf6a1cd3f322ab791a77042b5,E3,5,1,NA,2,0.001,NA,NA,77,`gtol` termination condition is satisfied.,True,0.0008243063133,2851.6552769999998,NA,29,NA,1,1,1,98,E3|5|0.001|constant_edge_mapping|0|2,L_relative_error,0.01883755354,1.883755354,percent,100 * raw_value,all 324; noise_fraction==0.001; 77 reads,77,77,NA,NA,NA,NA,NA,NA,NA,NA,NA,NA,NA,NA,constant_edge_mapping,0,5,1,1,1,0.080000000000000002,constant,NA,NA,NA,NA,NA,NA
4,c,raw,results/k9_mechanics_sensitivity.csv,6baea83cab61f4c6ca3666d05714b4cfc359b0dcf6a1cd3f322ab791a77042b5,E3,5,1,NA,2,0.001,NA,NA,77,`gtol` termination condition is satisfied.,True,0.0008243063133,2851.6552769999998,NA,29,NA,1,1,1,98,E3|5|0.001|constant_edge_mapping|0|2,C_relative_error,0.2015584044,20.155840439999999,percent,100 * raw_value,all 324; noise_fraction==0.001; 77 reads,77,77,NA,NA,NA,NA,NA,NA,NA,NA,NA,NA,NA,NA,constant_edge_mapping,0,5,1,1,1,0.080000000000000002,constant,NA,NA,NA,NA,NA,NA
4,c,raw,results/k9_mechanics_sensitivity.csv,6baea83cab61f4c6ca3666d05714b4cfc359b0dcf6a1cd3f322ab791a77042b5,E3,5,1,NA,0,0.001,NA,NA,77,`gtol` termination condition is satisfied.,True,0.00098753392859999992,4112.7039480000003,NA,35,NA,1,1,1,99,E3|5|0.001|constant_edge_mapping|1|0,L_relative_error,0.048071982579999999,4.8071982579999997,percent,100 * raw_value,all 324; noise_fraction==0.001; 77 reads,77,77,NA,NA,NA,NA,NA,NA,NA,NA,NA,NA,NA,NA,constant_edge_mapping,1,5,1,1,1,0.080000000000000002,constant,NA,NA,NA,NA,NA,NA
4,c,raw,results/k9_mechanics_sensitivity.csv,6baea83cab61f4c6ca3666d05714b4cfc359b0dcf6a1cd3f322ab791a77042b5,E3,5,1,NA,0,0.001,NA,NA,77,`gtol` termination condition is satisfied.,True,0.00098753392859999992,4112.7039480000003,NA,35,NA,1,1,1,99,E3|5|0.001|constant_edge_mapping|1|0,C_relative_error,0.2880092286,28.80092286,percent,100 * raw_value,all 324; noise_fraction==0.001; 77 reads,77,77,NA,NA,NA,NA,NA,NA,NA,NA,NA,NA,NA,NA,constant_edge_mapping,1,5,1,1,1,0.080000000000000002,constant,NA,NA,NA,NA,NA,NA
4,c,raw,results/k9_mechanics_sensitivity.csv,6baea83cab61f4c6ca3666d05714b4cfc359b0dcf6a1cd3f322ab791a77042b5,E3,5,1,NA,1,0.001,NA,NA,77,`gtol` termination condition is satisfied.,True,0.00081821530539999995,2902.0626619999998,NA,34,NA,1,1,1,100,E3|5|0.001|constant_edge_mapping|1|1,L_relative_error,0.01973905795,1.9739057949999999,percent,100 * raw_value,all 324; noise_fraction==0.001; 77 reads,77,77,NA,NA,NA,NA,NA,NA,NA,NA,NA,NA,NA,NA,constant_edge_mapping,1,5,1,1,1,0.080000000000000002,constant,NA,NA,NA,NA,NA,NA
4,c,raw,results/k9_mechanics_sensitivity.csv,6baea83cab61f4c6ca3666d05714b4cfc359b0dcf6a1cd3f322ab791a77042b5,E3,5,1,NA,1,0.001,NA,NA,77,`gtol` termination condition is satisfied.,True,0.00081821530539999995,2902.0626619999998,NA,34,NA,1,1,1,100,E3|5|0.001|constant_edge_mapping|1|1,C_relative_error,0.18401509260000001,18.401509260000001,percent,100 * raw_value,all 324; noise_fraction==0.001; 77 reads,77,77,NA,NA,NA,NA,NA,NA,NA,NA,NA,NA,NA,NA,constant_edge_mapping,1,5,1,1,1,0.080000000000000002,constant,NA,NA,NA,NA,NA,NA
4,c,raw,results/k9_mechanics_sensitivity.csv,6baea83cab61f4c6ca3666d05714b4cfc359b0dcf6a1cd3f322ab791a77042b5,E3,5,1,NA,2,0.001,NA,NA,77,`gtol` termination condition is satisfied.,True,0.00084065862880000001,4020.1892889999999,NA,32,NA,1,1,1,101,E3|5|0.001|constant_edge_mapping|1|2,L_relative_error,0.01762111047,1.7621110469999999,percent,100 * raw_value,all 324; noise_fraction==0.001; 77 reads,77,77,NA,NA,NA,NA,NA,NA,NA,NA,NA,NA,NA,NA,constant_edge_mapping,1,5,1,1,1,0.080000000000000002,constant,NA,NA,NA,NA,NA,NA
4,c,raw,results/k9_mechanics_sensitivity.csv,6baea83cab61f4c6ca3666d05714b4cfc359b0dcf6a1cd3f322ab791a77042b5,E3,5,1,NA,2,0.001,NA,NA,77,`gtol` termination condition is satisfied.,True,0.00084065862880000001,4020.1892889999999,NA,32,NA,1,1,1,101,E3|5|0.001|constant_edge_mapping|1|2,C_relative_error,0.46646972269999998,46.646972269999999,percent,100 * raw_value,all 324; noise_fraction==0.001; 77 reads,77,77,NA,NA,NA,NA,NA,NA,NA,NA,NA,NA,NA,NA,constant_edge_mapping,1,5,1,1,1,0.080000000000000002,constant,NA,NA,NA,NA,NA,NA
4,c,raw,results/k9_mechanics_sensitivity.csv,6baea83cab61f4c6ca3666d05714b4cfc359b0dcf6a1cd3f322ab791a77042b5,E3,5,1,NA,0,0.001,NA,NA,77,`gtol` termination condition is satisfied.,True,0.00082091709070000003,2859.1905929999998,NA,32,NA,1,1,1,102,E3|5|0.001|constant_edge_mapping|2|0,L_relative_error,0.019671389479999999,1.9671389479999999,percent,100 * raw_value,all 324; noise_fraction==0.001; 77 reads,77,77,NA,NA,NA,NA,NA,NA,NA,NA,NA,NA,NA,NA,constant_edge_mapping,2,5,1,1,1,0.080000000000000002,constant,NA,NA,NA,NA,NA,NA
4,c,raw,results/k9_mechanics_sensitivity.csv,6baea83cab61f4c6ca3666d05714b4cfc359b0dcf6a1cd3f322ab791a77042b5,E3,5,1,NA,0,0.001,NA,NA,77,`gtol` termination condition is satisfied.,True,0.00082091709070000003,2859.1905929999998,NA,32,NA,1,1,1,102,E3|5|0.001|constant_edge_mapping|2|0,C_relative_error,0.1872944081,18.72944081,percent,100 * raw_value,all 324; noise_fraction==0.001; 77 reads,77,77,NA,NA,NA,NA,NA,NA,NA,NA,NA,NA,NA,NA,constant_edge_mapping,2,5,1,1,1,0.080000000000000002,constant,NA,NA,NA,NA,NA,NA
4,c,raw,results/k9_mechanics_sensitivity.csv,6baea83cab61f4c6ca3666d05714b4cfc359b0dcf6a1cd3f322ab791a77042b5,E3,5,1,NA,1,0.001,NA,NA,77,`gtol` termination condition is satisfied.,True,0.00083854652359999996,2803.2417439999999,NA,31,NA,1,1,1,103,E3|5|0.001|constant_edge_mapping|2|1,L_relative_error,0.019750335930000001,1.975033593,percent,100 * raw_value,all 324; noise_fraction==0.001; 77 reads,77,77,NA,NA,NA,NA,NA,NA,NA,NA,NA,NA,NA,NA,constant_edge_mapping,2,5,1,1,1,0.080000000000000002,constant,NA,NA,NA,NA,NA,NA
4,c,raw,results/k9_mechanics_sensitivity.csv,6baea83cab61f4c6ca3666d05714b4cfc359b0dcf6a1cd3f322ab791a77042b5,E3,5,1,NA,1,0.001,NA,NA,77,`gtol` termination condition is satisfied.,True,0.00083854652359999996,2803.2417439999999,NA,31,NA,1,1,1,103,E3|5|0.001|constant_edge_mapping|2|1,C_relative_error,0.46187903450000001,46.18790345,percent,100 * raw_value,all 324; noise_fraction==0.001; 77 reads,77,77,NA,NA,NA,NA,NA,NA,NA,NA,NA,NA,NA,NA,constant_edge_mapping,2,5,1,1,1,0.080000000000000002,constant,NA,NA,NA,NA,NA,NA
4,c,raw,results/k9_mechanics_sensitivity.csv,6baea83cab61f4c6ca3666d05714b4cfc359b0dcf6a1cd3f322ab791a77042b5,E3,5,1,NA,2,0.001,NA,NA,77,`gtol` termination condition is satisfied.,True,0.00084015970110000004,2841.9680210000001,NA,36,NA,1,1,1,104,E3|5|0.001|constant_edge_mapping|2|2,L_relative_error,0.017024491749999999,1.7024491749999999,percent,100 * raw_value,all 324; noise_fraction==0.001; 77 reads,77,77,NA,NA,NA,NA,NA,NA,NA,NA,NA,NA,NA,NA,constant_edge_mapping,2,5,1,1,1,0.080000000000000002,constant,NA,NA,NA,NA,NA,NA
4,c,raw,results/k9_mechanics_sensitivity.csv,6baea83cab61f4c6ca3666d05714b4cfc359b0dcf6a1cd3f322ab791a77042b5,E3,5,1,NA,2,0.001,NA,NA,77,`gtol` termination condition is satisfied.,True,0.00084015970110000004,2841.9680210000001,NA,36,NA,1,1,1,104,E3|5|0.001|constant_edge_mapping|2|2,C_relative_error,0.37669089090000002,37.66908909,percent,100 * raw_value,all 324; noise_fraction==0.001; 77 reads,77,77,NA,NA,NA,NA,NA,NA,NA,NA,NA,NA,NA,NA,constant_edge_mapping,2,5,1,1,1,0.080000000000000002,constant,NA,NA,NA,NA,NA,NA
4,c,raw,results/k9_mechanics_sensitivity.csv,6baea83cab61f4c6ca3666d05714b4cfc359b0dcf6a1cd3f322ab791a77042b5,E3,5,1,NA,0,0.001,NA,NA,77,`gtol` termination condition is satisfied.,True,0.00083780171739999997,2982.4294570000002,NA,27,NA,1,1,1,105,E3|5|0.001|constant_edge_mapping|3|0,L_relative_error,0.019311324880000001,1.931132488,percent,100 * raw_value,all 324; noise_fraction==0.001; 77 reads,77,77,NA,NA,NA,NA,NA,NA,NA,NA,NA,NA,NA,NA,constant_edge_mapping,3,5,1,1,1,0.080000000000000002,constant,NA,NA,NA,NA,NA,NA
4,c,raw,results/k9_mechanics_sensitivity.csv,6baea83cab61f4c6ca3666d05714b4cfc359b0dcf6a1cd3f322ab791a77042b5,E3,5,1,NA,0,0.001,NA,NA,77,`gtol` termination condition is satisfied.,True,0.00083780171739999997,2982.4294570000002,NA,27,NA,1,1,1,105,E3|5|0.001|constant_edge_mapping|3|0,C_relative_error,0.47302843709999998,47.302843709999998,percent,100 * raw_value,all 324; noise_fraction==0.001; 77 reads,77,77,NA,NA,NA,NA,NA,NA,NA,NA,NA,NA,NA,NA,constant_edge_mapping,3,5,1,1,1,0.080000000000000002,constant,NA,NA,NA,NA,NA,NA
4,c,raw,results/k9_mechanics_sensitivity.csv,6baea83cab61f4c6ca3666d05714b4cfc359b0dcf6a1cd3f322ab791a77042b5,E3,5,1,NA,1,0.001,NA,NA,77,`gtol` termination condition is satisfied.,True,0.00084463622089999996,3156.9633039999999,NA,30,NA,1,1,1,106,E3|5|0.001|constant_edge_mapping|3|1,L_relative_error,0.017664675840000001,1.7664675840000001,percent,100 * raw_value,all 324; noise_fraction==0.001; 77 reads,77,77,NA,NA,NA,NA,NA,NA,NA,NA,NA,NA,NA,NA,constant_edge_mapping,3,5,1,1,1,0.080000000000000002,constant,NA,NA,NA,NA,NA,NA
4,c,raw,results/k9_mechanics_sensitivity.csv,6baea83cab61f4c6ca3666d05714b4cfc359b0dcf6a1cd3f322ab791a77042b5,E3,5,1,NA,1,0.001,NA,NA,77,`gtol` termination condition is satisfied.,True,0.00084463622089999996,3156.9633039999999,NA,30,NA,1,1,1,106,E3|5|0.001|constant_edge_mapping|3|1,C_relative_error,0.39000558689999998,39.000558689999998,percent,100 * raw_value,all 324; noise_fraction==0.001; 77 reads,77,77,NA,NA,NA,NA,NA,NA,NA,NA,NA,NA,NA,NA,constant_edge_mapping,3,5,1,1,1,0.080000000000000002,constant,NA,NA,NA,NA,NA,NA
4,c,raw,results/k9_mechanics_sensitivity.csv,6baea83cab61f4c6ca3666d05714b4cfc359b0dcf6a1cd3f322ab791a77042b5,E3,5,1,NA,2,0.001,NA,NA,77,`gtol` termination condition is satisfied.,True,0.0010557540130000001,3086.1495089999999,NA,27,NA,1,1,1,107,E3|5|0.001|constant_edge_mapping|3|2,L_relative_error,0.088077112910000005,8.8077112910000004,percent,100 * raw_value,all 324; noise_fraction==0.001; 77 reads,77,77,NA,NA,NA,NA,NA,NA,NA,NA,NA,NA,NA,NA,constant_edge_mapping,3,5,1,1,1,0.080000000000000002,constant,NA,NA,NA,NA,NA,NA
4,c,raw,results/k9_mechanics_sensitivity.csv,6baea83cab61f4c6ca3666d05714b4cfc359b0dcf6a1cd3f322ab791a77042b5,E3,5,1,NA,2,0.001,NA,NA,77,`gtol` termination condition is satisfied.,True,0.0010557540130000001,3086.1495089999999,NA,27,NA,1,1,1,107,E3|5|0.001|constant_edge_mapping|3|2,C_relative_error,0.13834944299999999,13.834944299999998,percent,100 * raw_value,all 324; noise_fraction==0.001; 77 reads,77,77,NA,NA,NA,NA,NA,NA,NA,NA,NA,NA,NA,NA,constant_edge_mapping,3,5,1,1,1,0.080000000000000002,constant,NA,NA,NA,NA,NA,NA
4,c,raw,results/k9_mechanics_sensitivity.csv,6baea83cab61f4c6ca3666d05714b4cfc359b0dcf6a1cd3f322ab791a77042b5,E4,5,0,NA,0,0.001,NA,NA,77,`gtol` termination condition is satisfied.,True,0.00090885428229999995,2354.330676,NA,35,NA,0.80000000000000004,1,0.88888888889999995,108,E4|5|0.001|reference|0|0,L_relative_error,0.064259505349999996,6.4259505349999992,percent,100 * raw_value,all 324; noise_fraction==0.001; 77 reads,77,77,NA,NA,NA,NA,NA,NA,NA,NA,NA,NA,NA,NA,reference,0,5,1,1,1,0.080000000000000002,inverse_length,NA,NA,NA,NA,NA,NA
4,c,raw,results/k9_mechanics_sensitivity.csv,6baea83cab61f4c6ca3666d05714b4cfc359b0dcf6a1cd3f322ab791a77042b5,E4,5,0,NA,0,0.001,NA,NA,77,`gtol` termination condition is satisfied.,True,0.00090885428229999995,2354.330676,NA,35,NA,0.80000000000000004,1,0.88888888889999995,108,E4|5|0.001|reference|0|0,C_relative_error,0.092642643400000002,9.2642643400000004,percent,100 * raw_value,all 324; noise_fraction==0.001; 77 reads,77,77,NA,NA,NA,NA,NA,NA,NA,NA,NA,NA,NA,NA,reference,0,5,1,1,1,0.080000000000000002,inverse_length,NA,NA,NA,NA,NA,NA
4,c,raw,results/k9_mechanics_sensitivity.csv,6baea83cab61f4c6ca3666d05714b4cfc359b0dcf6a1cd3f322ab791a77042b5,E4,5,0,NA,1,0.001,NA,NA,77,`gtol` termination condition is satisfied.,True,0.001021782536,2655.5739229999999,NA,25,NA,1,1,1,109,E4|5|0.001|reference|0|1,L_relative_error,0.03260241598,3.2602415979999999,percent,100 * raw_value,all 324; noise_fraction==0.001; 77 reads,77,77,NA,NA,NA,NA,NA,NA,NA,NA,NA,NA,NA,NA,reference,0,5,1,1,1,0.080000000000000002,inverse_length,NA,NA,NA,NA,NA,NA
4,c,raw,results/k9_mechanics_sensitivity.csv,6baea83cab61f4c6ca3666d05714b4cfc359b0dcf6a1cd3f322ab791a77042b5,E4,5,0,NA,1,0.001,NA,NA,77,`gtol` termination condition is satisfied.,True,0.001021782536,2655.5739229999999,NA,25,NA,1,1,1,109,E4|5|0.001|reference|0|1,C_relative_error,0.028627037470000002,2.8627037470000003,percent,100 * raw_value,all 324; noise_fraction==0.001; 77 reads,77,77,NA,NA,NA,NA,NA,NA,NA,NA,NA,NA,NA,NA,reference,0,5,1,1,1,0.080000000000000002,inverse_length,NA,NA,NA,NA,NA,NA
4,c,raw,results/k9_mechanics_sensitivity.csv,6baea83cab61f4c6ca3666d05714b4cfc359b0dcf6a1cd3f322ab791a77042b5,E4,5,0,NA,2,0.001,NA,NA,77,`gtol` termination condition is satisfied.,True,0.00083218355910000003,2797.6325029999998,NA,30,NA,1,1,1,110,E4|5|0.001|reference|0|2,L_relative_error,0.017421507959999999,1.7421507959999998,percent,100 * raw_value,all 324; noise_fraction==0.001; 77 reads,77,77,NA,NA,NA,NA,NA,NA,NA,NA,NA,NA,NA,NA,reference,0,5,1,1,1,0.080000000000000002,inverse_length,NA,NA,NA,NA,NA,NA
4,c,raw,results/k9_mechanics_sensitivity.csv,6baea83cab61f4c6ca3666d05714b4cfc359b0dcf6a1cd3f322ab791a77042b5,E4,5,0,NA,2,0.001,NA,NA,77,`gtol` termination condition is satisfied.,True,0.00083218355910000003,2797.6325029999998,NA,30,NA,1,1,1,110,E4|5|0.001|reference|0|2,C_relative_error,0.18889222289999999,18.889222289999999,percent,100 * raw_value,all 324; noise_fraction==0.001; 77 reads,77,77,NA,NA,NA,NA,NA,NA,NA,NA,NA,NA,NA,NA,reference,0,5,1,1,1,0.080000000000000002,inverse_length,NA,NA,NA,NA,NA,NA
4,c,raw,results/k9_mechanics_sensitivity.csv,6baea83cab61f4c6ca3666d05714b4cfc359b0dcf6a1cd3f322ab791a77042b5,E4,5,0,NA,0,0.001,NA,NA,77,`gtol` termination condition is satisfied.,True,0.001011589501,2649.6075500000002,NA,24,NA,1,1,1,111,E4|5|0.001|reference|1|0,L_relative_error,0.034515740179999997,3.4515740179999996,percent,100 * raw_value,all 324; noise_fraction==0.001; 77 reads,77,77,NA,NA,NA,NA,NA,NA,NA,NA,NA,NA,NA,NA,reference,1,5,1,1,1,0.080000000000000002,inverse_length,NA,NA,NA,NA,NA,NA
4,c,raw,results/k9_mechanics_sensitivity.csv,6baea83cab61f4c6ca3666d05714b4cfc359b0dcf6a1cd3f322ab791a77042b5,E4,5,0,NA,0,0.001,NA,NA,77,`gtol` termination condition is satisfied.,True,0.001011589501,2649.6075500000002,NA,24,NA,1,1,1,111,E4|5|0.001|reference|1|0,C_relative_error,0.026683865510000002,2.6683865510000002,percent,100 * raw_value,all 324; noise_fraction==0.001; 77 reads,77,77,NA,NA,NA,NA,NA,NA,NA,NA,NA,NA,NA,NA,reference,1,5,1,1,1,0.080000000000000002,inverse_length,NA,NA,NA,NA,NA,NA
4,c,raw,results/k9_mechanics_sensitivity.csv,6baea83cab61f4c6ca3666d05714b4cfc359b0dcf6a1cd3f322ab791a77042b5,E4,5,0,NA,1,0.001,NA,NA,77,`gtol` termination condition is satisfied.,True,0.00083799080710000005,2784.4741410000001,NA,27,NA,1,1,1,112,E4|5|0.001|reference|1|1,L_relative_error,0.017482955769999999,1.7482955769999999,percent,100 * raw_value,all 324; noise_fraction==0.001; 77 reads,77,77,NA,NA,NA,NA,NA,NA,NA,NA,NA,NA,NA,NA,reference,1,5,1,1,1,0.080000000000000002,inverse_length,NA,NA,NA,NA,NA,NA
4,c,raw,results/k9_mechanics_sensitivity.csv,6baea83cab61f4c6ca3666d05714b4cfc359b0dcf6a1cd3f322ab791a77042b5,E4,5,0,NA,1,0.001,NA,NA,77,`gtol` termination condition is satisfied.,True,0.00083799080710000005,2784.4741410000001,NA,27,NA,1,1,1,112,E4|5|0.001|reference|1|1,C_relative_error,0.19033022799999999,19.033022799999998,percent,100 * raw_value,all 324; noise_fraction==0.001; 77 reads,77,77,NA,NA,NA,NA,NA,NA,NA,NA,NA,NA,NA,NA,reference,1,5,1,1,1,0.080000000000000002,inverse_length,NA,NA,NA,NA,NA,NA
4,c,raw,results/k9_mechanics_sensitivity.csv,6baea83cab61f4c6ca3666d05714b4cfc359b0dcf6a1cd3f322ab791a77042b5,E4,5,0,NA,2,0.001,NA,NA,77,`gtol` termination condition is satisfied.,True,0.00088054467679999997,2383.5184720000002,NA,27,NA,0.80000000000000004,1,0.88888888889999995,113,E4|5|0.001|reference|1|2,L_relative_error,0.066105298039999996,6.6105298039999996,percent,100 * raw_value,all 324; noise_fraction==0.001; 77 reads,77,77,NA,NA,NA,NA,NA,NA,NA,NA,NA,NA,NA,NA,reference,1,5,1,1,1,0.080000000000000002,inverse_length,NA,NA,NA,NA,NA,NA
4,c,raw,results/k9_mechanics_sensitivity.csv,6baea83cab61f4c6ca3666d05714b4cfc359b0dcf6a1cd3f322ab791a77042b5,E4,5,0,NA,2,0.001,NA,NA,77,`gtol` termination condition is satisfied.,True,0.00088054467679999997,2383.5184720000002,NA,27,NA,0.80000000000000004,1,0.88888888889999995,113,E4|5|0.001|reference|1|2,C_relative_error,0.082144916720000002,8.2144916719999994,percent,100 * raw_value,all 324; noise_fraction==0.001; 77 reads,77,77,NA,NA,NA,NA,NA,NA,NA,NA,NA,NA,NA,NA,reference,1,5,1,1,1,0.080000000000000002,inverse_length,NA,NA,NA,NA,NA,NA
4,c,raw,results/k9_mechanics_sensitivity.csv,6baea83cab61f4c6ca3666d05714b4cfc359b0dcf6a1cd3f322ab791a77042b5,E4,5,0,NA,0,0.001,NA,NA,77,`gtol` termination condition is satisfied.,True,0.0008420822684,3166.5130690000001,NA,32,NA,1,1,1,114,E4|5|0.001|reference|2|0,L_relative_error,0.019634058190000001,1.9634058190000001,percent,100 * raw_value,all 324; noise_fraction==0.001; 77 reads,77,77,NA,NA,NA,NA,NA,NA,NA,NA,NA,NA,NA,NA,reference,2,5,1,1,1,0.080000000000000002,inverse_length,NA,NA,NA,NA,NA,NA
4,c,raw,results/k9_mechanics_sensitivity.csv,6baea83cab61f4c6ca3666d05714b4cfc359b0dcf6a1cd3f322ab791a77042b5,E4,5,0,NA,0,0.001,NA,NA,77,`gtol` termination condition is satisfied.,True,0.0008420822684,3166.5130690000001,NA,32,NA,1,1,1,114,E4|5|0.001|reference|2|0,C_relative_error,0.22252716889999999,22.252716889999999,percent,100 * raw_value,all 324; noise_fraction==0.001; 77 reads,77,77,NA,NA,NA,NA,NA,NA,NA,NA,NA,NA,NA,NA,reference,2,5,1,1,1,0.080000000000000002,inverse_length,NA,NA,NA,NA,NA,NA
4,c,raw,results/k9_mechanics_sensitivity.csv,6baea83cab61f4c6ca3666d05714b4cfc359b0dcf6a1cd3f322ab791a77042b5,E4,5,0,NA,1,0.001,NA,NA,77,`gtol` termination condition is satisfied.,True,0.00087972813799999997,2665.690435,NA,30,NA,0.80000000000000004,1,0.88888888889999995,115,E4|5|0.001|reference|2|1,L_relative_error,0.072938562009999999,7.2938562009999997,percent,100 * raw_value,all 324; noise_fraction==0.001; 77 reads,77,77,NA,NA,NA,NA,NA,NA,NA,NA,NA,NA,NA,NA,reference,2,5,1,1,1,0.080000000000000002,inverse_length,NA,NA,NA,NA,NA,NA
4,c,raw,results/k9_mechanics_sensitivity.csv,6baea83cab61f4c6ca3666d05714b4cfc359b0dcf6a1cd3f322ab791a77042b5,E4,5,0,NA,1,0.001,NA,NA,77,`gtol` termination condition is satisfied.,True,0.00087972813799999997,2665.690435,NA,30,NA,0.80000000000000004,1,0.88888888889999995,115,E4|5|0.001|reference|2|1,C_relative_error,0.084601734440000007,8.4601734440000005,percent,100 * raw_value,all 324; noise_fraction==0.001; 77 reads,77,77,NA,NA,NA,NA,NA,NA,NA,NA,NA,NA,NA,NA,reference,2,5,1,1,1,0.080000000000000002,inverse_length,NA,NA,NA,NA,NA,NA
4,c,raw,results/k9_mechanics_sensitivity.csv,6baea83cab61f4c6ca3666d05714b4cfc359b0dcf6a1cd3f322ab791a77042b5,E4,5,0,NA,2,0.001,NA,NA,77,`gtol` termination condition is satisfied.,True,0.00096560357030000003,3211.524218,NA,28,NA,1,1,1,116,E4|5|0.001|reference|2|2,L_relative_error,0.01841276016,1.8412760159999999,percent,100 * raw_value,all 324; noise_fraction==0.001; 77 reads,77,77,NA,NA,NA,NA,NA,NA,NA,NA,NA,NA,NA,NA,reference,2,5,1,1,1,0.080000000000000002,inverse_length,NA,NA,NA,NA,NA,NA
4,c,raw,results/k9_mechanics_sensitivity.csv,6baea83cab61f4c6ca3666d05714b4cfc359b0dcf6a1cd3f322ab791a77042b5,E4,5,0,NA,2,0.001,NA,NA,77,`gtol` termination condition is satisfied.,True,0.00096560357030000003,3211.524218,NA,28,NA,1,1,1,116,E4|5|0.001|reference|2|2,C_relative_error,0.091981908500000001,9.1981908499999996,percent,100 * raw_value,all 324; noise_fraction==0.001; 77 reads,77,77,NA,NA,NA,NA,NA,NA,NA,NA,NA,NA,NA,NA,reference,2,5,1,1,1,0.080000000000000002,inverse_length,NA,NA,NA,NA,NA,NA
4,c,raw,results/k9_mechanics_sensitivity.csv,6baea83cab61f4c6ca3666d05714b4cfc359b0dcf6a1cd3f322ab791a77042b5,E4,5,0,NA,0,0.001,NA,NA,77,`ftol` termination condition is satisfied.,True,0.00088265966859999996,2570.6344770000001,NA,35,NA,0.80000000000000004,1,0.88888888889999995,117,E4|5|0.001|reference|3|0,L_relative_error,0.072424647110000004,7.2424647110000002,percent,100 * raw_value,all 324; noise_fraction==0.001; 77 reads,77,77,NA,NA,NA,NA,NA,NA,NA,NA,NA,NA,NA,NA,reference,3,5,1,1,1,0.080000000000000002,inverse_length,NA,NA,NA,NA,NA,NA
4,c,raw,results/k9_mechanics_sensitivity.csv,6baea83cab61f4c6ca3666d05714b4cfc359b0dcf6a1cd3f322ab791a77042b5,E4,5,0,NA,0,0.001,NA,NA,77,`ftol` termination condition is satisfied.,True,0.00088265966859999996,2570.6344770000001,NA,35,NA,0.80000000000000004,1,0.88888888889999995,117,E4|5|0.001|reference|3|0,C_relative_error,0.075797737200000007,7.5797737200000004,percent,100 * raw_value,all 324; noise_fraction==0.001; 77 reads,77,77,NA,NA,NA,NA,NA,NA,NA,NA,NA,NA,NA,NA,reference,3,5,1,1,1,0.080000000000000002,inverse_length,NA,NA,NA,NA,NA,NA
4,c,raw,results/k9_mechanics_sensitivity.csv,6baea83cab61f4c6ca3666d05714b4cfc359b0dcf6a1cd3f322ab791a77042b5,E4,5,0,NA,1,0.001,NA,NA,77,`gtol` termination condition is satisfied.,True,0.00094884424019999998,3127.435966,NA,27,NA,1,1,1,118,E4|5|0.001|reference|3|1,L_relative_error,0.021257442920000001,2.1257442920000003,percent,100 * raw_value,all 324; noise_fraction==0.001; 77 reads,77,77,NA,NA,NA,NA,NA,NA,NA,NA,NA,NA,NA,NA,reference,3,5,1,1,1,0.080000000000000002,inverse_length,NA,NA,NA,NA,NA,NA
4,c,raw,results/k9_mechanics_sensitivity.csv,6baea83cab61f4c6ca3666d05714b4cfc359b0dcf6a1cd3f322ab791a77042b5,E4,5,0,NA,1,0.001,NA,NA,77,`gtol` termination condition is satisfied.,True,0.00094884424019999998,3127.435966,NA,27,NA,1,1,1,118,E4|5|0.001|reference|3|1,C_relative_error,0.077177979610000003,7.7177979610000005,percent,100 * raw_value,all 324; noise_fraction==0.001; 77 reads,77,77,NA,NA,NA,NA,NA,NA,NA,NA,NA,NA,NA,NA,reference,3,5,1,1,1,0.080000000000000002,inverse_length,NA,NA,NA,NA,NA,NA
4,c,raw,results/k9_mechanics_sensitivity.csv,6baea83cab61f4c6ca3666d05714b4cfc359b0dcf6a1cd3f322ab791a77042b5,E4,5,0,NA,2,0.001,NA,NA,77,`gtol` termination condition is satisfied.,True,0.00087039509989999999,2572.2566360000001,NA,31,NA,1,1,1,119,E4|5|0.001|reference|3|2,L_relative_error,0.07077514218,7.0775142180000001,percent,100 * raw_value,all 324; noise_fraction==0.001; 77 reads,77,77,NA,NA,NA,NA,NA,NA,NA,NA,NA,NA,NA,NA,reference,3,5,1,1,1,0.080000000000000002,inverse_length,NA,NA,NA,NA,NA,NA
4,c,raw,results/k9_mechanics_sensitivity.csv,6baea83cab61f4c6ca3666d05714b4cfc359b0dcf6a1cd3f322ab791a77042b5,E4,5,0,NA,2,0.001,NA,NA,77,`gtol` termination condition is satisfied.,True,0.00087039509989999999,2572.2566360000001,NA,31,NA,1,1,1,119,E4|5|0.001|reference|3|2,C_relative_error,0.14096820970000001,14.096820970000001,percent,100 * raw_value,all 324; noise_fraction==0.001; 77 reads,77,77,NA,NA,NA,NA,NA,NA,NA,NA,NA,NA,NA,NA,reference,3,5,1,1,1,0.080000000000000002,inverse_length,NA,NA,NA,NA,NA,NA
4,c,raw,results/k9_mechanics_sensitivity.csv,6baea83cab61f4c6ca3666d05714b4cfc359b0dcf6a1cd3f322ab791a77042b5,E4,5,0,NA,0,0.001,NA,NA,77,`gtol` termination condition is satisfied.,True,0.00098314411519999996,2565.4730169999998,NA,33,NA,1,1,1,120,E4|5|0.001|low_stiffness|0|0,L_relative_error,0.039034156280000003,3.9034156280000003,percent,100 * raw_value,all 324; noise_fraction==0.001; 77 reads,77,77,NA,NA,NA,NA,NA,NA,NA,NA,NA,NA,NA,NA,low_stiffness,0,5,0.5,0.5,1,0.080000000000000002,inverse_length,NA,NA,NA,NA,NA,NA
4,c,raw,results/k9_mechanics_sensitivity.csv,6baea83cab61f4c6ca3666d05714b4cfc359b0dcf6a1cd3f322ab791a77042b5,E4,5,0,NA,0,0.001,NA,NA,77,`gtol` termination condition is satisfied.,True,0.00098314411519999996,2565.4730169999998,NA,33,NA,1,1,1,120,E4|5|0.001|low_stiffness|0|0,C_relative_error,0.1324151117,13.241511170000001,percent,100 * raw_value,all 324; noise_fraction==0.001; 77 reads,77,77,NA,NA,NA,NA,NA,NA,NA,NA,NA,NA,NA,NA,low_stiffness,0,5,0.5,0.5,1,0.080000000000000002,inverse_length,NA,NA,NA,NA,NA,NA
4,c,raw,results/k9_mechanics_sensitivity.csv,6baea83cab61f4c6ca3666d05714b4cfc359b0dcf6a1cd3f322ab791a77042b5,E4,5,0,NA,1,0.001,NA,NA,77,`ftol` termination condition is satisfied.,True,0.00094657821659999998,2917.1396749999999,NA,32,NA,1,1,1,121,E4|5|0.001|low_stiffness|0|1,L_relative_error,0.026597850910000002,2.6597850910000003,percent,100 * raw_value,all 324; noise_fraction==0.001; 77 reads,77,77,NA,NA,NA,NA,NA,NA,NA,NA,NA,NA,NA,NA,low_stiffness,0,5,0.5,0.5,1,0.080000000000000002,inverse_length,NA,NA,NA,NA,NA,NA
4,c,raw,results/k9_mechanics_sensitivity.csv,6baea83cab61f4c6ca3666d05714b4cfc359b0dcf6a1cd3f322ab791a77042b5,E4,5,0,NA,1,0.001,NA,NA,77,`ftol` termination condition is satisfied.,True,0.00094657821659999998,2917.1396749999999,NA,32,NA,1,1,1,121,E4|5|0.001|low_stiffness|0|1,C_relative_error,0.25827073449999999,25.82707345,percent,100 * raw_value,all 324; noise_fraction==0.001; 77 reads,77,77,NA,NA,NA,NA,NA,NA,NA,NA,NA,NA,NA,NA,low_stiffness,0,5,0.5,0.5,1,0.080000000000000002,inverse_length,NA,NA,NA,NA,NA,NA
4,c,raw,results/k9_mechanics_sensitivity.csv,6baea83cab61f4c6ca3666d05714b4cfc359b0dcf6a1cd3f322ab791a77042b5,E4,5,0,NA,2,0.001,NA,NA,77,`gtol` termination condition is satisfied.,True,0.0008606695621,2709.8644100000001,NA,33,NA,1,1,1,122,E4|5|0.001|low_stiffness|0|2,L_relative_error,0.02082740819,2.0827408190000001,percent,100 * raw_value,all 324; noise_fraction==0.001; 77 reads,77,77,NA,NA,NA,NA,NA,NA,NA,NA,NA,NA,NA,NA,low_stiffness,0,5,0.5,0.5,1,0.080000000000000002,inverse_length,NA,NA,NA,NA,NA,NA
4,c,raw,results/k9_mechanics_sensitivity.csv,6baea83cab61f4c6ca3666d05714b4cfc359b0dcf6a1cd3f322ab791a77042b5,E4,5,0,NA,2,0.001,NA,NA,77,`gtol` termination condition is satisfied.,True,0.0008606695621,2709.8644100000001,NA,33,NA,1,1,1,122,E4|5|0.001|low_stiffness|0|2,C_relative_error,0.094792623009999993,9.4792623009999986,percent,100 * raw_value,all 324; noise_fraction==0.001; 77 reads,77,77,NA,NA,NA,NA,NA,NA,NA,NA,NA,NA,NA,NA,low_stiffness,0,5,0.5,0.5,1,0.080000000000000002,inverse_length,NA,NA,NA,NA,NA,NA
4,c,raw,results/k9_mechanics_sensitivity.csv,6baea83cab61f4c6ca3666d05714b4cfc359b0dcf6a1cd3f322ab791a77042b5,E4,5,0,NA,0,0.001,NA,NA,77,`ftol` termination condition is satisfied.,True,0.00095224027730000005,2276.68021,NA,34,NA,1,1,1,123,E4|5|0.001|low_stiffness|1|0,L_relative_error,0.021038018169999999,2.1038018169999999,percent,100 * raw_value,all 324; noise_fraction==0.001; 77 reads,77,77,NA,NA,NA,NA,NA,NA,NA,NA,NA,NA,NA,NA,low_stiffness,1,5,0.5,0.5,1,0.080000000000000002,inverse_length,NA,NA,NA,NA,NA,NA
4,c,raw,results/k9_mechanics_sensitivity.csv,6baea83cab61f4c6ca3666d05714b4cfc359b0dcf6a1cd3f322ab791a77042b5,E4,5,0,NA,0,0.001,NA,NA,77,`ftol` termination condition is satisfied.,True,0.00095224027730000005,2276.68021,NA,34,NA,1,1,1,123,E4|5|0.001|low_stiffness|1|0,C_relative_error,0.21706680649999999,21.706680649999999,percent,100 * raw_value,all 324; noise_fraction==0.001; 77 reads,77,77,NA,NA,NA,NA,NA,NA,NA,NA,NA,NA,NA,NA,low_stiffness,1,5,0.5,0.5,1,0.080000000000000002,inverse_length,NA,NA,NA,NA,NA,NA
4,c,raw,results/k9_mechanics_sensitivity.csv,6baea83cab61f4c6ca3666d05714b4cfc359b0dcf6a1cd3f322ab791a77042b5,E4,5,0,NA,1,0.001,NA,NA,77,`gtol` termination condition is satisfied.,True,0.0008705728322,2158.485819,NA,32,NA,1,1,1,124,E4|5|0.001|low_stiffness|1|1,L_relative_error,0.01491049644,1.4910496440000001,percent,100 * raw_value,all 324; noise_fraction==0.001; 77 reads,77,77,NA,NA,NA,NA,NA,NA,NA,NA,NA,NA,NA,NA,low_stiffness,1,5,0.5,0.5,1,0.080000000000000002,inverse_length,NA,NA,NA,NA,NA,NA
4,c,raw,results/k9_mechanics_sensitivity.csv,6baea83cab61f4c6ca3666d05714b4cfc359b0dcf6a1cd3f322ab791a77042b5,E4,5,0,NA,1,0.001,NA,NA,77,`gtol` termination condition is satisfied.,True,0.0008705728322,2158.485819,NA,32,NA,1,1,1,124,E4|5|0.001|low_stiffness|1|1,C_relative_error,0.068655473219999999,6.8655473220000003,percent,100 * raw_value,all 324; noise_fraction==0.001; 77 reads,77,77,NA,NA,NA,NA,NA,NA,NA,NA,NA,NA,NA,NA,low_stiffness,1,5,0.5,0.5,1,0.080000000000000002,inverse_length,NA,NA,NA,NA,NA,NA
4,c,raw,results/k9_mechanics_sensitivity.csv,6baea83cab61f4c6ca3666d05714b4cfc359b0dcf6a1cd3f322ab791a77042b5,E4,5,0,NA,2,0.001,NA,NA,77,`gtol` termination condition is satisfied.,True,0.00095514549509999997,2133.5173890000001,NA,34,NA,1,1,1,125,E4|5|0.001|low_stiffness|1|2,L_relative_error,0.01809275141,1.8092751410000001,percent,100 * raw_value,all 324; noise_fraction==0.001; 77 reads,77,77,NA,NA,NA,NA,NA,NA,NA,NA,NA,NA,NA,NA,low_stiffness,1,5,0.5,0.5,1,0.080000000000000002,inverse_length,NA,NA,NA,NA,NA,NA
4,c,raw,results/k9_mechanics_sensitivity.csv,6baea83cab61f4c6ca3666d05714b4cfc359b0dcf6a1cd3f322ab791a77042b5,E4,5,0,NA,2,0.001,NA,NA,77,`gtol` termination condition is satisfied.,True,0.00095514549509999997,2133.5173890000001,NA,34,NA,1,1,1,125,E4|5|0.001|low_stiffness|1|2,C_relative_error,0.1548319283,15.48319283,percent,100 * raw_value,all 324; noise_fraction==0.001; 77 reads,77,77,NA,NA,NA,NA,NA,NA,NA,NA,NA,NA,NA,NA,low_stiffness,1,5,0.5,0.5,1,0.080000000000000002,inverse_length,NA,NA,NA,NA,NA,NA
4,c,raw,results/k9_mechanics_sensitivity.csv,6baea83cab61f4c6ca3666d05714b4cfc359b0dcf6a1cd3f322ab791a77042b5,E4,5,0,NA,0,0.001,NA,NA,77,`gtol` termination condition is satisfied.,True,0.00087150668030000001,2461.2254539999999,NA,28,NA,1,1,1,126,E4|5|0.001|low_stiffness|2|0,L_relative_error,0.017608532220000001,1.7608532220000002,percent,100 * raw_value,all 324; noise_fraction==0.001; 77 reads,77,77,NA,NA,NA,NA,NA,NA,NA,NA,NA,NA,NA,NA,low_stiffness,2,5,0.5,0.5,1,0.080000000000000002,inverse_length,NA,NA,NA,NA,NA,NA
4,c,raw,results/k9_mechanics_sensitivity.csv,6baea83cab61f4c6ca3666d05714b4cfc359b0dcf6a1cd3f322ab791a77042b5,E4,5,0,NA,0,0.001,NA,NA,77,`gtol` termination condition is satisfied.,True,0.00087150668030000001,2461.2254539999999,NA,28,NA,1,1,1,126,E4|5|0.001|low_stiffness|2|0,C_relative_error,0.076662073400000003,7.6662073400000006,percent,100 * raw_value,all 324; noise_fraction==0.001; 77 reads,77,77,NA,NA,NA,NA,NA,NA,NA,NA,NA,NA,NA,NA,low_stiffness,2,5,0.5,0.5,1,0.080000000000000002,inverse_length,NA,NA,NA,NA,NA,NA
4,c,raw,results/k9_mechanics_sensitivity.csv,6baea83cab61f4c6ca3666d05714b4cfc359b0dcf6a1cd3f322ab791a77042b5,E4,5,0,NA,1,0.001,NA,NA,77,`gtol` termination condition is satisfied.,True,0.00095392388229999995,2433.24667,NA,32,NA,1,1,1,127,E4|5|0.001|low_stiffness|2|1,L_relative_error,0.02232253843,2.2322538430000001,percent,100 * raw_value,all 324; noise_fraction==0.001; 77 reads,77,77,NA,NA,NA,NA,NA,NA,NA,NA,NA,NA,NA,NA,low_stiffness,2,5,0.5,0.5,1,0.080000000000000002,inverse_length,NA,NA,NA,NA,NA,NA
4,c,raw,results/k9_mechanics_sensitivity.csv,6baea83cab61f4c6ca3666d05714b4cfc359b0dcf6a1cd3f322ab791a77042b5,E4,5,0,NA,1,0.001,NA,NA,77,`gtol` termination condition is satisfied.,True,0.00095392388229999995,2433.24667,NA,32,NA,1,1,1,127,E4|5|0.001|low_stiffness|2|1,C_relative_error,0.1808406893,18.084068930000001,percent,100 * raw_value,all 324; noise_fraction==0.001; 77 reads,77,77,NA,NA,NA,NA,NA,NA,NA,NA,NA,NA,NA,NA,low_stiffness,2,5,0.5,0.5,1,0.080000000000000002,inverse_length,NA,NA,NA,NA,NA,NA
4,c,raw,results/k9_mechanics_sensitivity.csv,6baea83cab61f4c6ca3666d05714b4cfc359b0dcf6a1cd3f322ab791a77042b5,E4,5,0,NA,2,0.001,NA,NA,77,`gtol` termination condition is satisfied.,True,0.00099436758549999995,2075.8505150000001,NA,37,NA,1,1,1,128,E4|5|0.001|low_stiffness|2|2,L_relative_error,0.066651539319999994,6.6651539319999991,percent,100 * raw_value,all 324; noise_fraction==0.001; 77 reads,77,77,NA,NA,NA,NA,NA,NA,NA,NA,NA,NA,NA,NA,low_stiffness,2,5,0.5,0.5,1,0.080000000000000002,inverse_length,NA,NA,NA,NA,NA,NA
4,c,raw,results/k9_mechanics_sensitivity.csv,6baea83cab61f4c6ca3666d05714b4cfc359b0dcf6a1cd3f322ab791a77042b5,E4,5,0,NA,2,0.001,NA,NA,77,`gtol` termination condition is satisfied.,True,0.00099436758549999995,2075.8505150000001,NA,37,NA,1,1,1,128,E4|5|0.001|low_stiffness|2|2,C_relative_error,0.095319286789999999,9.531928679,percent,100 * raw_value,all 324; noise_fraction==0.001; 77 reads,77,77,NA,NA,NA,NA,NA,NA,NA,NA,NA,NA,NA,NA,low_stiffness,2,5,0.5,0.5,1,0.080000000000000002,inverse_length,NA,NA,NA,NA,NA,NA
4,c,raw,results/k9_mechanics_sensitivity.csv,6baea83cab61f4c6ca3666d05714b4cfc359b0dcf6a1cd3f322ab791a77042b5,E4,5,0,NA,0,0.001,NA,NA,77,`gtol` termination condition is satisfied.,True,0.00094209740850000002,2799.7268119999999,NA,30,NA,1,1,1,129,E4|5|0.001|low_stiffness|3|0,L_relative_error,0.021157133240000001,2.1157133240000001,percent,100 * raw_value,all 324; noise_fraction==0.001; 77 reads,77,77,NA,NA,NA,NA,NA,NA,NA,NA,NA,NA,NA,NA,low_stiffness,3,5,0.5,0.5,1,0.080000000000000002,inverse_length,NA,NA,NA,NA,NA,NA
4,c,raw,results/k9_mechanics_sensitivity.csv,6baea83cab61f4c6ca3666d05714b4cfc359b0dcf6a1cd3f322ab791a77042b5,E4,5,0,NA,0,0.001,NA,NA,77,`gtol` termination condition is satisfied.,True,0.00094209740850000002,2799.7268119999999,NA,30,NA,1,1,1,129,E4|5|0.001|low_stiffness|3|0,C_relative_error,0.18671885399999999,18.671885400000001,percent,100 * raw_value,all 324; noise_fraction==0.001; 77 reads,77,77,NA,NA,NA,NA,NA,NA,NA,NA,NA,NA,NA,NA,low_stiffness,3,5,0.5,0.5,1,0.080000000000000002,inverse_length,NA,NA,NA,NA,NA,NA
4,c,raw,results/k9_mechanics_sensitivity.csv,6baea83cab61f4c6ca3666d05714b4cfc359b0dcf6a1cd3f322ab791a77042b5,E4,5,0,NA,1,0.001,NA,NA,77,`gtol` termination condition is satisfied.,True,0.00098861319100000005,2321.1045810000001,NA,34,NA,1,1,1,130,E4|5|0.001|low_stiffness|3|1,L_relative_error,0.066964031019999995,6.6964031019999997,percent,100 * raw_value,all 324; noise_fraction==0.001; 77 reads,77,77,NA,NA,NA,NA,NA,NA,NA,NA,NA,NA,NA,NA,low_stiffness,3,5,0.5,0.5,1,0.080000000000000002,inverse_length,NA,NA,NA,NA,NA,NA
4,c,raw,results/k9_mechanics_sensitivity.csv,6baea83cab61f4c6ca3666d05714b4cfc359b0dcf6a1cd3f322ab791a77042b5,E4,5,0,NA,1,0.001,NA,NA,77,`gtol` termination condition is satisfied.,True,0.00098861319100000005,2321.1045810000001,NA,34,NA,1,1,1,130,E4|5|0.001|low_stiffness|3|1,C_relative_error,0.1016034515,10.160345149999999,percent,100 * raw_value,all 324; noise_fraction==0.001; 77 reads,77,77,NA,NA,NA,NA,NA,NA,NA,NA,NA,NA,NA,NA,low_stiffness,3,5,0.5,0.5,1,0.080000000000000002,inverse_length,NA,NA,NA,NA,NA,NA
4,c,raw,results/k9_mechanics_sensitivity.csv,6baea83cab61f4c6ca3666d05714b4cfc359b0dcf6a1cd3f322ab791a77042b5,E4,5,0,NA,2,0.001,NA,NA,77,`gtol` termination condition is satisfied.,True,0.00089374259719999995,2750.0673710000001,NA,34,NA,1,1,1,131,E4|5|0.001|low_stiffness|3|2,L_relative_error,0.018307940889999999,1.8307940889999998,percent,100 * raw_value,all 324; noise_fraction==0.001; 77 reads,77,77,NA,NA,NA,NA,NA,NA,NA,NA,NA,NA,NA,NA,low_stiffness,3,5,0.5,0.5,1,0.080000000000000002,inverse_length,NA,NA,NA,NA,NA,NA
4,c,raw,results/k9_mechanics_sensitivity.csv,6baea83cab61f4c6ca3666d05714b4cfc359b0dcf6a1cd3f322ab791a77042b5,E4,5,0,NA,2,0.001,NA,NA,77,`gtol` termination condition is satisfied.,True,0.00089374259719999995,2750.0673710000001,NA,34,NA,1,1,1,131,E4|5|0.001|low_stiffness|3|2,C_relative_error,0.11458289419999999,11.45828942,percent,100 * raw_value,all 324; noise_fraction==0.001; 77 reads,77,77,NA,NA,NA,NA,NA,NA,NA,NA,NA,NA,NA,NA,low_stiffness,3,5,0.5,0.5,1,0.080000000000000002,inverse_length,NA,NA,NA,NA,NA,NA
4,c,raw,results/k9_mechanics_sensitivity.csv,6baea83cab61f4c6ca3666d05714b4cfc359b0dcf6a1cd3f322ab791a77042b5,E4,5,0,NA,0,0.001,NA,NA,77,`gtol` termination condition is satisfied.,True,0.00084452775959999995,5712.2204330000004,NA,33,NA,0.80000000000000004,1,0.88888888889999995,132,E4|5|0.001|high_stiffness|0|0,L_relative_error,0.049772269450000003,4.977226945,percent,100 * raw_value,all 324; noise_fraction==0.001; 77 reads,77,77,NA,NA,NA,NA,NA,NA,NA,NA,NA,NA,NA,NA,high_stiffness,0,5,2,2,1,0.080000000000000002,inverse_length,NA,NA,NA,NA,NA,NA
4,c,raw,results/k9_mechanics_sensitivity.csv,6baea83cab61f4c6ca3666d05714b4cfc359b0dcf6a1cd3f322ab791a77042b5,E4,5,0,NA,0,0.001,NA,NA,77,`gtol` termination condition is satisfied.,True,0.00084452775959999995,5712.2204330000004,NA,33,NA,0.80000000000000004,1,0.88888888889999995,132,E4|5|0.001|high_stiffness|0|0,C_relative_error,0.237182005,23.718200500000002,percent,100 * raw_value,all 324; noise_fraction==0.001; 77 reads,77,77,NA,NA,NA,NA,NA,NA,NA,NA,NA,NA,NA,NA,high_stiffness,0,5,2,2,1,0.080000000000000002,inverse_length,NA,NA,NA,NA,NA,NA
4,c,raw,results/k9_mechanics_sensitivity.csv,6baea83cab61f4c6ca3666d05714b4cfc359b0dcf6a1cd3f322ab791a77042b5,E4,5,0,NA,1,0.001,NA,NA,77,`gtol` termination condition is satisfied.,True,0.00090002552559999998,6252.0654599999998,NA,35,NA,1,1,1,133,E4|5|0.001|high_stiffness|0|1,L_relative_error,0.029576636560000001,2.9576636560000003,percent,100 * raw_value,all 324; noise_fraction==0.001; 77 reads,77,77,NA,NA,NA,NA,NA,NA,NA,NA,NA,NA,NA,NA,high_stiffness,0,5,2,2,1,0.080000000000000002,inverse_length,NA,NA,NA,NA,NA,NA
4,c,raw,results/k9_mechanics_sensitivity.csv,6baea83cab61f4c6ca3666d05714b4cfc359b0dcf6a1cd3f322ab791a77042b5,E4,5,0,NA,1,0.001,NA,NA,77,`gtol` termination condition is satisfied.,True,0.00090002552559999998,6252.0654599999998,NA,35,NA,1,1,1,133,E4|5|0.001|high_stiffness|0|1,C_relative_error,0.1856480653,18.564806529999998,percent,100 * raw_value,all 324; noise_fraction==0.001; 77 reads,77,77,NA,NA,NA,NA,NA,NA,NA,NA,NA,NA,NA,NA,high_stiffness,0,5,2,2,1,0.080000000000000002,inverse_length,NA,NA,NA,NA,NA,NA
4,c,raw,results/k9_mechanics_sensitivity.csv,6baea83cab61f4c6ca3666d05714b4cfc359b0dcf6a1cd3f322ab791a77042b5,E4,5,0,NA,2,0.001,NA,NA,77,`gtol` termination condition is satisfied.,True,0.00077983741100000001,6519.5496130000001,NA,34,NA,0.80000000000000004,1,0.88888888889999995,134,E4|5|0.001|high_stiffness|0|2,L_relative_error,0.028806031409999999,2.8806031409999999,percent,100 * raw_value,all 324; noise_fraction==0.001; 77 reads,77,77,NA,NA,NA,NA,NA,NA,NA,NA,NA,NA,NA,NA,high_stiffness,0,5,2,2,1,0.080000000000000002,inverse_length,NA,NA,NA,NA,NA,NA
4,c,raw,results/k9_mechanics_sensitivity.csv,6baea83cab61f4c6ca3666d05714b4cfc359b0dcf6a1cd3f322ab791a77042b5,E4,5,0,NA,2,0.001,NA,NA,77,`gtol` termination condition is satisfied.,True,0.00077983741100000001,6519.5496130000001,NA,34,NA,0.80000000000000004,1,0.88888888889999995,134,E4|5|0.001|high_stiffness|0|2,C_relative_error,0.1365496477,13.654964769999999,percent,100 * raw_value,all 324; noise_fraction==0.001; 77 reads,77,77,NA,NA,NA,NA,NA,NA,NA,NA,NA,NA,NA,NA,high_stiffness,0,5,2,2,1,0.080000000000000002,inverse_length,NA,NA,NA,NA,NA,NA
4,c,raw,results/k9_mechanics_sensitivity.csv,6baea83cab61f4c6ca3666d05714b4cfc359b0dcf6a1cd3f322ab791a77042b5,E4,5,0,NA,0,0.001,NA,NA,77,`gtol` termination condition is satisfied.,True,0.00089967165449999999,6759.1286529999998,NA,29,NA,1,1,1,135,E4|5|0.001|high_stiffness|1|0,L_relative_error,0.033557198699999999,3.3557198699999997,percent,100 * raw_value,all 324; noise_fraction==0.001; 77 reads,77,77,NA,NA,NA,NA,NA,NA,NA,NA,NA,NA,NA,NA,high_stiffness,1,5,2,2,1,0.080000000000000002,inverse_length,NA,NA,NA,NA,NA,NA
4,c,raw,results/k9_mechanics_sensitivity.csv,6baea83cab61f4c6ca3666d05714b4cfc359b0dcf6a1cd3f322ab791a77042b5,E4,5,0,NA,0,0.001,NA,NA,77,`gtol` termination condition is satisfied.,True,0.00089967165449999999,6759.1286529999998,NA,29,NA,1,1,1,135,E4|5|0.001|high_stiffness|1|0,C_relative_error,0.22952392990000001,22.95239299,percent,100 * raw_value,all 324; noise_fraction==0.001; 77 reads,77,77,NA,NA,NA,NA,NA,NA,NA,NA,NA,NA,NA,NA,high_stiffness,1,5,2,2,1,0.080000000000000002,inverse_length,NA,NA,NA,NA,NA,NA
4,c,raw,results/k9_mechanics_sensitivity.csv,6baea83cab61f4c6ca3666d05714b4cfc359b0dcf6a1cd3f322ab791a77042b5,E4,5,0,NA,1,0.001,NA,NA,77,`gtol` termination condition is satisfied.,True,0.00077930308270000002,6934.6080659999998,NA,33,NA,0.80000000000000004,1,0.88888888889999995,136,E4|5|0.001|high_stiffness|1|1,L_relative_error,0.035836855469999998,3.583685547,percent,100 * raw_value,all 324; noise_fraction==0.001; 77 reads,77,77,NA,NA,NA,NA,NA,NA,NA,NA,NA,NA,NA,NA,high_stiffness,1,5,2,2,1,0.080000000000000002,inverse_length,NA,NA,NA,NA,NA,NA
4,c,raw,results/k9_mechanics_sensitivity.csv,6baea83cab61f4c6ca3666d05714b4cfc359b0dcf6a1cd3f322ab791a77042b5,E4,5,0,NA,1,0.001,NA,NA,77,`gtol` termination condition is satisfied.,True,0.00077930308270000002,6934.6080659999998,NA,33,NA,0.80000000000000004,1,0.88888888889999995,136,E4|5|0.001|high_stiffness|1|1,C_relative_error,0.15386631100000001,15.386631100000001,percent,100 * raw_value,all 324; noise_fraction==0.001; 77 reads,77,77,NA,NA,NA,NA,NA,NA,NA,NA,NA,NA,NA,NA,high_stiffness,1,5,2,2,1,0.080000000000000002,inverse_length,NA,NA,NA,NA,NA,NA
4,c,raw,results/k9_mechanics_sensitivity.csv,6baea83cab61f4c6ca3666d05714b4cfc359b0dcf6a1cd3f322ab791a77042b5,E4,5,0,NA,2,0.001,NA,NA,77,`gtol` termination condition is satisfied.,True,0.00076574446629999997,6617.1571809999996,NA,33,NA,1,1,1,137,E4|5|0.001|high_stiffness|1|2,L_relative_error,0.033129422560000003,3.3129422560000004,percent,100 * raw_value,all 324; noise_fraction==0.001; 77 reads,77,77,NA,NA,NA,NA,NA,NA,NA,NA,NA,NA,NA,NA,high_stiffness,1,5,2,2,1,0.080000000000000002,inverse_length,NA,NA,NA,NA,NA,NA
4,c,raw,results/k9_mechanics_sensitivity.csv,6baea83cab61f4c6ca3666d05714b4cfc359b0dcf6a1cd3f322ab791a77042b5,E4,5,0,NA,2,0.001,NA,NA,77,`gtol` termination condition is satisfied.,True,0.00076574446629999997,6617.1571809999996,NA,33,NA,1,1,1,137,E4|5|0.001|high_stiffness|1|2,C_relative_error,0.2406722379,24.06722379,percent,100 * raw_value,all 324; noise_fraction==0.001; 77 reads,77,77,NA,NA,NA,NA,NA,NA,NA,NA,NA,NA,NA,NA,high_stiffness,1,5,2,2,1,0.080000000000000002,inverse_length,NA,NA,NA,NA,NA,NA
4,c,raw,results/k9_mechanics_sensitivity.csv,6baea83cab61f4c6ca3666d05714b4cfc359b0dcf6a1cd3f322ab791a77042b5,E4,5,0,NA,0,0.001,NA,NA,77,`gtol` termination condition is satisfied.,True,0.00076996005639999999,5054.1661649999996,NA,36,NA,1,1,1,138,E4|5|0.001|high_stiffness|2|0,L_relative_error,0.024590497959999999,2.459049796,percent,100 * raw_value,all 324; noise_fraction==0.001; 77 reads,77,77,NA,NA,NA,NA,NA,NA,NA,NA,NA,NA,NA,NA,high_stiffness,2,5,2,2,1,0.080000000000000002,inverse_length,NA,NA,NA,NA,NA,NA
4,c,raw,results/k9_mechanics_sensitivity.csv,6baea83cab61f4c6ca3666d05714b4cfc359b0dcf6a1cd3f322ab791a77042b5,E4,5,0,NA,0,0.001,NA,NA,77,`gtol` termination condition is satisfied.,True,0.00076996005639999999,5054.1661649999996,NA,36,NA,1,1,1,138,E4|5|0.001|high_stiffness|2|0,C_relative_error,0.1193438475,11.93438475,percent,100 * raw_value,all 324; noise_fraction==0.001; 77 reads,77,77,NA,NA,NA,NA,NA,NA,NA,NA,NA,NA,NA,NA,high_stiffness,2,5,2,2,1,0.080000000000000002,inverse_length,NA,NA,NA,NA,NA,NA
4,c,raw,results/k9_mechanics_sensitivity.csv,6baea83cab61f4c6ca3666d05714b4cfc359b0dcf6a1cd3f322ab791a77042b5,E4,5,0,NA,1,0.001,NA,NA,77,`ftol` termination condition is satisfied.,True,0.00075229123079999997,4738.1397699999998,NA,37,NA,1,1,1,139,E4|5|0.001|high_stiffness|2|1,L_relative_error,0.027424058309999999,2.7424058310000001,percent,100 * raw_value,all 324; noise_fraction==0.001; 77 reads,77,77,NA,NA,NA,NA,NA,NA,NA,NA,NA,NA,NA,NA,high_stiffness,2,5,2,2,1,0.080000000000000002,inverse_length,NA,NA,NA,NA,NA,NA
4,c,raw,results/k9_mechanics_sensitivity.csv,6baea83cab61f4c6ca3666d05714b4cfc359b0dcf6a1cd3f322ab791a77042b5,E4,5,0,NA,1,0.001,NA,NA,77,`ftol` termination condition is satisfied.,True,0.00075229123079999997,4738.1397699999998,NA,37,NA,1,1,1,139,E4|5|0.001|high_stiffness|2|1,C_relative_error,0.19995829200000001,19.995829199999999,percent,100 * raw_value,all 324; noise_fraction==0.001; 77 reads,77,77,NA,NA,NA,NA,NA,NA,NA,NA,NA,NA,NA,NA,high_stiffness,2,5,2,2,1,0.080000000000000002,inverse_length,NA,NA,NA,NA,NA,NA
4,c,raw,results/k9_mechanics_sensitivity.csv,6baea83cab61f4c6ca3666d05714b4cfc359b0dcf6a1cd3f322ab791a77042b5,E4,5,0,NA,2,0.001,NA,NA,77,`gtol` termination condition is satisfied.,True,0.00081532890440000002,4764.2696319999995,NA,32,NA,0.80000000000000004,1,0.88888888889999995,140,E4|5|0.001|high_stiffness|2|2,L_relative_error,0.020413847379999999,2.0413847380000001,percent,100 * raw_value,all 324; noise_fraction==0.001; 77 reads,77,77,NA,NA,NA,NA,NA,NA,NA,NA,NA,NA,NA,NA,high_stiffness,2,5,2,2,1,0.080000000000000002,inverse_length,NA,NA,NA,NA,NA,NA
4,c,raw,results/k9_mechanics_sensitivity.csv,6baea83cab61f4c6ca3666d05714b4cfc359b0dcf6a1cd3f322ab791a77042b5,E4,5,0,NA,2,0.001,NA,NA,77,`gtol` termination condition is satisfied.,True,0.00081532890440000002,4764.2696319999995,NA,32,NA,0.80000000000000004,1,0.88888888889999995,140,E4|5|0.001|high_stiffness|2|2,C_relative_error,0.1631353995,16.313539949999999,percent,100 * raw_value,all 324; noise_fraction==0.001; 77 reads,77,77,NA,NA,NA,NA,NA,NA,NA,NA,NA,NA,NA,NA,high_stiffness,2,5,2,2,1,0.080000000000000002,inverse_length,NA,NA,NA,NA,NA,NA
4,c,raw,results/k9_mechanics_sensitivity.csv,6baea83cab61f4c6ca3666d05714b4cfc359b0dcf6a1cd3f322ab791a77042b5,E4,5,0,NA,0,0.001,NA,NA,77,`gtol` termination condition is satisfied.,True,0.00075715397770000005,5155.2188679999999,NA,35,NA,1,1,1,141,E4|5|0.001|high_stiffness|3|0,L_relative_error,0.02949020674,2.9490206740000002,percent,100 * raw_value,all 324; noise_fraction==0.001; 77 reads,77,77,NA,NA,NA,NA,NA,NA,NA,NA,NA,NA,NA,NA,high_stiffness,3,5,2,2,1,0.080000000000000002,inverse_length,NA,NA,NA,NA,NA,NA
4,c,raw,results/k9_mechanics_sensitivity.csv,6baea83cab61f4c6ca3666d05714b4cfc359b0dcf6a1cd3f322ab791a77042b5,E4,5,0,NA,0,0.001,NA,NA,77,`gtol` termination condition is satisfied.,True,0.00075715397770000005,5155.2188679999999,NA,35,NA,1,1,1,141,E4|5|0.001|high_stiffness|3|0,C_relative_error,0.2210795666,22.107956659999999,percent,100 * raw_value,all 324; noise_fraction==0.001; 77 reads,77,77,NA,NA,NA,NA,NA,NA,NA,NA,NA,NA,NA,NA,high_stiffness,3,5,2,2,1,0.080000000000000002,inverse_length,NA,NA,NA,NA,NA,NA
4,c,raw,results/k9_mechanics_sensitivity.csv,6baea83cab61f4c6ca3666d05714b4cfc359b0dcf6a1cd3f322ab791a77042b5,E4,5,0,NA,1,0.001,NA,NA,77,`gtol` termination condition is satisfied.,True,0.00081548465230000004,5194.8475490000001,NA,29,NA,0.80000000000000004,1,0.88888888889999995,142,E4|5|0.001|high_stiffness|3|1,L_relative_error,0.02209132645,2.209132645,percent,100 * raw_value,all 324; noise_fraction==0.001; 77 reads,77,77,NA,NA,NA,NA,NA,NA,NA,NA,NA,NA,NA,NA,high_stiffness,3,5,2,2,1,0.080000000000000002,inverse_length,NA,NA,NA,NA,NA,NA
4,c,raw,results/k9_mechanics_sensitivity.csv,6baea83cab61f4c6ca3666d05714b4cfc359b0dcf6a1cd3f322ab791a77042b5,E4,5,0,NA,1,0.001,NA,NA,77,`gtol` termination condition is satisfied.,True,0.00081548465230000004,5194.8475490000001,NA,29,NA,0.80000000000000004,1,0.88888888889999995,142,E4|5|0.001|high_stiffness|3|1,C_relative_error,0.17412225100000001,17.412225100000001,percent,100 * raw_value,all 324; noise_fraction==0.001; 77 reads,77,77,NA,NA,NA,NA,NA,NA,NA,NA,NA,NA,NA,NA,high_stiffness,3,5,2,2,1,0.080000000000000002,inverse_length,NA,NA,NA,NA,NA,NA
4,c,raw,results/k9_mechanics_sensitivity.csv,6baea83cab61f4c6ca3666d05714b4cfc359b0dcf6a1cd3f322ab791a77042b5,E4,5,0,NA,2,0.001,NA,NA,77,`gtol` termination condition is satisfied.,True,0.00070276360909999995,5348.6258019999996,NA,33,NA,1,1,1,143,E4|5|0.001|high_stiffness|3|2,L_relative_error,0.017629236579999999,1.7629236579999998,percent,100 * raw_value,all 324; noise_fraction==0.001; 77 reads,77,77,NA,NA,NA,NA,NA,NA,NA,NA,NA,NA,NA,NA,high_stiffness,3,5,2,2,1,0.080000000000000002,inverse_length,NA,NA,NA,NA,NA,NA
4,c,raw,results/k9_mechanics_sensitivity.csv,6baea83cab61f4c6ca3666d05714b4cfc359b0dcf6a1cd3f322ab791a77042b5,E4,5,0,NA,2,0.001,NA,NA,77,`gtol` termination condition is satisfied.,True,0.00070276360909999995,5348.6258019999996,NA,33,NA,1,1,1,143,E4|5|0.001|high_stiffness|3|2,C_relative_error,0.1828424126,18.284241260000002,percent,100 * raw_value,all 324; noise_fraction==0.001; 77 reads,77,77,NA,NA,NA,NA,NA,NA,NA,NA,NA,NA,NA,NA,high_stiffness,3,5,2,2,1,0.080000000000000002,inverse_length,NA,NA,NA,NA,NA,NA
4,c,raw,results/k9_mechanics_sensitivity.csv,6baea83cab61f4c6ca3666d05714b4cfc359b0dcf6a1cd3f322ab791a77042b5,E4,5,0,NA,0,0.001,NA,NA,77,`gtol` termination condition is satisfied.,True,0.00080482289849999995,3141.2371750000002,NA,31,NA,1,1,1,144,E4|5|0.001|low_storage|0|0,L_relative_error,0.01444718041,1.444718041,percent,100 * raw_value,all 324; noise_fraction==0.001; 77 reads,77,77,NA,NA,NA,NA,NA,NA,NA,NA,NA,NA,NA,NA,low_storage,0,5,1,1,0.5,0.080000000000000002,inverse_length,NA,NA,NA,NA,NA,NA
4,c,raw,results/k9_mechanics_sensitivity.csv,6baea83cab61f4c6ca3666d05714b4cfc359b0dcf6a1cd3f322ab791a77042b5,E4,5,0,NA,0,0.001,NA,NA,77,`gtol` termination condition is satisfied.,True,0.00080482289849999995,3141.2371750000002,NA,31,NA,1,1,1,144,E4|5|0.001|low_storage|0|0,C_relative_error,0.23272316649999999,23.27231665,percent,100 * raw_value,all 324; noise_fraction==0.001; 77 reads,77,77,NA,NA,NA,NA,NA,NA,NA,NA,NA,NA,NA,NA,low_storage,0,5,1,1,0.5,0.080000000000000002,inverse_length,NA,NA,NA,NA,NA,NA
4,c,raw,results/k9_mechanics_sensitivity.csv,6baea83cab61f4c6ca3666d05714b4cfc359b0dcf6a1cd3f322ab791a77042b5,E4,5,0,NA,1,0.001,NA,NA,77,`gtol` termination condition is satisfied.,True,0.0008500895349,2960.3985670000002,NA,34,NA,1,1,1,145,E4|5|0.001|low_storage|0|1,L_relative_error,0.031704659539999999,3.170465954,percent,100 * raw_value,all 324; noise_fraction==0.001; 77 reads,77,77,NA,NA,NA,NA,NA,NA,NA,NA,NA,NA,NA,NA,low_storage,0,5,1,1,0.5,0.080000000000000002,inverse_length,NA,NA,NA,NA,NA,NA
4,c,raw,results/k9_mechanics_sensitivity.csv,6baea83cab61f4c6ca3666d05714b4cfc359b0dcf6a1cd3f322ab791a77042b5,E4,5,0,NA,1,0.001,NA,NA,77,`gtol` termination condition is satisfied.,True,0.0008500895349,2960.3985670000002,NA,34,NA,1,1,1,145,E4|5|0.001|low_storage|0|1,C_relative_error,0.29312012440000002,29.31201244,percent,100 * raw_value,all 324; noise_fraction==0.001; 77 reads,77,77,NA,NA,NA,NA,NA,NA,NA,NA,NA,NA,NA,NA,low_storage,0,5,1,1,0.5,0.080000000000000002,inverse_length,NA,NA,NA,NA,NA,NA
4,c,raw,results/k9_mechanics_sensitivity.csv,6baea83cab61f4c6ca3666d05714b4cfc359b0dcf6a1cd3f322ab791a77042b5,E4,5,0,NA,2,0.001,NA,NA,77,`gtol` termination condition is satisfied.,True,0.00093843689339999999,2743.3971430000001,NA,28,NA,0.80000000000000004,1,0.88888888889999995,146,E4|5|0.001|low_storage|0|2,L_relative_error,0.060286927490000003,6.0286927490000002,percent,100 * raw_value,all 324; noise_fraction==0.001; 77 reads,77,77,NA,NA,NA,NA,NA,NA,NA,NA,NA,NA,NA,NA,low_storage,0,5,1,1,0.5,0.080000000000000002,inverse_length,NA,NA,NA,NA,NA,NA
4,c,raw,results/k9_mechanics_sensitivity.csv,6baea83cab61f4c6ca3666d05714b4cfc359b0dcf6a1cd3f322ab791a77042b5,E4,5,0,NA,2,0.001,NA,NA,77,`gtol` termination condition is satisfied.,True,0.00093843689339999999,2743.3971430000001,NA,28,NA,0.80000000000000004,1,0.88888888889999995,146,E4|5|0.001|low_storage|0|2,C_relative_error,0.16110330980000001,16.110330980000001,percent,100 * raw_value,all 324; noise_fraction==0.001; 77 reads,77,77,NA,NA,NA,NA,NA,NA,NA,NA,NA,NA,NA,NA,low_storage,0,5,1,1,0.5,0.080000000000000002,inverse_length,NA,NA,NA,NA,NA,NA
4,c,raw,results/k9_mechanics_sensitivity.csv,6baea83cab61f4c6ca3666d05714b4cfc359b0dcf6a1cd3f322ab791a77042b5,E4,5,0,NA,0,0.001,NA,NA,77,`gtol` termination condition is satisfied.,True,0.00084963120500000005,3135.3859550000002,NA,30,NA,1,1,1,147,E4|5|0.001|low_storage|1|0,L_relative_error,0.03462607937,3.462607937,percent,100 * raw_value,all 324; noise_fraction==0.001; 77 reads,77,77,NA,NA,NA,NA,NA,NA,NA,NA,NA,NA,NA,NA,low_storage,1,5,1,1,0.5,0.080000000000000002,inverse_length,NA,NA,NA,NA,NA,NA
4,c,raw,results/k9_mechanics_sensitivity.csv,6baea83cab61f4c6ca3666d05714b4cfc359b0dcf6a1cd3f322ab791a77042b5,E4,5,0,NA,0,0.001,NA,NA,77,`gtol` termination condition is satisfied.,True,0.00084963120500000005,3135.3859550000002,NA,30,NA,1,1,1,147,E4|5|0.001|low_storage|1|0,C_relative_error,0.34070211220000002,34.070211220000004,percent,100 * raw_value,all 324; noise_fraction==0.001; 77 reads,77,77,NA,NA,NA,NA,NA,NA,NA,NA,NA,NA,NA,NA,low_storage,1,5,1,1,0.5,0.080000000000000002,inverse_length,NA,NA,NA,NA,NA,NA
4,c,raw,results/k9_mechanics_sensitivity.csv,6baea83cab61f4c6ca3666d05714b4cfc359b0dcf6a1cd3f322ab791a77042b5,E4,5,0,NA,1,0.001,NA,NA,77,`gtol` termination condition is satisfied.,True,0.00093041026840000004,2951.156727,NA,30,NA,0.80000000000000004,1,0.88888888889999995,148,E4|5|0.001|low_storage|1|1,L_relative_error,0.063568837160000002,6.3568837160000005,percent,100 * raw_value,all 324; noise_fraction==0.001; 77 reads,77,77,NA,NA,NA,NA,NA,NA,NA,NA,NA,NA,NA,NA,low_storage,1,5,1,1,0.5,0.080000000000000002,inverse_length,NA,NA,NA,NA,NA,NA
4,c,raw,results/k9_mechanics_sensitivity.csv,6baea83cab61f4c6ca3666d05714b4cfc359b0dcf6a1cd3f322ab791a77042b5,E4,5,0,NA,1,0.001,NA,NA,77,`gtol` termination condition is satisfied.,True,0.00093041026840000004,2951.156727,NA,30,NA,0.80000000000000004,1,0.88888888889999995,148,E4|5|0.001|low_storage|1|1,C_relative_error,0.19334351890000001,19.334351890000001,percent,100 * raw_value,all 324; noise_fraction==0.001; 77 reads,77,77,NA,NA,NA,NA,NA,NA,NA,NA,NA,NA,NA,NA,low_storage,1,5,1,1,0.5,0.080000000000000002,inverse_length,NA,NA,NA,NA,NA,NA
4,c,raw,results/k9_mechanics_sensitivity.csv,6baea83cab61f4c6ca3666d05714b4cfc359b0dcf6a1cd3f322ab791a77042b5,E4,5,0,NA,2,0.001,NA,NA,77,`gtol` termination condition is satisfied.,True,0.00098617329409999991,2915.6150360000001,NA,29,NA,0.80000000000000004,1,0.88888888889999995,149,E4|5|0.001|low_storage|1|2,L_relative_error,0.053651064829999998,5.3651064829999999,percent,100 * raw_value,all 324; noise_fraction==0.001; 77 reads,77,77,NA,NA,NA,NA,NA,NA,NA,NA,NA,NA,NA,NA,low_storage,1,5,1,1,0.5,0.080000000000000002,inverse_length,NA,NA,NA,NA,NA,NA
4,c,raw,results/k9_mechanics_sensitivity.csv,6baea83cab61f4c6ca3666d05714b4cfc359b0dcf6a1cd3f322ab791a77042b5,E4,5,0,NA,2,0.001,NA,NA,77,`gtol` termination condition is satisfied.,True,0.00098617329409999991,2915.6150360000001,NA,29,NA,0.80000000000000004,1,0.88888888889999995,149,E4|5|0.001|low_storage|1|2,C_relative_error,0.15037552009999999,15.037552009999999,percent,100 * raw_value,all 324; noise_fraction==0.001; 77 reads,77,77,NA,NA,NA,NA,NA,NA,NA,NA,NA,NA,NA,NA,low_storage,1,5,1,1,0.5,0.080000000000000002,inverse_length,NA,NA,NA,NA,NA,NA
4,c,raw,results/k9_mechanics_sensitivity.csv,6baea83cab61f4c6ca3666d05714b4cfc359b0dcf6a1cd3f322ab791a77042b5,E4,5,0,NA,0,0.001,NA,NA,77,`gtol` termination condition is satisfied.,True,0.00093056261289999997,2401.5862000000002,NA,28,NA,1,1,1,150,E4|5|0.001|low_storage|2|0,L_relative_error,0.056599431069999998,5.6599431070000001,percent,100 * raw_value,all 324; noise_fraction==0.001; 77 reads,77,77,NA,NA,NA,NA,NA,NA,NA,NA,NA,NA,NA,NA,low_storage,2,5,1,1,0.5,0.080000000000000002,inverse_length,NA,NA,NA,NA,NA,NA
4,c,raw,results/k9_mechanics_sensitivity.csv,6baea83cab61f4c6ca3666d05714b4cfc359b0dcf6a1cd3f322ab791a77042b5,E4,5,0,NA,0,0.001,NA,NA,77,`gtol` termination condition is satisfied.,True,0.00093056261289999997,2401.5862000000002,NA,28,NA,1,1,1,150,E4|5|0.001|low_storage|2|0,C_relative_error,0.1620347298,16.203472980000001,percent,100 * raw_value,all 324; noise_fraction==0.001; 77 reads,77,77,NA,NA,NA,NA,NA,NA,NA,NA,NA,NA,NA,NA,low_storage,2,5,1,1,0.5,0.080000000000000002,inverse_length,NA,NA,NA,NA,NA,NA
4,c,raw,results/k9_mechanics_sensitivity.csv,6baea83cab61f4c6ca3666d05714b4cfc359b0dcf6a1cd3f322ab791a77042b5,E4,5,0,NA,1,0.001,NA,NA,77,`gtol` termination condition is satisfied.,True,0.00098364961239999992,2371.0730290000001,NA,27,NA,0.80000000000000004,1,0.88888888889999995,151,E4|5|0.001|low_storage|2|1,L_relative_error,0.048025769359999998,4.8025769359999995,percent,100 * raw_value,all 324; noise_fraction==0.001; 77 reads,77,77,NA,NA,NA,NA,NA,NA,NA,NA,NA,NA,NA,NA,low_storage,2,5,1,1,0.5,0.080000000000000002,inverse_length,NA,NA,NA,NA,NA,NA
4,c,raw,results/k9_mechanics_sensitivity.csv,6baea83cab61f4c6ca3666d05714b4cfc359b0dcf6a1cd3f322ab791a77042b5,E4,5,0,NA,1,0.001,NA,NA,77,`gtol` termination condition is satisfied.,True,0.00098364961239999992,2371.0730290000001,NA,27,NA,0.80000000000000004,1,0.88888888889999995,151,E4|5|0.001|low_storage|2|1,C_relative_error,0.12865234659999999,12.865234659999999,percent,100 * raw_value,all 324; noise_fraction==0.001; 77 reads,77,77,NA,NA,NA,NA,NA,NA,NA,NA,NA,NA,NA,NA,low_storage,2,5,1,1,0.5,0.080000000000000002,inverse_length,NA,NA,NA,NA,NA,NA
4,c,raw,results/k9_mechanics_sensitivity.csv,6baea83cab61f4c6ca3666d05714b4cfc359b0dcf6a1cd3f322ab791a77042b5,E4,5,0,NA,2,0.001,NA,NA,77,`gtol` termination condition is satisfied.,True,0.00089836122289999997,2437.6108410000002,NA,35,NA,0.80000000000000004,1,0.88888888889999995,152,E4|5|0.001|low_storage|2|2,L_relative_error,0.043772414519999997,4.3772414519999998,percent,100 * raw_value,all 324; noise_fraction==0.001; 77 reads,77,77,NA,NA,NA,NA,NA,NA,NA,NA,NA,NA,NA,NA,low_storage,2,5,1,1,0.5,0.080000000000000002,inverse_length,NA,NA,NA,NA,NA,NA
4,c,raw,results/k9_mechanics_sensitivity.csv,6baea83cab61f4c6ca3666d05714b4cfc359b0dcf6a1cd3f322ab791a77042b5,E4,5,0,NA,2,0.001,NA,NA,77,`gtol` termination condition is satisfied.,True,0.00089836122289999997,2437.6108410000002,NA,35,NA,0.80000000000000004,1,0.88888888889999995,152,E4|5|0.001|low_storage|2|2,C_relative_error,0.1235817488,12.35817488,percent,100 * raw_value,all 324; noise_fraction==0.001; 77 reads,77,77,NA,NA,NA,NA,NA,NA,NA,NA,NA,NA,NA,NA,low_storage,2,5,1,1,0.5,0.080000000000000002,inverse_length,NA,NA,NA,NA,NA,NA
4,c,raw,results/k9_mechanics_sensitivity.csv,6baea83cab61f4c6ca3666d05714b4cfc359b0dcf6a1cd3f322ab791a77042b5,E4,5,0,NA,0,0.001,NA,NA,77,`ftol` termination condition is satisfied.,True,0.00098311988650000011,2559.169453,NA,35,NA,0.80000000000000004,1,0.88888888889999995,153,E4|5|0.001|low_storage|3|0,L_relative_error,0.051600688190000001,5.1600688190000001,percent,100 * raw_value,all 324; noise_fraction==0.001; 77 reads,77,77,NA,NA,NA,NA,NA,NA,NA,NA,NA,NA,NA,NA,low_storage,3,5,1,1,0.5,0.080000000000000002,inverse_length,NA,NA,NA,NA,NA,NA
4,c,raw,results/k9_mechanics_sensitivity.csv,6baea83cab61f4c6ca3666d05714b4cfc359b0dcf6a1cd3f322ab791a77042b5,E4,5,0,NA,0,0.001,NA,NA,77,`ftol` termination condition is satisfied.,True,0.00098311988650000011,2559.169453,NA,35,NA,0.80000000000000004,1,0.88888888889999995,153,E4|5|0.001|low_storage|3|0,C_relative_error,0.1285752147,12.85752147,percent,100 * raw_value,all 324; noise_fraction==0.001; 77 reads,77,77,NA,NA,NA,NA,NA,NA,NA,NA,NA,NA,NA,NA,low_storage,3,5,1,1,0.5,0.080000000000000002,inverse_length,NA,NA,NA,NA,NA,NA
4,c,raw,results/k9_mechanics_sensitivity.csv,6baea83cab61f4c6ca3666d05714b4cfc359b0dcf6a1cd3f322ab791a77042b5,E4,5,0,NA,1,0.001,NA,NA,77,`gtol` termination condition is satisfied.,True,0.00089675900949999997,2603.4992379999999,NA,36,NA,0.80000000000000004,1,0.88888888889999995,154,E4|5|0.001|low_storage|3|1,L_relative_error,0.048495903210000003,4.849590321,percent,100 * raw_value,all 324; noise_fraction==0.001; 77 reads,77,77,NA,NA,NA,NA,NA,NA,NA,NA,NA,NA,NA,NA,low_storage,3,5,1,1,0.5,0.080000000000000002,inverse_length,NA,NA,NA,NA,NA,NA
4,c,raw,results/k9_mechanics_sensitivity.csv,6baea83cab61f4c6ca3666d05714b4cfc359b0dcf6a1cd3f322ab791a77042b5,E4,5,0,NA,1,0.001,NA,NA,77,`gtol` termination condition is satisfied.,True,0.00089675900949999997,2603.4992379999999,NA,36,NA,0.80000000000000004,1,0.88888888889999995,154,E4|5|0.001|low_storage|3|1,C_relative_error,0.14121530360000001,14.121530360000001,percent,100 * raw_value,all 324; noise_fraction==0.001; 77 reads,77,77,NA,NA,NA,NA,NA,NA,NA,NA,NA,NA,NA,NA,low_storage,3,5,1,1,0.5,0.080000000000000002,inverse_length,NA,NA,NA,NA,NA,NA
4,c,raw,results/k9_mechanics_sensitivity.csv,6baea83cab61f4c6ca3666d05714b4cfc359b0dcf6a1cd3f322ab791a77042b5,E4,5,0,NA,2,0.001,NA,NA,77,`gtol` termination condition is satisfied.,True,0.00089576191339999997,3070.495876,NA,28,NA,1,1,1,155,E4|5|0.001|low_storage|3|2,L_relative_error,0.017564418419999998,1.7564418419999999,percent,100 * raw_value,all 324; noise_fraction==0.001; 77 reads,77,77,NA,NA,NA,NA,NA,NA,NA,NA,NA,NA,NA,NA,low_storage,3,5,1,1,0.5,0.080000000000000002,inverse_length,NA,NA,NA,NA,NA,NA
4,c,raw,results/k9_mechanics_sensitivity.csv,6baea83cab61f4c6ca3666d05714b4cfc359b0dcf6a1cd3f322ab791a77042b5,E4,5,0,NA,2,0.001,NA,NA,77,`gtol` termination condition is satisfied.,True,0.00089576191339999997,3070.495876,NA,28,NA,1,1,1,155,E4|5|0.001|low_storage|3|2,C_relative_error,0.41973708459999998,41.973708459999997,percent,100 * raw_value,all 324; noise_fraction==0.001; 77 reads,77,77,NA,NA,NA,NA,NA,NA,NA,NA,NA,NA,NA,NA,low_storage,3,5,1,1,0.5,0.080000000000000002,inverse_length,NA,NA,NA,NA,NA,NA
4,c,raw,results/k9_mechanics_sensitivity.csv,6baea83cab61f4c6ca3666d05714b4cfc359b0dcf6a1cd3f322ab791a77042b5,E4,5,0,NA,0,0.001,NA,NA,77,`ftol` termination condition is satisfied.,True,0.00087804780759999997,2699.8142760000001,NA,29,NA,0.80000000000000004,1,0.88888888889999995,156,E4|5|0.001|high_storage|0|0,L_relative_error,0.026619884119999999,2.6619884119999999,percent,100 * raw_value,all 324; noise_fraction==0.001; 77 reads,77,77,NA,NA,NA,NA,NA,NA,NA,NA,NA,NA,NA,NA,high_storage,0,5,1,1,1.5,0.080000000000000002,inverse_length,NA,NA,NA,NA,NA,NA
4,c,raw,results/k9_mechanics_sensitivity.csv,6baea83cab61f4c6ca3666d05714b4cfc359b0dcf6a1cd3f322ab791a77042b5,E4,5,0,NA,0,0.001,NA,NA,77,`ftol` termination condition is satisfied.,True,0.00087804780759999997,2699.8142760000001,NA,29,NA,0.80000000000000004,1,0.88888888889999995,156,E4|5|0.001|high_storage|0|0,C_relative_error,0.083215622609999998,8.3215622610000004,percent,100 * raw_value,all 324; noise_fraction==0.001; 77 reads,77,77,NA,NA,NA,NA,NA,NA,NA,NA,NA,NA,NA,NA,high_storage,0,5,1,1,1.5,0.080000000000000002,inverse_length,NA,NA,NA,NA,NA,NA
4,c,raw,results/k9_mechanics_sensitivity.csv,6baea83cab61f4c6ca3666d05714b4cfc359b0dcf6a1cd3f322ab791a77042b5,E4,5,0,NA,1,0.001,NA,NA,77,`gtol` termination condition is satisfied.,True,0.00099291304950000002,2875.5031269999999,NA,31,NA,1,1,1,157,E4|5|0.001|high_storage|0|1,L_relative_error,0.01532835068,1.532835068,percent,100 * raw_value,all 324; noise_fraction==0.001; 77 reads,77,77,NA,NA,NA,NA,NA,NA,NA,NA,NA,NA,NA,NA,high_storage,0,5,1,1,1.5,0.080000000000000002,inverse_length,NA,NA,NA,NA,NA,NA
4,c,raw,results/k9_mechanics_sensitivity.csv,6baea83cab61f4c6ca3666d05714b4cfc359b0dcf6a1cd3f322ab791a77042b5,E4,5,0,NA,1,0.001,NA,NA,77,`gtol` termination condition is satisfied.,True,0.00099291304950000002,2875.5031269999999,NA,31,NA,1,1,1,157,E4|5|0.001|high_storage|0|1,C_relative_error,0.063407850690000003,6.3407850690000007,percent,100 * raw_value,all 324; noise_fraction==0.001; 77 reads,77,77,NA,NA,NA,NA,NA,NA,NA,NA,NA,NA,NA,NA,high_storage,0,5,1,1,1.5,0.080000000000000002,inverse_length,NA,NA,NA,NA,NA,NA
4,c,raw,results/k9_mechanics_sensitivity.csv,6baea83cab61f4c6ca3666d05714b4cfc359b0dcf6a1cd3f322ab791a77042b5,E4,5,0,NA,2,0.001,NA,NA,77,`ftol` termination condition is satisfied.,True,0.00096409976410000001,2659.8495090000001,NA,30,NA,1,1,1,158,E4|5|0.001|high_storage|0|2,L_relative_error,0.031695981669999998,3.1695981669999997,percent,100 * raw_value,all 324; noise_fraction==0.001; 77 reads,77,77,NA,NA,NA,NA,NA,NA,NA,NA,NA,NA,NA,NA,high_storage,0,5,1,1,1.5,0.080000000000000002,inverse_length,NA,NA,NA,NA,NA,NA
4,c,raw,results/k9_mechanics_sensitivity.csv,6baea83cab61f4c6ca3666d05714b4cfc359b0dcf6a1cd3f322ab791a77042b5,E4,5,0,NA,2,0.001,NA,NA,77,`ftol` termination condition is satisfied.,True,0.00096409976410000001,2659.8495090000001,NA,30,NA,1,1,1,158,E4|5|0.001|high_storage|0|2,C_relative_error,0.15633055239999999,15.633055239999999,percent,100 * raw_value,all 324; noise_fraction==0.001; 77 reads,77,77,NA,NA,NA,NA,NA,NA,NA,NA,NA,NA,NA,NA,high_storage,0,5,1,1,1.5,0.080000000000000002,inverse_length,NA,NA,NA,NA,NA,NA
4,c,raw,results/k9_mechanics_sensitivity.csv,6baea83cab61f4c6ca3666d05714b4cfc359b0dcf6a1cd3f322ab791a77042b5,E4,5,0,NA,0,0.001,NA,NA,77,`gtol` termination condition is satisfied.,True,0.00099485679599999998,2682.7359750000001,NA,30,NA,1,1,1,159,E4|5|0.001|high_storage|1|0,L_relative_error,0.01524017121,1.524017121,percent,100 * raw_value,all 324; noise_fraction==0.001; 77 reads,77,77,NA,NA,NA,NA,NA,NA,NA,NA,NA,NA,NA,NA,high_storage,1,5,1,1,1.5,0.080000000000000002,inverse_length,NA,NA,NA,NA,NA,NA
4,c,raw,results/k9_mechanics_sensitivity.csv,6baea83cab61f4c6ca3666d05714b4cfc359b0dcf6a1cd3f322ab791a77042b5,E4,5,0,NA,0,0.001,NA,NA,77,`gtol` termination condition is satisfied.,True,0.00099485679599999998,2682.7359750000001,NA,30,NA,1,1,1,159,E4|5|0.001|high_storage|1|0,C_relative_error,0.060457337979999998,6.0457337979999997,percent,100 * raw_value,all 324; noise_fraction==0.001; 77 reads,77,77,NA,NA,NA,NA,NA,NA,NA,NA,NA,NA,NA,NA,high_storage,1,5,1,1,1.5,0.080000000000000002,inverse_length,NA,NA,NA,NA,NA,NA
4,c,raw,results/k9_mechanics_sensitivity.csv,6baea83cab61f4c6ca3666d05714b4cfc359b0dcf6a1cd3f322ab791a77042b5,E4,5,0,NA,1,0.001,NA,NA,77,`ftol` termination condition is satisfied.,True,0.0009652404935,2513.464324,NA,41,NA,1,1,1,160,E4|5|0.001|high_storage|1|1,L_relative_error,0.027835605320000002,2.7835605320000001,percent,100 * raw_value,all 324; noise_fraction==0.001; 77 reads,77,77,NA,NA,NA,NA,NA,NA,NA,NA,NA,NA,NA,NA,high_storage,1,5,1,1,1.5,0.080000000000000002,inverse_length,NA,NA,NA,NA,NA,NA
4,c,raw,results/k9_mechanics_sensitivity.csv,6baea83cab61f4c6ca3666d05714b4cfc359b0dcf6a1cd3f322ab791a77042b5,E4,5,0,NA,1,0.001,NA,NA,77,`ftol` termination condition is satisfied.,True,0.0009652404935,2513.464324,NA,41,NA,1,1,1,160,E4|5|0.001|high_storage|1|1,C_relative_error,0.1541726326,15.41726326,percent,100 * raw_value,all 324; noise_fraction==0.001; 77 reads,77,77,NA,NA,NA,NA,NA,NA,NA,NA,NA,NA,NA,NA,high_storage,1,5,1,1,1.5,0.080000000000000002,inverse_length,NA,NA,NA,NA,NA,NA
4,c,raw,results/k9_mechanics_sensitivity.csv,6baea83cab61f4c6ca3666d05714b4cfc359b0dcf6a1cd3f322ab791a77042b5,E4,5,0,NA,2,0.001,NA,NA,77,`gtol` termination condition is satisfied.,True,0.00073971896890000005,2286.0754710000001,NA,26,NA,0.80000000000000004,1,0.88888888889999995,161,E4|5|0.001|high_storage|1|2,L_relative_error,0.082125933779999993,8.2125933779999993,percent,100 * raw_value,all 324; noise_fraction==0.001; 77 reads,77,77,NA,NA,NA,NA,NA,NA,NA,NA,NA,NA,NA,NA,high_storage,1,5,1,1,1.5,0.080000000000000002,inverse_length,NA,NA,NA,NA,NA,NA
4,c,raw,results/k9_mechanics_sensitivity.csv,6baea83cab61f4c6ca3666d05714b4cfc359b0dcf6a1cd3f322ab791a77042b5,E4,5,0,NA,2,0.001,NA,NA,77,`gtol` termination condition is satisfied.,True,0.00073971896890000005,2286.0754710000001,NA,26,NA,0.80000000000000004,1,0.88888888889999995,161,E4|5|0.001|high_storage|1|2,C_relative_error,0.054041557849999998,5.4041557849999995,percent,100 * raw_value,all 324; noise_fraction==0.001; 77 reads,77,77,NA,NA,NA,NA,NA,NA,NA,NA,NA,NA,NA,NA,high_storage,1,5,1,1,1.5,0.080000000000000002,inverse_length,NA,NA,NA,NA,NA,NA
4,c,raw,results/k9_mechanics_sensitivity.csv,6baea83cab61f4c6ca3666d05714b4cfc359b0dcf6a1cd3f322ab791a77042b5,E4,5,0,NA,0,0.001,NA,NA,77,`ftol` termination condition is satisfied.,True,0.00096320964919999999,2754.9621499999998,NA,27,NA,1,1,1,162,E4|5|0.001|high_storage|2|0,L_relative_error,0.030515757389999999,3.051575739,percent,100 * raw_value,all 324; noise_fraction==0.001; 77 reads,77,77,NA,NA,NA,NA,NA,NA,NA,NA,NA,NA,NA,NA,high_storage,2,5,1,1,1.5,0.080000000000000002,inverse_length,NA,NA,NA,NA,NA,NA
4,c,raw,results/k9_mechanics_sensitivity.csv,6baea83cab61f4c6ca3666d05714b4cfc359b0dcf6a1cd3f322ab791a77042b5,E4,5,0,NA,0,0.001,NA,NA,77,`ftol` termination condition is satisfied.,True,0.00096320964919999999,2754.9621499999998,NA,27,NA,1,1,1,162,E4|5|0.001|high_storage|2|0,C_relative_error,0.17043531410000001,17.04353141,percent,100 * raw_value,all 324; noise_fraction==0.001; 77 reads,77,77,NA,NA,NA,NA,NA,NA,NA,NA,NA,NA,NA,NA,high_storage,2,5,1,1,1.5,0.080000000000000002,inverse_length,NA,NA,NA,NA,NA,NA
4,c,raw,results/k9_mechanics_sensitivity.csv,6baea83cab61f4c6ca3666d05714b4cfc359b0dcf6a1cd3f322ab791a77042b5,E4,5,0,NA,1,0.001,NA,NA,77,`gtol` termination condition is satisfied.,True,0.00074111518409999998,2485.5800880000002,NA,24,NA,0.80000000000000004,1,0.88888888889999995,163,E4|5|0.001|high_storage|2|1,L_relative_error,0.088181348440000001,8.8181348439999994,percent,100 * raw_value,all 324; noise_fraction==0.001; 77 reads,77,77,NA,NA,NA,NA,NA,NA,NA,NA,NA,NA,NA,NA,high_storage,2,5,1,1,1.5,0.080000000000000002,inverse_length,NA,NA,NA,NA,NA,NA
4,c,raw,results/k9_mechanics_sensitivity.csv,6baea83cab61f4c6ca3666d05714b4cfc359b0dcf6a1cd3f322ab791a77042b5,E4,5,0,NA,1,0.001,NA,NA,77,`gtol` termination condition is satisfied.,True,0.00074111518409999998,2485.5800880000002,NA,24,NA,0.80000000000000004,1,0.88888888889999995,163,E4|5|0.001|high_storage|2|1,C_relative_error,0.04706215037,4.7062150369999998,percent,100 * raw_value,all 324; noise_fraction==0.001; 77 reads,77,77,NA,NA,NA,NA,NA,NA,NA,NA,NA,NA,NA,NA,high_storage,2,5,1,1,1.5,0.080000000000000002,inverse_length,NA,NA,NA,NA,NA,NA
4,c,raw,results/k9_mechanics_sensitivity.csv,6baea83cab61f4c6ca3666d05714b4cfc359b0dcf6a1cd3f322ab791a77042b5,E4,5,0,NA,2,0.001,NA,NA,77,`gtol` termination condition is satisfied.,True,0.0010429956519999999,2935.2082519999999,NA,31,NA,1,1,1,164,E4|5|0.001|high_storage|2|2,L_relative_error,0.011617061769999999,1.1617061769999999,percent,100 * raw_value,all 324; noise_fraction==0.001; 77 reads,77,77,NA,NA,NA,NA,NA,NA,NA,NA,NA,NA,NA,NA,high_storage,2,5,1,1,1.5,0.080000000000000002,inverse_length,NA,NA,NA,NA,NA,NA
4,c,raw,results/k9_mechanics_sensitivity.csv,6baea83cab61f4c6ca3666d05714b4cfc359b0dcf6a1cd3f322ab791a77042b5,E4,5,0,NA,2,0.001,NA,NA,77,`gtol` termination condition is satisfied.,True,0.0010429956519999999,2935.2082519999999,NA,31,NA,1,1,1,164,E4|5|0.001|high_storage|2|2,C_relative_error,0.093782378599999994,9.3782378599999987,percent,100 * raw_value,all 324; noise_fraction==0.001; 77 reads,77,77,NA,NA,NA,NA,NA,NA,NA,NA,NA,NA,NA,NA,high_storage,2,5,1,1,1.5,0.080000000000000002,inverse_length,NA,NA,NA,NA,NA,NA
4,c,raw,results/k9_mechanics_sensitivity.csv,6baea83cab61f4c6ca3666d05714b4cfc359b0dcf6a1cd3f322ab791a77042b5,E4,5,0,NA,0,0.001,NA,NA,77,`gtol` termination condition is satisfied.,True,0.00074284906369999999,2535.134888,NA,27,NA,0.80000000000000004,1,0.88888888889999995,165,E4|5|0.001|high_storage|3|0,L_relative_error,0.090071700460000001,9.0071700460000006,percent,100 * raw_value,all 324; noise_fraction==0.001; 77 reads,77,77,NA,NA,NA,NA,NA,NA,NA,NA,NA,NA,NA,NA,high_storage,3,5,1,1,1.5,0.080000000000000002,inverse_length,NA,NA,NA,NA,NA,NA
4,c,raw,results/k9_mechanics_sensitivity.csv,6baea83cab61f4c6ca3666d05714b4cfc359b0dcf6a1cd3f322ab791a77042b5,E4,5,0,NA,0,0.001,NA,NA,77,`gtol` termination condition is satisfied.,True,0.00074284906369999999,2535.134888,NA,27,NA,0.80000000000000004,1,0.88888888889999995,165,E4|5|0.001|high_storage|3|0,C_relative_error,0.062955118249999997,6.2955118250000002,percent,100 * raw_value,all 324; noise_fraction==0.001; 77 reads,77,77,NA,NA,NA,NA,NA,NA,NA,NA,NA,NA,NA,NA,high_storage,3,5,1,1,1.5,0.080000000000000002,inverse_length,NA,NA,NA,NA,NA,NA
4,c,raw,results/k9_mechanics_sensitivity.csv,6baea83cab61f4c6ca3666d05714b4cfc359b0dcf6a1cd3f322ab791a77042b5,E4,5,0,NA,1,0.001,NA,NA,77,`gtol` termination condition is satisfied.,True,0.0010365769419999999,3004.2260139999999,NA,35,NA,1,1,1,166,E4|5|0.001|high_storage|3|1,L_relative_error,0.01149965924,1.149965924,percent,100 * raw_value,all 324; noise_fraction==0.001; 77 reads,77,77,NA,NA,NA,NA,NA,NA,NA,NA,NA,NA,NA,NA,high_storage,3,5,1,1,1.5,0.080000000000000002,inverse_length,NA,NA,NA,NA,NA,NA
4,c,raw,results/k9_mechanics_sensitivity.csv,6baea83cab61f4c6ca3666d05714b4cfc359b0dcf6a1cd3f322ab791a77042b5,E4,5,0,NA,1,0.001,NA,NA,77,`gtol` termination condition is satisfied.,True,0.0010365769419999999,3004.2260139999999,NA,35,NA,1,1,1,166,E4|5|0.001|high_storage|3|1,C_relative_error,0.10104813610000001,10.104813610000001,percent,100 * raw_value,all 324; noise_fraction==0.001; 77 reads,77,77,NA,NA,NA,NA,NA,NA,NA,NA,NA,NA,NA,NA,high_storage,3,5,1,1,1.5,0.080000000000000002,inverse_length,NA,NA,NA,NA,NA,NA
4,c,raw,results/k9_mechanics_sensitivity.csv,6baea83cab61f4c6ca3666d05714b4cfc359b0dcf6a1cd3f322ab791a77042b5,E4,5,0,NA,2,0.001,NA,NA,77,`ftol` termination condition is satisfied.,True,0.00095525999380000005,2918.9035629999998,NA,36,NA,1,1,1,167,E4|5|0.001|high_storage|3|2,L_relative_error,0.02565966251,2.5659662509999999,percent,100 * raw_value,all 324; noise_fraction==0.001; 77 reads,77,77,NA,NA,NA,NA,NA,NA,NA,NA,NA,NA,NA,NA,high_storage,3,5,1,1,1.5,0.080000000000000002,inverse_length,NA,NA,NA,NA,NA,NA
4,c,raw,results/k9_mechanics_sensitivity.csv,6baea83cab61f4c6ca3666d05714b4cfc359b0dcf6a1cd3f322ab791a77042b5,E4,5,0,NA,2,0.001,NA,NA,77,`ftol` termination condition is satisfied.,True,0.00095525999380000005,2918.9035629999998,NA,36,NA,1,1,1,167,E4|5|0.001|high_storage|3|2,C_relative_error,0.17856306199999999,17.856306199999999,percent,100 * raw_value,all 324; noise_fraction==0.001; 77 reads,77,77,NA,NA,NA,NA,NA,NA,NA,NA,NA,NA,NA,NA,high_storage,3,5,1,1,1.5,0.080000000000000002,inverse_length,NA,NA,NA,NA,NA,NA
4,c,raw,results/k9_mechanics_sensitivity.csv,6baea83cab61f4c6ca3666d05714b4cfc359b0dcf6a1cd3f322ab791a77042b5,E4,5,0,NA,0,0.001,NA,NA,77,`ftol` termination condition is satisfied.,True,0.00092682828790000005,289154.67369999998,NA,98,NA,0.80000000000000004,1,0.88888888889999995,168,E4|5|0.001|low_edge_ratio|0|0,L_relative_error,0.33995174579999998,33.995174579999997,percent,100 * raw_value,all 324; noise_fraction==0.001; 77 reads,77,77,NA,NA,NA,NA,NA,NA,NA,NA,NA,NA,NA,NA,low_edge_ratio,0,1.25,1,1,1,0.080000000000000002,inverse_length,NA,NA,NA,NA,NA,NA
4,c,raw,results/k9_mechanics_sensitivity.csv,6baea83cab61f4c6ca3666d05714b4cfc359b0dcf6a1cd3f322ab791a77042b5,E4,5,0,NA,0,0.001,NA,NA,77,`ftol` termination condition is satisfied.,True,0.00092682828790000005,289154.67369999998,NA,98,NA,0.80000000000000004,1,0.88888888889999995,168,E4|5|0.001|low_edge_ratio|0|0,C_relative_error,0.42645099409999998,42.64509941,percent,100 * raw_value,all 324; noise_fraction==0.001; 77 reads,77,77,NA,NA,NA,NA,NA,NA,NA,NA,NA,NA,NA,NA,low_edge_ratio,0,1.25,1,1,1,0.080000000000000002,inverse_length,NA,NA,NA,NA,NA,NA
4,c,raw,results/k9_mechanics_sensitivity.csv,6baea83cab61f4c6ca3666d05714b4cfc359b0dcf6a1cd3f322ab791a77042b5,E4,5,0,NA,1,0.001,NA,NA,77,`ftol` termination condition is satisfied.,True,0.0010073246139999999,334288.91759999999,NA,100,NA,1,1,1,169,E4|5|0.001|low_edge_ratio|0|1,L_relative_error,0.080580016680000005,8.0580016680000011,percent,100 * raw_value,all 324; noise_fraction==0.001; 77 reads,77,77,NA,NA,NA,NA,NA,NA,NA,NA,NA,NA,NA,NA,low_edge_ratio,0,1.25,1,1,1,0.080000000000000002,inverse_length,NA,NA,NA,NA,NA,NA
4,c,raw,results/k9_mechanics_sensitivity.csv,6baea83cab61f4c6ca3666d05714b4cfc359b0dcf6a1cd3f322ab791a77042b5,E4,5,0,NA,1,0.001,NA,NA,77,`ftol` termination condition is satisfied.,True,0.0010073246139999999,334288.91759999999,NA,100,NA,1,1,1,169,E4|5|0.001|low_edge_ratio|0|1,C_relative_error,0.78928954279999997,78.928954279999999,percent,100 * raw_value,all 324; noise_fraction==0.001; 77 reads,77,77,NA,NA,NA,NA,NA,NA,NA,NA,NA,NA,NA,NA,low_edge_ratio,0,1.25,1,1,1,0.080000000000000002,inverse_length,NA,NA,NA,NA,NA,NA
4,c,raw,results/k9_mechanics_sensitivity.csv,6baea83cab61f4c6ca3666d05714b4cfc359b0dcf6a1cd3f322ab791a77042b5,E4,5,0,NA,2,0.001,NA,NA,77,`ftol` termination condition is satisfied.,True,0.00086883395560000002,250867.2157,NA,86,NA,1,1,1,170,E4|5|0.001|low_edge_ratio|0|2,L_relative_error,0.1481975213,14.819752129999999,percent,100 * raw_value,all 324; noise_fraction==0.001; 77 reads,77,77,NA,NA,NA,NA,NA,NA,NA,NA,NA,NA,NA,NA,low_edge_ratio,0,1.25,1,1,1,0.080000000000000002,inverse_length,NA,NA,NA,NA,NA,NA
4,c,raw,results/k9_mechanics_sensitivity.csv,6baea83cab61f4c6ca3666d05714b4cfc359b0dcf6a1cd3f322ab791a77042b5,E4,5,0,NA,2,0.001,NA,NA,77,`ftol` termination condition is satisfied.,True,0.00086883395560000002,250867.2157,NA,86,NA,1,1,1,170,E4|5|0.001|low_edge_ratio|0|2,C_relative_error,0.56950162429999995,56.950162429999992,percent,100 * raw_value,all 324; noise_fraction==0.001; 77 reads,77,77,NA,NA,NA,NA,NA,NA,NA,NA,NA,NA,NA,NA,low_edge_ratio,0,1.25,1,1,1,0.080000000000000002,inverse_length,NA,NA,NA,NA,NA,NA
4,c,raw,results/k9_mechanics_sensitivity.csv,6baea83cab61f4c6ca3666d05714b4cfc359b0dcf6a1cd3f322ab791a77042b5,E4,5,0,NA,0,0.001,NA,NA,77,`gtol` termination condition is satisfied.,True,0.001000061175,323569.53200000001,NA,90,NA,1,1,1,171,E4|5|0.001|low_edge_ratio|1|0,L_relative_error,0.082423312410000005,8.2423312410000005,percent,100 * raw_value,all 324; noise_fraction==0.001; 77 reads,77,77,NA,NA,NA,NA,NA,NA,NA,NA,NA,NA,NA,NA,low_edge_ratio,1,1.25,1,1,1,0.080000000000000002,inverse_length,NA,NA,NA,NA,NA,NA
4,c,raw,results/k9_mechanics_sensitivity.csv,6baea83cab61f4c6ca3666d05714b4cfc359b0dcf6a1cd3f322ab791a77042b5,E4,5,0,NA,0,0.001,NA,NA,77,`gtol` termination condition is satisfied.,True,0.001000061175,323569.53200000001,NA,90,NA,1,1,1,171,E4|5|0.001|low_edge_ratio|1|0,C_relative_error,0.77544120670000005,77.544120670000012,percent,100 * raw_value,all 324; noise_fraction==0.001; 77 reads,77,77,NA,NA,NA,NA,NA,NA,NA,NA,NA,NA,NA,NA,low_edge_ratio,1,1.25,1,1,1,0.080000000000000002,inverse_length,NA,NA,NA,NA,NA,NA
4,c,raw,results/k9_mechanics_sensitivity.csv,6baea83cab61f4c6ca3666d05714b4cfc359b0dcf6a1cd3f322ab791a77042b5,E4,5,0,NA,1,0.001,NA,NA,77,`ftol` termination condition is satisfied.,True,0.00087088377059999997,243857.70550000001,NA,75,NA,1,1,1,172,E4|5|0.001|low_edge_ratio|1|1,L_relative_error,0.150172993,15.017299300000001,percent,100 * raw_value,all 324; noise_fraction==0.001; 77 reads,77,77,NA,NA,NA,NA,NA,NA,NA,NA,NA,NA,NA,NA,low_edge_ratio,1,1.25,1,1,1,0.080000000000000002,inverse_length,NA,NA,NA,NA,NA,NA
4,c,raw,results/k9_mechanics_sensitivity.csv,6baea83cab61f4c6ca3666d05714b4cfc359b0dcf6a1cd3f322ab791a77042b5,E4,5,0,NA,1,0.001,NA,NA,77,`ftol` termination condition is satisfied.,True,0.00087088377059999997,243857.70550000001,NA,75,NA,1,1,1,172,E4|5|0.001|low_edge_ratio|1|1,C_relative_error,0.5953379835,59.533798349999998,percent,100 * raw_value,all 324; noise_fraction==0.001; 77 reads,77,77,NA,NA,NA,NA,NA,NA,NA,NA,NA,NA,NA,NA,low_edge_ratio,1,1.25,1,1,1,0.080000000000000002,inverse_length,NA,NA,NA,NA,NA,NA
4,c,raw,results/k9_mechanics_sensitivity.csv,6baea83cab61f4c6ca3666d05714b4cfc359b0dcf6a1cd3f322ab791a77042b5,E4,5,0,NA,2,0.001,NA,NA,77,`ftol` termination condition is satisfied.,True,0.00097443023050000003,346203.2451,NA,88,NA,1,1,1,173,E4|5|0.001|low_edge_ratio|1|2,L_relative_error,0.19245586100000001,19.245586100000001,percent,100 * raw_value,all 324; noise_fraction==0.001; 77 reads,77,77,NA,NA,NA,NA,NA,NA,NA,NA,NA,NA,NA,NA,low_edge_ratio,1,1.25,1,1,1,0.080000000000000002,inverse_length,NA,NA,NA,NA,NA,NA
4,c,raw,results/k9_mechanics_sensitivity.csv,6baea83cab61f4c6ca3666d05714b4cfc359b0dcf6a1cd3f322ab791a77042b5,E4,5,0,NA,2,0.001,NA,NA,77,`ftol` termination condition is satisfied.,True,0.00097443023050000003,346203.2451,NA,88,NA,1,1,1,173,E4|5|0.001|low_edge_ratio|1|2,C_relative_error,0.505992039,50.599203899999999,percent,100 * raw_value,all 324; noise_fraction==0.001; 77 reads,77,77,NA,NA,NA,NA,NA,NA,NA,NA,NA,NA,NA,NA,low_edge_ratio,1,1.25,1,1,1,0.080000000000000002,inverse_length,NA,NA,NA,NA,NA,NA
4,c,raw,results/k9_mechanics_sensitivity.csv,6baea83cab61f4c6ca3666d05714b4cfc359b0dcf6a1cd3f322ab791a77042b5,E4,5,0,NA,0,0.001,NA,NA,77,`ftol` termination condition is satisfied.,True,0.00086885641760000003,313197.54670000001,NA,102,NA,0.80000000000000004,1,0.88888888889999995,174,E4|5|0.001|low_edge_ratio|2|0,L_relative_error,0.19386545429999999,19.386545429999998,percent,100 * raw_value,all 324; noise_fraction==0.001; 77 reads,77,77,NA,NA,NA,NA,NA,NA,NA,NA,NA,NA,NA,NA,low_edge_ratio,2,1.25,1,1,1,0.080000000000000002,inverse_length,NA,NA,NA,NA,NA,NA
4,c,raw,results/k9_mechanics_sensitivity.csv,6baea83cab61f4c6ca3666d05714b4cfc359b0dcf6a1cd3f322ab791a77042b5,E4,5,0,NA,0,0.001,NA,NA,77,`ftol` termination condition is satisfied.,True,0.00086885641760000003,313197.54670000001,NA,102,NA,0.80000000000000004,1,0.88888888889999995,174,E4|5|0.001|low_edge_ratio|2|0,C_relative_error,0.65443751640000003,65.443751640000002,percent,100 * raw_value,all 324; noise_fraction==0.001; 77 reads,77,77,NA,NA,NA,NA,NA,NA,NA,NA,NA,NA,NA,NA,low_edge_ratio,2,1.25,1,1,1,0.080000000000000002,inverse_length,NA,NA,NA,NA,NA,NA
4,c,raw,results/k9_mechanics_sensitivity.csv,6baea83cab61f4c6ca3666d05714b4cfc359b0dcf6a1cd3f322ab791a77042b5,E4,5,0,NA,1,0.001,NA,NA,77,`gtol` termination condition is satisfied.,True,0.00097310881180000003,515037.95500000002,NA,117,NA,1,1,1,175,E4|5|0.001|low_edge_ratio|2|1,L_relative_error,0.3070913106,30.709131060000001,percent,100 * raw_value,all 324; noise_fraction==0.001; 77 reads,77,77,NA,NA,NA,NA,NA,NA,NA,NA,NA,NA,NA,NA,low_edge_ratio,2,1.25,1,1,1,0.080000000000000002,inverse_length,NA,NA,NA,NA,NA,NA
4,c,raw,results/k9_mechanics_sensitivity.csv,6baea83cab61f4c6ca3666d05714b4cfc359b0dcf6a1cd3f322ab791a77042b5,E4,5,0,NA,1,0.001,NA,NA,77,`gtol` termination condition is satisfied.,True,0.00097310881180000003,515037.95500000002,NA,117,NA,1,1,1,175,E4|5|0.001|low_edge_ratio|2|1,C_relative_error,0.57943984729999998,57.943984729999997,percent,100 * raw_value,all 324; noise_fraction==0.001; 77 reads,77,77,NA,NA,NA,NA,NA,NA,NA,NA,NA,NA,NA,NA,low_edge_ratio,2,1.25,1,1,1,0.080000000000000002,inverse_length,NA,NA,NA,NA,NA,NA
4,c,raw,results/k9_mechanics_sensitivity.csv,6baea83cab61f4c6ca3666d05714b4cfc359b0dcf6a1cd3f322ab791a77042b5,E4,5,0,NA,2,0.001,NA,NA,77,`gtol` termination condition is satisfied.,True,0.00071642811769999999,96801.103789999994,NA,107,NA,0.75,0.75,0.75,176,E4|5|0.001|low_edge_ratio|2|2,L_relative_error,0.4152460281,41.524602809999998,percent,100 * raw_value,all 324; noise_fraction==0.001; 77 reads,77,77,NA,NA,NA,NA,NA,NA,NA,NA,NA,NA,NA,NA,low_edge_ratio,2,1.25,1,1,1,0.080000000000000002,inverse_length,NA,NA,NA,NA,NA,NA
4,c,raw,results/k9_mechanics_sensitivity.csv,6baea83cab61f4c6ca3666d05714b4cfc359b0dcf6a1cd3f322ab791a77042b5,E4,5,0,NA,2,0.001,NA,NA,77,`gtol` termination condition is satisfied.,True,0.00071642811769999999,96801.103789999994,NA,107,NA,0.75,0.75,0.75,176,E4|5|0.001|low_edge_ratio|2|2,C_relative_error,3.3826041519999999,338.26041520000001,percent,100 * raw_value,all 324; noise_fraction==0.001; 77 reads,77,77,NA,NA,NA,NA,NA,NA,NA,NA,NA,NA,NA,NA,low_edge_ratio,2,1.25,1,1,1,0.080000000000000002,inverse_length,NA,NA,NA,NA,NA,NA
4,c,raw,results/k9_mechanics_sensitivity.csv,6baea83cab61f4c6ca3666d05714b4cfc359b0dcf6a1cd3f322ab791a77042b5,E4,5,0,NA,0,0.001,NA,NA,77,`ftol` termination condition is satisfied.,True,0.00097142913590000002,324973.86810000002,NA,79,NA,1,1,1,177,E4|5|0.001|low_edge_ratio|3|0,L_relative_error,0.22103126270000001,22.103126270000001,percent,100 * raw_value,all 324; noise_fraction==0.001; 77 reads,77,77,NA,NA,NA,NA,NA,NA,NA,NA,NA,NA,NA,NA,low_edge_ratio,3,1.25,1,1,1,0.080000000000000002,inverse_length,NA,NA,NA,NA,NA,NA
4,c,raw,results/k9_mechanics_sensitivity.csv,6baea83cab61f4c6ca3666d05714b4cfc359b0dcf6a1cd3f322ab791a77042b5,E4,5,0,NA,0,0.001,NA,NA,77,`ftol` termination condition is satisfied.,True,0.00097142913590000002,324973.86810000002,NA,79,NA,1,1,1,177,E4|5|0.001|low_edge_ratio|3|0,C_relative_error,0.59951887159999995,59.951887159999998,percent,100 * raw_value,all 324; noise_fraction==0.001; 77 reads,77,77,NA,NA,NA,NA,NA,NA,NA,NA,NA,NA,NA,NA,low_edge_ratio,3,1.25,1,1,1,0.080000000000000002,inverse_length,NA,NA,NA,NA,NA,NA
4,c,raw,results/k9_mechanics_sensitivity.csv,6baea83cab61f4c6ca3666d05714b4cfc359b0dcf6a1cd3f322ab791a77042b5,E4,5,0,NA,1,0.001,NA,NA,77,`gtol` termination condition is satisfied.,True,0.00071621414150000004,65206.96329,NA,91,NA,0.75,0.75,0.75,178,E4|5|0.001|low_edge_ratio|3|1,L_relative_error,0.3511353136,35.113531360000003,percent,100 * raw_value,all 324; noise_fraction==0.001; 77 reads,77,77,NA,NA,NA,NA,NA,NA,NA,NA,NA,NA,NA,NA,low_edge_ratio,3,1.25,1,1,1,0.080000000000000002,inverse_length,NA,NA,NA,NA,NA,NA
4,c,raw,results/k9_mechanics_sensitivity.csv,6baea83cab61f4c6ca3666d05714b4cfc359b0dcf6a1cd3f322ab791a77042b5,E4,5,0,NA,1,0.001,NA,NA,77,`gtol` termination condition is satisfied.,True,0.00071621414150000004,65206.96329,NA,91,NA,0.75,0.75,0.75,178,E4|5|0.001|low_edge_ratio|3|1,C_relative_error,2.3883333750000002,238.83333750000003,percent,100 * raw_value,all 324; noise_fraction==0.001; 77 reads,77,77,NA,NA,NA,NA,NA,NA,NA,NA,NA,NA,NA,NA,low_edge_ratio,3,1.25,1,1,1,0.080000000000000002,inverse_length,NA,NA,NA,NA,NA,NA
4,c,raw,results/k9_mechanics_sensitivity.csv,6baea83cab61f4c6ca3666d05714b4cfc359b0dcf6a1cd3f322ab791a77042b5,E4,5,0,NA,2,0.001,NA,NA,77,`ftol` termination condition is satisfied.,True,0.00079002912040000001,19481.186799999999,NA,72,NA,1,1,1,179,E4|5|0.001|low_edge_ratio|3|2,L_relative_error,0.1739043864,17.390438639999999,percent,100 * raw_value,all 324; noise_fraction==0.001; 77 reads,77,77,NA,NA,NA,NA,NA,NA,NA,NA,NA,NA,NA,NA,low_edge_ratio,3,1.25,1,1,1,0.080000000000000002,inverse_length,NA,NA,NA,NA,NA,NA
4,c,raw,results/k9_mechanics_sensitivity.csv,6baea83cab61f4c6ca3666d05714b4cfc359b0dcf6a1cd3f322ab791a77042b5,E4,5,0,NA,2,0.001,NA,NA,77,`ftol` termination condition is satisfied.,True,0.00079002912040000001,19481.186799999999,NA,72,NA,1,1,1,179,E4|5|0.001|low_edge_ratio|3|2,C_relative_error,4.20897962,420.89796200000001,percent,100 * raw_value,all 324; noise_fraction==0.001; 77 reads,77,77,NA,NA,NA,NA,NA,NA,NA,NA,NA,NA,NA,NA,low_edge_ratio,3,1.25,1,1,1,0.080000000000000002,inverse_length,NA,NA,NA,NA,NA,NA
4,c,raw,results/k9_mechanics_sensitivity.csv,6baea83cab61f4c6ca3666d05714b4cfc359b0dcf6a1cd3f322ab791a77042b5,E4,5,0,NA,0,0.001,NA,NA,77,`ftol` termination condition is satisfied.,True,0.00091403870800000004,1966.380866,NA,27,NA,0.80000000000000004,1,0.88888888889999995,180,E4|5|0.001|high_edge_ratio|0|0,L_relative_error,0.06724156849,6.7241568489999999,percent,100 * raw_value,all 324; noise_fraction==0.001; 77 reads,77,77,NA,NA,NA,NA,NA,NA,NA,NA,NA,NA,NA,NA,high_edge_ratio,0,10,1,1,1,0.080000000000000002,inverse_length,NA,NA,NA,NA,NA,NA
4,c,raw,results/k9_mechanics_sensitivity.csv,6baea83cab61f4c6ca3666d05714b4cfc359b0dcf6a1cd3f322ab791a77042b5,E4,5,0,NA,0,0.001,NA,NA,77,`ftol` termination condition is satisfied.,True,0.00091403870800000004,1966.380866,NA,27,NA,0.80000000000000004,1,0.88888888889999995,180,E4|5|0.001|high_edge_ratio|0|0,C_relative_error,0.042793830290000001,4.2793830289999999,percent,100 * raw_value,all 324; noise_fraction==0.001; 77 reads,77,77,NA,NA,NA,NA,NA,NA,NA,NA,NA,NA,NA,NA,high_edge_ratio,0,10,1,1,1,0.080000000000000002,inverse_length,NA,NA,NA,NA,NA,NA
4,c,raw,results/k9_mechanics_sensitivity.csv,6baea83cab61f4c6ca3666d05714b4cfc359b0dcf6a1cd3f322ab791a77042b5,E4,5,0,NA,1,0.001,NA,NA,77,`ftol` termination condition is satisfied.,True,0.00091407999760000005,2359.5826649999999,NA,34,NA,1,1,1,181,E4|5|0.001|high_edge_ratio|0|1,L_relative_error,0.0069075783290000001,0.69075783290000004,percent,100 * raw_value,all 324; noise_fraction==0.001; 77 reads,77,77,NA,NA,NA,NA,NA,NA,NA,NA,NA,NA,NA,NA,high_edge_ratio,0,10,1,1,1,0.080000000000000002,inverse_length,NA,NA,NA,NA,NA,NA
4,c,raw,results/k9_mechanics_sensitivity.csv,6baea83cab61f4c6ca3666d05714b4cfc359b0dcf6a1cd3f322ab791a77042b5,E4,5,0,NA,1,0.001,NA,NA,77,`ftol` termination condition is satisfied.,True,0.00091407999760000005,2359.5826649999999,NA,34,NA,1,1,1,181,E4|5|0.001|high_edge_ratio|0|1,C_relative_error,0.05634237332,5.6342373319999997,percent,100 * raw_value,all 324; noise_fraction==0.001; 77 reads,77,77,NA,NA,NA,NA,NA,NA,NA,NA,NA,NA,NA,NA,high_edge_ratio,0,10,1,1,1,0.080000000000000002,inverse_length,NA,NA,NA,NA,NA,NA
4,c,raw,results/k9_mechanics_sensitivity.csv,6baea83cab61f4c6ca3666d05714b4cfc359b0dcf6a1cd3f322ab791a77042b5,E4,5,0,NA,2,0.001,NA,NA,77,`gtol` termination condition is satisfied.,True,0.0010693869180000001,2367.8327039999999,NA,32,NA,1,1,1,182,E4|5|0.001|high_edge_ratio|0|2,L_relative_error,0.0088431860750000004,0.88431860750000002,percent,100 * raw_value,all 324; noise_fraction==0.001; 77 reads,77,77,NA,NA,NA,NA,NA,NA,NA,NA,NA,NA,NA,NA,high_edge_ratio,0,10,1,1,1,0.080000000000000002,inverse_length,NA,NA,NA,NA,NA,NA
4,c,raw,results/k9_mechanics_sensitivity.csv,6baea83cab61f4c6ca3666d05714b4cfc359b0dcf6a1cd3f322ab791a77042b5,E4,5,0,NA,2,0.001,NA,NA,77,`gtol` termination condition is satisfied.,True,0.0010693869180000001,2367.8327039999999,NA,32,NA,1,1,1,182,E4|5|0.001|high_edge_ratio|0|2,C_relative_error,0.065526807490000005,6.5526807490000003,percent,100 * raw_value,all 324; noise_fraction==0.001; 77 reads,77,77,NA,NA,NA,NA,NA,NA,NA,NA,NA,NA,NA,NA,high_edge_ratio,0,10,1,1,1,0.080000000000000002,inverse_length,NA,NA,NA,NA,NA,NA
4,c,raw,results/k9_mechanics_sensitivity.csv,6baea83cab61f4c6ca3666d05714b4cfc359b0dcf6a1cd3f322ab791a77042b5,E4,5,0,NA,0,0.001,NA,NA,77,`gtol` termination condition is satisfied.,True,0.00091320339499999996,2764.5973260000001,NA,29,NA,1,1,1,183,E4|5|0.001|high_edge_ratio|1|0,L_relative_error,0.0084123410520000001,0.84123410519999997,percent,100 * raw_value,all 324; noise_fraction==0.001; 77 reads,77,77,NA,NA,NA,NA,NA,NA,NA,NA,NA,NA,NA,NA,high_edge_ratio,1,10,1,1,1,0.080000000000000002,inverse_length,NA,NA,NA,NA,NA,NA
4,c,raw,results/k9_mechanics_sensitivity.csv,6baea83cab61f4c6ca3666d05714b4cfc359b0dcf6a1cd3f322ab791a77042b5,E4,5,0,NA,0,0.001,NA,NA,77,`gtol` termination condition is satisfied.,True,0.00091320339499999996,2764.5973260000001,NA,29,NA,1,1,1,183,E4|5|0.001|high_edge_ratio|1|0,C_relative_error,0.067948578770000004,6.7948578770000001,percent,100 * raw_value,all 324; noise_fraction==0.001; 77 reads,77,77,NA,NA,NA,NA,NA,NA,NA,NA,NA,NA,NA,NA,high_edge_ratio,1,10,1,1,1,0.080000000000000002,inverse_length,NA,NA,NA,NA,NA,NA
4,c,raw,results/k9_mechanics_sensitivity.csv,6baea83cab61f4c6ca3666d05714b4cfc359b0dcf6a1cd3f322ab791a77042b5,E4,5,0,NA,1,0.001,NA,NA,77,`gtol` termination condition is satisfied.,True,0.0010355926399999999,2770.0925739999998,NA,33,NA,1,1,1,184,E4|5|0.001|high_edge_ratio|1|1,L_relative_error,0.01015522829,1.015522829,percent,100 * raw_value,all 324; noise_fraction==0.001; 77 reads,77,77,NA,NA,NA,NA,NA,NA,NA,NA,NA,NA,NA,NA,high_edge_ratio,1,10,1,1,1,0.080000000000000002,inverse_length,NA,NA,NA,NA,NA,NA
4,c,raw,results/k9_mechanics_sensitivity.csv,6baea83cab61f4c6ca3666d05714b4cfc359b0dcf6a1cd3f322ab791a77042b5,E4,5,0,NA,1,0.001,NA,NA,77,`gtol` termination condition is satisfied.,True,0.0010355926399999999,2770.0925739999998,NA,33,NA,1,1,1,184,E4|5|0.001|high_edge_ratio|1|1,C_relative_error,0.078675493740000005,7.8675493740000002,percent,100 * raw_value,all 324; noise_fraction==0.001; 77 reads,77,77,NA,NA,NA,NA,NA,NA,NA,NA,NA,NA,NA,NA,high_edge_ratio,1,10,1,1,1,0.080000000000000002,inverse_length,NA,NA,NA,NA,NA,NA
4,c,raw,results/k9_mechanics_sensitivity.csv,6baea83cab61f4c6ca3666d05714b4cfc359b0dcf6a1cd3f322ab791a77042b5,E4,5,0,NA,2,0.001,NA,NA,77,`gtol` termination condition is satisfied.,True,0.0010997088610000001,2625.4543450000001,NA,27,NA,0.80000000000000004,1,0.88888888889999995,185,E4|5|0.001|high_edge_ratio|1|2,L_relative_error,0.03575252743,3.5752527430000001,percent,100 * raw_value,all 324; noise_fraction==0.001; 77 reads,77,77,NA,NA,NA,NA,NA,NA,NA,NA,NA,NA,NA,NA,high_edge_ratio,1,10,1,1,1,0.080000000000000002,inverse_length,NA,NA,NA,NA,NA,NA
4,c,raw,results/k9_mechanics_sensitivity.csv,6baea83cab61f4c6ca3666d05714b4cfc359b0dcf6a1cd3f322ab791a77042b5,E4,5,0,NA,2,0.001,NA,NA,77,`gtol` termination condition is satisfied.,True,0.0010997088610000001,2625.4543450000001,NA,27,NA,0.80000000000000004,1,0.88888888889999995,185,E4|5|0.001|high_edge_ratio|1|2,C_relative_error,0.21514483070000001,21.514483070000001,percent,100 * raw_value,all 324; noise_fraction==0.001; 77 reads,77,77,NA,NA,NA,NA,NA,NA,NA,NA,NA,NA,NA,NA,high_edge_ratio,1,10,1,1,1,0.080000000000000002,inverse_length,NA,NA,NA,NA,NA,NA
4,c,raw,results/k9_mechanics_sensitivity.csv,6baea83cab61f4c6ca3666d05714b4cfc359b0dcf6a1cd3f322ab791a77042b5,E4,5,0,NA,0,0.001,NA,NA,77,`gtol` termination condition is satisfied.,True,0.001051899926,3036.19283,NA,30,NA,1,1,1,186,E4|5|0.001|high_edge_ratio|2|0,L_relative_error,0.01068935927,1.0689359270000001,percent,100 * raw_value,all 324; noise_fraction==0.001; 77 reads,77,77,NA,NA,NA,NA,NA,NA,NA,NA,NA,NA,NA,NA,high_edge_ratio,2,10,1,1,1,0.080000000000000002,inverse_length,NA,NA,NA,NA,NA,NA
4,c,raw,results/k9_mechanics_sensitivity.csv,6baea83cab61f4c6ca3666d05714b4cfc359b0dcf6a1cd3f322ab791a77042b5,E4,5,0,NA,0,0.001,NA,NA,77,`gtol` termination condition is satisfied.,True,0.001051899926,3036.19283,NA,30,NA,1,1,1,186,E4|5|0.001|high_edge_ratio|2|0,C_relative_error,0.087900431720000005,8.7900431720000007,percent,100 * raw_value,all 324; noise_fraction==0.001; 77 reads,77,77,NA,NA,NA,NA,NA,NA,NA,NA,NA,NA,NA,NA,high_edge_ratio,2,10,1,1,1,0.080000000000000002,inverse_length,NA,NA,NA,NA,NA,NA
4,c,raw,results/k9_mechanics_sensitivity.csv,6baea83cab61f4c6ca3666d05714b4cfc359b0dcf6a1cd3f322ab791a77042b5,E4,5,0,NA,1,0.001,NA,NA,77,`gtol` termination condition is satisfied.,True,0.001102438626,2847.477253,NA,25,NA,0.80000000000000004,1,0.88888888889999995,187,E4|5|0.001|high_edge_ratio|2|1,L_relative_error,0.03908834513,3.908834513,percent,100 * raw_value,all 324; noise_fraction==0.001; 77 reads,77,77,NA,NA,NA,NA,NA,NA,NA,NA,NA,NA,NA,NA,high_edge_ratio,2,10,1,1,1,0.080000000000000002,inverse_length,NA,NA,NA,NA,NA,NA
4,c,raw,results/k9_mechanics_sensitivity.csv,6baea83cab61f4c6ca3666d05714b4cfc359b0dcf6a1cd3f322ab791a77042b5,E4,5,0,NA,1,0.001,NA,NA,77,`gtol` termination condition is satisfied.,True,0.001102438626,2847.477253,NA,25,NA,0.80000000000000004,1,0.88888888889999995,187,E4|5|0.001|high_edge_ratio|2|1,C_relative_error,0.23171140609999999,23.171140609999998,percent,100 * raw_value,all 324; noise_fraction==0.001; 77 reads,77,77,NA,NA,NA,NA,NA,NA,NA,NA,NA,NA,NA,NA,high_edge_ratio,2,10,1,1,1,0.080000000000000002,inverse_length,NA,NA,NA,NA,NA,NA
4,c,raw,results/k9_mechanics_sensitivity.csv,6baea83cab61f4c6ca3666d05714b4cfc359b0dcf6a1cd3f322ab791a77042b5,E4,5,0,NA,2,0.001,NA,NA,77,`ftol` termination condition is satisfied.,True,0.00083726321849999998,2955.5715909999999,NA,29,NA,0.80000000000000004,1,0.88888888889999995,188,E4|5|0.001|high_edge_ratio|2|2,L_relative_error,0.01532189764,1.532189764,percent,100 * raw_value,all 324; noise_fraction==0.001; 77 reads,77,77,NA,NA,NA,NA,NA,NA,NA,NA,NA,NA,NA,NA,high_edge_ratio,2,10,1,1,1,0.080000000000000002,inverse_length,NA,NA,NA,NA,NA,NA
4,c,raw,results/k9_mechanics_sensitivity.csv,6baea83cab61f4c6ca3666d05714b4cfc359b0dcf6a1cd3f322ab791a77042b5,E4,5,0,NA,2,0.001,NA,NA,77,`ftol` termination condition is satisfied.,True,0.00083726321849999998,2955.5715909999999,NA,29,NA,0.80000000000000004,1,0.88888888889999995,188,E4|5|0.001|high_edge_ratio|2|2,C_relative_error,0.19363417159999999,19.363417159999997,percent,100 * raw_value,all 324; noise_fraction==0.001; 77 reads,77,77,NA,NA,NA,NA,NA,NA,NA,NA,NA,NA,NA,NA,high_edge_ratio,2,10,1,1,1,0.080000000000000002,inverse_length,NA,NA,NA,NA,NA,NA
4,c,raw,results/k9_mechanics_sensitivity.csv,6baea83cab61f4c6ca3666d05714b4cfc359b0dcf6a1cd3f322ab791a77042b5,E4,5,0,NA,0,0.001,NA,NA,77,`ftol` termination condition is satisfied.,True,0.001107685596,2132.9384599999998,NA,25,NA,0.80000000000000004,1,0.88888888889999995,189,E4|5|0.001|high_edge_ratio|3|0,L_relative_error,0.029266913750000002,2.9266913750000003,percent,100 * raw_value,all 324; noise_fraction==0.001; 77 reads,77,77,NA,NA,NA,NA,NA,NA,NA,NA,NA,NA,NA,NA,high_edge_ratio,3,10,1,1,1,0.080000000000000002,inverse_length,NA,NA,NA,NA,NA,NA
4,c,raw,results/k9_mechanics_sensitivity.csv,6baea83cab61f4c6ca3666d05714b4cfc359b0dcf6a1cd3f322ab791a77042b5,E4,5,0,NA,0,0.001,NA,NA,77,`ftol` termination condition is satisfied.,True,0.001107685596,2132.9384599999998,NA,25,NA,0.80000000000000004,1,0.88888888889999995,189,E4|5|0.001|high_edge_ratio|3|0,C_relative_error,0.18814748000000001,18.814748000000002,percent,100 * raw_value,all 324; noise_fraction==0.001; 77 reads,77,77,NA,NA,NA,NA,NA,NA,NA,NA,NA,NA,NA,NA,high_edge_ratio,3,10,1,1,1,0.080000000000000002,inverse_length,NA,NA,NA,NA,NA,NA
4,c,raw,results/k9_mechanics_sensitivity.csv,6baea83cab61f4c6ca3666d05714b4cfc359b0dcf6a1cd3f322ab791a77042b5,E4,5,0,NA,1,0.001,NA,NA,77,`gtol` termination condition is satisfied.,True,0.00083343033809999995,2181.8731889999999,NA,31,NA,1,1,1,190,E4|5|0.001|high_edge_ratio|3|1,L_relative_error,0.01161240276,1.161240276,percent,100 * raw_value,all 324; noise_fraction==0.001; 77 reads,77,77,NA,NA,NA,NA,NA,NA,NA,NA,NA,NA,NA,NA,high_edge_ratio,3,10,1,1,1,0.080000000000000002,inverse_length,NA,NA,NA,NA,NA,NA
4,c,raw,results/k9_mechanics_sensitivity.csv,6baea83cab61f4c6ca3666d05714b4cfc359b0dcf6a1cd3f322ab791a77042b5,E4,5,0,NA,1,0.001,NA,NA,77,`gtol` termination condition is satisfied.,True,0.00083343033809999995,2181.8731889999999,NA,31,NA,1,1,1,190,E4|5|0.001|high_edge_ratio|3|1,C_relative_error,0.159248848,15.924884799999999,percent,100 * raw_value,all 324; noise_fraction==0.001; 77 reads,77,77,NA,NA,NA,NA,NA,NA,NA,NA,NA,NA,NA,NA,high_edge_ratio,3,10,1,1,1,0.080000000000000002,inverse_length,NA,NA,NA,NA,NA,NA
4,c,raw,results/k9_mechanics_sensitivity.csv,6baea83cab61f4c6ca3666d05714b4cfc359b0dcf6a1cd3f322ab791a77042b5,E4,5,0,NA,2,0.001,NA,NA,77,`ftol` termination condition is satisfied.,True,0.00079391494480000001,2034.5212859999999,NA,26,NA,1,1,1,191,E4|5|0.001|high_edge_ratio|3|2,L_relative_error,0.040250740180000001,4.0250740179999998,percent,100 * raw_value,all 324; noise_fraction==0.001; 77 reads,77,77,NA,NA,NA,NA,NA,NA,NA,NA,NA,NA,NA,NA,high_edge_ratio,3,10,1,1,1,0.080000000000000002,inverse_length,NA,NA,NA,NA,NA,NA
4,c,raw,results/k9_mechanics_sensitivity.csv,6baea83cab61f4c6ca3666d05714b4cfc359b0dcf6a1cd3f322ab791a77042b5,E4,5,0,NA,2,0.001,NA,NA,77,`ftol` termination condition is satisfied.,True,0.00079391494480000001,2034.5212859999999,NA,26,NA,1,1,1,191,E4|5|0.001|high_edge_ratio|3|2,C_relative_error,0.086113907889999994,8.6113907889999997,percent,100 * raw_value,all 324; noise_fraction==0.001; 77 reads,77,77,NA,NA,NA,NA,NA,NA,NA,NA,NA,NA,NA,NA,high_edge_ratio,3,10,1,1,1,0.080000000000000002,inverse_length,NA,NA,NA,NA,NA,NA
4,c,raw,results/k9_mechanics_sensitivity.csv,6baea83cab61f4c6ca3666d05714b4cfc359b0dcf6a1cd3f322ab791a77042b5,E4,5,0,NA,0,0.001,NA,NA,77,`gtol` termination condition is satisfied.,True,0.00094081879769999997,3609.2493949999998,NA,35,NA,0.80000000000000004,1,0.88888888889999995,192,E4|5|0.001|heterogeneous_edges|0|0,L_relative_error,0.03194840451,3.1948404510000001,percent,100 * raw_value,all 324; noise_fraction==0.001; 77 reads,77,77,NA,NA,NA,NA,NA,NA,NA,NA,NA,NA,NA,NA,heterogeneous_edges,0,5,1,1,1,0.34999999999999998,inverse_length,NA,NA,NA,NA,NA,NA
4,c,raw,results/k9_mechanics_sensitivity.csv,6baea83cab61f4c6ca3666d05714b4cfc359b0dcf6a1cd3f322ab791a77042b5,E4,5,0,NA,0,0.001,NA,NA,77,`gtol` termination condition is satisfied.,True,0.00094081879769999997,3609.2493949999998,NA,35,NA,0.80000000000000004,1,0.88888888889999995,192,E4|5|0.001|heterogeneous_edges|0|0,C_relative_error,0.40421378860000001,40.421378860000004,percent,100 * raw_value,all 324; noise_fraction==0.001; 77 reads,77,77,NA,NA,NA,NA,NA,NA,NA,NA,NA,NA,NA,NA,heterogeneous_edges,0,5,1,1,1,0.34999999999999998,inverse_length,NA,NA,NA,NA,NA,NA
4,c,raw,results/k9_mechanics_sensitivity.csv,6baea83cab61f4c6ca3666d05714b4cfc359b0dcf6a1cd3f322ab791a77042b5,E4,5,0,NA,1,0.001,NA,NA,77,`gtol` termination condition is satisfied.,True,0.0011766704900000001,3410.9803419999998,NA,29,NA,1,1,1,193,E4|5|0.001|heterogeneous_edges|0|1,L_relative_error,0.032549293010000001,3.2549293010000002,percent,100 * raw_value,all 324; noise_fraction==0.001; 77 reads,77,77,NA,NA,NA,NA,NA,NA,NA,NA,NA,NA,NA,NA,heterogeneous_edges,0,5,1,1,1,0.34999999999999998,inverse_length,NA,NA,NA,NA,NA,NA
4,c,raw,results/k9_mechanics_sensitivity.csv,6baea83cab61f4c6ca3666d05714b4cfc359b0dcf6a1cd3f322ab791a77042b5,E4,5,0,NA,1,0.001,NA,NA,77,`gtol` termination condition is satisfied.,True,0.0011766704900000001,3410.9803419999998,NA,29,NA,1,1,1,193,E4|5|0.001|heterogeneous_edges|0|1,C_relative_error,0.2008885433,20.08885433,percent,100 * raw_value,all 324; noise_fraction==0.001; 77 reads,77,77,NA,NA,NA,NA,NA,NA,NA,NA,NA,NA,NA,NA,heterogeneous_edges,0,5,1,1,1,0.34999999999999998,inverse_length,NA,NA,NA,NA,NA,NA
4,c,raw,results/k9_mechanics_sensitivity.csv,6baea83cab61f4c6ca3666d05714b4cfc359b0dcf6a1cd3f322ab791a77042b5,E4,5,0,NA,2,0.001,NA,NA,77,`gtol` termination condition is satisfied.,True,0.0010381727189999999,3357.480184,NA,34,NA,1,1,1,194,E4|5|0.001|heterogeneous_edges|0|2,L_relative_error,0.058198007390000001,5.8198007389999997,percent,100 * raw_value,all 324; noise_fraction==0.001; 77 reads,77,77,NA,NA,NA,NA,NA,NA,NA,NA,NA,NA,NA,NA,heterogeneous_edges,0,5,1,1,1,0.34999999999999998,inverse_length,NA,NA,NA,NA,NA,NA
4,c,raw,results/k9_mechanics_sensitivity.csv,6baea83cab61f4c6ca3666d05714b4cfc359b0dcf6a1cd3f322ab791a77042b5,E4,5,0,NA,2,0.001,NA,NA,77,`gtol` termination condition is satisfied.,True,0.0010381727189999999,3357.480184,NA,34,NA,1,1,1,194,E4|5|0.001|heterogeneous_edges|0|2,C_relative_error,0.42134890679999998,42.134890679999998,percent,100 * raw_value,all 324; noise_fraction==0.001; 77 reads,77,77,NA,NA,NA,NA,NA,NA,NA,NA,NA,NA,NA,NA,heterogeneous_edges,0,5,1,1,1,0.34999999999999998,inverse_length,NA,NA,NA,NA,NA,NA
4,c,raw,results/k9_mechanics_sensitivity.csv,6baea83cab61f4c6ca3666d05714b4cfc359b0dcf6a1cd3f322ab791a77042b5,E4,5,0,NA,0,0.001,NA,NA,77,`ftol` termination condition is satisfied.,True,0.001177777782,3610.412558,NA,28,NA,1,1,1,195,E4|5|0.001|heterogeneous_edges|1|0,L_relative_error,0.028754612969999999,2.8754612969999997,percent,100 * raw_value,all 324; noise_fraction==0.001; 77 reads,77,77,NA,NA,NA,NA,NA,NA,NA,NA,NA,NA,NA,NA,heterogeneous_edges,1,5,1,1,1,0.34999999999999998,inverse_length,NA,NA,NA,NA,NA,NA
4,c,raw,results/k9_mechanics_sensitivity.csv,6baea83cab61f4c6ca3666d05714b4cfc359b0dcf6a1cd3f322ab791a77042b5,E4,5,0,NA,0,0.001,NA,NA,77,`ftol` termination condition is satisfied.,True,0.001177777782,3610.412558,NA,28,NA,1,1,1,195,E4|5|0.001|heterogeneous_edges|1|0,C_relative_error,0.19261733089999999,19.26173309,percent,100 * raw_value,all 324; noise_fraction==0.001; 77 reads,77,77,NA,NA,NA,NA,NA,NA,NA,NA,NA,NA,NA,NA,heterogeneous_edges,1,5,1,1,1,0.34999999999999998,inverse_length,NA,NA,NA,NA,NA,NA
4,c,raw,results/k9_mechanics_sensitivity.csv,6baea83cab61f4c6ca3666d05714b4cfc359b0dcf6a1cd3f322ab791a77042b5,E4,5,0,NA,1,0.001,NA,NA,77,`gtol` termination condition is satisfied.,True,0.0010279444,3715.2607539999999,NA,31,NA,1,1,1,196,E4|5|0.001|heterogeneous_edges|1|1,L_relative_error,0.03056069866,3.0560698660000001,percent,100 * raw_value,all 324; noise_fraction==0.001; 77 reads,77,77,NA,NA,NA,NA,NA,NA,NA,NA,NA,NA,NA,NA,heterogeneous_edges,1,5,1,1,1,0.34999999999999998,inverse_length,NA,NA,NA,NA,NA,NA
4,c,raw,results/k9_mechanics_sensitivity.csv,6baea83cab61f4c6ca3666d05714b4cfc359b0dcf6a1cd3f322ab791a77042b5,E4,5,0,NA,1,0.001,NA,NA,77,`gtol` termination condition is satisfied.,True,0.0010279444,3715.2607539999999,NA,31,NA,1,1,1,196,E4|5|0.001|heterogeneous_edges|1|1,C_relative_error,0.21708769510000001,21.70876951,percent,100 * raw_value,all 324; noise_fraction==0.001; 77 reads,77,77,NA,NA,NA,NA,NA,NA,NA,NA,NA,NA,NA,NA,heterogeneous_edges,1,5,1,1,1,0.34999999999999998,inverse_length,NA,NA,NA,NA,NA,NA
4,c,raw,results/k9_mechanics_sensitivity.csv,6baea83cab61f4c6ca3666d05714b4cfc359b0dcf6a1cd3f322ab791a77042b5,E4,5,0,NA,2,0.001,NA,NA,77,`gtol` termination condition is satisfied.,True,0.00079858101839999998,3593.9153449999999,NA,25,NA,0.80000000000000004,1,0.88888888889999995,197,E4|5|0.001|heterogeneous_edges|1|2,L_relative_error,0.035313537239999998,3.5313537239999997,percent,100 * raw_value,all 324; noise_fraction==0.001; 77 reads,77,77,NA,NA,NA,NA,NA,NA,NA,NA,NA,NA,NA,NA,heterogeneous_edges,1,5,1,1,1,0.34999999999999998,inverse_length,NA,NA,NA,NA,NA,NA
4,c,raw,results/k9_mechanics_sensitivity.csv,6baea83cab61f4c6ca3666d05714b4cfc359b0dcf6a1cd3f322ab791a77042b5,E4,5,0,NA,2,0.001,NA,NA,77,`gtol` termination condition is satisfied.,True,0.00079858101839999998,3593.9153449999999,NA,25,NA,0.80000000000000004,1,0.88888888889999995,197,E4|5|0.001|heterogeneous_edges|1|2,C_relative_error,0.053053115009999999,5.3053115010000003,percent,100 * raw_value,all 324; noise_fraction==0.001; 77 reads,77,77,NA,NA,NA,NA,NA,NA,NA,NA,NA,NA,NA,NA,heterogeneous_edges,1,5,1,1,1,0.34999999999999998,inverse_length,NA,NA,NA,NA,NA,NA
4,c,raw,results/k9_mechanics_sensitivity.csv,6baea83cab61f4c6ca3666d05714b4cfc359b0dcf6a1cd3f322ab791a77042b5,E4,5,0,NA,0,0.001,NA,NA,77,`ftol` termination condition is satisfied.,True,0.0010360324839999999,4028.430476,NA,32,NA,1,1,1,198,E4|5|0.001|heterogeneous_edges|2|0,L_relative_error,0.043568829769999998,4.3568829769999997,percent,100 * raw_value,all 324; noise_fraction==0.001; 77 reads,77,77,NA,NA,NA,NA,NA,NA,NA,NA,NA,NA,NA,NA,heterogeneous_edges,2,5,1,1,1,0.34999999999999998,inverse_length,NA,NA,NA,NA,NA,NA
4,c,raw,results/k9_mechanics_sensitivity.csv,6baea83cab61f4c6ca3666d05714b4cfc359b0dcf6a1cd3f322ab791a77042b5,E4,5,0,NA,0,0.001,NA,NA,77,`ftol` termination condition is satisfied.,True,0.0010360324839999999,4028.430476,NA,32,NA,1,1,1,198,E4|5|0.001|heterogeneous_edges|2|0,C_relative_error,0.30634021830000002,30.634021830000002,percent,100 * raw_value,all 324; noise_fraction==0.001; 77 reads,77,77,NA,NA,NA,NA,NA,NA,NA,NA,NA,NA,NA,NA,heterogeneous_edges,2,5,1,1,1,0.34999999999999998,inverse_length,NA,NA,NA,NA,NA,NA
4,c,raw,results/k9_mechanics_sensitivity.csv,6baea83cab61f4c6ca3666d05714b4cfc359b0dcf6a1cd3f322ab791a77042b5,E4,5,0,NA,1,0.001,NA,NA,77,`gtol` termination condition is satisfied.,True,0.00079624095559999999,3901.2274299999999,NA,30,NA,0.80000000000000004,1,0.88888888889999995,199,E4|5|0.001|heterogeneous_edges|2|1,L_relative_error,0.045033094750000002,4.503309475,percent,100 * raw_value,all 324; noise_fraction==0.001; 77 reads,77,77,NA,NA,NA,NA,NA,NA,NA,NA,NA,NA,NA,NA,heterogeneous_edges,2,5,1,1,1,0.34999999999999998,inverse_length,NA,NA,NA,NA,NA,NA
4,c,raw,results/k9_mechanics_sensitivity.csv,6baea83cab61f4c6ca3666d05714b4cfc359b0dcf6a1cd3f322ab791a77042b5,E4,5,0,NA,1,0.001,NA,NA,77,`gtol` termination condition is satisfied.,True,0.00079624095559999999,3901.2274299999999,NA,30,NA,0.80000000000000004,1,0.88888888889999995,199,E4|5|0.001|heterogeneous_edges|2|1,C_relative_error,0.062427380689999999,6.2427380689999996,percent,100 * raw_value,all 324; noise_fraction==0.001; 77 reads,77,77,NA,NA,NA,NA,NA,NA,NA,NA,NA,NA,NA,NA,heterogeneous_edges,2,5,1,1,1,0.34999999999999998,inverse_length,NA,NA,NA,NA,NA,NA
4,c,raw,results/k9_mechanics_sensitivity.csv,6baea83cab61f4c6ca3666d05714b4cfc359b0dcf6a1cd3f322ab791a77042b5,E4,5,0,NA,2,0.001,NA,NA,77,`gtol` termination condition is satisfied.,True,0.00089506012359999996,4593.2430480000003,NA,35,NA,1,1,1,200,E4|5|0.001|heterogeneous_edges|2|2,L_relative_error,0.021326005790000001,2.132600579,percent,100 * raw_value,all 324; noise_fraction==0.001; 77 reads,77,77,NA,NA,NA,NA,NA,NA,NA,NA,NA,NA,NA,NA,heterogeneous_edges,2,5,1,1,1,0.34999999999999998,inverse_length,NA,NA,NA,NA,NA,NA
4,c,raw,results/k9_mechanics_sensitivity.csv,6baea83cab61f4c6ca3666d05714b4cfc359b0dcf6a1cd3f322ab791a77042b5,E4,5,0,NA,2,0.001,NA,NA,77,`gtol` termination condition is satisfied.,True,0.00089506012359999996,4593.2430480000003,NA,35,NA,1,1,1,200,E4|5|0.001|heterogeneous_edges|2|2,C_relative_error,0.1436296641,14.36296641,percent,100 * raw_value,all 324; noise_fraction==0.001; 77 reads,77,77,NA,NA,NA,NA,NA,NA,NA,NA,NA,NA,NA,NA,heterogeneous_edges,2,5,1,1,1,0.34999999999999998,inverse_length,NA,NA,NA,NA,NA,NA
4,c,raw,results/k9_mechanics_sensitivity.csv,6baea83cab61f4c6ca3666d05714b4cfc359b0dcf6a1cd3f322ab791a77042b5,E4,5,0,NA,0,0.001,NA,NA,77,`gtol` termination condition is satisfied.,True,0.00079477519500000004,2088.5968109999999,NA,27,NA,1,1,1,201,E4|5|0.001|heterogeneous_edges|3|0,L_relative_error,0.02021783249,2.0217832489999998,percent,100 * raw_value,all 324; noise_fraction==0.001; 77 reads,77,77,NA,NA,NA,NA,NA,NA,NA,NA,NA,NA,NA,NA,heterogeneous_edges,3,5,1,1,1,0.34999999999999998,inverse_length,NA,NA,NA,NA,NA,NA
4,c,raw,results/k9_mechanics_sensitivity.csv,6baea83cab61f4c6ca3666d05714b4cfc359b0dcf6a1cd3f322ab791a77042b5,E4,5,0,NA,0,0.001,NA,NA,77,`gtol` termination condition is satisfied.,True,0.00079477519500000004,2088.5968109999999,NA,27,NA,1,1,1,201,E4|5|0.001|heterogeneous_edges|3|0,C_relative_error,0.037525618339999997,3.7525618339999998,percent,100 * raw_value,all 324; noise_fraction==0.001; 77 reads,77,77,NA,NA,NA,NA,NA,NA,NA,NA,NA,NA,NA,NA,heterogeneous_edges,3,5,1,1,1,0.34999999999999998,inverse_length,NA,NA,NA,NA,NA,NA
4,c,raw,results/k9_mechanics_sensitivity.csv,6baea83cab61f4c6ca3666d05714b4cfc359b0dcf6a1cd3f322ab791a77042b5,E4,5,0,NA,1,0.001,NA,NA,77,`ftol` termination condition is satisfied.,True,0.00089290341119999995,2174.068432,NA,33,NA,1,1,1,202,E4|5|0.001|heterogeneous_edges|3|1,L_relative_error,0.01799572613,1.799572613,percent,100 * raw_value,all 324; noise_fraction==0.001; 77 reads,77,77,NA,NA,NA,NA,NA,NA,NA,NA,NA,NA,NA,NA,heterogeneous_edges,3,5,1,1,1,0.34999999999999998,inverse_length,NA,NA,NA,NA,NA,NA
4,c,raw,results/k9_mechanics_sensitivity.csv,6baea83cab61f4c6ca3666d05714b4cfc359b0dcf6a1cd3f322ab791a77042b5,E4,5,0,NA,1,0.001,NA,NA,77,`ftol` termination condition is satisfied.,True,0.00089290341119999995,2174.068432,NA,33,NA,1,1,1,202,E4|5|0.001|heterogeneous_edges|3|1,C_relative_error,0.087384467130000004,8.7384467130000001,percent,100 * raw_value,all 324; noise_fraction==0.001; 77 reads,77,77,NA,NA,NA,NA,NA,NA,NA,NA,NA,NA,NA,NA,heterogeneous_edges,3,5,1,1,1,0.34999999999999998,inverse_length,NA,NA,NA,NA,NA,NA
4,c,raw,results/k9_mechanics_sensitivity.csv,6baea83cab61f4c6ca3666d05714b4cfc359b0dcf6a1cd3f322ab791a77042b5,E4,5,0,NA,2,0.001,NA,NA,77,`gtol` termination condition is satisfied.,True,0.001005012429,1976.170584,NA,30,NA,1,1,1,203,E4|5|0.001|heterogeneous_edges|3|2,L_relative_error,0.055281997720000003,5.5281997720000007,percent,100 * raw_value,all 324; noise_fraction==0.001; 77 reads,77,77,NA,NA,NA,NA,NA,NA,NA,NA,NA,NA,NA,NA,heterogeneous_edges,3,5,1,1,1,0.34999999999999998,inverse_length,NA,NA,NA,NA,NA,NA
4,c,raw,results/k9_mechanics_sensitivity.csv,6baea83cab61f4c6ca3666d05714b4cfc359b0dcf6a1cd3f322ab791a77042b5,E4,5,0,NA,2,0.001,NA,NA,77,`gtol` termination condition is satisfied.,True,0.001005012429,1976.170584,NA,30,NA,1,1,1,203,E4|5|0.001|heterogeneous_edges|3|2,C_relative_error,0.1759815377,17.59815377,percent,100 * raw_value,all 324; noise_fraction==0.001; 77 reads,77,77,NA,NA,NA,NA,NA,NA,NA,NA,NA,NA,NA,NA,heterogeneous_edges,3,5,1,1,1,0.34999999999999998,inverse_length,NA,NA,NA,NA,NA,NA
4,c,raw,results/k9_mechanics_sensitivity.csv,6baea83cab61f4c6ca3666d05714b4cfc359b0dcf6a1cd3f322ab791a77042b5,E4,5,0,NA,0,0.001,NA,NA,77,`gtol` termination condition is satisfied.,True,0.00086000696740000002,2759.7650720000001,NA,32,NA,1,1,1,204,E4|5|0.001|constant_edge_mapping|0|0,L_relative_error,0.023055778900000001,2.3055778899999999,percent,100 * raw_value,all 324; noise_fraction==0.001; 77 reads,77,77,NA,NA,NA,NA,NA,NA,NA,NA,NA,NA,NA,NA,constant_edge_mapping,0,5,1,1,1,0.080000000000000002,constant,NA,NA,NA,NA,NA,NA
4,c,raw,results/k9_mechanics_sensitivity.csv,6baea83cab61f4c6ca3666d05714b4cfc359b0dcf6a1cd3f322ab791a77042b5,E4,5,0,NA,0,0.001,NA,NA,77,`gtol` termination condition is satisfied.,True,0.00086000696740000002,2759.7650720000001,NA,32,NA,1,1,1,204,E4|5|0.001|constant_edge_mapping|0|0,C_relative_error,0.19825385779999999,19.825385779999998,percent,100 * raw_value,all 324; noise_fraction==0.001; 77 reads,77,77,NA,NA,NA,NA,NA,NA,NA,NA,NA,NA,NA,NA,constant_edge_mapping,0,5,1,1,1,0.080000000000000002,constant,NA,NA,NA,NA,NA,NA
4,c,raw,results/k9_mechanics_sensitivity.csv,6baea83cab61f4c6ca3666d05714b4cfc359b0dcf6a1cd3f322ab791a77042b5,E4,5,0,NA,1,0.001,NA,NA,77,`ftol` termination condition is satisfied.,True,0.00098826106369999996,2606.8969160000001,NA,28,NA,1,1,1,205,E4|5|0.001|constant_edge_mapping|0|1,L_relative_error,0.051848295910000002,5.1848295909999997,percent,100 * raw_value,all 324; noise_fraction==0.001; 77 reads,77,77,NA,NA,NA,NA,NA,NA,NA,NA,NA,NA,NA,NA,constant_edge_mapping,0,5,1,1,1,0.080000000000000002,constant,NA,NA,NA,NA,NA,NA
4,c,raw,results/k9_mechanics_sensitivity.csv,6baea83cab61f4c6ca3666d05714b4cfc359b0dcf6a1cd3f322ab791a77042b5,E4,5,0,NA,1,0.001,NA,NA,77,`ftol` termination condition is satisfied.,True,0.00098826106369999996,2606.8969160000001,NA,28,NA,1,1,1,205,E4|5|0.001|constant_edge_mapping|0|1,C_relative_error,0.1915005048,19.150050480000001,percent,100 * raw_value,all 324; noise_fraction==0.001; 77 reads,77,77,NA,NA,NA,NA,NA,NA,NA,NA,NA,NA,NA,NA,constant_edge_mapping,0,5,1,1,1,0.080000000000000002,constant,NA,NA,NA,NA,NA,NA
4,c,raw,results/k9_mechanics_sensitivity.csv,6baea83cab61f4c6ca3666d05714b4cfc359b0dcf6a1cd3f322ab791a77042b5,E4,5,0,NA,2,0.001,NA,NA,77,`gtol` termination condition is satisfied.,True,0.00085588559229999998,2661.0502700000002,NA,32,NA,1,1,1,206,E4|5|0.001|constant_edge_mapping|0|2,L_relative_error,0.032986527289999998,3.2986527289999996,percent,100 * raw_value,all 324; noise_fraction==0.001; 77 reads,77,77,NA,NA,NA,NA,NA,NA,NA,NA,NA,NA,NA,NA,constant_edge_mapping,0,5,1,1,1,0.080000000000000002,constant,NA,NA,NA,NA,NA,NA
4,c,raw,results/k9_mechanics_sensitivity.csv,6baea83cab61f4c6ca3666d05714b4cfc359b0dcf6a1cd3f322ab791a77042b5,E4,5,0,NA,2,0.001,NA,NA,77,`gtol` termination condition is satisfied.,True,0.00085588559229999998,2661.0502700000002,NA,32,NA,1,1,1,206,E4|5|0.001|constant_edge_mapping|0|2,C_relative_error,0.061846391629999997,6.1846391629999999,percent,100 * raw_value,all 324; noise_fraction==0.001; 77 reads,77,77,NA,NA,NA,NA,NA,NA,NA,NA,NA,NA,NA,NA,constant_edge_mapping,0,5,1,1,1,0.080000000000000002,constant,NA,NA,NA,NA,NA,NA
4,c,raw,results/k9_mechanics_sensitivity.csv,6baea83cab61f4c6ca3666d05714b4cfc359b0dcf6a1cd3f322ab791a77042b5,E4,5,0,NA,0,0.001,NA,NA,77,`gtol` termination condition is satisfied.,True,0.00098785569230000004,2605.100418,NA,30,NA,1,1,1,207,E4|5|0.001|constant_edge_mapping|1|0,L_relative_error,0.048143266490000003,4.8143266489999998,percent,100 * raw_value,all 324; noise_fraction==0.001; 77 reads,77,77,NA,NA,NA,NA,NA,NA,NA,NA,NA,NA,NA,NA,constant_edge_mapping,1,5,1,1,1,0.080000000000000002,constant,NA,NA,NA,NA,NA,NA
4,c,raw,results/k9_mechanics_sensitivity.csv,6baea83cab61f4c6ca3666d05714b4cfc359b0dcf6a1cd3f322ab791a77042b5,E4,5,0,NA,0,0.001,NA,NA,77,`gtol` termination condition is satisfied.,True,0.00098785569230000004,2605.100418,NA,30,NA,1,1,1,207,E4|5|0.001|constant_edge_mapping|1|0,C_relative_error,0.18728798250000001,18.728798250000001,percent,100 * raw_value,all 324; noise_fraction==0.001; 77 reads,77,77,NA,NA,NA,NA,NA,NA,NA,NA,NA,NA,NA,NA,constant_edge_mapping,1,5,1,1,1,0.080000000000000002,constant,NA,NA,NA,NA,NA,NA
4,c,raw,results/k9_mechanics_sensitivity.csv,6baea83cab61f4c6ca3666d05714b4cfc359b0dcf6a1cd3f322ab791a77042b5,E4,5,0,NA,1,0.001,NA,NA,77,`ftol` termination condition is satisfied.,True,0.00085353164570000002,2678.0641129999999,NA,33,NA,1,1,1,208,E4|5|0.001|constant_edge_mapping|1|1,L_relative_error,0.031505775100000001,3.1505775100000002,percent,100 * raw_value,all 324; noise_fraction==0.001; 77 reads,77,77,NA,NA,NA,NA,NA,NA,NA,NA,NA,NA,NA,NA,constant_edge_mapping,1,5,1,1,1,0.080000000000000002,constant,NA,NA,NA,NA,NA,NA
4,c,raw,results/k9_mechanics_sensitivity.csv,6baea83cab61f4c6ca3666d05714b4cfc359b0dcf6a1cd3f322ab791a77042b5,E4,5,0,NA,1,0.001,NA,NA,77,`ftol` termination condition is satisfied.,True,0.00085353164570000002,2678.0641129999999,NA,33,NA,1,1,1,208,E4|5|0.001|constant_edge_mapping|1|1,C_relative_error,0.06016315497,6.0163154969999999,percent,100 * raw_value,all 324; noise_fraction==0.001; 77 reads,77,77,NA,NA,NA,NA,NA,NA,NA,NA,NA,NA,NA,NA,constant_edge_mapping,1,5,1,1,1,0.080000000000000002,constant,NA,NA,NA,NA,NA,NA
4,c,raw,results/k9_mechanics_sensitivity.csv,6baea83cab61f4c6ca3666d05714b4cfc359b0dcf6a1cd3f322ab791a77042b5,E4,5,0,NA,2,0.001,NA,NA,77,`gtol` termination condition is satisfied.,True,0.00099817638399999991,2568.847162,NA,28,NA,1,1,1,209,E4|5|0.001|constant_edge_mapping|1|2,L_relative_error,0.053772182389999999,5.3772182390000003,percent,100 * raw_value,all 324; noise_fraction==0.001; 77 reads,77,77,NA,NA,NA,NA,NA,NA,NA,NA,NA,NA,NA,NA,constant_edge_mapping,1,5,1,1,1,0.080000000000000002,constant,NA,NA,NA,NA,NA,NA
4,c,raw,results/k9_mechanics_sensitivity.csv,6baea83cab61f4c6ca3666d05714b4cfc359b0dcf6a1cd3f322ab791a77042b5,E4,5,0,NA,2,0.001,NA,NA,77,`gtol` termination condition is satisfied.,True,0.00099817638399999991,2568.847162,NA,28,NA,1,1,1,209,E4|5|0.001|constant_edge_mapping|1|2,C_relative_error,0.088169846689999998,8.816984669,percent,100 * raw_value,all 324; noise_fraction==0.001; 77 reads,77,77,NA,NA,NA,NA,NA,NA,NA,NA,NA,NA,NA,NA,constant_edge_mapping,1,5,1,1,1,0.080000000000000002,constant,NA,NA,NA,NA,NA,NA
4,c,raw,results/k9_mechanics_sensitivity.csv,6baea83cab61f4c6ca3666d05714b4cfc359b0dcf6a1cd3f322ab791a77042b5,E4,5,0,NA,0,0.001,NA,NA,77,`gtol` termination condition is satisfied.,True,0.00085130625509999996,2270.602296,NA,33,NA,1,1,1,210,E4|5|0.001|constant_edge_mapping|2|0,L_relative_error,0.0280564331,2.8056433099999998,percent,100 * raw_value,all 324; noise_fraction==0.001; 77 reads,77,77,NA,NA,NA,NA,NA,NA,NA,NA,NA,NA,NA,NA,constant_edge_mapping,2,5,1,1,1,0.080000000000000002,constant,NA,NA,NA,NA,NA,NA
4,c,raw,results/k9_mechanics_sensitivity.csv,6baea83cab61f4c6ca3666d05714b4cfc359b0dcf6a1cd3f322ab791a77042b5,E4,5,0,NA,0,0.001,NA,NA,77,`gtol` termination condition is satisfied.,True,0.00085130625509999996,2270.602296,NA,33,NA,1,1,1,210,E4|5|0.001|constant_edge_mapping|2|0,C_relative_error,0.047804814549999998,4.7804814549999994,percent,100 * raw_value,all 324; noise_fraction==0.001; 77 reads,77,77,NA,NA,NA,NA,NA,NA,NA,NA,NA,NA,NA,NA,constant_edge_mapping,2,5,1,1,1,0.080000000000000002,constant,NA,NA,NA,NA,NA,NA
4,c,raw,results/k9_mechanics_sensitivity.csv,6baea83cab61f4c6ca3666d05714b4cfc359b0dcf6a1cd3f322ab791a77042b5,E4,5,0,NA,1,0.001,NA,NA,77,`gtol` termination condition is satisfied.,True,0.001004399392,2193.9978759999999,NA,30,NA,1,1,1,211,E4|5|0.001|constant_edge_mapping|2|1,L_relative_error,0.0472244697,4.72244697,percent,100 * raw_value,all 324; noise_fraction==0.001; 77 reads,77,77,NA,NA,NA,NA,NA,NA,NA,NA,NA,NA,NA,NA,constant_edge_mapping,2,5,1,1,1,0.080000000000000002,constant,NA,NA,NA,NA,NA,NA
4,c,raw,results/k9_mechanics_sensitivity.csv,6baea83cab61f4c6ca3666d05714b4cfc359b0dcf6a1cd3f322ab791a77042b5,E4,5,0,NA,1,0.001,NA,NA,77,`gtol` termination condition is satisfied.,True,0.001004399392,2193.9978759999999,NA,30,NA,1,1,1,211,E4|5|0.001|constant_edge_mapping|2|1,C_relative_error,0.079516528719999993,7.9516528719999995,percent,100 * raw_value,all 324; noise_fraction==0.001; 77 reads,77,77,NA,NA,NA,NA,NA,NA,NA,NA,NA,NA,NA,NA,constant_edge_mapping,2,5,1,1,1,0.080000000000000002,constant,NA,NA,NA,NA,NA,NA
4,c,raw,results/k9_mechanics_sensitivity.csv,6baea83cab61f4c6ca3666d05714b4cfc359b0dcf6a1cd3f322ab791a77042b5,E4,5,0,NA,2,0.001,NA,NA,77,`ftol` termination condition is satisfied.,True,0.00094166006329999999,2054.893372,NA,35,NA,0.80000000000000004,1,0.88888888889999995,212,E4|5|0.001|constant_edge_mapping|2|2,L_relative_error,0.060676498949999998,6.0676498949999997,percent,100 * raw_value,all 324; noise_fraction==0.001; 77 reads,77,77,NA,NA,NA,NA,NA,NA,NA,NA,NA,NA,NA,NA,constant_edge_mapping,2,5,1,1,1,0.080000000000000002,constant,NA,NA,NA,NA,NA,NA
4,c,raw,results/k9_mechanics_sensitivity.csv,6baea83cab61f4c6ca3666d05714b4cfc359b0dcf6a1cd3f322ab791a77042b5,E4,5,0,NA,2,0.001,NA,NA,77,`ftol` termination condition is satisfied.,True,0.00094166006329999999,2054.893372,NA,35,NA,0.80000000000000004,1,0.88888888889999995,212,E4|5|0.001|constant_edge_mapping|2|2,C_relative_error,0.22728996739999999,22.728996739999999,percent,100 * raw_value,all 324; noise_fraction==0.001; 77 reads,77,77,NA,NA,NA,NA,NA,NA,NA,NA,NA,NA,NA,NA,constant_edge_mapping,2,5,1,1,1,0.080000000000000002,constant,NA,NA,NA,NA,NA,NA
4,c,raw,results/k9_mechanics_sensitivity.csv,6baea83cab61f4c6ca3666d05714b4cfc359b0dcf6a1cd3f322ab791a77042b5,E4,5,0,NA,0,0.001,NA,NA,77,`gtol` termination condition is satisfied.,True,0.0010014341010000001,2465.4171040000001,NA,27,NA,1,1,1,213,E4|5|0.001|constant_edge_mapping|3|0,L_relative_error,0.051714590650000003,5.1714590650000005,percent,100 * raw_value,all 324; noise_fraction==0.001; 77 reads,77,77,NA,NA,NA,NA,NA,NA,NA,NA,NA,NA,NA,NA,constant_edge_mapping,3,5,1,1,1,0.080000000000000002,constant,NA,NA,NA,NA,NA,NA
4,c,raw,results/k9_mechanics_sensitivity.csv,6baea83cab61f4c6ca3666d05714b4cfc359b0dcf6a1cd3f322ab791a77042b5,E4,5,0,NA,0,0.001,NA,NA,77,`gtol` termination condition is satisfied.,True,0.0010014341010000001,2465.4171040000001,NA,27,NA,1,1,1,213,E4|5|0.001|constant_edge_mapping|3|0,C_relative_error,0.081030694629999997,8.1030694629999989,percent,100 * raw_value,all 324; noise_fraction==0.001; 77 reads,77,77,NA,NA,NA,NA,NA,NA,NA,NA,NA,NA,NA,NA,constant_edge_mapping,3,5,1,1,1,0.080000000000000002,constant,NA,NA,NA,NA,NA,NA
4,c,raw,results/k9_mechanics_sensitivity.csv,6baea83cab61f4c6ca3666d05714b4cfc359b0dcf6a1cd3f322ab791a77042b5,E4,5,0,NA,1,0.001,NA,NA,77,`ftol` termination condition is satisfied.,True,0.00094489618699999999,2308.2765469999999,NA,31,NA,0.80000000000000004,1,0.88888888889999995,214,E4|5|0.001|constant_edge_mapping|3|1,L_relative_error,0.065696870650000003,6.5696870650000001,percent,100 * raw_value,all 324; noise_fraction==0.001; 77 reads,77,77,NA,NA,NA,NA,NA,NA,NA,NA,NA,NA,NA,NA,constant_edge_mapping,3,5,1,1,1,0.080000000000000002,constant,NA,NA,NA,NA,NA,NA
4,c,raw,results/k9_mechanics_sensitivity.csv,6baea83cab61f4c6ca3666d05714b4cfc359b0dcf6a1cd3f322ab791a77042b5,E4,5,0,NA,1,0.001,NA,NA,77,`ftol` termination condition is satisfied.,True,0.00094489618699999999,2308.2765469999999,NA,31,NA,0.80000000000000004,1,0.88888888889999995,214,E4|5|0.001|constant_edge_mapping|3|1,C_relative_error,0.24857116239999999,24.85711624,percent,100 * raw_value,all 324; noise_fraction==0.001; 77 reads,77,77,NA,NA,NA,NA,NA,NA,NA,NA,NA,NA,NA,NA,constant_edge_mapping,3,5,1,1,1,0.080000000000000002,constant,NA,NA,NA,NA,NA,NA
4,c,raw,results/k9_mechanics_sensitivity.csv,6baea83cab61f4c6ca3666d05714b4cfc359b0dcf6a1cd3f322ab791a77042b5,E4,5,0,NA,2,0.001,NA,NA,77,`gtol` termination condition is satisfied.,True,0.00074341783279999998,2674.6531749999999,NA,31,NA,1,1,1,215,E4|5|0.001|constant_edge_mapping|3|2,L_relative_error,0.0069011383839999996,0.69011383839999996,percent,100 * raw_value,all 324; noise_fraction==0.001; 77 reads,77,77,NA,NA,NA,NA,NA,NA,NA,NA,NA,NA,NA,NA,constant_edge_mapping,3,5,1,1,1,0.080000000000000002,constant,NA,NA,NA,NA,NA,NA
4,c,raw,results/k9_mechanics_sensitivity.csv,6baea83cab61f4c6ca3666d05714b4cfc359b0dcf6a1cd3f322ab791a77042b5,E4,5,0,NA,2,0.001,NA,NA,77,`gtol` termination condition is satisfied.,True,0.00074341783279999998,2674.6531749999999,NA,31,NA,1,1,1,215,E4|5|0.001|constant_edge_mapping|3|2,C_relative_error,0.1069558889,10.69558889,percent,100 * raw_value,all 324; noise_fraction==0.001; 77 reads,77,77,NA,NA,NA,NA,NA,NA,NA,NA,NA,NA,NA,NA,constant_edge_mapping,3,5,1,1,1,0.080000000000000002,constant,NA,NA,NA,NA,NA,NA
4,c,raw,results/k9_mechanics_sensitivity.csv,6baea83cab61f4c6ca3666d05714b4cfc359b0dcf6a1cd3f322ab791a77042b5,E5,5,1,NA,0,0.001,NA,NA,77,`gtol` termination condition is satisfied.,True,0.00089110132789999995,410.9286917,NA,23,NA,1,1,1,216,E5|5|0.001|reference|0|0,L_relative_error,0.0093973063549999993,0.93973063549999991,percent,100 * raw_value,all 324; noise_fraction==0.001; 77 reads,77,77,NA,NA,NA,NA,NA,NA,NA,NA,NA,NA,NA,NA,reference,0,5,1,1,1,0.080000000000000002,inverse_length,NA,NA,NA,NA,NA,NA
4,c,raw,results/k9_mechanics_sensitivity.csv,6baea83cab61f4c6ca3666d05714b4cfc359b0dcf6a1cd3f322ab791a77042b5,E5,5,1,NA,0,0.001,NA,NA,77,`gtol` termination condition is satisfied.,True,0.00089110132789999995,410.9286917,NA,23,NA,1,1,1,216,E5|5|0.001|reference|0|0,C_relative_error,0.032972576359999999,3.2972576359999999,percent,100 * raw_value,all 324; noise_fraction==0.001; 77 reads,77,77,NA,NA,NA,NA,NA,NA,NA,NA,NA,NA,NA,NA,reference,0,5,1,1,1,0.080000000000000002,inverse_length,NA,NA,NA,NA,NA,NA
4,c,raw,results/k9_mechanics_sensitivity.csv,6baea83cab61f4c6ca3666d05714b4cfc359b0dcf6a1cd3f322ab791a77042b5,E5,5,1,NA,1,0.001,NA,NA,77,`gtol` termination condition is satisfied.,True,0.00080572598900000003,418.39207829999998,NA,19,NA,1,1,1,217,E5|5|0.001|reference|0|1,L_relative_error,0.0085074495380000007,0.85074495380000004,percent,100 * raw_value,all 324; noise_fraction==0.001; 77 reads,77,77,NA,NA,NA,NA,NA,NA,NA,NA,NA,NA,NA,NA,reference,0,5,1,1,1,0.080000000000000002,inverse_length,NA,NA,NA,NA,NA,NA
4,c,raw,results/k9_mechanics_sensitivity.csv,6baea83cab61f4c6ca3666d05714b4cfc359b0dcf6a1cd3f322ab791a77042b5,E5,5,1,NA,1,0.001,NA,NA,77,`gtol` termination condition is satisfied.,True,0.00080572598900000003,418.39207829999998,NA,19,NA,1,1,1,217,E5|5|0.001|reference|0|1,C_relative_error,0.017874312869999999,1.787431287,percent,100 * raw_value,all 324; noise_fraction==0.001; 77 reads,77,77,NA,NA,NA,NA,NA,NA,NA,NA,NA,NA,NA,NA,reference,0,5,1,1,1,0.080000000000000002,inverse_length,NA,NA,NA,NA,NA,NA
4,c,raw,results/k9_mechanics_sensitivity.csv,6baea83cab61f4c6ca3666d05714b4cfc359b0dcf6a1cd3f322ab791a77042b5,E5,5,1,NA,2,0.001,NA,NA,77,`gtol` termination condition is satisfied.,True,0.00093624592170000001,408.10977580000002,NA,21,NA,1,1,1,218,E5|5|0.001|reference|0|2,L_relative_error,0.010960263790000001,1.096026379,percent,100 * raw_value,all 324; noise_fraction==0.001; 77 reads,77,77,NA,NA,NA,NA,NA,NA,NA,NA,NA,NA,NA,NA,reference,0,5,1,1,1,0.080000000000000002,inverse_length,NA,NA,NA,NA,NA,NA
4,c,raw,results/k9_mechanics_sensitivity.csv,6baea83cab61f4c6ca3666d05714b4cfc359b0dcf6a1cd3f322ab791a77042b5,E5,5,1,NA,2,0.001,NA,NA,77,`gtol` termination condition is satisfied.,True,0.00093624592170000001,408.10977580000002,NA,21,NA,1,1,1,218,E5|5|0.001|reference|0|2,C_relative_error,0.023835896929999999,2.3835896929999998,percent,100 * raw_value,all 324; noise_fraction==0.001; 77 reads,77,77,NA,NA,NA,NA,NA,NA,NA,NA,NA,NA,NA,NA,reference,0,5,1,1,1,0.080000000000000002,inverse_length,NA,NA,NA,NA,NA,NA
4,c,raw,results/k9_mechanics_sensitivity.csv,6baea83cab61f4c6ca3666d05714b4cfc359b0dcf6a1cd3f322ab791a77042b5,E5,5,1,NA,0,0.001,NA,NA,77,`gtol` termination condition is satisfied.,True,0.00080428767390000003,405.49621619999999,NA,19,NA,1,1,1,219,E5|5|0.001|reference|1|0,L_relative_error,0.0087326402579999997,0.87326402579999995,percent,100 * raw_value,all 324; noise_fraction==0.001; 77 reads,77,77,NA,NA,NA,NA,NA,NA,NA,NA,NA,NA,NA,NA,reference,1,5,1,1,1,0.080000000000000002,inverse_length,NA,NA,NA,NA,NA,NA
4,c,raw,results/k9_mechanics_sensitivity.csv,6baea83cab61f4c6ca3666d05714b4cfc359b0dcf6a1cd3f322ab791a77042b5,E5,5,1,NA,0,0.001,NA,NA,77,`gtol` termination condition is satisfied.,True,0.00080428767390000003,405.49621619999999,NA,19,NA,1,1,1,219,E5|5|0.001|reference|1|0,C_relative_error,0.018431247960000001,1.8431247960000001,percent,100 * raw_value,all 324; noise_fraction==0.001; 77 reads,77,77,NA,NA,NA,NA,NA,NA,NA,NA,NA,NA,NA,NA,reference,1,5,1,1,1,0.080000000000000002,inverse_length,NA,NA,NA,NA,NA,NA
4,c,raw,results/k9_mechanics_sensitivity.csv,6baea83cab61f4c6ca3666d05714b4cfc359b0dcf6a1cd3f322ab791a77042b5,E5,5,1,NA,1,0.001,NA,NA,77,`gtol` termination condition is satisfied.,True,0.00093530672179999998,395.62593809999998,NA,21,NA,1,1,1,220,E5|5|0.001|reference|1|1,L_relative_error,0.01078188375,1.0781883750000001,percent,100 * raw_value,all 324; noise_fraction==0.001; 77 reads,77,77,NA,NA,NA,NA,NA,NA,NA,NA,NA,NA,NA,NA,reference,1,5,1,1,1,0.080000000000000002,inverse_length,NA,NA,NA,NA,NA,NA
4,c,raw,results/k9_mechanics_sensitivity.csv,6baea83cab61f4c6ca3666d05714b4cfc359b0dcf6a1cd3f322ab791a77042b5,E5,5,1,NA,1,0.001,NA,NA,77,`gtol` termination condition is satisfied.,True,0.00093530672179999998,395.62593809999998,NA,21,NA,1,1,1,220,E5|5|0.001|reference|1|1,C_relative_error,0.024622354240000002,2.4622354240000002,percent,100 * raw_value,all 324; noise_fraction==0.001; 77 reads,77,77,NA,NA,NA,NA,NA,NA,NA,NA,NA,NA,NA,NA,reference,1,5,1,1,1,0.080000000000000002,inverse_length,NA,NA,NA,NA,NA,NA
4,c,raw,results/k9_mechanics_sensitivity.csv,6baea83cab61f4c6ca3666d05714b4cfc359b0dcf6a1cd3f322ab791a77042b5,E5,5,1,NA,2,0.001,NA,NA,77,`gtol` termination condition is satisfied.,True,0.00089699506720000005,400.35467169999998,NA,19,NA,1,1,1,221,E5|5|0.001|reference|1|2,L_relative_error,0.0070290434190000001,0.70290434190000006,percent,100 * raw_value,all 324; noise_fraction==0.001; 77 reads,77,77,NA,NA,NA,NA,NA,NA,NA,NA,NA,NA,NA,NA,reference,1,5,1,1,1,0.080000000000000002,inverse_length,NA,NA,NA,NA,NA,NA
4,c,raw,results/k9_mechanics_sensitivity.csv,6baea83cab61f4c6ca3666d05714b4cfc359b0dcf6a1cd3f322ab791a77042b5,E5,5,1,NA,2,0.001,NA,NA,77,`gtol` termination condition is satisfied.,True,0.00089699506720000005,400.35467169999998,NA,19,NA,1,1,1,221,E5|5|0.001|reference|1|2,C_relative_error,0.02671078281,2.6710782809999998,percent,100 * raw_value,all 324; noise_fraction==0.001; 77 reads,77,77,NA,NA,NA,NA,NA,NA,NA,NA,NA,NA,NA,NA,reference,1,5,1,1,1,0.080000000000000002,inverse_length,NA,NA,NA,NA,NA,NA
4,c,raw,results/k9_mechanics_sensitivity.csv,6baea83cab61f4c6ca3666d05714b4cfc359b0dcf6a1cd3f322ab791a77042b5,E5,5,1,NA,0,0.001,NA,NA,77,`gtol` termination condition is satisfied.,True,0.00093799426349999997,377.41368599999998,NA,20,NA,1,1,1,222,E5|5|0.001|reference|2|0,L_relative_error,0.01079083217,1.079083217,percent,100 * raw_value,all 324; noise_fraction==0.001; 77 reads,77,77,NA,NA,NA,NA,NA,NA,NA,NA,NA,NA,NA,NA,reference,2,5,1,1,1,0.080000000000000002,inverse_length,NA,NA,NA,NA,NA,NA
4,c,raw,results/k9_mechanics_sensitivity.csv,6baea83cab61f4c6ca3666d05714b4cfc359b0dcf6a1cd3f322ab791a77042b5,E5,5,1,NA,0,0.001,NA,NA,77,`gtol` termination condition is satisfied.,True,0.00093799426349999997,377.41368599999998,NA,20,NA,1,1,1,222,E5|5|0.001|reference|2|0,C_relative_error,0.024455952390000001,2.4455952390000002,percent,100 * raw_value,all 324; noise_fraction==0.001; 77 reads,77,77,NA,NA,NA,NA,NA,NA,NA,NA,NA,NA,NA,NA,reference,2,5,1,1,1,0.080000000000000002,inverse_length,NA,NA,NA,NA,NA,NA
4,c,raw,results/k9_mechanics_sensitivity.csv,6baea83cab61f4c6ca3666d05714b4cfc359b0dcf6a1cd3f322ab791a77042b5,E5,5,1,NA,1,0.001,NA,NA,77,`gtol` termination condition is satisfied.,True,0.00089133083209999998,382.11114880000002,NA,21,NA,1,1,1,223,E5|5|0.001|reference|2|1,L_relative_error,0.0076436375210000001,0.76436375209999996,percent,100 * raw_value,all 324; noise_fraction==0.001; 77 reads,77,77,NA,NA,NA,NA,NA,NA,NA,NA,NA,NA,NA,NA,reference,2,5,1,1,1,0.080000000000000002,inverse_length,NA,NA,NA,NA,NA,NA
4,c,raw,results/k9_mechanics_sensitivity.csv,6baea83cab61f4c6ca3666d05714b4cfc359b0dcf6a1cd3f322ab791a77042b5,E5,5,1,NA,1,0.001,NA,NA,77,`gtol` termination condition is satisfied.,True,0.00089133083209999998,382.11114880000002,NA,21,NA,1,1,1,223,E5|5|0.001|reference|2|1,C_relative_error,0.028449699509999999,2.8449699509999999,percent,100 * raw_value,all 324; noise_fraction==0.001; 77 reads,77,77,NA,NA,NA,NA,NA,NA,NA,NA,NA,NA,NA,NA,reference,2,5,1,1,1,0.080000000000000002,inverse_length,NA,NA,NA,NA,NA,NA
4,c,raw,results/k9_mechanics_sensitivity.csv,6baea83cab61f4c6ca3666d05714b4cfc359b0dcf6a1cd3f322ab791a77042b5,E5,5,1,NA,2,0.001,NA,NA,77,`gtol` termination condition is satisfied.,True,0.00071297071450000002,378.72478760000001,NA,19,NA,1,1,1,224,E5|5|0.001|reference|2|2,L_relative_error,0.0062687979149999998,0.62687979149999995,percent,100 * raw_value,all 324; noise_fraction==0.001; 77 reads,77,77,NA,NA,NA,NA,NA,NA,NA,NA,NA,NA,NA,NA,reference,2,5,1,1,1,0.080000000000000002,inverse_length,NA,NA,NA,NA,NA,NA
4,c,raw,results/k9_mechanics_sensitivity.csv,6baea83cab61f4c6ca3666d05714b4cfc359b0dcf6a1cd3f322ab791a77042b5,E5,5,1,NA,2,0.001,NA,NA,77,`gtol` termination condition is satisfied.,True,0.00071297071450000002,378.72478760000001,NA,19,NA,1,1,1,224,E5|5|0.001|reference|2|2,C_relative_error,0.041552906469999998,4.1552906470000002,percent,100 * raw_value,all 324; noise_fraction==0.001; 77 reads,77,77,NA,NA,NA,NA,NA,NA,NA,NA,NA,NA,NA,NA,reference,2,5,1,1,1,0.080000000000000002,inverse_length,NA,NA,NA,NA,NA,NA
4,c,raw,results/k9_mechanics_sensitivity.csv,6baea83cab61f4c6ca3666d05714b4cfc359b0dcf6a1cd3f322ab791a77042b5,E5,5,1,NA,0,0.001,NA,NA,77,`gtol` termination condition is satisfied.,True,0.00089475223690000001,381.11831769999998,NA,21,NA,1,1,1,225,E5|5|0.001|reference|3|0,L_relative_error,0.0071683101169999998,0.71683101169999996,percent,100 * raw_value,all 324; noise_fraction==0.001; 77 reads,77,77,NA,NA,NA,NA,NA,NA,NA,NA,NA,NA,NA,NA,reference,3,5,1,1,1,0.080000000000000002,inverse_length,NA,NA,NA,NA,NA,NA
4,c,raw,results/k9_mechanics_sensitivity.csv,6baea83cab61f4c6ca3666d05714b4cfc359b0dcf6a1cd3f322ab791a77042b5,E5,5,1,NA,0,0.001,NA,NA,77,`gtol` termination condition is satisfied.,True,0.00089475223690000001,381.11831769999998,NA,21,NA,1,1,1,225,E5|5|0.001|reference|3|0,C_relative_error,0.026161833589999999,2.6161833589999999,percent,100 * raw_value,all 324; noise_fraction==0.001; 77 reads,77,77,NA,NA,NA,NA,NA,NA,NA,NA,NA,NA,NA,NA,reference,3,5,1,1,1,0.080000000000000002,inverse_length,NA,NA,NA,NA,NA,NA
4,c,raw,results/k9_mechanics_sensitivity.csv,6baea83cab61f4c6ca3666d05714b4cfc359b0dcf6a1cd3f322ab791a77042b5,E5,5,1,NA,1,0.001,NA,NA,77,`gtol` termination condition is satisfied.,True,0.0007163915294,376.99841309999999,NA,21,NA,1,1,1,226,E5|5|0.001|reference|3|1,L_relative_error,0.0061037068929999999,0.61037068929999994,percent,100 * raw_value,all 324; noise_fraction==0.001; 77 reads,77,77,NA,NA,NA,NA,NA,NA,NA,NA,NA,NA,NA,NA,reference,3,5,1,1,1,0.080000000000000002,inverse_length,NA,NA,NA,NA,NA,NA
4,c,raw,results/k9_mechanics_sensitivity.csv,6baea83cab61f4c6ca3666d05714b4cfc359b0dcf6a1cd3f322ab791a77042b5,E5,5,1,NA,1,0.001,NA,NA,77,`gtol` termination condition is satisfied.,True,0.0007163915294,376.99841309999999,NA,21,NA,1,1,1,226,E5|5|0.001|reference|3|1,C_relative_error,0.040408526309999998,4.0408526309999999,percent,100 * raw_value,all 324; noise_fraction==0.001; 77 reads,77,77,NA,NA,NA,NA,NA,NA,NA,NA,NA,NA,NA,NA,reference,3,5,1,1,1,0.080000000000000002,inverse_length,NA,NA,NA,NA,NA,NA
4,c,raw,results/k9_mechanics_sensitivity.csv,6baea83cab61f4c6ca3666d05714b4cfc359b0dcf6a1cd3f322ab791a77042b5,E5,5,1,NA,2,0.001,NA,NA,77,`gtol` termination condition is satisfied.,True,0.00082613933780000003,381.0263023,NA,20,NA,1,1,1,227,E5|5|0.001|reference|3|2,L_relative_error,0.007599514192,0.75995141919999998,percent,100 * raw_value,all 324; noise_fraction==0.001; 77 reads,77,77,NA,NA,NA,NA,NA,NA,NA,NA,NA,NA,NA,NA,reference,3,5,1,1,1,0.080000000000000002,inverse_length,NA,NA,NA,NA,NA,NA
4,c,raw,results/k9_mechanics_sensitivity.csv,6baea83cab61f4c6ca3666d05714b4cfc359b0dcf6a1cd3f322ab791a77042b5,E5,5,1,NA,2,0.001,NA,NA,77,`gtol` termination condition is satisfied.,True,0.00082613933780000003,381.0263023,NA,20,NA,1,1,1,227,E5|5|0.001|reference|3|2,C_relative_error,0.040558965830000002,4.055896583,percent,100 * raw_value,all 324; noise_fraction==0.001; 77 reads,77,77,NA,NA,NA,NA,NA,NA,NA,NA,NA,NA,NA,NA,reference,3,5,1,1,1,0.080000000000000002,inverse_length,NA,NA,NA,NA,NA,NA
4,c,raw,results/k9_mechanics_sensitivity.csv,6baea83cab61f4c6ca3666d05714b4cfc359b0dcf6a1cd3f322ab791a77042b5,E5,5,1,NA,0,0.001,NA,NA,77,`ftol` termination condition is satisfied.,True,0.00092252317600000002,237.3467072,NA,18,NA,1,1,1,228,E5|5|0.001|low_stiffness|0|0,L_relative_error,0.01223897042,1.2238970419999999,percent,100 * raw_value,all 324; noise_fraction==0.001; 77 reads,77,77,NA,NA,NA,NA,NA,NA,NA,NA,NA,NA,NA,NA,low_stiffness,0,5,0.5,0.5,1,0.080000000000000002,inverse_length,NA,NA,NA,NA,NA,NA
4,c,raw,results/k9_mechanics_sensitivity.csv,6baea83cab61f4c6ca3666d05714b4cfc359b0dcf6a1cd3f322ab791a77042b5,E5,5,1,NA,0,0.001,NA,NA,77,`ftol` termination condition is satisfied.,True,0.00092252317600000002,237.3467072,NA,18,NA,1,1,1,228,E5|5|0.001|low_stiffness|0|0,C_relative_error,0.035292336100000002,3.5292336100000004,percent,100 * raw_value,all 324; noise_fraction==0.001; 77 reads,77,77,NA,NA,NA,NA,NA,NA,NA,NA,NA,NA,NA,NA,low_stiffness,0,5,0.5,0.5,1,0.080000000000000002,inverse_length,NA,NA,NA,NA,NA,NA
4,c,raw,results/k9_mechanics_sensitivity.csv,6baea83cab61f4c6ca3666d05714b4cfc359b0dcf6a1cd3f322ab791a77042b5,E5,5,1,NA,1,0.001,NA,NA,77,`ftol` termination condition is satisfied.,True,0.00097254453350000003,247.2241306,NA,25,NA,1,1,1,229,E5|5|0.001|low_stiffness|0|1,L_relative_error,0.0069932762849999998,0.69932762849999996,percent,100 * raw_value,all 324; noise_fraction==0.001; 77 reads,77,77,NA,NA,NA,NA,NA,NA,NA,NA,NA,NA,NA,NA,low_stiffness,0,5,0.5,0.5,1,0.080000000000000002,inverse_length,NA,NA,NA,NA,NA,NA
4,c,raw,results/k9_mechanics_sensitivity.csv,6baea83cab61f4c6ca3666d05714b4cfc359b0dcf6a1cd3f322ab791a77042b5,E5,5,1,NA,1,0.001,NA,NA,77,`ftol` termination condition is satisfied.,True,0.00097254453350000003,247.2241306,NA,25,NA,1,1,1,229,E5|5|0.001|low_stiffness|0|1,C_relative_error,0.021460442369999999,2.1460442369999999,percent,100 * raw_value,all 324; noise_fraction==0.001; 77 reads,77,77,NA,NA,NA,NA,NA,NA,NA,NA,NA,NA,NA,NA,low_stiffness,0,5,0.5,0.5,1,0.080000000000000002,inverse_length,NA,NA,NA,NA,NA,NA
4,c,raw,results/k9_mechanics_sensitivity.csv,6baea83cab61f4c6ca3666d05714b4cfc359b0dcf6a1cd3f322ab791a77042b5,E5,5,1,NA,2,0.001,NA,NA,77,`gtol` termination condition is satisfied.,True,0.00091312018100000005,243.32533079999999,NA,25,NA,1,1,1,230,E5|5|0.001|low_stiffness|0|2,L_relative_error,0.0072590455710000003,0.72590455710000001,percent,100 * raw_value,all 324; noise_fraction==0.001; 77 reads,77,77,NA,NA,NA,NA,NA,NA,NA,NA,NA,NA,NA,NA,low_stiffness,0,5,0.5,0.5,1,0.080000000000000002,inverse_length,NA,NA,NA,NA,NA,NA
4,c,raw,results/k9_mechanics_sensitivity.csv,6baea83cab61f4c6ca3666d05714b4cfc359b0dcf6a1cd3f322ab791a77042b5,E5,5,1,NA,2,0.001,NA,NA,77,`gtol` termination condition is satisfied.,True,0.00091312018100000005,243.32533079999999,NA,25,NA,1,1,1,230,E5|5|0.001|low_stiffness|0|2,C_relative_error,0.041272160840000002,4.1272160840000005,percent,100 * raw_value,all 324; noise_fraction==0.001; 77 reads,77,77,NA,NA,NA,NA,NA,NA,NA,NA,NA,NA,NA,NA,low_stiffness,0,5,0.5,0.5,1,0.080000000000000002,inverse_length,NA,NA,NA,NA,NA,NA
4,c,raw,results/k9_mechanics_sensitivity.csv,6baea83cab61f4c6ca3666d05714b4cfc359b0dcf6a1cd3f322ab791a77042b5,E5,5,1,NA,0,0.001,NA,NA,77,`gtol` termination condition is satisfied.,True,0.0009707035079,264.40724949999998,NA,23,NA,1,1,1,231,E5|5|0.001|low_stiffness|1|0,L_relative_error,0.0080627956979999992,0.80627956979999993,percent,100 * raw_value,all 324; noise_fraction==0.001; 77 reads,77,77,NA,NA,NA,NA,NA,NA,NA,NA,NA,NA,NA,NA,low_stiffness,1,5,0.5,0.5,1,0.080000000000000002,inverse_length,NA,NA,NA,NA,NA,NA
4,c,raw,results/k9_mechanics_sensitivity.csv,6baea83cab61f4c6ca3666d05714b4cfc359b0dcf6a1cd3f322ab791a77042b5,E5,5,1,NA,0,0.001,NA,NA,77,`gtol` termination condition is satisfied.,True,0.0009707035079,264.40724949999998,NA,23,NA,1,1,1,231,E5|5|0.001|low_stiffness|1|0,C_relative_error,0.02470996529,2.4709965290000002,percent,100 * raw_value,all 324; noise_fraction==0.001; 77 reads,77,77,NA,NA,NA,NA,NA,NA,NA,NA,NA,NA,NA,NA,low_stiffness,1,5,0.5,0.5,1,0.080000000000000002,inverse_length,NA,NA,NA,NA,NA,NA
4,c,raw,results/k9_mechanics_sensitivity.csv,6baea83cab61f4c6ca3666d05714b4cfc359b0dcf6a1cd3f322ab791a77042b5,E5,5,1,NA,1,0.001,NA,NA,77,`gtol` termination condition is satisfied.,True,0.00091909186879999996,261.6240214,NA,19,NA,1,1,1,232,E5|5|0.001|low_stiffness|1|1,L_relative_error,0.0074301534959999999,0.74301534960000004,percent,100 * raw_value,all 324; noise_fraction==0.001; 77 reads,77,77,NA,NA,NA,NA,NA,NA,NA,NA,NA,NA,NA,NA,low_stiffness,1,5,0.5,0.5,1,0.080000000000000002,inverse_length,NA,NA,NA,NA,NA,NA
4,c,raw,results/k9_mechanics_sensitivity.csv,6baea83cab61f4c6ca3666d05714b4cfc359b0dcf6a1cd3f322ab791a77042b5,E5,5,1,NA,1,0.001,NA,NA,77,`gtol` termination condition is satisfied.,True,0.00091909186879999996,261.6240214,NA,19,NA,1,1,1,232,E5|5|0.001|low_stiffness|1|1,C_relative_error,0.044364727719999997,4.4364727720000001,percent,100 * raw_value,all 324; noise_fraction==0.001; 77 reads,77,77,NA,NA,NA,NA,NA,NA,NA,NA,NA,NA,NA,NA,low_stiffness,1,5,0.5,0.5,1,0.080000000000000002,inverse_length,NA,NA,NA,NA,NA,NA
4,c,raw,results/k9_mechanics_sensitivity.csv,6baea83cab61f4c6ca3666d05714b4cfc359b0dcf6a1cd3f322ab791a77042b5,E5,5,1,NA,2,0.001,NA,NA,77,`gtol` termination condition is satisfied.,True,0.0010392992100000001,250.63769120000001,NA,20,NA,1,1,1,233,E5|5|0.001|low_stiffness|1|2,L_relative_error,0.009251083484,0.9251083484,percent,100 * raw_value,all 324; noise_fraction==0.001; 77 reads,77,77,NA,NA,NA,NA,NA,NA,NA,NA,NA,NA,NA,NA,low_stiffness,1,5,0.5,0.5,1,0.080000000000000002,inverse_length,NA,NA,NA,NA,NA,NA
4,c,raw,results/k9_mechanics_sensitivity.csv,6baea83cab61f4c6ca3666d05714b4cfc359b0dcf6a1cd3f322ab791a77042b5,E5,5,1,NA,2,0.001,NA,NA,77,`gtol` termination condition is satisfied.,True,0.0010392992100000001,250.63769120000001,NA,20,NA,1,1,1,233,E5|5|0.001|low_stiffness|1|2,C_relative_error,0.015882267259999999,1.5882267259999998,percent,100 * raw_value,all 324; noise_fraction==0.001; 77 reads,77,77,NA,NA,NA,NA,NA,NA,NA,NA,NA,NA,NA,NA,low_stiffness,1,5,0.5,0.5,1,0.080000000000000002,inverse_length,NA,NA,NA,NA,NA,NA
4,c,raw,results/k9_mechanics_sensitivity.csv,6baea83cab61f4c6ca3666d05714b4cfc359b0dcf6a1cd3f322ab791a77042b5,E5,5,1,NA,0,0.001,NA,NA,77,`ftol` termination condition is satisfied.,True,0.00091493581460000005,228.1834613,NA,21,NA,1,1,1,234,E5|5|0.001|low_stiffness|2|0,L_relative_error,0.0067748810090000004,0.6774881009,percent,100 * raw_value,all 324; noise_fraction==0.001; 77 reads,77,77,NA,NA,NA,NA,NA,NA,NA,NA,NA,NA,NA,NA,low_stiffness,2,5,0.5,0.5,1,0.080000000000000002,inverse_length,NA,NA,NA,NA,NA,NA
4,c,raw,results/k9_mechanics_sensitivity.csv,6baea83cab61f4c6ca3666d05714b4cfc359b0dcf6a1cd3f322ab791a77042b5,E5,5,1,NA,0,0.001,NA,NA,77,`ftol` termination condition is satisfied.,True,0.00091493581460000005,228.1834613,NA,21,NA,1,1,1,234,E5|5|0.001|low_stiffness|2|0,C_relative_error,0.03938980098,3.938980098,percent,100 * raw_value,all 324; noise_fraction==0.001; 77 reads,77,77,NA,NA,NA,NA,NA,NA,NA,NA,NA,NA,NA,NA,low_stiffness,2,5,0.5,0.5,1,0.080000000000000002,inverse_length,NA,NA,NA,NA,NA,NA
4,c,raw,results/k9_mechanics_sensitivity.csv,6baea83cab61f4c6ca3666d05714b4cfc359b0dcf6a1cd3f322ab791a77042b5,E5,5,1,NA,1,0.001,NA,NA,77,`gtol` termination condition is satisfied.,True,0.0010260274269999999,217.64298840000001,NA,22,NA,1,1,1,235,E5|5|0.001|low_stiffness|2|1,L_relative_error,0.0082468513290000003,0.82468513290000001,percent,100 * raw_value,all 324; noise_fraction==0.001; 77 reads,77,77,NA,NA,NA,NA,NA,NA,NA,NA,NA,NA,NA,NA,low_stiffness,2,5,0.5,0.5,1,0.080000000000000002,inverse_length,NA,NA,NA,NA,NA,NA
4,c,raw,results/k9_mechanics_sensitivity.csv,6baea83cab61f4c6ca3666d05714b4cfc359b0dcf6a1cd3f322ab791a77042b5,E5,5,1,NA,1,0.001,NA,NA,77,`gtol` termination condition is satisfied.,True,0.0010260274269999999,217.64298840000001,NA,22,NA,1,1,1,235,E5|5|0.001|low_stiffness|2|1,C_relative_error,0.016099453980000001,1.609945398,percent,100 * raw_value,all 324; noise_fraction==0.001; 77 reads,77,77,NA,NA,NA,NA,NA,NA,NA,NA,NA,NA,NA,NA,low_stiffness,2,5,0.5,0.5,1,0.080000000000000002,inverse_length,NA,NA,NA,NA,NA,NA
4,c,raw,results/k9_mechanics_sensitivity.csv,6baea83cab61f4c6ca3666d05714b4cfc359b0dcf6a1cd3f322ab791a77042b5,E5,5,1,NA,2,0.001,NA,NA,77,`gtol` termination condition is satisfied.,True,0.00084302822090000001,235.22363849999999,NA,20,NA,1,1,1,236,E5|5|0.001|low_stiffness|2|2,L_relative_error,0.004702908118,0.47029081179999999,percent,100 * raw_value,all 324; noise_fraction==0.001; 77 reads,77,77,NA,NA,NA,NA,NA,NA,NA,NA,NA,NA,NA,NA,low_stiffness,2,5,0.5,0.5,1,0.080000000000000002,inverse_length,NA,NA,NA,NA,NA,NA
4,c,raw,results/k9_mechanics_sensitivity.csv,6baea83cab61f4c6ca3666d05714b4cfc359b0dcf6a1cd3f322ab791a77042b5,E5,5,1,NA,2,0.001,NA,NA,77,`gtol` termination condition is satisfied.,True,0.00084302822090000001,235.22363849999999,NA,20,NA,1,1,1,236,E5|5|0.001|low_stiffness|2|2,C_relative_error,0.024080805760000001,2.4080805760000001,percent,100 * raw_value,all 324; noise_fraction==0.001; 77 reads,77,77,NA,NA,NA,NA,NA,NA,NA,NA,NA,NA,NA,NA,low_stiffness,2,5,0.5,0.5,1,0.080000000000000002,inverse_length,NA,NA,NA,NA,NA,NA
4,c,raw,results/k9_mechanics_sensitivity.csv,6baea83cab61f4c6ca3666d05714b4cfc359b0dcf6a1cd3f322ab791a77042b5,E5,5,1,NA,0,0.001,NA,NA,77,`gtol` termination condition is satisfied.,True,0.0010328217709999999,286.69462659999999,NA,22,NA,1,1,1,237,E5|5|0.001|low_stiffness|3|0,L_relative_error,0.010643381219999999,1.0643381219999999,percent,100 * raw_value,all 324; noise_fraction==0.001; 77 reads,77,77,NA,NA,NA,NA,NA,NA,NA,NA,NA,NA,NA,NA,low_stiffness,3,5,0.5,0.5,1,0.080000000000000002,inverse_length,NA,NA,NA,NA,NA,NA
4,c,raw,results/k9_mechanics_sensitivity.csv,6baea83cab61f4c6ca3666d05714b4cfc359b0dcf6a1cd3f322ab791a77042b5,E5,5,1,NA,0,0.001,NA,NA,77,`gtol` termination condition is satisfied.,True,0.0010328217709999999,286.69462659999999,NA,22,NA,1,1,1,237,E5|5|0.001|low_stiffness|3|0,C_relative_error,0.018124740310000002,1.8124740310000003,percent,100 * raw_value,all 324; noise_fraction==0.001; 77 reads,77,77,NA,NA,NA,NA,NA,NA,NA,NA,NA,NA,NA,NA,low_stiffness,3,5,0.5,0.5,1,0.080000000000000002,inverse_length,NA,NA,NA,NA,NA,NA
4,c,raw,results/k9_mechanics_sensitivity.csv,6baea83cab61f4c6ca3666d05714b4cfc359b0dcf6a1cd3f322ab791a77042b5,E5,5,1,NA,1,0.001,NA,NA,77,`ftol` termination condition is satisfied.,True,0.00084414085409999999,308.79393040000002,NA,22,NA,1,1,1,238,E5|5|0.001|low_stiffness|3|1,L_relative_error,0.0057217828120000001,0.57217828120000003,percent,100 * raw_value,all 324; noise_fraction==0.001; 77 reads,77,77,NA,NA,NA,NA,NA,NA,NA,NA,NA,NA,NA,NA,low_stiffness,3,5,0.5,0.5,1,0.080000000000000002,inverse_length,NA,NA,NA,NA,NA,NA
4,c,raw,results/k9_mechanics_sensitivity.csv,6baea83cab61f4c6ca3666d05714b4cfc359b0dcf6a1cd3f322ab791a77042b5,E5,5,1,NA,1,0.001,NA,NA,77,`ftol` termination condition is satisfied.,True,0.00084414085409999999,308.79393040000002,NA,22,NA,1,1,1,238,E5|5|0.001|low_stiffness|3|1,C_relative_error,0.028241466909999999,2.8241466909999997,percent,100 * raw_value,all 324; noise_fraction==0.001; 77 reads,77,77,NA,NA,NA,NA,NA,NA,NA,NA,NA,NA,NA,NA,low_stiffness,3,5,0.5,0.5,1,0.080000000000000002,inverse_length,NA,NA,NA,NA,NA,NA
4,c,raw,results/k9_mechanics_sensitivity.csv,6baea83cab61f4c6ca3666d05714b4cfc359b0dcf6a1cd3f322ab791a77042b5,E5,5,1,NA,2,0.001,NA,NA,77,`ftol` termination condition is satisfied.,True,0.00089862998139999997,308.2812965,NA,23,NA,1,1,1,239,E5|5|0.001|low_stiffness|3|2,L_relative_error,0.0076064110240000003,0.76064110240000005,percent,100 * raw_value,all 324; noise_fraction==0.001; 77 reads,77,77,NA,NA,NA,NA,NA,NA,NA,NA,NA,NA,NA,NA,low_stiffness,3,5,0.5,0.5,1,0.080000000000000002,inverse_length,NA,NA,NA,NA,NA,NA
4,c,raw,results/k9_mechanics_sensitivity.csv,6baea83cab61f4c6ca3666d05714b4cfc359b0dcf6a1cd3f322ab791a77042b5,E5,5,1,NA,2,0.001,NA,NA,77,`ftol` termination condition is satisfied.,True,0.00089862998139999997,308.2812965,NA,23,NA,1,1,1,239,E5|5|0.001|low_stiffness|3|2,C_relative_error,0.0387079808,3.8707980800000001,percent,100 * raw_value,all 324; noise_fraction==0.001; 77 reads,77,77,NA,NA,NA,NA,NA,NA,NA,NA,NA,NA,NA,NA,low_stiffness,3,5,0.5,0.5,1,0.080000000000000002,inverse_length,NA,NA,NA,NA,NA,NA
4,c,raw,results/k9_mechanics_sensitivity.csv,6baea83cab61f4c6ca3666d05714b4cfc359b0dcf6a1cd3f322ab791a77042b5,E5,5,1,NA,0,0.001,NA,NA,77,`gtol` termination condition is satisfied.,True,0.00090826829230000001,1091.328861,NA,34,NA,1,1,1,240,E5|5|0.001|high_stiffness|0|0,L_relative_error,0.01650829358,1.650829358,percent,100 * raw_value,all 324; noise_fraction==0.001; 77 reads,77,77,NA,NA,NA,NA,NA,NA,NA,NA,NA,NA,NA,NA,high_stiffness,0,5,2,2,1,0.080000000000000002,inverse_length,NA,NA,NA,NA,NA,NA
4,c,raw,results/k9_mechanics_sensitivity.csv,6baea83cab61f4c6ca3666d05714b4cfc359b0dcf6a1cd3f322ab791a77042b5,E5,5,1,NA,0,0.001,NA,NA,77,`gtol` termination condition is satisfied.,True,0.00090826829230000001,1091.328861,NA,34,NA,1,1,1,240,E5|5|0.001|high_stiffness|0|0,C_relative_error,0.039807159660000001,3.980715966,percent,100 * raw_value,all 324; noise_fraction==0.001; 77 reads,77,77,NA,NA,NA,NA,NA,NA,NA,NA,NA,NA,NA,NA,high_stiffness,0,5,2,2,1,0.080000000000000002,inverse_length,NA,NA,NA,NA,NA,NA
4,c,raw,results/k9_mechanics_sensitivity.csv,6baea83cab61f4c6ca3666d05714b4cfc359b0dcf6a1cd3f322ab791a77042b5,E5,5,1,NA,1,0.001,NA,NA,77,`gtol` termination condition is satisfied.,True,0.00077506250859999998,1064.611866,NA,32,NA,1,1,1,241,E5|5|0.001|high_stiffness|0|1,L_relative_error,0.017114525719999999,1.711452572,percent,100 * raw_value,all 324; noise_fraction==0.001; 77 reads,77,77,NA,NA,NA,NA,NA,NA,NA,NA,NA,NA,NA,NA,high_stiffness,0,5,2,2,1,0.080000000000000002,inverse_length,NA,NA,NA,NA,NA,NA
4,c,raw,results/k9_mechanics_sensitivity.csv,6baea83cab61f4c6ca3666d05714b4cfc359b0dcf6a1cd3f322ab791a77042b5,E5,5,1,NA,1,0.001,NA,NA,77,`gtol` termination condition is satisfied.,True,0.00077506250859999998,1064.611866,NA,32,NA,1,1,1,241,E5|5|0.001|high_stiffness|0|1,C_relative_error,0.048992991569999998,4.8992991569999997,percent,100 * raw_value,all 324; noise_fraction==0.001; 77 reads,77,77,NA,NA,NA,NA,NA,NA,NA,NA,NA,NA,NA,NA,high_stiffness,0,5,2,2,1,0.080000000000000002,inverse_length,NA,NA,NA,NA,NA,NA
4,c,raw,results/k9_mechanics_sensitivity.csv,6baea83cab61f4c6ca3666d05714b4cfc359b0dcf6a1cd3f322ab791a77042b5,E5,5,1,NA,2,0.001,NA,NA,77,`gtol` termination condition is satisfied.,True,0.00091297394019999997,1104.216537,NA,33,NA,1,1,1,242,E5|5|0.001|high_stiffness|0|2,L_relative_error,0.0094541051899999992,0.94541051899999995,percent,100 * raw_value,all 324; noise_fraction==0.001; 77 reads,77,77,NA,NA,NA,NA,NA,NA,NA,NA,NA,NA,NA,NA,high_stiffness,0,5,2,2,1,0.080000000000000002,inverse_length,NA,NA,NA,NA,NA,NA
4,c,raw,results/k9_mechanics_sensitivity.csv,6baea83cab61f4c6ca3666d05714b4cfc359b0dcf6a1cd3f322ab791a77042b5,E5,5,1,NA,2,0.001,NA,NA,77,`gtol` termination condition is satisfied.,True,0.00091297394019999997,1104.216537,NA,33,NA,1,1,1,242,E5|5|0.001|high_stiffness|0|2,C_relative_error,0.038263701380000001,3.8263701380000001,percent,100 * raw_value,all 324; noise_fraction==0.001; 77 reads,77,77,NA,NA,NA,NA,NA,NA,NA,NA,NA,NA,NA,NA,high_stiffness,0,5,2,2,1,0.080000000000000002,inverse_length,NA,NA,NA,NA,NA,NA
4,c,raw,results/k9_mechanics_sensitivity.csv,6baea83cab61f4c6ca3666d05714b4cfc359b0dcf6a1cd3f322ab791a77042b5,E5,5,1,NA,0,0.001,NA,NA,77,`ftol` termination condition is satisfied.,True,0.00078082190639999999,1002.373678,NA,28,NA,1,1,1,243,E5|5|0.001|high_stiffness|1|0,L_relative_error,0.01899438761,1.8994387610000001,percent,100 * raw_value,all 324; noise_fraction==0.001; 77 reads,77,77,NA,NA,NA,NA,NA,NA,NA,NA,NA,NA,NA,NA,high_stiffness,1,5,2,2,1,0.080000000000000002,inverse_length,NA,NA,NA,NA,NA,NA
4,c,raw,results/k9_mechanics_sensitivity.csv,6baea83cab61f4c6ca3666d05714b4cfc359b0dcf6a1cd3f322ab791a77042b5,E5,5,1,NA,0,0.001,NA,NA,77,`ftol` termination condition is satisfied.,True,0.00078082190639999999,1002.373678,NA,28,NA,1,1,1,243,E5|5|0.001|high_stiffness|1|0,C_relative_error,0.040839570300000003,4.0839570300000005,percent,100 * raw_value,all 324; noise_fraction==0.001; 77 reads,77,77,NA,NA,NA,NA,NA,NA,NA,NA,NA,NA,NA,NA,high_stiffness,1,5,2,2,1,0.080000000000000002,inverse_length,NA,NA,NA,NA,NA,NA
4,c,raw,results/k9_mechanics_sensitivity.csv,6baea83cab61f4c6ca3666d05714b4cfc359b0dcf6a1cd3f322ab791a77042b5,E5,5,1,NA,1,0.001,NA,NA,77,`gtol` termination condition is satisfied.,True,0.00090275148869999999,1045.183174,NA,29,NA,1,1,1,244,E5|5|0.001|high_stiffness|1|1,L_relative_error,0.01040990778,1.0409907780000001,percent,100 * raw_value,all 324; noise_fraction==0.001; 77 reads,77,77,NA,NA,NA,NA,NA,NA,NA,NA,NA,NA,NA,NA,high_stiffness,1,5,2,2,1,0.080000000000000002,inverse_length,NA,NA,NA,NA,NA,NA
4,c,raw,results/k9_mechanics_sensitivity.csv,6baea83cab61f4c6ca3666d05714b4cfc359b0dcf6a1cd3f322ab791a77042b5,E5,5,1,NA,1,0.001,NA,NA,77,`gtol` termination condition is satisfied.,True,0.00090275148869999999,1045.183174,NA,29,NA,1,1,1,244,E5|5|0.001|high_stiffness|1|1,C_relative_error,0.028437440840000001,2.8437440840000003,percent,100 * raw_value,all 324; noise_fraction==0.001; 77 reads,77,77,NA,NA,NA,NA,NA,NA,NA,NA,NA,NA,NA,NA,high_stiffness,1,5,2,2,1,0.080000000000000002,inverse_length,NA,NA,NA,NA,NA,NA
4,c,raw,results/k9_mechanics_sensitivity.csv,6baea83cab61f4c6ca3666d05714b4cfc359b0dcf6a1cd3f322ab791a77042b5,E5,5,1,NA,2,0.001,NA,NA,77,`ftol` termination condition is satisfied.,True,0.00079619613530000004,1061.905847,NA,30,NA,1,1,1,245,E5|5|0.001|high_stiffness|1|2,L_relative_error,0.0092640387529999996,0.92640387530000001,percent,100 * raw_value,all 324; noise_fraction==0.001; 77 reads,77,77,NA,NA,NA,NA,NA,NA,NA,NA,NA,NA,NA,NA,high_stiffness,1,5,2,2,1,0.080000000000000002,inverse_length,NA,NA,NA,NA,NA,NA
4,c,raw,results/k9_mechanics_sensitivity.csv,6baea83cab61f4c6ca3666d05714b4cfc359b0dcf6a1cd3f322ab791a77042b5,E5,5,1,NA,2,0.001,NA,NA,77,`ftol` termination condition is satisfied.,True,0.00079619613530000004,1061.905847,NA,30,NA,1,1,1,245,E5|5|0.001|high_stiffness|1|2,C_relative_error,0.036195051739999998,3.6195051739999999,percent,100 * raw_value,all 324; noise_fraction==0.001; 77 reads,77,77,NA,NA,NA,NA,NA,NA,NA,NA,NA,NA,NA,NA,high_stiffness,1,5,2,2,1,0.080000000000000002,inverse_length,NA,NA,NA,NA,NA,NA
4,c,raw,results/k9_mechanics_sensitivity.csv,6baea83cab61f4c6ca3666d05714b4cfc359b0dcf6a1cd3f322ab791a77042b5,E5,5,1,NA,0,0.001,NA,NA,77,`gtol` termination condition is satisfied.,True,0.00091629431310000003,969.87806920000003,NA,27,NA,1,1,1,246,E5|5|0.001|high_stiffness|2|0,L_relative_error,0.0080903244020000004,0.80903244020000009,percent,100 * raw_value,all 324; noise_fraction==0.001; 77 reads,77,77,NA,NA,NA,NA,NA,NA,NA,NA,NA,NA,NA,NA,high_stiffness,2,5,2,2,1,0.080000000000000002,inverse_length,NA,NA,NA,NA,NA,NA
4,c,raw,results/k9_mechanics_sensitivity.csv,6baea83cab61f4c6ca3666d05714b4cfc359b0dcf6a1cd3f322ab791a77042b5,E5,5,1,NA,0,0.001,NA,NA,77,`gtol` termination condition is satisfied.,True,0.00091629431310000003,969.87806920000003,NA,27,NA,1,1,1,246,E5|5|0.001|high_stiffness|2|0,C_relative_error,0.029659440910000001,2.9659440909999999,percent,100 * raw_value,all 324; noise_fraction==0.001; 77 reads,77,77,NA,NA,NA,NA,NA,NA,NA,NA,NA,NA,NA,NA,high_stiffness,2,5,2,2,1,0.080000000000000002,inverse_length,NA,NA,NA,NA,NA,NA
4,c,raw,results/k9_mechanics_sensitivity.csv,6baea83cab61f4c6ca3666d05714b4cfc359b0dcf6a1cd3f322ab791a77042b5,E5,5,1,NA,1,0.001,NA,NA,77,`gtol` termination condition is satisfied.,True,0.00077196698559999996,973.86050469999998,NA,33,NA,1,1,1,247,E5|5|0.001|high_stiffness|2|1,L_relative_error,0.0080273944869999996,0.80273944869999991,percent,100 * raw_value,all 324; noise_fraction==0.001; 77 reads,77,77,NA,NA,NA,NA,NA,NA,NA,NA,NA,NA,NA,NA,high_stiffness,2,5,2,2,1,0.080000000000000002,inverse_length,NA,NA,NA,NA,NA,NA
4,c,raw,results/k9_mechanics_sensitivity.csv,6baea83cab61f4c6ca3666d05714b4cfc359b0dcf6a1cd3f322ab791a77042b5,E5,5,1,NA,1,0.001,NA,NA,77,`gtol` termination condition is satisfied.,True,0.00077196698559999996,973.86050469999998,NA,33,NA,1,1,1,247,E5|5|0.001|high_stiffness|2|1,C_relative_error,0.038018396869999999,3.8018396869999997,percent,100 * raw_value,all 324; noise_fraction==0.001; 77 reads,77,77,NA,NA,NA,NA,NA,NA,NA,NA,NA,NA,NA,NA,high_stiffness,2,5,2,2,1,0.080000000000000002,inverse_length,NA,NA,NA,NA,NA,NA
4,c,raw,results/k9_mechanics_sensitivity.csv,6baea83cab61f4c6ca3666d05714b4cfc359b0dcf6a1cd3f322ab791a77042b5,E5,5,1,NA,2,0.001,NA,NA,77,`gtol` termination condition is satisfied.,True,0.00076858609830000001,970.37380450000001,NA,30,NA,1,1,1,248,E5|5|0.001|high_stiffness|2|2,L_relative_error,0.007956440629,0.7956440629,percent,100 * raw_value,all 324; noise_fraction==0.001; 77 reads,77,77,NA,NA,NA,NA,NA,NA,NA,NA,NA,NA,NA,NA,high_stiffness,2,5,2,2,1,0.080000000000000002,inverse_length,NA,NA,NA,NA,NA,NA
4,c,raw,results/k9_mechanics_sensitivity.csv,6baea83cab61f4c6ca3666d05714b4cfc359b0dcf6a1cd3f322ab791a77042b5,E5,5,1,NA,2,0.001,NA,NA,77,`gtol` termination condition is satisfied.,True,0.00076858609830000001,970.37380450000001,NA,30,NA,1,1,1,248,E5|5|0.001|high_stiffness|2|2,C_relative_error,0.077581151599999995,7.7581151599999991,percent,100 * raw_value,all 324; noise_fraction==0.001; 77 reads,77,77,NA,NA,NA,NA,NA,NA,NA,NA,NA,NA,NA,NA,high_stiffness,2,5,2,2,1,0.080000000000000002,inverse_length,NA,NA,NA,NA,NA,NA
4,c,raw,results/k9_mechanics_sensitivity.csv,6baea83cab61f4c6ca3666d05714b4cfc359b0dcf6a1cd3f322ab791a77042b5,E5,5,1,NA,0,0.001,NA,NA,77,`ftol` termination condition is satisfied.,True,0.00077748046370000005,1081.097718,NA,28,NA,1,1,1,249,E5|5|0.001|high_stiffness|3|0,L_relative_error,0.0090106306719999994,0.90106306719999996,percent,100 * raw_value,all 324; noise_fraction==0.001; 77 reads,77,77,NA,NA,NA,NA,NA,NA,NA,NA,NA,NA,NA,NA,high_stiffness,3,5,2,2,1,0.080000000000000002,inverse_length,NA,NA,NA,NA,NA,NA
4,c,raw,results/k9_mechanics_sensitivity.csv,6baea83cab61f4c6ca3666d05714b4cfc359b0dcf6a1cd3f322ab791a77042b5,E5,5,1,NA,0,0.001,NA,NA,77,`ftol` termination condition is satisfied.,True,0.00077748046370000005,1081.097718,NA,28,NA,1,1,1,249,E5|5|0.001|high_stiffness|3|0,C_relative_error,0.036821797369999999,3.6821797369999998,percent,100 * raw_value,all 324; noise_fraction==0.001; 77 reads,77,77,NA,NA,NA,NA,NA,NA,NA,NA,NA,NA,NA,NA,high_stiffness,3,5,2,2,1,0.080000000000000002,inverse_length,NA,NA,NA,NA,NA,NA
4,c,raw,results/k9_mechanics_sensitivity.csv,6baea83cab61f4c6ca3666d05714b4cfc359b0dcf6a1cd3f322ab791a77042b5,E5,5,1,NA,1,0.001,NA,NA,77,`gtol` termination condition is satisfied.,True,0.00076920687350000001,1073.557665,NA,27,NA,1,1,1,250,E5|5|0.001|high_stiffness|3|1,L_relative_error,0.0085792063190000007,0.85792063190000012,percent,100 * raw_value,all 324; noise_fraction==0.001; 77 reads,77,77,NA,NA,NA,NA,NA,NA,NA,NA,NA,NA,NA,NA,high_stiffness,3,5,2,2,1,0.080000000000000002,inverse_length,NA,NA,NA,NA,NA,NA
4,c,raw,results/k9_mechanics_sensitivity.csv,6baea83cab61f4c6ca3666d05714b4cfc359b0dcf6a1cd3f322ab791a77042b5,E5,5,1,NA,1,0.001,NA,NA,77,`gtol` termination condition is satisfied.,True,0.00076920687350000001,1073.557665,NA,27,NA,1,1,1,250,E5|5|0.001|high_stiffness|3|1,C_relative_error,0.076176917790000007,7.6176917790000003,percent,100 * raw_value,all 324; noise_fraction==0.001; 77 reads,77,77,NA,NA,NA,NA,NA,NA,NA,NA,NA,NA,NA,NA,high_stiffness,3,5,2,2,1,0.080000000000000002,inverse_length,NA,NA,NA,NA,NA,NA
4,c,raw,results/k9_mechanics_sensitivity.csv,6baea83cab61f4c6ca3666d05714b4cfc359b0dcf6a1cd3f322ab791a77042b5,E5,5,1,NA,2,0.001,NA,NA,77,`gtol` termination condition is satisfied.,True,0.00096443561789999997,1112.2125679999999,NA,26,NA,1,1,1,251,E5|5|0.001|high_stiffness|3|2,L_relative_error,0.0082053996839999994,0.82053996839999999,percent,100 * raw_value,all 324; noise_fraction==0.001; 77 reads,77,77,NA,NA,NA,NA,NA,NA,NA,NA,NA,NA,NA,NA,high_stiffness,3,5,2,2,1,0.080000000000000002,inverse_length,NA,NA,NA,NA,NA,NA
4,c,raw,results/k9_mechanics_sensitivity.csv,6baea83cab61f4c6ca3666d05714b4cfc359b0dcf6a1cd3f322ab791a77042b5,E5,5,1,NA,2,0.001,NA,NA,77,`gtol` termination condition is satisfied.,True,0.00096443561789999997,1112.2125679999999,NA,26,NA,1,1,1,251,E5|5|0.001|high_stiffness|3|2,C_relative_error,0.035341081369999999,3.534108137,percent,100 * raw_value,all 324; noise_fraction==0.001; 77 reads,77,77,NA,NA,NA,NA,NA,NA,NA,NA,NA,NA,NA,NA,high_stiffness,3,5,2,2,1,0.080000000000000002,inverse_length,NA,NA,NA,NA,NA,NA
4,c,raw,results/k9_mechanics_sensitivity.csv,6baea83cab61f4c6ca3666d05714b4cfc359b0dcf6a1cd3f322ab791a77042b5,E5,5,1,NA,0,0.001,NA,NA,77,`gtol` termination condition is satisfied.,True,0.00082823154909999997,367.88525329999999,NA,23,NA,1,1,1,252,E5|5|0.001|low_storage|0|0,L_relative_error,0.0081687482630000002,0.81687482630000008,percent,100 * raw_value,all 324; noise_fraction==0.001; 77 reads,77,77,NA,NA,NA,NA,NA,NA,NA,NA,NA,NA,NA,NA,low_storage,0,5,1,1,0.5,0.080000000000000002,inverse_length,NA,NA,NA,NA,NA,NA
4,c,raw,results/k9_mechanics_sensitivity.csv,6baea83cab61f4c6ca3666d05714b4cfc359b0dcf6a1cd3f322ab791a77042b5,E5,5,1,NA,0,0.001,NA,NA,77,`gtol` termination condition is satisfied.,True,0.00082823154909999997,367.88525329999999,NA,23,NA,1,1,1,252,E5|5|0.001|low_storage|0|0,C_relative_error,0.02577070209,2.5770702089999999,percent,100 * raw_value,all 324; noise_fraction==0.001; 77 reads,77,77,NA,NA,NA,NA,NA,NA,NA,NA,NA,NA,NA,NA,low_storage,0,5,1,1,0.5,0.080000000000000002,inverse_length,NA,NA,NA,NA,NA,NA
4,c,raw,results/k9_mechanics_sensitivity.csv,6baea83cab61f4c6ca3666d05714b4cfc359b0dcf6a1cd3f322ab791a77042b5,E5,5,1,NA,1,0.001,NA,NA,77,`gtol` termination condition is satisfied.,True,0.00074122720009999995,353.00958939999998,NA,20,NA,1,1,1,253,E5|5|0.001|low_storage|0|1,L_relative_error,0.01492201223,1.4922012229999999,percent,100 * raw_value,all 324; noise_fraction==0.001; 77 reads,77,77,NA,NA,NA,NA,NA,NA,NA,NA,NA,NA,NA,NA,low_storage,0,5,1,1,0.5,0.080000000000000002,inverse_length,NA,NA,NA,NA,NA,NA
4,c,raw,results/k9_mechanics_sensitivity.csv,6baea83cab61f4c6ca3666d05714b4cfc359b0dcf6a1cd3f322ab791a77042b5,E5,5,1,NA,1,0.001,NA,NA,77,`gtol` termination condition is satisfied.,True,0.00074122720009999995,353.00958939999998,NA,20,NA,1,1,1,253,E5|5|0.001|low_storage|0|1,C_relative_error,0.0258342973,2.5834297299999998,percent,100 * raw_value,all 324; noise_fraction==0.001; 77 reads,77,77,NA,NA,NA,NA,NA,NA,NA,NA,NA,NA,NA,NA,low_storage,0,5,1,1,0.5,0.080000000000000002,inverse_length,NA,NA,NA,NA,NA,NA
4,c,raw,results/k9_mechanics_sensitivity.csv,6baea83cab61f4c6ca3666d05714b4cfc359b0dcf6a1cd3f322ab791a77042b5,E5,5,1,NA,2,0.001,NA,NA,77,`ftol` termination condition is satisfied.,True,0.00071517930390000003,358.68462849999997,NA,22,NA,1,1,1,254,E5|5|0.001|low_storage|0|2,L_relative_error,0.0049417823020000001,0.49417823020000001,percent,100 * raw_value,all 324; noise_fraction==0.001; 77 reads,77,77,NA,NA,NA,NA,NA,NA,NA,NA,NA,NA,NA,NA,low_storage,0,5,1,1,0.5,0.080000000000000002,inverse_length,NA,NA,NA,NA,NA,NA
4,c,raw,results/k9_mechanics_sensitivity.csv,6baea83cab61f4c6ca3666d05714b4cfc359b0dcf6a1cd3f322ab791a77042b5,E5,5,1,NA,2,0.001,NA,NA,77,`ftol` termination condition is satisfied.,True,0.00071517930390000003,358.68462849999997,NA,22,NA,1,1,1,254,E5|5|0.001|low_storage|0|2,C_relative_error,0.03588720904,3.5887209040000001,percent,100 * raw_value,all 324; noise_fraction==0.001; 77 reads,77,77,NA,NA,NA,NA,NA,NA,NA,NA,NA,NA,NA,NA,low_storage,0,5,1,1,0.5,0.080000000000000002,inverse_length,NA,NA,NA,NA,NA,NA
4,c,raw,results/k9_mechanics_sensitivity.csv,6baea83cab61f4c6ca3666d05714b4cfc359b0dcf6a1cd3f322ab791a77042b5,E5,5,1,NA,0,0.001,NA,NA,77,`gtol` termination condition is satisfied.,True,0.00073798879460000002,325.81272940000002,NA,20,NA,1,1,1,255,E5|5|0.001|low_storage|1|0,L_relative_error,0.01414352355,1.4143523550000001,percent,100 * raw_value,all 324; noise_fraction==0.001; 77 reads,77,77,NA,NA,NA,NA,NA,NA,NA,NA,NA,NA,NA,NA,low_storage,1,5,1,1,0.5,0.080000000000000002,inverse_length,NA,NA,NA,NA,NA,NA
4,c,raw,results/k9_mechanics_sensitivity.csv,6baea83cab61f4c6ca3666d05714b4cfc359b0dcf6a1cd3f322ab791a77042b5,E5,5,1,NA,0,0.001,NA,NA,77,`gtol` termination condition is satisfied.,True,0.00073798879460000002,325.81272940000002,NA,20,NA,1,1,1,255,E5|5|0.001|low_storage|1|0,C_relative_error,0.0237687382,2.3768738200000001,percent,100 * raw_value,all 324; noise_fraction==0.001; 77 reads,77,77,NA,NA,NA,NA,NA,NA,NA,NA,NA,NA,NA,NA,low_storage,1,5,1,1,0.5,0.080000000000000002,inverse_length,NA,NA,NA,NA,NA,NA
4,c,raw,results/k9_mechanics_sensitivity.csv,6baea83cab61f4c6ca3666d05714b4cfc359b0dcf6a1cd3f322ab791a77042b5,E5,5,1,NA,1,0.001,NA,NA,77,`gtol` termination condition is satisfied.,True,0.00071695789260000004,331.30830709999998,NA,24,NA,1,1,1,256,E5|5|0.001|low_storage|1|1,L_relative_error,0.0046646541020000003,0.46646541020000004,percent,100 * raw_value,all 324; noise_fraction==0.001; 77 reads,77,77,NA,NA,NA,NA,NA,NA,NA,NA,NA,NA,NA,NA,low_storage,1,5,1,1,0.5,0.080000000000000002,inverse_length,NA,NA,NA,NA,NA,NA
4,c,raw,results/k9_mechanics_sensitivity.csv,6baea83cab61f4c6ca3666d05714b4cfc359b0dcf6a1cd3f322ab791a77042b5,E5,5,1,NA,1,0.001,NA,NA,77,`gtol` termination condition is satisfied.,True,0.00071695789260000004,331.30830709999998,NA,24,NA,1,1,1,256,E5|5|0.001|low_storage|1|1,C_relative_error,0.03265292124,3.2652921240000001,percent,100 * raw_value,all 324; noise_fraction==0.001; 77 reads,77,77,NA,NA,NA,NA,NA,NA,NA,NA,NA,NA,NA,NA,low_storage,1,5,1,1,0.5,0.080000000000000002,inverse_length,NA,NA,NA,NA,NA,NA
4,c,raw,results/k9_mechanics_sensitivity.csv,6baea83cab61f4c6ca3666d05714b4cfc359b0dcf6a1cd3f322ab791a77042b5,E5,5,1,NA,2,0.001,NA,NA,77,`gtol` termination condition is satisfied.,True,0.00090283309820000002,328.21798630000001,NA,19,NA,1,1,1,257,E5|5|0.001|low_storage|1|2,L_relative_error,0.0080059294570000005,0.80059294570000006,percent,100 * raw_value,all 324; noise_fraction==0.001; 77 reads,77,77,NA,NA,NA,NA,NA,NA,NA,NA,NA,NA,NA,NA,low_storage,1,5,1,1,0.5,0.080000000000000002,inverse_length,NA,NA,NA,NA,NA,NA
4,c,raw,results/k9_mechanics_sensitivity.csv,6baea83cab61f4c6ca3666d05714b4cfc359b0dcf6a1cd3f322ab791a77042b5,E5,5,1,NA,2,0.001,NA,NA,77,`gtol` termination condition is satisfied.,True,0.00090283309820000002,328.21798630000001,NA,19,NA,1,1,1,257,E5|5|0.001|low_storage|1|2,C_relative_error,0.0428793523,4.2879352299999995,percent,100 * raw_value,all 324; noise_fraction==0.001; 77 reads,77,77,NA,NA,NA,NA,NA,NA,NA,NA,NA,NA,NA,NA,low_storage,1,5,1,1,0.5,0.080000000000000002,inverse_length,NA,NA,NA,NA,NA,NA
4,c,raw,results/k9_mechanics_sensitivity.csv,6baea83cab61f4c6ca3666d05714b4cfc359b0dcf6a1cd3f322ab791a77042b5,E5,5,1,NA,0,0.001,NA,NA,77,`gtol` termination condition is satisfied.,True,0.00071443261119999999,372.48408480000001,NA,24,NA,1,1,1,258,E5|5|0.001|low_storage|2|0,L_relative_error,0.0051006475580000002,0.51006475579999999,percent,100 * raw_value,all 324; noise_fraction==0.001; 77 reads,77,77,NA,NA,NA,NA,NA,NA,NA,NA,NA,NA,NA,NA,low_storage,2,5,1,1,0.5,0.080000000000000002,inverse_length,NA,NA,NA,NA,NA,NA
4,c,raw,results/k9_mechanics_sensitivity.csv,6baea83cab61f4c6ca3666d05714b4cfc359b0dcf6a1cd3f322ab791a77042b5,E5,5,1,NA,0,0.001,NA,NA,77,`gtol` termination condition is satisfied.,True,0.00071443261119999999,372.48408480000001,NA,24,NA,1,1,1,258,E5|5|0.001|low_storage|2|0,C_relative_error,0.036972887810000001,3.6972887810000001,percent,100 * raw_value,all 324; noise_fraction==0.001; 77 reads,77,77,NA,NA,NA,NA,NA,NA,NA,NA,NA,NA,NA,NA,low_storage,2,5,1,1,0.5,0.080000000000000002,inverse_length,NA,NA,NA,NA,NA,NA
4,c,raw,results/k9_mechanics_sensitivity.csv,6baea83cab61f4c6ca3666d05714b4cfc359b0dcf6a1cd3f322ab791a77042b5,E5,5,1,NA,1,0.001,NA,NA,77,`ftol` termination condition is satisfied.,True,0.00089476369510000005,369.5169894,NA,22,NA,1,1,1,259,E5|5|0.001|low_storage|2|1,L_relative_error,0.0089960691059999993,0.89960691059999998,percent,100 * raw_value,all 324; noise_fraction==0.001; 77 reads,77,77,NA,NA,NA,NA,NA,NA,NA,NA,NA,NA,NA,NA,low_storage,2,5,1,1,0.5,0.080000000000000002,inverse_length,NA,NA,NA,NA,NA,NA
4,c,raw,results/k9_mechanics_sensitivity.csv,6baea83cab61f4c6ca3666d05714b4cfc359b0dcf6a1cd3f322ab791a77042b5,E5,5,1,NA,1,0.001,NA,NA,77,`ftol` termination condition is satisfied.,True,0.00089476369510000005,369.5169894,NA,22,NA,1,1,1,259,E5|5|0.001|low_storage|2|1,C_relative_error,0.050604334039999997,5.0604334039999994,percent,100 * raw_value,all 324; noise_fraction==0.001; 77 reads,77,77,NA,NA,NA,NA,NA,NA,NA,NA,NA,NA,NA,NA,low_storage,2,5,1,1,0.5,0.080000000000000002,inverse_length,NA,NA,NA,NA,NA,NA
4,c,raw,results/k9_mechanics_sensitivity.csv,6baea83cab61f4c6ca3666d05714b4cfc359b0dcf6a1cd3f322ab791a77042b5,E5,5,1,NA,2,0.001,NA,NA,77,`gtol` termination condition is satisfied.,True,0.00070536323680000005,374.73652520000002,NA,22,NA,1,1,1,260,E5|5|0.001|low_storage|2|2,L_relative_error,0.01446989995,1.446989995,percent,100 * raw_value,all 324; noise_fraction==0.001; 77 reads,77,77,NA,NA,NA,NA,NA,NA,NA,NA,NA,NA,NA,NA,low_storage,2,5,1,1,0.5,0.080000000000000002,inverse_length,NA,NA,NA,NA,NA,NA
4,c,raw,results/k9_mechanics_sensitivity.csv,6baea83cab61f4c6ca3666d05714b4cfc359b0dcf6a1cd3f322ab791a77042b5,E5,5,1,NA,2,0.001,NA,NA,77,`gtol` termination condition is satisfied.,True,0.00070536323680000005,374.73652520000002,NA,22,NA,1,1,1,260,E5|5|0.001|low_storage|2|2,C_relative_error,0.098834539240000005,9.8834539240000012,percent,100 * raw_value,all 324; noise_fraction==0.001; 77 reads,77,77,NA,NA,NA,NA,NA,NA,NA,NA,NA,NA,NA,NA,low_storage,2,5,1,1,0.5,0.080000000000000002,inverse_length,NA,NA,NA,NA,NA,NA
4,c,raw,results/k9_mechanics_sensitivity.csv,6baea83cab61f4c6ca3666d05714b4cfc359b0dcf6a1cd3f322ab791a77042b5,E5,5,1,NA,0,0.001,NA,NA,77,`gtol` termination condition is satisfied.,True,0.00089635356779999996,389.69350320000001,NA,21,NA,1,1,1,261,E5|5|0.001|low_storage|3|0,L_relative_error,0.0086248082349999998,0.86248082349999999,percent,100 * raw_value,all 324; noise_fraction==0.001; 77 reads,77,77,NA,NA,NA,NA,NA,NA,NA,NA,NA,NA,NA,NA,low_storage,3,5,1,1,0.5,0.080000000000000002,inverse_length,NA,NA,NA,NA,NA,NA
4,c,raw,results/k9_mechanics_sensitivity.csv,6baea83cab61f4c6ca3666d05714b4cfc359b0dcf6a1cd3f322ab791a77042b5,E5,5,1,NA,0,0.001,NA,NA,77,`gtol` termination condition is satisfied.,True,0.00089635356779999996,389.69350320000001,NA,21,NA,1,1,1,261,E5|5|0.001|low_storage|3|0,C_relative_error,0.050201302679999997,5.020130268,percent,100 * raw_value,all 324; noise_fraction==0.001; 77 reads,77,77,NA,NA,NA,NA,NA,NA,NA,NA,NA,NA,NA,NA,low_storage,3,5,1,1,0.5,0.080000000000000002,inverse_length,NA,NA,NA,NA,NA,NA
4,c,raw,results/k9_mechanics_sensitivity.csv,6baea83cab61f4c6ca3666d05714b4cfc359b0dcf6a1cd3f322ab791a77042b5,E5,5,1,NA,1,0.001,NA,NA,77,`gtol` termination condition is satisfied.,True,0.00070464121970000005,392.54813039999999,NA,21,NA,1,1,1,262,E5|5|0.001|low_storage|3|1,L_relative_error,0.01556853152,1.556853152,percent,100 * raw_value,all 324; noise_fraction==0.001; 77 reads,77,77,NA,NA,NA,NA,NA,NA,NA,NA,NA,NA,NA,NA,low_storage,3,5,1,1,0.5,0.080000000000000002,inverse_length,NA,NA,NA,NA,NA,NA
4,c,raw,results/k9_mechanics_sensitivity.csv,6baea83cab61f4c6ca3666d05714b4cfc359b0dcf6a1cd3f322ab791a77042b5,E5,5,1,NA,1,0.001,NA,NA,77,`gtol` termination condition is satisfied.,True,0.00070464121970000005,392.54813039999999,NA,21,NA,1,1,1,262,E5|5|0.001|low_storage|3|1,C_relative_error,0.10331927690000001,10.331927690000001,percent,100 * raw_value,all 324; noise_fraction==0.001; 77 reads,77,77,NA,NA,NA,NA,NA,NA,NA,NA,NA,NA,NA,NA,low_storage,3,5,1,1,0.5,0.080000000000000002,inverse_length,NA,NA,NA,NA,NA,NA
4,c,raw,results/k9_mechanics_sensitivity.csv,6baea83cab61f4c6ca3666d05714b4cfc359b0dcf6a1cd3f322ab791a77042b5,E5,5,1,NA,2,0.001,NA,NA,77,`gtol` termination condition is satisfied.,True,0.0009791847531999999,395.04147039999998,NA,21,NA,1,1,1,263,E5|5|0.001|low_storage|3|2,L_relative_error,0.011215578909999999,1.1215578909999999,percent,100 * raw_value,all 324; noise_fraction==0.001; 77 reads,77,77,NA,NA,NA,NA,NA,NA,NA,NA,NA,NA,NA,NA,low_storage,3,5,1,1,0.5,0.080000000000000002,inverse_length,NA,NA,NA,NA,NA,NA
4,c,raw,results/k9_mechanics_sensitivity.csv,6baea83cab61f4c6ca3666d05714b4cfc359b0dcf6a1cd3f322ab791a77042b5,E5,5,1,NA,2,0.001,NA,NA,77,`gtol` termination condition is satisfied.,True,0.0009791847531999999,395.04147039999998,NA,21,NA,1,1,1,263,E5|5|0.001|low_storage|3|2,C_relative_error,0.087267143379999995,8.726714337999999,percent,100 * raw_value,all 324; noise_fraction==0.001; 77 reads,77,77,NA,NA,NA,NA,NA,NA,NA,NA,NA,NA,NA,NA,low_storage,3,5,1,1,0.5,0.080000000000000002,inverse_length,NA,NA,NA,NA,NA,NA
4,c,raw,results/k9_mechanics_sensitivity.csv,6baea83cab61f4c6ca3666d05714b4cfc359b0dcf6a1cd3f322ab791a77042b5,E5,5,1,NA,0,0.001,NA,NA,77,`gtol` termination condition is satisfied.,True,0.00076621064460000003,432.22916709999998,NA,22,NA,1,1,1,264,E5|5|0.001|high_storage|0|0,L_relative_error,0.0080249159010000008,0.80249159010000004,percent,100 * raw_value,all 324; noise_fraction==0.001; 77 reads,77,77,NA,NA,NA,NA,NA,NA,NA,NA,NA,NA,NA,NA,high_storage,0,5,1,1,1.5,0.080000000000000002,inverse_length,NA,NA,NA,NA,NA,NA
4,c,raw,results/k9_mechanics_sensitivity.csv,6baea83cab61f4c6ca3666d05714b4cfc359b0dcf6a1cd3f322ab791a77042b5,E5,5,1,NA,0,0.001,NA,NA,77,`gtol` termination condition is satisfied.,True,0.00076621064460000003,432.22916709999998,NA,22,NA,1,1,1,264,E5|5|0.001|high_storage|0|0,C_relative_error,0.02863909911,2.8639099109999999,percent,100 * raw_value,all 324; noise_fraction==0.001; 77 reads,77,77,NA,NA,NA,NA,NA,NA,NA,NA,NA,NA,NA,NA,high_storage,0,5,1,1,1.5,0.080000000000000002,inverse_length,NA,NA,NA,NA,NA,NA
4,c,raw,results/k9_mechanics_sensitivity.csv,6baea83cab61f4c6ca3666d05714b4cfc359b0dcf6a1cd3f322ab791a77042b5,E5,5,1,NA,1,0.001,NA,NA,77,`gtol` termination condition is satisfied.,True,0.00093826434219999996,404.90814979999999,NA,19,NA,1,1,1,265,E5|5|0.001|high_storage|0|1,L_relative_error,0.02703387522,2.7033875219999999,percent,100 * raw_value,all 324; noise_fraction==0.001; 77 reads,77,77,NA,NA,NA,NA,NA,NA,NA,NA,NA,NA,NA,NA,high_storage,0,5,1,1,1.5,0.080000000000000002,inverse_length,NA,NA,NA,NA,NA,NA
4,c,raw,results/k9_mechanics_sensitivity.csv,6baea83cab61f4c6ca3666d05714b4cfc359b0dcf6a1cd3f322ab791a77042b5,E5,5,1,NA,1,0.001,NA,NA,77,`gtol` termination condition is satisfied.,True,0.00093826434219999996,404.90814979999999,NA,19,NA,1,1,1,265,E5|5|0.001|high_storage|0|1,C_relative_error,0.030773128149999999,3.077312815,percent,100 * raw_value,all 324; noise_fraction==0.001; 77 reads,77,77,NA,NA,NA,NA,NA,NA,NA,NA,NA,NA,NA,NA,high_storage,0,5,1,1,1.5,0.080000000000000002,inverse_length,NA,NA,NA,NA,NA,NA
4,c,raw,results/k9_mechanics_sensitivity.csv,6baea83cab61f4c6ca3666d05714b4cfc359b0dcf6a1cd3f322ab791a77042b5,E5,5,1,NA,2,0.001,NA,NA,77,`gtol` termination condition is satisfied.,True,0.00095153240460000004,436.12296379999998,NA,20,NA,1,1,1,266,E5|5|0.001|high_storage|0|2,L_relative_error,0.010062847579999999,1.0062847579999998,percent,100 * raw_value,all 324; noise_fraction==0.001; 77 reads,77,77,NA,NA,NA,NA,NA,NA,NA,NA,NA,NA,NA,NA,high_storage,0,5,1,1,1.5,0.080000000000000002,inverse_length,NA,NA,NA,NA,NA,NA
4,c,raw,results/k9_mechanics_sensitivity.csv,6baea83cab61f4c6ca3666d05714b4cfc359b0dcf6a1cd3f322ab791a77042b5,E5,5,1,NA,2,0.001,NA,NA,77,`gtol` termination condition is satisfied.,True,0.00095153240460000004,436.12296379999998,NA,20,NA,1,1,1,266,E5|5|0.001|high_storage|0|2,C_relative_error,0.05718039691,5.7180396910000004,percent,100 * raw_value,all 324; noise_fraction==0.001; 77 reads,77,77,NA,NA,NA,NA,NA,NA,NA,NA,NA,NA,NA,NA,high_storage,0,5,1,1,1.5,0.080000000000000002,inverse_length,NA,NA,NA,NA,NA,NA
4,c,raw,results/k9_mechanics_sensitivity.csv,6baea83cab61f4c6ca3666d05714b4cfc359b0dcf6a1cd3f322ab791a77042b5,E5,5,1,NA,0,0.001,NA,NA,77,`gtol` termination condition is satisfied.,True,0.0009405523132,389.4572134,NA,21,NA,1,1,1,267,E5|5|0.001|high_storage|1|0,L_relative_error,0.02472671018,2.4726710179999998,percent,100 * raw_value,all 324; noise_fraction==0.001; 77 reads,77,77,NA,NA,NA,NA,NA,NA,NA,NA,NA,NA,NA,NA,high_storage,1,5,1,1,1.5,0.080000000000000002,inverse_length,NA,NA,NA,NA,NA,NA
4,c,raw,results/k9_mechanics_sensitivity.csv,6baea83cab61f4c6ca3666d05714b4cfc359b0dcf6a1cd3f322ab791a77042b5,E5,5,1,NA,0,0.001,NA,NA,77,`gtol` termination condition is satisfied.,True,0.0009405523132,389.4572134,NA,21,NA,1,1,1,267,E5|5|0.001|high_storage|1|0,C_relative_error,0.030435540720000001,3.0435540720000001,percent,100 * raw_value,all 324; noise_fraction==0.001; 77 reads,77,77,NA,NA,NA,NA,NA,NA,NA,NA,NA,NA,NA,NA,high_storage,1,5,1,1,1.5,0.080000000000000002,inverse_length,NA,NA,NA,NA,NA,NA
4,c,raw,results/k9_mechanics_sensitivity.csv,6baea83cab61f4c6ca3666d05714b4cfc359b0dcf6a1cd3f322ab791a77042b5,E5,5,1,NA,1,0.001,NA,NA,77,`gtol` termination condition is satisfied.,True,0.00094495517909999995,418.03778999999997,NA,25,NA,1,1,1,268,E5|5|0.001|high_storage|1|1,L_relative_error,0.0097592360150000005,0.97592360150000002,percent,100 * raw_value,all 324; noise_fraction==0.001; 77 reads,77,77,NA,NA,NA,NA,NA,NA,NA,NA,NA,NA,NA,NA,high_storage,1,5,1,1,1.5,0.080000000000000002,inverse_length,NA,NA,NA,NA,NA,NA
4,c,raw,results/k9_mechanics_sensitivity.csv,6baea83cab61f4c6ca3666d05714b4cfc359b0dcf6a1cd3f322ab791a77042b5,E5,5,1,NA,1,0.001,NA,NA,77,`gtol` termination condition is satisfied.,True,0.00094495517909999995,418.03778999999997,NA,25,NA,1,1,1,268,E5|5|0.001|high_storage|1|1,C_relative_error,0.054061163920000002,5.4061163920000004,percent,100 * raw_value,all 324; noise_fraction==0.001; 77 reads,77,77,NA,NA,NA,NA,NA,NA,NA,NA,NA,NA,NA,NA,high_storage,1,5,1,1,1.5,0.080000000000000002,inverse_length,NA,NA,NA,NA,NA,NA
4,c,raw,results/k9_mechanics_sensitivity.csv,6baea83cab61f4c6ca3666d05714b4cfc359b0dcf6a1cd3f322ab791a77042b5,E5,5,1,NA,2,0.001,NA,NA,77,`gtol` termination condition is satisfied.,True,0.00076500998860000002,421.77816089999999,NA,23,NA,1,1,1,269,E5|5|0.001|high_storage|1|2,L_relative_error,0.0024754848400000001,0.24754848400000001,percent,100 * raw_value,all 324; noise_fraction==0.001; 77 reads,77,77,NA,NA,NA,NA,NA,NA,NA,NA,NA,NA,NA,NA,high_storage,1,5,1,1,1.5,0.080000000000000002,inverse_length,NA,NA,NA,NA,NA,NA
4,c,raw,results/k9_mechanics_sensitivity.csv,6baea83cab61f4c6ca3666d05714b4cfc359b0dcf6a1cd3f322ab791a77042b5,E5,5,1,NA,2,0.001,NA,NA,77,`gtol` termination condition is satisfied.,True,0.00076500998860000002,421.77816089999999,NA,23,NA,1,1,1,269,E5|5|0.001|high_storage|1|2,C_relative_error,0.0062995386299999996,0.629953863,percent,100 * raw_value,all 324; noise_fraction==0.001; 77 reads,77,77,NA,NA,NA,NA,NA,NA,NA,NA,NA,NA,NA,NA,high_storage,1,5,1,1,1.5,0.080000000000000002,inverse_length,NA,NA,NA,NA,NA,NA
4,c,raw,results/k9_mechanics_sensitivity.csv,6baea83cab61f4c6ca3666d05714b4cfc359b0dcf6a1cd3f322ab791a77042b5,E5,5,1,NA,0,0.001,NA,NA,77,`gtol` termination condition is satisfied.,True,0.00094860483950000003,476.31979660000002,NA,21,NA,1,1,1,270,E5|5|0.001|high_storage|2|0,L_relative_error,0.010810419470000001,1.0810419470000001,percent,100 * raw_value,all 324; noise_fraction==0.001; 77 reads,77,77,NA,NA,NA,NA,NA,NA,NA,NA,NA,NA,NA,NA,high_storage,2,5,1,1,1.5,0.080000000000000002,inverse_length,NA,NA,NA,NA,NA,NA
4,c,raw,results/k9_mechanics_sensitivity.csv,6baea83cab61f4c6ca3666d05714b4cfc359b0dcf6a1cd3f322ab791a77042b5,E5,5,1,NA,0,0.001,NA,NA,77,`gtol` termination condition is satisfied.,True,0.00094860483950000003,476.31979660000002,NA,21,NA,1,1,1,270,E5|5|0.001|high_storage|2|0,C_relative_error,0.063027566300000004,6.3027566300000002,percent,100 * raw_value,all 324; noise_fraction==0.001; 77 reads,77,77,NA,NA,NA,NA,NA,NA,NA,NA,NA,NA,NA,NA,high_storage,2,5,1,1,1.5,0.080000000000000002,inverse_length,NA,NA,NA,NA,NA,NA
4,c,raw,results/k9_mechanics_sensitivity.csv,6baea83cab61f4c6ca3666d05714b4cfc359b0dcf6a1cd3f322ab791a77042b5,E5,5,1,NA,1,0.001,NA,NA,77,`ftol` termination condition is satisfied.,True,0.00076901770059999998,481.02613960000002,NA,23,NA,1,1,1,271,E5|5|0.001|high_storage|2|1,L_relative_error,0.0028883718930000002,0.28883718930000002,percent,100 * raw_value,all 324; noise_fraction==0.001; 77 reads,77,77,NA,NA,NA,NA,NA,NA,NA,NA,NA,NA,NA,NA,high_storage,2,5,1,1,1.5,0.080000000000000002,inverse_length,NA,NA,NA,NA,NA,NA
4,c,raw,results/k9_mechanics_sensitivity.csv,6baea83cab61f4c6ca3666d05714b4cfc359b0dcf6a1cd3f322ab791a77042b5,E5,5,1,NA,1,0.001,NA,NA,77,`ftol` termination condition is satisfied.,True,0.00076901770059999998,481.02613960000002,NA,23,NA,1,1,1,271,E5|5|0.001|high_storage|2|1,C_relative_error,0.0065289549250000002,0.65289549250000001,percent,100 * raw_value,all 324; noise_fraction==0.001; 77 reads,77,77,NA,NA,NA,NA,NA,NA,NA,NA,NA,NA,NA,NA,high_storage,2,5,1,1,1.5,0.080000000000000002,inverse_length,NA,NA,NA,NA,NA,NA
4,c,raw,results/k9_mechanics_sensitivity.csv,6baea83cab61f4c6ca3666d05714b4cfc359b0dcf6a1cd3f322ab791a77042b5,E5,5,1,NA,2,0.001,NA,NA,77,`gtol` termination condition is satisfied.,True,0.00077212233860000001,483.26659380000001,NA,21,NA,1,1,1,272,E5|5|0.001|high_storage|2|2,L_relative_error,0.0080532025250000007,0.80532025250000006,percent,100 * raw_value,all 324; noise_fraction==0.001; 77 reads,77,77,NA,NA,NA,NA,NA,NA,NA,NA,NA,NA,NA,NA,high_storage,2,5,1,1,1.5,0.080000000000000002,inverse_length,NA,NA,NA,NA,NA,NA
4,c,raw,results/k9_mechanics_sensitivity.csv,6baea83cab61f4c6ca3666d05714b4cfc359b0dcf6a1cd3f322ab791a77042b5,E5,5,1,NA,2,0.001,NA,NA,77,`gtol` termination condition is satisfied.,True,0.00077212233860000001,483.26659380000001,NA,21,NA,1,1,1,272,E5|5|0.001|high_storage|2|2,C_relative_error,0.020348183870000001,2.0348183870000001,percent,100 * raw_value,all 324; noise_fraction==0.001; 77 reads,77,77,NA,NA,NA,NA,NA,NA,NA,NA,NA,NA,NA,NA,high_storage,2,5,1,1,1.5,0.080000000000000002,inverse_length,NA,NA,NA,NA,NA,NA
4,c,raw,results/k9_mechanics_sensitivity.csv,6baea83cab61f4c6ca3666d05714b4cfc359b0dcf6a1cd3f322ab791a77042b5,E5,5,1,NA,0,0.001,NA,NA,77,`gtol` termination condition is satisfied.,True,0.00076276588890000004,378.29049750000001,NA,21,NA,1,1,1,273,E5|5|0.001|high_storage|3|0,L_relative_error,0.0025034265679999999,0.25034265680000001,percent,100 * raw_value,all 324; noise_fraction==0.001; 77 reads,77,77,NA,NA,NA,NA,NA,NA,NA,NA,NA,NA,NA,NA,high_storage,3,5,1,1,1.5,0.080000000000000002,inverse_length,NA,NA,NA,NA,NA,NA
4,c,raw,results/k9_mechanics_sensitivity.csv,6baea83cab61f4c6ca3666d05714b4cfc359b0dcf6a1cd3f322ab791a77042b5,E5,5,1,NA,0,0.001,NA,NA,77,`gtol` termination condition is satisfied.,True,0.00076276588890000004,378.29049750000001,NA,21,NA,1,1,1,273,E5|5|0.001|high_storage|3|0,C_relative_error,0.0063548486639999997,0.63548486640000001,percent,100 * raw_value,all 324; noise_fraction==0.001; 77 reads,77,77,NA,NA,NA,NA,NA,NA,NA,NA,NA,NA,NA,NA,high_storage,3,5,1,1,1.5,0.080000000000000002,inverse_length,NA,NA,NA,NA,NA,NA
4,c,raw,results/k9_mechanics_sensitivity.csv,6baea83cab61f4c6ca3666d05714b4cfc359b0dcf6a1cd3f322ab791a77042b5,E5,5,1,NA,1,0.001,NA,NA,77,`gtol` termination condition is satisfied.,True,0.00076941825099999998,379.82902389999998,NA,19,NA,1,1,1,274,E5|5|0.001|high_storage|3|1,L_relative_error,0.0069834900149999997,0.69834900150000001,percent,100 * raw_value,all 324; noise_fraction==0.001; 77 reads,77,77,NA,NA,NA,NA,NA,NA,NA,NA,NA,NA,NA,NA,high_storage,3,5,1,1,1.5,0.080000000000000002,inverse_length,NA,NA,NA,NA,NA,NA
4,c,raw,results/k9_mechanics_sensitivity.csv,6baea83cab61f4c6ca3666d05714b4cfc359b0dcf6a1cd3f322ab791a77042b5,E5,5,1,NA,1,0.001,NA,NA,77,`gtol` termination condition is satisfied.,True,0.00076941825099999998,379.82902389999998,NA,19,NA,1,1,1,274,E5|5|0.001|high_storage|3|1,C_relative_error,0.019750953549999999,1.9750953549999999,percent,100 * raw_value,all 324; noise_fraction==0.001; 77 reads,77,77,NA,NA,NA,NA,NA,NA,NA,NA,NA,NA,NA,NA,high_storage,3,5,1,1,1.5,0.080000000000000002,inverse_length,NA,NA,NA,NA,NA,NA
4,c,raw,results/k9_mechanics_sensitivity.csv,6baea83cab61f4c6ca3666d05714b4cfc359b0dcf6a1cd3f322ab791a77042b5,E5,5,1,NA,2,0.001,NA,NA,77,`ftol` termination condition is satisfied.,True,0.00089265794839999996,352.33426589999999,NA,16,NA,1,1,1,275,E5|5|0.001|high_storage|3|2,L_relative_error,0.016920315880000002,1.6920315880000001,percent,100 * raw_value,all 324; noise_fraction==0.001; 77 reads,77,77,NA,NA,NA,NA,NA,NA,NA,NA,NA,NA,NA,NA,high_storage,3,5,1,1,1.5,0.080000000000000002,inverse_length,NA,NA,NA,NA,NA,NA
4,c,raw,results/k9_mechanics_sensitivity.csv,6baea83cab61f4c6ca3666d05714b4cfc359b0dcf6a1cd3f322ab791a77042b5,E5,5,1,NA,2,0.001,NA,NA,77,`ftol` termination condition is satisfied.,True,0.00089265794839999996,352.33426589999999,NA,16,NA,1,1,1,275,E5|5|0.001|high_storage|3|2,C_relative_error,0.03045688245,3.045688245,percent,100 * raw_value,all 324; noise_fraction==0.001; 77 reads,77,77,NA,NA,NA,NA,NA,NA,NA,NA,NA,NA,NA,NA,high_storage,3,5,1,1,1.5,0.080000000000000002,inverse_length,NA,NA,NA,NA,NA,NA
4,c,raw,results/k9_mechanics_sensitivity.csv,6baea83cab61f4c6ca3666d05714b4cfc359b0dcf6a1cd3f322ab791a77042b5,E5,5,1,NA,0,0.001,NA,NA,77,`gtol` termination condition is satisfied.,True,0.00081228906310000005,1432.758284,NA,20,NA,1,1,1,276,E5|5|0.001|low_edge_ratio|0|0,L_relative_error,0.014475757739999999,1.4475757739999999,percent,100 * raw_value,all 324; noise_fraction==0.001; 77 reads,77,77,NA,NA,NA,NA,NA,NA,NA,NA,NA,NA,NA,NA,low_edge_ratio,0,1.25,1,1,1,0.080000000000000002,inverse_length,NA,NA,NA,NA,NA,NA
4,c,raw,results/k9_mechanics_sensitivity.csv,6baea83cab61f4c6ca3666d05714b4cfc359b0dcf6a1cd3f322ab791a77042b5,E5,5,1,NA,0,0.001,NA,NA,77,`gtol` termination condition is satisfied.,True,0.00081228906310000005,1432.758284,NA,20,NA,1,1,1,276,E5|5|0.001|low_edge_ratio|0|0,C_relative_error,0.05536001862,5.536001862,percent,100 * raw_value,all 324; noise_fraction==0.001; 77 reads,77,77,NA,NA,NA,NA,NA,NA,NA,NA,NA,NA,NA,NA,low_edge_ratio,0,1.25,1,1,1,0.080000000000000002,inverse_length,NA,NA,NA,NA,NA,NA
4,c,raw,results/k9_mechanics_sensitivity.csv,6baea83cab61f4c6ca3666d05714b4cfc359b0dcf6a1cd3f322ab791a77042b5,E5,5,1,NA,1,0.001,NA,NA,77,`gtol` termination condition is satisfied.,True,0.00090360763990000002,1546.6819230000001,NA,21,NA,1,1,1,277,E5|5|0.001|low_edge_ratio|0|1,L_relative_error,0.039048358210000002,3.9048358210000003,percent,100 * raw_value,all 324; noise_fraction==0.001; 77 reads,77,77,NA,NA,NA,NA,NA,NA,NA,NA,NA,NA,NA,NA,low_edge_ratio,0,1.25,1,1,1,0.080000000000000002,inverse_length,NA,NA,NA,NA,NA,NA
4,c,raw,results/k9_mechanics_sensitivity.csv,6baea83cab61f4c6ca3666d05714b4cfc359b0dcf6a1cd3f322ab791a77042b5,E5,5,1,NA,1,0.001,NA,NA,77,`gtol` termination condition is satisfied.,True,0.00090360763990000002,1546.6819230000001,NA,21,NA,1,1,1,277,E5|5|0.001|low_edge_ratio|0|1,C_relative_error,0.14053186240000001,14.05318624,percent,100 * raw_value,all 324; noise_fraction==0.001; 77 reads,77,77,NA,NA,NA,NA,NA,NA,NA,NA,NA,NA,NA,NA,low_edge_ratio,0,1.25,1,1,1,0.080000000000000002,inverse_length,NA,NA,NA,NA,NA,NA
4,c,raw,results/k9_mechanics_sensitivity.csv,6baea83cab61f4c6ca3666d05714b4cfc359b0dcf6a1cd3f322ab791a77042b5,E5,5,1,NA,2,0.001,NA,NA,77,`ftol` termination condition is satisfied.,True,0.00091662863340000005,1249.4470670000001,NA,18,NA,1,1,1,278,E5|5|0.001|low_edge_ratio|0|2,L_relative_error,0.039858533020000003,3.9858533020000002,percent,100 * raw_value,all 324; noise_fraction==0.001; 77 reads,77,77,NA,NA,NA,NA,NA,NA,NA,NA,NA,NA,NA,NA,low_edge_ratio,0,1.25,1,1,1,0.080000000000000002,inverse_length,NA,NA,NA,NA,NA,NA
4,c,raw,results/k9_mechanics_sensitivity.csv,6baea83cab61f4c6ca3666d05714b4cfc359b0dcf6a1cd3f322ab791a77042b5,E5,5,1,NA,2,0.001,NA,NA,77,`ftol` termination condition is satisfied.,True,0.00091662863340000005,1249.4470670000001,NA,18,NA,1,1,1,278,E5|5|0.001|low_edge_ratio|0|2,C_relative_error,0.34065408050000001,34.065408050000002,percent,100 * raw_value,all 324; noise_fraction==0.001; 77 reads,77,77,NA,NA,NA,NA,NA,NA,NA,NA,NA,NA,NA,NA,low_edge_ratio,0,1.25,1,1,1,0.080000000000000002,inverse_length,NA,NA,NA,NA,NA,NA
4,c,raw,results/k9_mechanics_sensitivity.csv,6baea83cab61f4c6ca3666d05714b4cfc359b0dcf6a1cd3f322ab791a77042b5,E5,5,1,NA,0,0.001,NA,NA,77,`gtol` termination condition is satisfied.,True,0.00090416897110000001,1639.8940030000001,NA,24,NA,1,1,1,279,E5|5|0.001|low_edge_ratio|1|0,L_relative_error,0.044050290479999997,4.4050290479999994,percent,100 * raw_value,all 324; noise_fraction==0.001; 77 reads,77,77,NA,NA,NA,NA,NA,NA,NA,NA,NA,NA,NA,NA,low_edge_ratio,1,1.25,1,1,1,0.080000000000000002,inverse_length,NA,NA,NA,NA,NA,NA
4,c,raw,results/k9_mechanics_sensitivity.csv,6baea83cab61f4c6ca3666d05714b4cfc359b0dcf6a1cd3f322ab791a77042b5,E5,5,1,NA,0,0.001,NA,NA,77,`gtol` termination condition is satisfied.,True,0.00090416897110000001,1639.8940030000001,NA,24,NA,1,1,1,279,E5|5|0.001|low_edge_ratio|1|0,C_relative_error,0.14588785800000001,14.5887858,percent,100 * raw_value,all 324; noise_fraction==0.001; 77 reads,77,77,NA,NA,NA,NA,NA,NA,NA,NA,NA,NA,NA,NA,low_edge_ratio,1,1.25,1,1,1,0.080000000000000002,inverse_length,NA,NA,NA,NA,NA,NA
4,c,raw,results/k9_mechanics_sensitivity.csv,6baea83cab61f4c6ca3666d05714b4cfc359b0dcf6a1cd3f322ab791a77042b5,E5,5,1,NA,1,0.001,NA,NA,77,`gtol` termination condition is satisfied.,True,0.00091315673879999995,1282.724696,NA,21,NA,1,1,1,280,E5|5|0.001|low_edge_ratio|1|1,L_relative_error,0.04569001214,4.569001214,percent,100 * raw_value,all 324; noise_fraction==0.001; 77 reads,77,77,NA,NA,NA,NA,NA,NA,NA,NA,NA,NA,NA,NA,low_edge_ratio,1,1.25,1,1,1,0.080000000000000002,inverse_length,NA,NA,NA,NA,NA,NA
4,c,raw,results/k9_mechanics_sensitivity.csv,6baea83cab61f4c6ca3666d05714b4cfc359b0dcf6a1cd3f322ab791a77042b5,E5,5,1,NA,1,0.001,NA,NA,77,`gtol` termination condition is satisfied.,True,0.00091315673879999995,1282.724696,NA,21,NA,1,1,1,280,E5|5|0.001|low_edge_ratio|1|1,C_relative_error,0.33044224929999999,33.044224929999999,percent,100 * raw_value,all 324; noise_fraction==0.001; 77 reads,77,77,NA,NA,NA,NA,NA,NA,NA,NA,NA,NA,NA,NA,low_edge_ratio,1,1.25,1,1,1,0.080000000000000002,inverse_length,NA,NA,NA,NA,NA,NA
4,c,raw,results/k9_mechanics_sensitivity.csv,6baea83cab61f4c6ca3666d05714b4cfc359b0dcf6a1cd3f322ab791a77042b5,E5,5,1,NA,2,0.001,NA,NA,77,`ftol` termination condition is satisfied.,True,0.00097622969510000003,1641.569866,NA,26,NA,1,1,1,281,E5|5|0.001|low_edge_ratio|1|2,L_relative_error,0.023322266960000001,2.3322266960000002,percent,100 * raw_value,all 324; noise_fraction==0.001; 77 reads,77,77,NA,NA,NA,NA,NA,NA,NA,NA,NA,NA,NA,NA,low_edge_ratio,1,1.25,1,1,1,0.080000000000000002,inverse_length,NA,NA,NA,NA,NA,NA
4,c,raw,results/k9_mechanics_sensitivity.csv,6baea83cab61f4c6ca3666d05714b4cfc359b0dcf6a1cd3f322ab791a77042b5,E5,5,1,NA,2,0.001,NA,NA,77,`ftol` termination condition is satisfied.,True,0.00097622969510000003,1641.569866,NA,26,NA,1,1,1,281,E5|5|0.001|low_edge_ratio|1|2,C_relative_error,0.073269768370000002,7.3269768370000001,percent,100 * raw_value,all 324; noise_fraction==0.001; 77 reads,77,77,NA,NA,NA,NA,NA,NA,NA,NA,NA,NA,NA,NA,low_edge_ratio,1,1.25,1,1,1,0.080000000000000002,inverse_length,NA,NA,NA,NA,NA,NA
4,c,raw,results/k9_mechanics_sensitivity.csv,6baea83cab61f4c6ca3666d05714b4cfc359b0dcf6a1cd3f322ab791a77042b5,E5,5,1,NA,0,0.001,NA,NA,77,`ftol` termination condition is satisfied.,True,0.00091180445740000004,1117.266462,NA,21,NA,1,1,1,282,E5|5|0.001|low_edge_ratio|2|0,L_relative_error,0.036845943759999999,3.6845943759999997,percent,100 * raw_value,all 324; noise_fraction==0.001; 77 reads,77,77,NA,NA,NA,NA,NA,NA,NA,NA,NA,NA,NA,NA,low_edge_ratio,2,1.25,1,1,1,0.080000000000000002,inverse_length,NA,NA,NA,NA,NA,NA
4,c,raw,results/k9_mechanics_sensitivity.csv,6baea83cab61f4c6ca3666d05714b4cfc359b0dcf6a1cd3f322ab791a77042b5,E5,5,1,NA,0,0.001,NA,NA,77,`ftol` termination condition is satisfied.,True,0.00091180445740000004,1117.266462,NA,21,NA,1,1,1,282,E5|5|0.001|low_edge_ratio|2|0,C_relative_error,0.24370198200000001,24.370198200000001,percent,100 * raw_value,all 324; noise_fraction==0.001; 77 reads,77,77,NA,NA,NA,NA,NA,NA,NA,NA,NA,NA,NA,NA,low_edge_ratio,2,1.25,1,1,1,0.080000000000000002,inverse_length,NA,NA,NA,NA,NA,NA
4,c,raw,results/k9_mechanics_sensitivity.csv,6baea83cab61f4c6ca3666d05714b4cfc359b0dcf6a1cd3f322ab791a77042b5,E5,5,1,NA,1,0.001,NA,NA,77,`ftol` termination condition is satisfied.,True,0.00097415211469999998,1531.284506,NA,23,NA,1,1,1,283,E5|5|0.001|low_edge_ratio|2|1,L_relative_error,0.018312048149999999,1.831204815,percent,100 * raw_value,all 324; noise_fraction==0.001; 77 reads,77,77,NA,NA,NA,NA,NA,NA,NA,NA,NA,NA,NA,NA,low_edge_ratio,2,1.25,1,1,1,0.080000000000000002,inverse_length,NA,NA,NA,NA,NA,NA
4,c,raw,results/k9_mechanics_sensitivity.csv,6baea83cab61f4c6ca3666d05714b4cfc359b0dcf6a1cd3f322ab791a77042b5,E5,5,1,NA,1,0.001,NA,NA,77,`ftol` termination condition is satisfied.,True,0.00097415211469999998,1531.284506,NA,23,NA,1,1,1,283,E5|5|0.001|low_edge_ratio|2|1,C_relative_error,0.06841948615,6.8419486149999997,percent,100 * raw_value,all 324; noise_fraction==0.001; 77 reads,77,77,NA,NA,NA,NA,NA,NA,NA,NA,NA,NA,NA,NA,low_edge_ratio,2,1.25,1,1,1,0.080000000000000002,inverse_length,NA,NA,NA,NA,NA,NA
4,c,raw,results/k9_mechanics_sensitivity.csv,6baea83cab61f4c6ca3666d05714b4cfc359b0dcf6a1cd3f322ab791a77042b5,E5,5,1,NA,2,0.001,NA,NA,77,`gtol` termination condition is satisfied.,True,0.00075104548740000002,1563.0152419999999,NA,28,NA,1,1,1,284,E5|5|0.001|low_edge_ratio|2|2,L_relative_error,0.019966359289999999,1.996635929,percent,100 * raw_value,all 324; noise_fraction==0.001; 77 reads,77,77,NA,NA,NA,NA,NA,NA,NA,NA,NA,NA,NA,NA,low_edge_ratio,2,1.25,1,1,1,0.080000000000000002,inverse_length,NA,NA,NA,NA,NA,NA
4,c,raw,results/k9_mechanics_sensitivity.csv,6baea83cab61f4c6ca3666d05714b4cfc359b0dcf6a1cd3f322ab791a77042b5,E5,5,1,NA,2,0.001,NA,NA,77,`gtol` termination condition is satisfied.,True,0.00075104548740000002,1563.0152419999999,NA,28,NA,1,1,1,284,E5|5|0.001|low_edge_ratio|2|2,C_relative_error,0.045549466089999997,4.5549466089999999,percent,100 * raw_value,all 324; noise_fraction==0.001; 77 reads,77,77,NA,NA,NA,NA,NA,NA,NA,NA,NA,NA,NA,NA,low_edge_ratio,2,1.25,1,1,1,0.080000000000000002,inverse_length,NA,NA,NA,NA,NA,NA
4,c,raw,results/k9_mechanics_sensitivity.csv,6baea83cab61f4c6ca3666d05714b4cfc359b0dcf6a1cd3f322ab791a77042b5,E5,5,1,NA,0,0.001,NA,NA,77,`ftol` termination condition is satisfied.,True,0.00097607258199999998,1408.522254,NA,21,NA,1,1,1,285,E5|5|0.001|low_edge_ratio|3|0,L_relative_error,0.02079792418,2.0797924179999998,percent,100 * raw_value,all 324; noise_fraction==0.001; 77 reads,77,77,NA,NA,NA,NA,NA,NA,NA,NA,NA,NA,NA,NA,low_edge_ratio,3,1.25,1,1,1,0.080000000000000002,inverse_length,NA,NA,NA,NA,NA,NA
4,c,raw,results/k9_mechanics_sensitivity.csv,6baea83cab61f4c6ca3666d05714b4cfc359b0dcf6a1cd3f322ab791a77042b5,E5,5,1,NA,0,0.001,NA,NA,77,`ftol` termination condition is satisfied.,True,0.00097607258199999998,1408.522254,NA,21,NA,1,1,1,285,E5|5|0.001|low_edge_ratio|3|0,C_relative_error,0.075406623450000002,7.5406623450000003,percent,100 * raw_value,all 324; noise_fraction==0.001; 77 reads,77,77,NA,NA,NA,NA,NA,NA,NA,NA,NA,NA,NA,NA,low_edge_ratio,3,1.25,1,1,1,0.080000000000000002,inverse_length,NA,NA,NA,NA,NA,NA
4,c,raw,results/k9_mechanics_sensitivity.csv,6baea83cab61f4c6ca3666d05714b4cfc359b0dcf6a1cd3f322ab791a77042b5,E5,5,1,NA,1,0.001,NA,NA,77,`gtol` termination condition is satisfied.,True,0.00075455575240000001,1445.7116840000001,NA,21,NA,1,1,1,286,E5|5|0.001|low_edge_ratio|3|1,L_relative_error,0.019618074900000001,1.96180749,percent,100 * raw_value,all 324; noise_fraction==0.001; 77 reads,77,77,NA,NA,NA,NA,NA,NA,NA,NA,NA,NA,NA,NA,low_edge_ratio,3,1.25,1,1,1,0.080000000000000002,inverse_length,NA,NA,NA,NA,NA,NA
4,c,raw,results/k9_mechanics_sensitivity.csv,6baea83cab61f4c6ca3666d05714b4cfc359b0dcf6a1cd3f322ab791a77042b5,E5,5,1,NA,1,0.001,NA,NA,77,`gtol` termination condition is satisfied.,True,0.00075455575240000001,1445.7116840000001,NA,21,NA,1,1,1,286,E5|5|0.001|low_edge_ratio|3|1,C_relative_error,0.048437618430000003,4.8437618430000002,percent,100 * raw_value,all 324; noise_fraction==0.001; 77 reads,77,77,NA,NA,NA,NA,NA,NA,NA,NA,NA,NA,NA,NA,low_edge_ratio,3,1.25,1,1,1,0.080000000000000002,inverse_length,NA,NA,NA,NA,NA,NA
4,c,raw,results/k9_mechanics_sensitivity.csv,6baea83cab61f4c6ca3666d05714b4cfc359b0dcf6a1cd3f322ab791a77042b5,E5,5,1,NA,2,0.001,NA,NA,77,`gtol` termination condition is satisfied.,True,0.00099151931940000011,1179.413452,NA,20,NA,1,1,1,287,E5|5|0.001|low_edge_ratio|3|2,L_relative_error,0.019741391779999999,1.9741391779999999,percent,100 * raw_value,all 324; noise_fraction==0.001; 77 reads,77,77,NA,NA,NA,NA,NA,NA,NA,NA,NA,NA,NA,NA,low_edge_ratio,3,1.25,1,1,1,0.080000000000000002,inverse_length,NA,NA,NA,NA,NA,NA
4,c,raw,results/k9_mechanics_sensitivity.csv,6baea83cab61f4c6ca3666d05714b4cfc359b0dcf6a1cd3f322ab791a77042b5,E5,5,1,NA,2,0.001,NA,NA,77,`gtol` termination condition is satisfied.,True,0.00099151931940000011,1179.413452,NA,20,NA,1,1,1,287,E5|5|0.001|low_edge_ratio|3|2,C_relative_error,0.078354991720000003,7.8354991720000005,percent,100 * raw_value,all 324; noise_fraction==0.001; 77 reads,77,77,NA,NA,NA,NA,NA,NA,NA,NA,NA,NA,NA,NA,low_edge_ratio,3,1.25,1,1,1,0.080000000000000002,inverse_length,NA,NA,NA,NA,NA,NA
4,c,raw,results/k9_mechanics_sensitivity.csv,6baea83cab61f4c6ca3666d05714b4cfc359b0dcf6a1cd3f322ab791a77042b5,E5,5,1,NA,0,0.001,NA,NA,77,`gtol` termination condition is satisfied.,True,0.00087782626559999995,545.89452900000003,NA,33,NA,1,1,1,288,E5|5|0.001|high_edge_ratio|0|0,L_relative_error,0.010119107889999999,1.0119107889999999,percent,100 * raw_value,all 324; noise_fraction==0.001; 77 reads,77,77,NA,NA,NA,NA,NA,NA,NA,NA,NA,NA,NA,NA,high_edge_ratio,0,10,1,1,1,0.080000000000000002,inverse_length,NA,NA,NA,NA,NA,NA
4,c,raw,results/k9_mechanics_sensitivity.csv,6baea83cab61f4c6ca3666d05714b4cfc359b0dcf6a1cd3f322ab791a77042b5,E5,5,1,NA,0,0.001,NA,NA,77,`gtol` termination condition is satisfied.,True,0.00087782626559999995,545.89452900000003,NA,33,NA,1,1,1,288,E5|5|0.001|high_edge_ratio|0|0,C_relative_error,0.071260809610000003,7.1260809610000004,percent,100 * raw_value,all 324; noise_fraction==0.001; 77 reads,77,77,NA,NA,NA,NA,NA,NA,NA,NA,NA,NA,NA,NA,high_edge_ratio,0,10,1,1,1,0.080000000000000002,inverse_length,NA,NA,NA,NA,NA,NA
4,c,raw,results/k9_mechanics_sensitivity.csv,6baea83cab61f4c6ca3666d05714b4cfc359b0dcf6a1cd3f322ab791a77042b5,E5,5,1,NA,1,0.001,NA,NA,77,`ftol` termination condition is satisfied.,True,0.00085542287080000003,545.7307333,NA,25,NA,1,1,1,289,E5|5|0.001|high_edge_ratio|0|1,L_relative_error,0.0058898458460000004,0.58898458460000003,percent,100 * raw_value,all 324; noise_fraction==0.001; 77 reads,77,77,NA,NA,NA,NA,NA,NA,NA,NA,NA,NA,NA,NA,high_edge_ratio,0,10,1,1,1,0.080000000000000002,inverse_length,NA,NA,NA,NA,NA,NA
4,c,raw,results/k9_mechanics_sensitivity.csv,6baea83cab61f4c6ca3666d05714b4cfc359b0dcf6a1cd3f322ab791a77042b5,E5,5,1,NA,1,0.001,NA,NA,77,`ftol` termination condition is satisfied.,True,0.00085542287080000003,545.7307333,NA,25,NA,1,1,1,289,E5|5|0.001|high_edge_ratio|0|1,C_relative_error,0.057553417740000001,5.7553417739999997,percent,100 * raw_value,all 324; noise_fraction==0.001; 77 reads,77,77,NA,NA,NA,NA,NA,NA,NA,NA,NA,NA,NA,NA,high_edge_ratio,0,10,1,1,1,0.080000000000000002,inverse_length,NA,NA,NA,NA,NA,NA
4,c,raw,results/k9_mechanics_sensitivity.csv,6baea83cab61f4c6ca3666d05714b4cfc359b0dcf6a1cd3f322ab791a77042b5,E5,5,1,NA,2,0.001,NA,NA,77,`xtol` termination condition is satisfied.,True,0.001106302099,549.08908659999997,NA,33,NA,1,1,1,290,E5|5|0.001|high_edge_ratio|0|2,L_relative_error,0.0075037286240000004,0.75037286240000001,percent,100 * raw_value,all 324; noise_fraction==0.001; 77 reads,77,77,NA,NA,NA,NA,NA,NA,NA,NA,NA,NA,NA,NA,high_edge_ratio,0,10,1,1,1,0.080000000000000002,inverse_length,NA,NA,NA,NA,NA,NA
4,c,raw,results/k9_mechanics_sensitivity.csv,6baea83cab61f4c6ca3666d05714b4cfc359b0dcf6a1cd3f322ab791a77042b5,E5,5,1,NA,2,0.001,NA,NA,77,`xtol` termination condition is satisfied.,True,0.001106302099,549.08908659999997,NA,33,NA,1,1,1,290,E5|5|0.001|high_edge_ratio|0|2,C_relative_error,0.06145618077,6.145618077,percent,100 * raw_value,all 324; noise_fraction==0.001; 77 reads,77,77,NA,NA,NA,NA,NA,NA,NA,NA,NA,NA,NA,NA,high_edge_ratio,0,10,1,1,1,0.080000000000000002,inverse_length,NA,NA,NA,NA,NA,NA
4,c,raw,results/k9_mechanics_sensitivity.csv,6baea83cab61f4c6ca3666d05714b4cfc359b0dcf6a1cd3f322ab791a77042b5,E5,5,1,NA,0,0.001,NA,NA,77,`gtol` termination condition is satisfied.,True,0.00084339259540000002,527.71553070000004,NA,26,NA,1,1,1,291,E5|5|0.001|high_edge_ratio|1|0,L_relative_error,0.0061971833379999997,0.61971833379999997,percent,100 * raw_value,all 324; noise_fraction==0.001; 77 reads,77,77,NA,NA,NA,NA,NA,NA,NA,NA,NA,NA,NA,NA,high_edge_ratio,1,10,1,1,1,0.080000000000000002,inverse_length,NA,NA,NA,NA,NA,NA
4,c,raw,results/k9_mechanics_sensitivity.csv,6baea83cab61f4c6ca3666d05714b4cfc359b0dcf6a1cd3f322ab791a77042b5,E5,5,1,NA,0,0.001,NA,NA,77,`gtol` termination condition is satisfied.,True,0.00084339259540000002,527.71553070000004,NA,26,NA,1,1,1,291,E5|5|0.001|high_edge_ratio|1|0,C_relative_error,0.054077060060000001,5.4077060059999997,percent,100 * raw_value,all 324; noise_fraction==0.001; 77 reads,77,77,NA,NA,NA,NA,NA,NA,NA,NA,NA,NA,NA,NA,high_edge_ratio,1,10,1,1,1,0.080000000000000002,inverse_length,NA,NA,NA,NA,NA,NA
4,c,raw,results/k9_mechanics_sensitivity.csv,6baea83cab61f4c6ca3666d05714b4cfc359b0dcf6a1cd3f322ab791a77042b5,E5,5,1,NA,1,0.001,NA,NA,77,`ftol` termination condition is satisfied.,True,0.0011082964919999999,532.02812189999997,NA,28,NA,1,1,1,292,E5|5|0.001|high_edge_ratio|1|1,L_relative_error,0.0075437882579999999,0.75437882580000004,percent,100 * raw_value,all 324; noise_fraction==0.001; 77 reads,77,77,NA,NA,NA,NA,NA,NA,NA,NA,NA,NA,NA,NA,high_edge_ratio,1,10,1,1,1,0.080000000000000002,inverse_length,NA,NA,NA,NA,NA,NA
4,c,raw,results/k9_mechanics_sensitivity.csv,6baea83cab61f4c6ca3666d05714b4cfc359b0dcf6a1cd3f322ab791a77042b5,E5,5,1,NA,1,0.001,NA,NA,77,`ftol` termination condition is satisfied.,True,0.0011082964919999999,532.02812189999997,NA,28,NA,1,1,1,292,E5|5|0.001|high_edge_ratio|1|1,C_relative_error,0.06078086479,6.0780864789999995,percent,100 * raw_value,all 324; noise_fraction==0.001; 77 reads,77,77,NA,NA,NA,NA,NA,NA,NA,NA,NA,NA,NA,NA,high_edge_ratio,1,10,1,1,1,0.080000000000000002,inverse_length,NA,NA,NA,NA,NA,NA
4,c,raw,results/k9_mechanics_sensitivity.csv,6baea83cab61f4c6ca3666d05714b4cfc359b0dcf6a1cd3f322ab791a77042b5,E5,5,1,NA,2,0.001,NA,NA,77,`ftol` termination condition is satisfied.,True,0.00080114946869999995,529.44894609999994,NA,26,NA,1,1,1,293,E5|5|0.001|high_edge_ratio|1|2,L_relative_error,0.0090923443729999994,0.90923443729999998,percent,100 * raw_value,all 324; noise_fraction==0.001; 77 reads,77,77,NA,NA,NA,NA,NA,NA,NA,NA,NA,NA,NA,NA,high_edge_ratio,1,10,1,1,1,0.080000000000000002,inverse_length,NA,NA,NA,NA,NA,NA
4,c,raw,results/k9_mechanics_sensitivity.csv,6baea83cab61f4c6ca3666d05714b4cfc359b0dcf6a1cd3f322ab791a77042b5,E5,5,1,NA,2,0.001,NA,NA,77,`ftol` termination condition is satisfied.,True,0.00080114946869999995,529.44894609999994,NA,26,NA,1,1,1,293,E5|5|0.001|high_edge_ratio|1|2,C_relative_error,0.017599956470000001,1.759995647,percent,100 * raw_value,all 324; noise_fraction==0.001; 77 reads,77,77,NA,NA,NA,NA,NA,NA,NA,NA,NA,NA,NA,NA,high_edge_ratio,1,10,1,1,1,0.080000000000000002,inverse_length,NA,NA,NA,NA,NA,NA
4,c,raw,results/k9_mechanics_sensitivity.csv,6baea83cab61f4c6ca3666d05714b4cfc359b0dcf6a1cd3f322ab791a77042b5,E5,5,1,NA,0,0.001,NA,NA,77,`ftol` termination condition is satisfied.,True,0.001103188863,549.64409869999997,NA,28,NA,1,1,1,294,E5|5|0.001|high_edge_ratio|2|0,L_relative_error,0.0073793927250000004,0.73793927250000002,percent,100 * raw_value,all 324; noise_fraction==0.001; 77 reads,77,77,NA,NA,NA,NA,NA,NA,NA,NA,NA,NA,NA,NA,high_edge_ratio,2,10,1,1,1,0.080000000000000002,inverse_length,NA,NA,NA,NA,NA,NA
4,c,raw,results/k9_mechanics_sensitivity.csv,6baea83cab61f4c6ca3666d05714b4cfc359b0dcf6a1cd3f322ab791a77042b5,E5,5,1,NA,0,0.001,NA,NA,77,`ftol` termination condition is satisfied.,True,0.001103188863,549.64409869999997,NA,28,NA,1,1,1,294,E5|5|0.001|high_edge_ratio|2|0,C_relative_error,0.062855384730000005,6.2855384730000008,percent,100 * raw_value,all 324; noise_fraction==0.001; 77 reads,77,77,NA,NA,NA,NA,NA,NA,NA,NA,NA,NA,NA,NA,high_edge_ratio,2,10,1,1,1,0.080000000000000002,inverse_length,NA,NA,NA,NA,NA,NA
4,c,raw,results/k9_mechanics_sensitivity.csv,6baea83cab61f4c6ca3666d05714b4cfc359b0dcf6a1cd3f322ab791a77042b5,E5,5,1,NA,1,0.001,NA,NA,77,`gtol` termination condition is satisfied.,True,0.0008114303114,547.50959560000001,NA,23,NA,1,1,1,295,E5|5|0.001|high_edge_ratio|2|1,L_relative_error,0.0095793664059999999,0.95793664059999994,percent,100 * raw_value,all 324; noise_fraction==0.001; 77 reads,77,77,NA,NA,NA,NA,NA,NA,NA,NA,NA,NA,NA,NA,high_edge_ratio,2,10,1,1,1,0.080000000000000002,inverse_length,NA,NA,NA,NA,NA,NA
4,c,raw,results/k9_mechanics_sensitivity.csv,6baea83cab61f4c6ca3666d05714b4cfc359b0dcf6a1cd3f322ab791a77042b5,E5,5,1,NA,1,0.001,NA,NA,77,`gtol` termination condition is satisfied.,True,0.0008114303114,547.50959560000001,NA,23,NA,1,1,1,295,E5|5|0.001|high_edge_ratio|2|1,C_relative_error,0.0207264567,2.07264567,percent,100 * raw_value,all 324; noise_fraction==0.001; 77 reads,77,77,NA,NA,NA,NA,NA,NA,NA,NA,NA,NA,NA,NA,high_edge_ratio,2,10,1,1,1,0.080000000000000002,inverse_length,NA,NA,NA,NA,NA,NA
4,c,raw,results/k9_mechanics_sensitivity.csv,6baea83cab61f4c6ca3666d05714b4cfc359b0dcf6a1cd3f322ab791a77042b5,E5,5,1,NA,2,0.001,NA,NA,77,`ftol` termination condition is satisfied.,True,0.00096442139999999995,532.87597849999997,NA,23,NA,1,1,1,296,E5|5|0.001|high_edge_ratio|2|2,L_relative_error,0.016294559510000001,1.6294559510000002,percent,100 * raw_value,all 324; noise_fraction==0.001; 77 reads,77,77,NA,NA,NA,NA,NA,NA,NA,NA,NA,NA,NA,NA,high_edge_ratio,2,10,1,1,1,0.080000000000000002,inverse_length,NA,NA,NA,NA,NA,NA
4,c,raw,results/k9_mechanics_sensitivity.csv,6baea83cab61f4c6ca3666d05714b4cfc359b0dcf6a1cd3f322ab791a77042b5,E5,5,1,NA,2,0.001,NA,NA,77,`ftol` termination condition is satisfied.,True,0.00096442139999999995,532.87597849999997,NA,23,NA,1,1,1,296,E5|5|0.001|high_edge_ratio|2|2,C_relative_error,0.02595722935,2.595722935,percent,100 * raw_value,all 324; noise_fraction==0.001; 77 reads,77,77,NA,NA,NA,NA,NA,NA,NA,NA,NA,NA,NA,NA,high_edge_ratio,2,10,1,1,1,0.080000000000000002,inverse_length,NA,NA,NA,NA,NA,NA
4,c,raw,results/k9_mechanics_sensitivity.csv,6baea83cab61f4c6ca3666d05714b4cfc359b0dcf6a1cd3f322ab791a77042b5,E5,5,1,NA,0,0.001,NA,NA,77,`ftol` termination condition is satisfied.,True,0.00080133497669999997,674.63968939999995,NA,22,NA,1,1,1,297,E5|5|0.001|high_edge_ratio|3|0,L_relative_error,0.01017143574,1.0171435740000001,percent,100 * raw_value,all 324; noise_fraction==0.001; 77 reads,77,77,NA,NA,NA,NA,NA,NA,NA,NA,NA,NA,NA,NA,high_edge_ratio,3,10,1,1,1,0.080000000000000002,inverse_length,NA,NA,NA,NA,NA,NA
4,c,raw,results/k9_mechanics_sensitivity.csv,6baea83cab61f4c6ca3666d05714b4cfc359b0dcf6a1cd3f322ab791a77042b5,E5,5,1,NA,0,0.001,NA,NA,77,`ftol` termination condition is satisfied.,True,0.00080133497669999997,674.63968939999995,NA,22,NA,1,1,1,297,E5|5|0.001|high_edge_ratio|3|0,C_relative_error,0.022546663389999999,2.2546663389999999,percent,100 * raw_value,all 324; noise_fraction==0.001; 77 reads,77,77,NA,NA,NA,NA,NA,NA,NA,NA,NA,NA,NA,NA,high_edge_ratio,3,10,1,1,1,0.080000000000000002,inverse_length,NA,NA,NA,NA,NA,NA
4,c,raw,results/k9_mechanics_sensitivity.csv,6baea83cab61f4c6ca3666d05714b4cfc359b0dcf6a1cd3f322ab791a77042b5,E5,5,1,NA,1,0.001,NA,NA,77,`ftol` termination condition is satisfied.,True,0.00096504727259999999,656.72848920000001,NA,23,NA,1,1,1,298,E5|5|0.001|high_edge_ratio|3|1,L_relative_error,0.017496773720000001,1.7496773720000001,percent,100 * raw_value,all 324; noise_fraction==0.001; 77 reads,77,77,NA,NA,NA,NA,NA,NA,NA,NA,NA,NA,NA,NA,high_edge_ratio,3,10,1,1,1,0.080000000000000002,inverse_length,NA,NA,NA,NA,NA,NA
4,c,raw,results/k9_mechanics_sensitivity.csv,6baea83cab61f4c6ca3666d05714b4cfc359b0dcf6a1cd3f322ab791a77042b5,E5,5,1,NA,1,0.001,NA,NA,77,`ftol` termination condition is satisfied.,True,0.00096504727259999999,656.72848920000001,NA,23,NA,1,1,1,298,E5|5|0.001|high_edge_ratio|3|1,C_relative_error,0.026984021189999999,2.6984021189999998,percent,100 * raw_value,all 324; noise_fraction==0.001; 77 reads,77,77,NA,NA,NA,NA,NA,NA,NA,NA,NA,NA,NA,NA,high_edge_ratio,3,10,1,1,1,0.080000000000000002,inverse_length,NA,NA,NA,NA,NA,NA
4,c,raw,results/k9_mechanics_sensitivity.csv,6baea83cab61f4c6ca3666d05714b4cfc359b0dcf6a1cd3f322ab791a77042b5,E5,5,1,NA,2,0.001,NA,NA,77,`gtol` termination condition is satisfied.,True,0.00076468212839999998,641.64386839999997,NA,22,NA,0.83333333330000003,1,0.90909090910000001,299,E5|5|0.001|high_edge_ratio|3|2,L_relative_error,0.023171801299999999,2.3171801300000001,percent,100 * raw_value,all 324; noise_fraction==0.001; 77 reads,77,77,NA,NA,NA,NA,NA,NA,NA,NA,NA,NA,NA,NA,high_edge_ratio,3,10,1,1,1,0.080000000000000002,inverse_length,NA,NA,NA,NA,NA,NA
4,c,raw,results/k9_mechanics_sensitivity.csv,6baea83cab61f4c6ca3666d05714b4cfc359b0dcf6a1cd3f322ab791a77042b5,E5,5,1,NA,2,0.001,NA,NA,77,`gtol` termination condition is satisfied.,True,0.00076468212839999998,641.64386839999997,NA,22,NA,0.83333333330000003,1,0.90909090910000001,299,E5|5|0.001|high_edge_ratio|3|2,C_relative_error,0.016748709170000001,1.674870917,percent,100 * raw_value,all 324; noise_fraction==0.001; 77 reads,77,77,NA,NA,NA,NA,NA,NA,NA,NA,NA,NA,NA,NA,high_edge_ratio,3,10,1,1,1,0.080000000000000002,inverse_length,NA,NA,NA,NA,NA,NA
4,c,raw,results/k9_mechanics_sensitivity.csv,6baea83cab61f4c6ca3666d05714b4cfc359b0dcf6a1cd3f322ab791a77042b5,E5,5,1,NA,0,0.001,NA,NA,77,`gtol` termination condition is satisfied.,True,0.00076581748750000002,286.89348669999998,NA,25,NA,1,1,1,300,E5|5|0.001|heterogeneous_edges|0|0,L_relative_error,0.0078833717640000005,0.78833717640000001,percent,100 * raw_value,all 324; noise_fraction==0.001; 77 reads,77,77,NA,NA,NA,NA,NA,NA,NA,NA,NA,NA,NA,NA,heterogeneous_edges,0,5,1,1,1,0.34999999999999998,inverse_length,NA,NA,NA,NA,NA,NA
4,c,raw,results/k9_mechanics_sensitivity.csv,6baea83cab61f4c6ca3666d05714b4cfc359b0dcf6a1cd3f322ab791a77042b5,E5,5,1,NA,0,0.001,NA,NA,77,`gtol` termination condition is satisfied.,True,0.00076581748750000002,286.89348669999998,NA,25,NA,1,1,1,300,E5|5|0.001|heterogeneous_edges|0|0,C_relative_error,0.037656146170000002,3.7656146170000002,percent,100 * raw_value,all 324; noise_fraction==0.001; 77 reads,77,77,NA,NA,NA,NA,NA,NA,NA,NA,NA,NA,NA,NA,heterogeneous_edges,0,5,1,1,1,0.34999999999999998,inverse_length,NA,NA,NA,NA,NA,NA
4,c,raw,results/k9_mechanics_sensitivity.csv,6baea83cab61f4c6ca3666d05714b4cfc359b0dcf6a1cd3f322ab791a77042b5,E5,5,1,NA,1,0.001,NA,NA,77,`gtol` termination condition is satisfied.,True,0.00079788156209999997,287.95797859999999,NA,22,NA,1,1,1,301,E5|5|0.001|heterogeneous_edges|0|1,L_relative_error,0.0059702551320000002,0.59702551319999997,percent,100 * raw_value,all 324; noise_fraction==0.001; 77 reads,77,77,NA,NA,NA,NA,NA,NA,NA,NA,NA,NA,NA,NA,heterogeneous_edges,0,5,1,1,1,0.34999999999999998,inverse_length,NA,NA,NA,NA,NA,NA
4,c,raw,results/k9_mechanics_sensitivity.csv,6baea83cab61f4c6ca3666d05714b4cfc359b0dcf6a1cd3f322ab791a77042b5,E5,5,1,NA,1,0.001,NA,NA,77,`gtol` termination condition is satisfied.,True,0.00079788156209999997,287.95797859999999,NA,22,NA,1,1,1,301,E5|5|0.001|heterogeneous_edges|0|1,C_relative_error,0.025349600739999999,2.5349600739999998,percent,100 * raw_value,all 324; noise_fraction==0.001; 77 reads,77,77,NA,NA,NA,NA,NA,NA,NA,NA,NA,NA,NA,NA,heterogeneous_edges,0,5,1,1,1,0.34999999999999998,inverse_length,NA,NA,NA,NA,NA,NA
4,c,raw,results/k9_mechanics_sensitivity.csv,6baea83cab61f4c6ca3666d05714b4cfc359b0dcf6a1cd3f322ab791a77042b5,E5,5,1,NA,2,0.001,NA,NA,77,`ftol` termination condition is satisfied.,True,0.00073211324479999999,281.06484669999998,NA,23,NA,1,1,1,302,E5|5|0.001|heterogeneous_edges|0|2,L_relative_error,0.0042628045559999998,0.4262804556,percent,100 * raw_value,all 324; noise_fraction==0.001; 77 reads,77,77,NA,NA,NA,NA,NA,NA,NA,NA,NA,NA,NA,NA,heterogeneous_edges,0,5,1,1,1,0.34999999999999998,inverse_length,NA,NA,NA,NA,NA,NA
4,c,raw,results/k9_mechanics_sensitivity.csv,6baea83cab61f4c6ca3666d05714b4cfc359b0dcf6a1cd3f322ab791a77042b5,E5,5,1,NA,2,0.001,NA,NA,77,`ftol` termination condition is satisfied.,True,0.00073211324479999999,281.06484669999998,NA,23,NA,1,1,1,302,E5|5|0.001|heterogeneous_edges|0|2,C_relative_error,0.046101662160000001,4.6101662159999997,percent,100 * raw_value,all 324; noise_fraction==0.001; 77 reads,77,77,NA,NA,NA,NA,NA,NA,NA,NA,NA,NA,NA,NA,heterogeneous_edges,0,5,1,1,1,0.34999999999999998,inverse_length,NA,NA,NA,NA,NA,NA
4,c,raw,results/k9_mechanics_sensitivity.csv,6baea83cab61f4c6ca3666d05714b4cfc359b0dcf6a1cd3f322ab791a77042b5,E5,5,1,NA,0,0.001,NA,NA,77,`gtol` termination condition is satisfied.,True,0.00075339641400000001,381.27401140000001,NA,27,NA,1,1,1,303,E5|5|0.001|heterogeneous_edges|1|0,L_relative_error,0.0049545381490000004,0.49545381490000001,percent,100 * raw_value,all 324; noise_fraction==0.001; 77 reads,77,77,NA,NA,NA,NA,NA,NA,NA,NA,NA,NA,NA,NA,heterogeneous_edges,1,5,1,1,1,0.34999999999999998,inverse_length,NA,NA,NA,NA,NA,NA
4,c,raw,results/k9_mechanics_sensitivity.csv,6baea83cab61f4c6ca3666d05714b4cfc359b0dcf6a1cd3f322ab791a77042b5,E5,5,1,NA,0,0.001,NA,NA,77,`gtol` termination condition is satisfied.,True,0.00075339641400000001,381.27401140000001,NA,27,NA,1,1,1,303,E5|5|0.001|heterogeneous_edges|1|0,C_relative_error,0.025304387939999999,2.5304387939999997,percent,100 * raw_value,all 324; noise_fraction==0.001; 77 reads,77,77,NA,NA,NA,NA,NA,NA,NA,NA,NA,NA,NA,NA,heterogeneous_edges,1,5,1,1,1,0.34999999999999998,inverse_length,NA,NA,NA,NA,NA,NA
4,c,raw,results/k9_mechanics_sensitivity.csv,6baea83cab61f4c6ca3666d05714b4cfc359b0dcf6a1cd3f322ab791a77042b5,E5,5,1,NA,1,0.001,NA,NA,77,`ftol` termination condition is satisfied.,True,0.00067558665250000004,374.6116384,NA,30,NA,1,1,1,304,E5|5|0.001|heterogeneous_edges|1|1,L_relative_error,0.0035625442710000002,0.35625442709999999,percent,100 * raw_value,all 324; noise_fraction==0.001; 77 reads,77,77,NA,NA,NA,NA,NA,NA,NA,NA,NA,NA,NA,NA,heterogeneous_edges,1,5,1,1,1,0.34999999999999998,inverse_length,NA,NA,NA,NA,NA,NA
4,c,raw,results/k9_mechanics_sensitivity.csv,6baea83cab61f4c6ca3666d05714b4cfc359b0dcf6a1cd3f322ab791a77042b5,E5,5,1,NA,1,0.001,NA,NA,77,`ftol` termination condition is satisfied.,True,0.00067558665250000004,374.6116384,NA,30,NA,1,1,1,304,E5|5|0.001|heterogeneous_edges|1|1,C_relative_error,0.051953452460000001,5.1953452460000005,percent,100 * raw_value,all 324; noise_fraction==0.001; 77 reads,77,77,NA,NA,NA,NA,NA,NA,NA,NA,NA,NA,NA,NA,heterogeneous_edges,1,5,1,1,1,0.34999999999999998,inverse_length,NA,NA,NA,NA,NA,NA
4,c,raw,results/k9_mechanics_sensitivity.csv,6baea83cab61f4c6ca3666d05714b4cfc359b0dcf6a1cd3f322ab791a77042b5,E5,5,1,NA,2,0.001,NA,NA,77,`xtol` termination condition is satisfied.,True,0.00091585416029999996,365.12476509999999,NA,27,NA,1,1,1,305,E5|5|0.001|heterogeneous_edges|1|2,L_relative_error,0.0110135957,1.1013595700000001,percent,100 * raw_value,all 324; noise_fraction==0.001; 77 reads,77,77,NA,NA,NA,NA,NA,NA,NA,NA,NA,NA,NA,NA,heterogeneous_edges,1,5,1,1,1,0.34999999999999998,inverse_length,NA,NA,NA,NA,NA,NA
4,c,raw,results/k9_mechanics_sensitivity.csv,6baea83cab61f4c6ca3666d05714b4cfc359b0dcf6a1cd3f322ab791a77042b5,E5,5,1,NA,2,0.001,NA,NA,77,`xtol` termination condition is satisfied.,True,0.00091585416029999996,365.12476509999999,NA,27,NA,1,1,1,305,E5|5|0.001|heterogeneous_edges|1|2,C_relative_error,0.017640749979999999,1.7640749979999999,percent,100 * raw_value,all 324; noise_fraction==0.001; 77 reads,77,77,NA,NA,NA,NA,NA,NA,NA,NA,NA,NA,NA,NA,heterogeneous_edges,1,5,1,1,1,0.34999999999999998,inverse_length,NA,NA,NA,NA,NA,NA
4,c,raw,results/k9_mechanics_sensitivity.csv,6baea83cab61f4c6ca3666d05714b4cfc359b0dcf6a1cd3f322ab791a77042b5,E5,5,1,NA,0,0.001,NA,NA,77,`ftol` termination condition is satisfied.,True,0.00073048294240000001,356.0367463,NA,25,NA,1,1,1,306,E5|5|0.001|heterogeneous_edges|2|0,L_relative_error,0.0039484679119999996,0.39484679119999994,percent,100 * raw_value,all 324; noise_fraction==0.001; 77 reads,77,77,NA,NA,NA,NA,NA,NA,NA,NA,NA,NA,NA,NA,heterogeneous_edges,2,5,1,1,1,0.34999999999999998,inverse_length,NA,NA,NA,NA,NA,NA
4,c,raw,results/k9_mechanics_sensitivity.csv,6baea83cab61f4c6ca3666d05714b4cfc359b0dcf6a1cd3f322ab791a77042b5,E5,5,1,NA,0,0.001,NA,NA,77,`ftol` termination condition is satisfied.,True,0.00073048294240000001,356.0367463,NA,25,NA,1,1,1,306,E5|5|0.001|heterogeneous_edges|2|0,C_relative_error,0.05331387756,5.3313877559999998,percent,100 * raw_value,all 324; noise_fraction==0.001; 77 reads,77,77,NA,NA,NA,NA,NA,NA,NA,NA,NA,NA,NA,NA,heterogeneous_edges,2,5,1,1,1,0.34999999999999998,inverse_length,NA,NA,NA,NA,NA,NA
4,c,raw,results/k9_mechanics_sensitivity.csv,6baea83cab61f4c6ca3666d05714b4cfc359b0dcf6a1cd3f322ab791a77042b5,E5,5,1,NA,1,0.001,NA,NA,77,`ftol` termination condition is satisfied.,True,0.00097330597520000001,343.71428200000003,NA,22,NA,1,1,1,307,E5|5|0.001|heterogeneous_edges|2|1,L_relative_error,0.01390074228,1.390074228,percent,100 * raw_value,all 324; noise_fraction==0.001; 77 reads,77,77,NA,NA,NA,NA,NA,NA,NA,NA,NA,NA,NA,NA,heterogeneous_edges,2,5,1,1,1,0.34999999999999998,inverse_length,NA,NA,NA,NA,NA,NA
4,c,raw,results/k9_mechanics_sensitivity.csv,6baea83cab61f4c6ca3666d05714b4cfc359b0dcf6a1cd3f322ab791a77042b5,E5,5,1,NA,1,0.001,NA,NA,77,`ftol` termination condition is satisfied.,True,0.00097330597520000001,343.71428200000003,NA,22,NA,1,1,1,307,E5|5|0.001|heterogeneous_edges|2|1,C_relative_error,0.022907377060000001,2.2907377060000003,percent,100 * raw_value,all 324; noise_fraction==0.001; 77 reads,77,77,NA,NA,NA,NA,NA,NA,NA,NA,NA,NA,NA,NA,heterogeneous_edges,2,5,1,1,1,0.34999999999999998,inverse_length,NA,NA,NA,NA,NA,NA
4,c,raw,results/k9_mechanics_sensitivity.csv,6baea83cab61f4c6ca3666d05714b4cfc359b0dcf6a1cd3f322ab791a77042b5,E5,5,1,NA,2,0.001,NA,NA,77,`ftol` termination condition is satisfied.,True,0.00091992127689999998,367.38772740000002,NA,25,NA,1,1,1,308,E5|5|0.001|heterogeneous_edges|2|2,L_relative_error,0.0045603410259999998,0.45603410259999999,percent,100 * raw_value,all 324; noise_fraction==0.001; 77 reads,77,77,NA,NA,NA,NA,NA,NA,NA,NA,NA,NA,NA,NA,heterogeneous_edges,2,5,1,1,1,0.34999999999999998,inverse_length,NA,NA,NA,NA,NA,NA
4,c,raw,results/k9_mechanics_sensitivity.csv,6baea83cab61f4c6ca3666d05714b4cfc359b0dcf6a1cd3f322ab791a77042b5,E5,5,1,NA,2,0.001,NA,NA,77,`ftol` termination condition is satisfied.,True,0.00091992127689999998,367.38772740000002,NA,25,NA,1,1,1,308,E5|5|0.001|heterogeneous_edges|2|2,C_relative_error,0.023182140810000001,2.3182140810000003,percent,100 * raw_value,all 324; noise_fraction==0.001; 77 reads,77,77,NA,NA,NA,NA,NA,NA,NA,NA,NA,NA,NA,NA,heterogeneous_edges,2,5,1,1,1,0.34999999999999998,inverse_length,NA,NA,NA,NA,NA,NA
4,c,raw,results/k9_mechanics_sensitivity.csv,6baea83cab61f4c6ca3666d05714b4cfc359b0dcf6a1cd3f322ab791a77042b5,E5,5,1,NA,0,0.001,NA,NA,77,`gtol` termination condition is satisfied.,True,0.001016729247,674.95768599999997,NA,19,NA,1,1,1,309,E5|5|0.001|heterogeneous_edges|3|0,L_relative_error,0.02154808158,2.1548081579999998,percent,100 * raw_value,all 324; noise_fraction==0.001; 77 reads,77,77,NA,NA,NA,NA,NA,NA,NA,NA,NA,NA,NA,NA,heterogeneous_edges,3,5,1,1,1,0.34999999999999998,inverse_length,NA,NA,NA,NA,NA,NA
4,c,raw,results/k9_mechanics_sensitivity.csv,6baea83cab61f4c6ca3666d05714b4cfc359b0dcf6a1cd3f322ab791a77042b5,E5,5,1,NA,0,0.001,NA,NA,77,`gtol` termination condition is satisfied.,True,0.001016729247,674.95768599999997,NA,19,NA,1,1,1,309,E5|5|0.001|heterogeneous_edges|3|0,C_relative_error,0.050686462719999999,5.0686462719999996,percent,100 * raw_value,all 324; noise_fraction==0.001; 77 reads,77,77,NA,NA,NA,NA,NA,NA,NA,NA,NA,NA,NA,NA,heterogeneous_edges,3,5,1,1,1,0.34999999999999998,inverse_length,NA,NA,NA,NA,NA,NA
4,c,raw,results/k9_mechanics_sensitivity.csv,6baea83cab61f4c6ca3666d05714b4cfc359b0dcf6a1cd3f322ab791a77042b5,E5,5,1,NA,1,0.001,NA,NA,77,`gtol` termination condition is satisfied.,True,0.00093464753839999997,727.7262485,NA,19,NA,1,1,1,310,E5|5|0.001|heterogeneous_edges|3|1,L_relative_error,0.0095998650040000008,0.95998650040000011,percent,100 * raw_value,all 324; noise_fraction==0.001; 77 reads,77,77,NA,NA,NA,NA,NA,NA,NA,NA,NA,NA,NA,NA,heterogeneous_edges,3,5,1,1,1,0.34999999999999998,inverse_length,NA,NA,NA,NA,NA,NA
4,c,raw,results/k9_mechanics_sensitivity.csv,6baea83cab61f4c6ca3666d05714b4cfc359b0dcf6a1cd3f322ab791a77042b5,E5,5,1,NA,1,0.001,NA,NA,77,`gtol` termination condition is satisfied.,True,0.00093464753839999997,727.7262485,NA,19,NA,1,1,1,310,E5|5|0.001|heterogeneous_edges|3|1,C_relative_error,0.044301782339999998,4.4301782339999995,percent,100 * raw_value,all 324; noise_fraction==0.001; 77 reads,77,77,NA,NA,NA,NA,NA,NA,NA,NA,NA,NA,NA,NA,heterogeneous_edges,3,5,1,1,1,0.34999999999999998,inverse_length,NA,NA,NA,NA,NA,NA
4,c,raw,results/k9_mechanics_sensitivity.csv,6baea83cab61f4c6ca3666d05714b4cfc359b0dcf6a1cd3f322ab791a77042b5,E5,5,1,NA,2,0.001,NA,NA,77,`ftol` termination condition is satisfied.,True,0.000809836645,665.70743089999996,NA,19,NA,1,1,1,311,E5|5|0.001|heterogeneous_edges|3|2,L_relative_error,0.030094967390000001,3.0094967390000003,percent,100 * raw_value,all 324; noise_fraction==0.001; 77 reads,77,77,NA,NA,NA,NA,NA,NA,NA,NA,NA,NA,NA,NA,heterogeneous_edges,3,5,1,1,1,0.34999999999999998,inverse_length,NA,NA,NA,NA,NA,NA
4,c,raw,results/k9_mechanics_sensitivity.csv,6baea83cab61f4c6ca3666d05714b4cfc359b0dcf6a1cd3f322ab791a77042b5,E5,5,1,NA,2,0.001,NA,NA,77,`ftol` termination condition is satisfied.,True,0.000809836645,665.70743089999996,NA,19,NA,1,1,1,311,E5|5|0.001|heterogeneous_edges|3|2,C_relative_error,0.03021564472,3.0215644720000001,percent,100 * raw_value,all 324; noise_fraction==0.001; 77 reads,77,77,NA,NA,NA,NA,NA,NA,NA,NA,NA,NA,NA,NA,heterogeneous_edges,3,5,1,1,1,0.34999999999999998,inverse_length,NA,NA,NA,NA,NA,NA
4,c,raw,results/k9_mechanics_sensitivity.csv,6baea83cab61f4c6ca3666d05714b4cfc359b0dcf6a1cd3f322ab791a77042b5,E5,5,1,NA,0,0.001,NA,NA,77,`ftol` termination condition is satisfied.,True,0.00085589419400000004,392.34624330000003,NA,23,NA,1,1,1,312,E5|5|0.001|constant_edge_mapping|0|0,L_relative_error,0.0072513169600000003,0.72513169600000005,percent,100 * raw_value,all 324; noise_fraction==0.001; 77 reads,77,77,NA,NA,NA,NA,NA,NA,NA,NA,NA,NA,NA,NA,constant_edge_mapping,0,5,1,1,1,0.080000000000000002,constant,NA,NA,NA,NA,NA,NA
4,c,raw,results/k9_mechanics_sensitivity.csv,6baea83cab61f4c6ca3666d05714b4cfc359b0dcf6a1cd3f322ab791a77042b5,E5,5,1,NA,0,0.001,NA,NA,77,`ftol` termination condition is satisfied.,True,0.00085589419400000004,392.34624330000003,NA,23,NA,1,1,1,312,E5|5|0.001|constant_edge_mapping|0|0,C_relative_error,0.041220416740000002,4.1220416740000001,percent,100 * raw_value,all 324; noise_fraction==0.001; 77 reads,77,77,NA,NA,NA,NA,NA,NA,NA,NA,NA,NA,NA,NA,constant_edge_mapping,0,5,1,1,1,0.080000000000000002,constant,NA,NA,NA,NA,NA,NA
4,c,raw,results/k9_mechanics_sensitivity.csv,6baea83cab61f4c6ca3666d05714b4cfc359b0dcf6a1cd3f322ab791a77042b5,E5,5,1,NA,1,0.001,NA,NA,77,`gtol` termination condition is satisfied.,True,0.00082419065379999996,389.52715810000001,NA,20,NA,1,1,1,313,E5|5|0.001|constant_edge_mapping|0|1,L_relative_error,0.011225930639999999,1.1225930639999999,percent,100 * raw_value,all 324; noise_fraction==0.001; 77 reads,77,77,NA,NA,NA,NA,NA,NA,NA,NA,NA,NA,NA,NA,constant_edge_mapping,0,5,1,1,1,0.080000000000000002,constant,NA,NA,NA,NA,NA,NA
4,c,raw,results/k9_mechanics_sensitivity.csv,6baea83cab61f4c6ca3666d05714b4cfc359b0dcf6a1cd3f322ab791a77042b5,E5,5,1,NA,1,0.001,NA,NA,77,`gtol` termination condition is satisfied.,True,0.00082419065379999996,389.52715810000001,NA,20,NA,1,1,1,313,E5|5|0.001|constant_edge_mapping|0|1,C_relative_error,0.06935445439,6.9354454390000004,percent,100 * raw_value,all 324; noise_fraction==0.001; 77 reads,77,77,NA,NA,NA,NA,NA,NA,NA,NA,NA,NA,NA,NA,constant_edge_mapping,0,5,1,1,1,0.080000000000000002,constant,NA,NA,NA,NA,NA,NA
4,c,raw,results/k9_mechanics_sensitivity.csv,6baea83cab61f4c6ca3666d05714b4cfc359b0dcf6a1cd3f322ab791a77042b5,E5,5,1,NA,2,0.001,NA,NA,77,`gtol` termination condition is satisfied.,True,0.00087689322,382.32314880000001,NA,21,NA,1,1,1,314,E5|5|0.001|constant_edge_mapping|0|2,L_relative_error,0.0093302885400000004,0.93302885400000002,percent,100 * raw_value,all 324; noise_fraction==0.001; 77 reads,77,77,NA,NA,NA,NA,NA,NA,NA,NA,NA,NA,NA,NA,constant_edge_mapping,0,5,1,1,1,0.080000000000000002,constant,NA,NA,NA,NA,NA,NA
4,c,raw,results/k9_mechanics_sensitivity.csv,6baea83cab61f4c6ca3666d05714b4cfc359b0dcf6a1cd3f322ab791a77042b5,E5,5,1,NA,2,0.001,NA,NA,77,`gtol` termination condition is satisfied.,True,0.00087689322,382.32314880000001,NA,21,NA,1,1,1,314,E5|5|0.001|constant_edge_mapping|0|2,C_relative_error,0.038229527809999997,3.8229527809999997,percent,100 * raw_value,all 324; noise_fraction==0.001; 77 reads,77,77,NA,NA,NA,NA,NA,NA,NA,NA,NA,NA,NA,NA,constant_edge_mapping,0,5,1,1,1,0.080000000000000002,constant,NA,NA,NA,NA,NA,NA
4,c,raw,results/k9_mechanics_sensitivity.csv,6baea83cab61f4c6ca3666d05714b4cfc359b0dcf6a1cd3f322ab791a77042b5,E5,5,1,NA,0,0.001,NA,NA,77,`gtol` termination condition is satisfied.,True,0.00082233109749999997,414.6801279,NA,21,NA,1,1,1,315,E5|5|0.001|constant_edge_mapping|1|0,L_relative_error,0.0099338853349999999,0.9933885335,percent,100 * raw_value,all 324; noise_fraction==0.001; 77 reads,77,77,NA,NA,NA,NA,NA,NA,NA,NA,NA,NA,NA,NA,constant_edge_mapping,1,5,1,1,1,0.080000000000000002,constant,NA,NA,NA,NA,NA,NA
4,c,raw,results/k9_mechanics_sensitivity.csv,6baea83cab61f4c6ca3666d05714b4cfc359b0dcf6a1cd3f322ab791a77042b5,E5,5,1,NA,0,0.001,NA,NA,77,`gtol` termination condition is satisfied.,True,0.00082233109749999997,414.6801279,NA,21,NA,1,1,1,315,E5|5|0.001|constant_edge_mapping|1|0,C_relative_error,0.072874255040000002,7.2874255039999998,percent,100 * raw_value,all 324; noise_fraction==0.001; 77 reads,77,77,NA,NA,NA,NA,NA,NA,NA,NA,NA,NA,NA,NA,constant_edge_mapping,1,5,1,1,1,0.080000000000000002,constant,NA,NA,NA,NA,NA,NA
4,c,raw,results/k9_mechanics_sensitivity.csv,6baea83cab61f4c6ca3666d05714b4cfc359b0dcf6a1cd3f322ab791a77042b5,E5,5,1,NA,1,0.001,NA,NA,77,`gtol` termination condition is satisfied.,True,0.00087805725979999999,404.33438860000001,NA,20,NA,1,1,1,316,E5|5|0.001|constant_edge_mapping|1|1,L_relative_error,0.0098939413829999996,0.9893941383,percent,100 * raw_value,all 324; noise_fraction==0.001; 77 reads,77,77,NA,NA,NA,NA,NA,NA,NA,NA,NA,NA,NA,NA,constant_edge_mapping,1,5,1,1,1,0.080000000000000002,constant,NA,NA,NA,NA,NA,NA
4,c,raw,results/k9_mechanics_sensitivity.csv,6baea83cab61f4c6ca3666d05714b4cfc359b0dcf6a1cd3f322ab791a77042b5,E5,5,1,NA,1,0.001,NA,NA,77,`gtol` termination condition is satisfied.,True,0.00087805725979999999,404.33438860000001,NA,20,NA,1,1,1,316,E5|5|0.001|constant_edge_mapping|1|1,C_relative_error,0.039115055189999998,3.9115055189999999,percent,100 * raw_value,all 324; noise_fraction==0.001; 77 reads,77,77,NA,NA,NA,NA,NA,NA,NA,NA,NA,NA,NA,NA,constant_edge_mapping,1,5,1,1,1,0.080000000000000002,constant,NA,NA,NA,NA,NA,NA
4,c,raw,results/k9_mechanics_sensitivity.csv,6baea83cab61f4c6ca3666d05714b4cfc359b0dcf6a1cd3f322ab791a77042b5,E5,5,1,NA,2,0.001,NA,NA,77,`gtol` termination condition is satisfied.,True,0.00088311459420000002,419.90678580000002,NA,20,NA,1,1,1,317,E5|5|0.001|constant_edge_mapping|1|2,L_relative_error,0.0065893941050000002,0.65893941050000004,percent,100 * raw_value,all 324; noise_fraction==0.001; 77 reads,77,77,NA,NA,NA,NA,NA,NA,NA,NA,NA,NA,NA,NA,constant_edge_mapping,1,5,1,1,1,0.080000000000000002,constant,NA,NA,NA,NA,NA,NA
4,c,raw,results/k9_mechanics_sensitivity.csv,6baea83cab61f4c6ca3666d05714b4cfc359b0dcf6a1cd3f322ab791a77042b5,E5,5,1,NA,2,0.001,NA,NA,77,`gtol` termination condition is satisfied.,True,0.00088311459420000002,419.90678580000002,NA,20,NA,1,1,1,317,E5|5|0.001|constant_edge_mapping|1|2,C_relative_error,0.026971953690000001,2.6971953690000001,percent,100 * raw_value,all 324; noise_fraction==0.001; 77 reads,77,77,NA,NA,NA,NA,NA,NA,NA,NA,NA,NA,NA,NA,constant_edge_mapping,1,5,1,1,1,0.080000000000000002,constant,NA,NA,NA,NA,NA,NA
4,c,raw,results/k9_mechanics_sensitivity.csv,6baea83cab61f4c6ca3666d05714b4cfc359b0dcf6a1cd3f322ab791a77042b5,E5,5,1,NA,0,0.001,NA,NA,77,`gtol` termination condition is satisfied.,True,0.00088254813139999997,379.56239620000002,NA,20,NA,1,1,1,318,E5|5|0.001|constant_edge_mapping|2|0,L_relative_error,0.0098440419870000004,0.98440419870000007,percent,100 * raw_value,all 324; noise_fraction==0.001; 77 reads,77,77,NA,NA,NA,NA,NA,NA,NA,NA,NA,NA,NA,NA,constant_edge_mapping,2,5,1,1,1,0.080000000000000002,constant,NA,NA,NA,NA,NA,NA
4,c,raw,results/k9_mechanics_sensitivity.csv,6baea83cab61f4c6ca3666d05714b4cfc359b0dcf6a1cd3f322ab791a77042b5,E5,5,1,NA,0,0.001,NA,NA,77,`gtol` termination condition is satisfied.,True,0.00088254813139999997,379.56239620000002,NA,20,NA,1,1,1,318,E5|5|0.001|constant_edge_mapping|2|0,C_relative_error,0.03692919494,3.6929194939999999,percent,100 * raw_value,all 324; noise_fraction==0.001; 77 reads,77,77,NA,NA,NA,NA,NA,NA,NA,NA,NA,NA,NA,NA,constant_edge_mapping,2,5,1,1,1,0.080000000000000002,constant,NA,NA,NA,NA,NA,NA
4,c,raw,results/k9_mechanics_sensitivity.csv,6baea83cab61f4c6ca3666d05714b4cfc359b0dcf6a1cd3f322ab791a77042b5,E5,5,1,NA,1,0.001,NA,NA,77,`gtol` termination condition is satisfied.,True,0.00087838091389999995,394.65061059999999,NA,21,NA,1,1,1,319,E5|5|0.001|constant_edge_mapping|2|1,L_relative_error,0.0066671431279999999,0.66671431279999993,percent,100 * raw_value,all 324; noise_fraction==0.001; 77 reads,77,77,NA,NA,NA,NA,NA,NA,NA,NA,NA,NA,NA,NA,constant_edge_mapping,2,5,1,1,1,0.080000000000000002,constant,NA,NA,NA,NA,NA,NA
4,c,raw,results/k9_mechanics_sensitivity.csv,6baea83cab61f4c6ca3666d05714b4cfc359b0dcf6a1cd3f322ab791a77042b5,E5,5,1,NA,1,0.001,NA,NA,77,`gtol` termination condition is satisfied.,True,0.00087838091389999995,394.65061059999999,NA,21,NA,1,1,1,319,E5|5|0.001|constant_edge_mapping|2|1,C_relative_error,0.027361014499999999,2.73610145,percent,100 * raw_value,all 324; noise_fraction==0.001; 77 reads,77,77,NA,NA,NA,NA,NA,NA,NA,NA,NA,NA,NA,NA,constant_edge_mapping,2,5,1,1,1,0.080000000000000002,constant,NA,NA,NA,NA,NA,NA
4,c,raw,results/k9_mechanics_sensitivity.csv,6baea83cab61f4c6ca3666d05714b4cfc359b0dcf6a1cd3f322ab791a77042b5,E5,5,1,NA,2,0.001,NA,NA,77,`gtol` termination condition is satisfied.,True,0.00085947276359999998,380.05291060000002,NA,20,NA,1,1,1,320,E5|5|0.001|constant_edge_mapping|2|2,L_relative_error,0.012702491979999999,1.2702491979999999,percent,100 * raw_value,all 324; noise_fraction==0.001; 77 reads,77,77,NA,NA,NA,NA,NA,NA,NA,NA,NA,NA,NA,NA,constant_edge_mapping,2,5,1,1,1,0.080000000000000002,constant,NA,NA,NA,NA,NA,NA
4,c,raw,results/k9_mechanics_sensitivity.csv,6baea83cab61f4c6ca3666d05714b4cfc359b0dcf6a1cd3f322ab791a77042b5,E5,5,1,NA,2,0.001,NA,NA,77,`gtol` termination condition is satisfied.,True,0.00085947276359999998,380.05291060000002,NA,20,NA,1,1,1,320,E5|5|0.001|constant_edge_mapping|2|2,C_relative_error,0.042889413119999997,4.2889413119999995,percent,100 * raw_value,all 324; noise_fraction==0.001; 77 reads,77,77,NA,NA,NA,NA,NA,NA,NA,NA,NA,NA,NA,NA,constant_edge_mapping,2,5,1,1,1,0.080000000000000002,constant,NA,NA,NA,NA,NA,NA
4,c,raw,results/k9_mechanics_sensitivity.csv,6baea83cab61f4c6ca3666d05714b4cfc359b0dcf6a1cd3f322ab791a77042b5,E5,5,1,NA,0,0.001,NA,NA,77,`gtol` termination condition is satisfied.,True,0.00088517215760000004,445.92983409999999,NA,19,NA,1,1,1,321,E5|5|0.001|constant_edge_mapping|3|0,L_relative_error,0.0067183377200000002,0.67183377200000005,percent,100 * raw_value,all 324; noise_fraction==0.001; 77 reads,77,77,NA,NA,NA,NA,NA,NA,NA,NA,NA,NA,NA,NA,constant_edge_mapping,3,5,1,1,1,0.080000000000000002,constant,NA,NA,NA,NA,NA,NA
4,c,raw,results/k9_mechanics_sensitivity.csv,6baea83cab61f4c6ca3666d05714b4cfc359b0dcf6a1cd3f322ab791a77042b5,E5,5,1,NA,0,0.001,NA,NA,77,`gtol` termination condition is satisfied.,True,0.00088517215760000004,445.92983409999999,NA,19,NA,1,1,1,321,E5|5|0.001|constant_edge_mapping|3|0,C_relative_error,0.028107272709999999,2.8107272709999997,percent,100 * raw_value,all 324; noise_fraction==0.001; 77 reads,77,77,NA,NA,NA,NA,NA,NA,NA,NA,NA,NA,NA,NA,constant_edge_mapping,3,5,1,1,1,0.080000000000000002,constant,NA,NA,NA,NA,NA,NA
4,c,raw,results/k9_mechanics_sensitivity.csv,6baea83cab61f4c6ca3666d05714b4cfc359b0dcf6a1cd3f322ab791a77042b5,E5,5,1,NA,1,0.001,NA,NA,77,`ftol` termination condition is satisfied.,True,0.00086595811370000005,427.91107440000002,NA,20,NA,1,1,1,322,E5|5|0.001|constant_edge_mapping|3|1,L_relative_error,0.01423011352,1.4230113520000001,percent,100 * raw_value,all 324; noise_fraction==0.001; 77 reads,77,77,NA,NA,NA,NA,NA,NA,NA,NA,NA,NA,NA,NA,constant_edge_mapping,3,5,1,1,1,0.080000000000000002,constant,NA,NA,NA,NA,NA,NA
4,c,raw,results/k9_mechanics_sensitivity.csv,6baea83cab61f4c6ca3666d05714b4cfc359b0dcf6a1cd3f322ab791a77042b5,E5,5,1,NA,1,0.001,NA,NA,77,`ftol` termination condition is satisfied.,True,0.00086595811370000005,427.91107440000002,NA,20,NA,1,1,1,322,E5|5|0.001|constant_edge_mapping|3|1,C_relative_error,0.042542886689999997,4.2542886689999992,percent,100 * raw_value,all 324; noise_fraction==0.001; 77 reads,77,77,NA,NA,NA,NA,NA,NA,NA,NA,NA,NA,NA,NA,constant_edge_mapping,3,5,1,1,1,0.080000000000000002,constant,NA,NA,NA,NA,NA,NA
4,c,raw,results/k9_mechanics_sensitivity.csv,6baea83cab61f4c6ca3666d05714b4cfc359b0dcf6a1cd3f322ab791a77042b5,E5,5,1,NA,2,0.001,NA,NA,77,`gtol` termination condition is satisfied.,True,0.00076451004470000003,434.11202400000002,NA,22,NA,1,1,1,323,E5|5|0.001|constant_edge_mapping|3|2,L_relative_error,0.012042294070000001,1.2042294070000001,percent,100 * raw_value,all 324; noise_fraction==0.001; 77 reads,77,77,NA,NA,NA,NA,NA,NA,NA,NA,NA,NA,NA,NA,constant_edge_mapping,3,5,1,1,1,0.080000000000000002,constant,NA,NA,NA,NA,NA,NA
4,c,raw,results/k9_mechanics_sensitivity.csv,6baea83cab61f4c6ca3666d05714b4cfc359b0dcf6a1cd3f322ab791a77042b5,E5,5,1,NA,2,0.001,NA,NA,77,`gtol` termination condition is satisfied.,True,0.00076451004470000003,434.11202400000002,NA,22,NA,1,1,1,323,E5|5|0.001|constant_edge_mapping|3|2,C_relative_error,0.019099226649999999,1.9099226649999999,percent,100 * raw_value,all 324; noise_fraction==0.001; 77 reads,77,77,NA,NA,NA,NA,NA,NA,NA,NA,NA,NA,NA,NA,constant_edge_mapping,3,5,1,1,1,0.080000000000000002,constant,NA,NA,NA,NA,NA,NA
4,c,summary,results/k9_mechanics_sensitivity.csv,6baea83cab61f4c6ca3666d05714b4cfc359b0dcf6a1cd3f322ab791a77042b5,NA,NA,NA,NA,NA,NA,NA,NA,NA,NA,NA,NA,NA,NA,NA,NA,NA,NA,NA,NA,NA,L_relative_error,NA,NA,percent,100 * raw_value,all 324; noise_fraction==0.001; 77 reads,NA,NA,36,36,36,0.01043573940125,0.033559078079999999,0.058960608679999998,0.072681604560000002,1.0435739401249999,3.355907808,5.8960608680000002,7.2681604560000004,NA,reference,NA,NA,NA,NA,NA,NA,NA,NA,NA,NA,NA,NA,NA
4,c,summary,results/k9_mechanics_sensitivity.csv,6baea83cab61f4c6ca3666d05714b4cfc359b0dcf6a1cd3f322ab791a77042b5,NA,NA,NA,NA,NA,NA,NA,NA,NA,NA,NA,NA,NA,NA,NA,NA,NA,NA,NA,NA,NA,C_relative_error,NA,NA,percent,100 * raw_value,all 324; noise_fraction==0.001; 77 reads,NA,NA,36,36,36,0.028582702979999999,0.076487858404999998,0.14512668535000001,0.21413335039999998,2.8582702979999999,7.6487858404999995,14.512668535000001,21.413335039999996,NA,reference,NA,NA,NA,NA,NA,NA,NA,NA,NA,NA,NA,NA,NA
4,c,summary,results/k9_mechanics_sensitivity.csv,6baea83cab61f4c6ca3666d05714b4cfc359b0dcf6a1cd3f322ab791a77042b5,NA,NA,NA,NA,NA,NA,NA,NA,NA,NA,NA,NA,NA,NA,NA,NA,NA,NA,NA,NA,NA,L_relative_error,NA,NA,percent,100 * raw_value,all 324; noise_fraction==0.001; 77 reads,NA,NA,36,36,36,0.0090000254452500001,0.02093271318,0.034786904927500001,0.051179077454999999,0.90000254452500006,2.0932713179999998,3.4786904927500002,5.1179077455000002,NA,low_stiffness,NA,NA,NA,NA,NA,NA,NA,NA,NA,NA,NA,NA,NA
4,c,summary,results/k9_mechanics_sensitivity.csv,6baea83cab61f4c6ca3666d05714b4cfc359b0dcf6a1cd3f322ab791a77042b5,NA,NA,NA,NA,NA,NA,NA,NA,NA,NA,NA,NA,NA,NA,NA,NA,NA,NA,NA,NA,NA,C_relative_error,NA,NA,percent,100 * raw_value,all 324; noise_fraction==0.001; 77 reads,NA,NA,36,36,36,0.039219345934999997,0.096450154794999993,0.16220522337500001,0.31286494339999998,3.9219345934999996,9.6450154794999996,16.2205223375,31.286494339999997,NA,low_stiffness,NA,NA,NA,NA,NA,NA,NA,NA,NA,NA,NA,NA,NA
4,c,summary,results/k9_mechanics_sensitivity.csv,6baea83cab61f4c6ca3666d05714b4cfc359b0dcf6a1cd3f322ab791a77042b5,NA,NA,NA,NA,NA,NA,NA,NA,NA,NA,NA,NA,NA,NA,NA,NA,NA,NA,NA,NA,NA,L_relative_error,NA,NA,percent,100 * raw_value,all 324; noise_fraction==0.001; 77 reads,NA,NA,36,36,36,0.014983697129999999,0.029148119074999999,0.23071473812499999,0.25569049124999998,1.498369713,2.9148119074999999,23.071473812499999,25.569049124999999,NA,high_stiffness,NA,NA,NA,NA,NA,NA,NA,NA,NA,NA,NA,NA,NA
4,c,summary,results/k9_mechanics_sensitivity.csv,6baea83cab61f4c6ca3666d05714b4cfc359b0dcf6a1cd3f322ab791a77042b5,NA,NA,NA,NA,NA,NA,NA,NA,NA,NA,NA,NA,NA,NA,NA,NA,NA,NA,NA,NA,NA,C_relative_error,NA,NA,percent,100 * raw_value,all 324; noise_fraction==0.001; 77 reads,NA,NA,36,36,36,0.040897560127500003,0.15850085525000002,0.236736322375,0.38063671609999999,4.0897560127500006,15.850085525000001,23.673632237500001,38.06367161,NA,high_stiffness,NA,NA,NA,NA,NA,NA,NA,NA,NA,NA,NA,NA,NA
4,c,summary,results/k9_mechanics_sensitivity.csv,6baea83cab61f4c6ca3666d05714b4cfc359b0dcf6a1cd3f322ab791a77042b5,NA,NA,NA,NA,NA,NA,NA,NA,NA,NA,NA,NA,NA,NA,NA,NA,NA,NA,NA,NA,NA,L_relative_error,NA,NA,percent,100 * raw_value,all 324; noise_fraction==0.001; 77 reads,NA,NA,36,36,36,0.014371266194999999,0.029070401480000001,0.052662636070000005,0.061927882325000003,1.4371266194999999,2.9070401480000001,5.2662636070000008,6.1927882324999999,NA,low_storage,NA,NA,NA,NA,NA,NA,NA,NA,NA,NA,NA,NA,NA
4,c,summary,results/k9_mechanics_sensitivity.csv,6baea83cab61f4c6ca3666d05714b4cfc359b0dcf6a1cd3f322ab791a77042b5,NA,NA,NA,NA,NA,NA,NA,NA,NA,NA,NA,NA,NA,NA,NA,NA,NA,NA,NA,NA,NA,C_relative_error,NA,NA,percent,100 * raw_value,all 324; noise_fraction==0.001; 77 reads,NA,NA,36,36,36,0.059557829824999999,0.13493382510000002,0.304894044275,0.63773429570000006,5.9557829824999997,13.493382510000002,30.489404427499998,63.773429570000005,NA,low_storage,NA,NA,NA,NA,NA,NA,NA,NA,NA,NA,NA,NA,NA
4,c,summary,results/k9_mechanics_sensitivity.csv,6baea83cab61f4c6ca3666d05714b4cfc359b0dcf6a1cd3f322ab791a77042b5,NA,NA,NA,NA,NA,NA,NA,NA,NA,NA,NA,NA,NA,NA,NA,NA,NA,NA,NA,NA,NA,L_relative_error,NA,NA,percent,100 * raw_value,all 324; noise_fraction==0.001; 77 reads,NA,NA,36,36,36,0.011327349297500001,0.024168062810000002,0.03176229975,0.077791217174999996,1.13273492975,2.4168062810000004,3.176229975,7.7791217174999998,NA,high_storage,NA,NA,NA,NA,NA,NA,NA,NA,NA,NA,NA,NA,NA
4,c,summary,results/k9_mechanics_sensitivity.csv,6baea83cab61f4c6ca3666d05714b4cfc359b0dcf6a1cd3f322ab791a77042b5,NA,NA,NA,NA,NA,NA,NA,NA,NA,NA,NA,NA,NA,NA,NA,NA,NA,NA,NA,NA,NA,C_relative_error,NA,NA,percent,100 * raw_value,all 324; noise_fraction==0.001; 77 reads,NA,NA,36,36,36,0.042989894814999999,0.088499000604999989,0.17159622922500001,0.29132129309999999,4.2989894814999996,8.8499000604999996,17.159622922500002,29.13212931,NA,high_storage,NA,NA,NA,NA,NA,NA,NA,NA,NA,NA,NA,NA,NA
4,c,summary,results/k9_mechanics_sensitivity.csv,6baea83cab61f4c6ca3666d05714b4cfc359b0dcf6a1cd3f322ab791a77042b5,NA,NA,NA,NA,NA,NA,NA,NA,NA,NA,NA,NA,NA,NA,NA,NA,NA,NA,NA,NA,NA,L_relative_error,NA,NA,percent,100 * raw_value,all 324; noise_fraction==0.001; 77 reads,NA,NA,36,36,36,0.039655989317500001,0.1831801237,0.30941485595000001,0.37973765695,3.9655989317500002,18.318012370000002,30.941485595,37.973765694999997,NA,low_edge_ratio,NA,NA,NA,NA,NA,NA,NA,NA,NA,NA,NA,NA,NA
4,c,summary,results/k9_mechanics_sensitivity.csv,6baea83cab61f4c6ca3666d05714b4cfc359b0dcf6a1cd3f322ab791a77042b5,NA,NA,NA,NA,NA,NA,NA,NA,NA,NA,NA,NA,NA,NA,NA,NA,NA,NA,NA,NA,NA,C_relative_error,NA,NA,percent,100 * raw_value,all 324; noise_fraction==0.001; 77 reads,NA,NA,36,36,36,0.21924845100000001,0.58738891540000004,1.70439319575,2.8854687635,21.924845100000002,58.738891540000004,170.43931957500001,288.54687634999999,NA,low_edge_ratio,NA,NA,NA,NA,NA,NA,NA,NA,NA,NA,NA,NA,NA
4,c,summary,results/k9_mechanics_sensitivity.csv,6baea83cab61f4c6ca3666d05714b4cfc359b0dcf6a1cd3f322ab791a77042b5,NA,NA,NA,NA,NA,NA,NA,NA,NA,NA,NA,NA,NA,NA,NA,NA,NA,NA,NA,NA,NA,L_relative_error,NA,NA,percent,100 * raw_value,all 324; noise_fraction==0.001; 77 reads,NA,NA,36,36,36,0.0094576108977499993,0.02033428751,0.233667011525,0.25286335495000001,0.94576108977499995,2.0334287510000002,23.366701152499999,25.286335494999999,NA,high_edge_ratio,NA,NA,NA,NA,NA,NA,NA,NA,NA,NA,NA,NA,NA
4,c,summary,results/k9_mechanics_sensitivity.csv,6baea83cab61f4c6ca3666d05714b4cfc359b0dcf6a1cd3f322ab791a77042b5,NA,NA,NA,NA,NA,NA,NA,NA,NA,NA,NA,NA,NA,NA,NA,NA,NA,NA,NA,NA,NA,C_relative_error,NA,NA,percent,100 * raw_value,all 324; noise_fraction==0.001; 77 reads,NA,NA,36,36,36,0.055776045004999997,0.082394700814999999,0.18829620792500001,0.26756598664999998,5.5776045004999997,8.2394700815000004,18.829620792500002,26.756598664999999,NA,high_edge_ratio,NA,NA,NA,NA,NA,NA,NA,NA,NA,NA,NA,NA,NA
4,c,summary,results/k9_mechanics_sensitivity.csv,6baea83cab61f4c6ca3666d05714b4cfc359b0dcf6a1cd3f322ab791a77042b5,NA,NA,NA,NA,NA,NA,NA,NA,NA,NA,NA,NA,NA,NA,NA,NA,NA,NA,NA,NA,NA,L_relative_error,NA,NA,percent,100 * raw_value,all 324; noise_fraction==0.001; 77 reads,NA,NA,36,36,36,0.013178955635,0.032248848760000004,0.059878918584999996,0.11857760049999999,1.3178955635,3.2248848760000004,5.9878918584999994,11.85776005,NA,heterogeneous_edges,NA,NA,NA,NA,NA,NA,NA,NA,NA,NA,NA,NA,NA
4,c,summary,results/k9_mechanics_sensitivity.csv,6baea83cab61f4c6ca3666d05714b4cfc359b0dcf6a1cd3f322ab791a77042b5,NA,NA,NA,NA,NA,NA,NA,NA,NA,NA,NA,NA,NA,NA,NA,NA,NA,NA,NA,NA,NA,C_relative_error,NA,NA,percent,100 * raw_value,all 324; noise_fraction==0.001; 77 reads,NA,NA,36,36,36,0.045651692204999997,0.115507065615,0.25042108385,0.49172118549999999,4.5651692204999996,11.5507065615,25.042108384999999,49.17211855,NA,heterogeneous_edges,NA,NA,NA,NA,NA,NA,NA,NA,NA,NA,NA,NA,NA
4,c,summary,results/k9_mechanics_sensitivity.csv,6baea83cab61f4c6ca3666d05714b4cfc359b0dcf6a1cd3f322ab791a77042b5,NA,NA,NA,NA,NA,NA,NA,NA,NA,NA,NA,NA,NA,NA,NA,NA,NA,NA,NA,NA,NA,L_relative_error,NA,NA,percent,100 * raw_value,all 324; noise_fraction==0.001; 77 reads,NA,NA,36,36,36,0.010902919313749999,0.019491357180000002,0.047436347919999997,0.057224340669999998,1.0902919313749999,1.9491357180000002,4.7436347919999999,5.722434067,NA,constant_edge_mapping,NA,NA,NA,NA,NA,NA,NA,NA,NA,NA,NA,NA,NA
4,c,summary,results/k9_mechanics_sensitivity.csv,6baea83cab61f4c6ca3666d05714b4cfc359b0dcf6a1cd3f322ab791a77042b5,NA,NA,NA,NA,NA,NA,NA,NA,NA,NA,NA,NA,NA,NA,NA,NA,NA,NA,NA,NA,NA,C_relative_error,NA,NA,percent,100 * raw_value,all 324; noise_fraction==0.001; 77 reads,NA,NA,36,36,36,0.042802781512499999,0.084600270660000004,0.20799129515000001,0.38334823890000003,4.2802781512500001,8.4600270660000003,20.799129515000001,38.334823890000003,NA,constant_edge_mapping,NA,NA,NA,NA,NA,NA,NA,NA,NA,NA,NA,NA,NA
4,d,raw,results/k9_intervention_imperfections.csv,41836e7d1012e5958461e59ae64bd8b18dc9f599b593f006cbaae7e073af54bb,E3,5,NA,NA,0,0.001,NA,NA,77,`gtol` termination condition is satisfied.,True,0.00076066809190000002,4848.8125440000003,NA,NA,NA,1,1,1,0,E3|5|0.001|ideal_control|0,L_relative_error,0.05691506977,5.6915069770000004,percent,100 * raw_value,all 50; E3 five-node graph; noise_fraction==0.001,77,77,NA,NA,NA,NA,NA,NA,NA,NA,NA,NA,NA,NA,NA,NA,NA,NA,NA,NA,NA,NA,ideal_control,1,0,1,NA,0
4,d,raw,results/k9_intervention_imperfections.csv,41836e7d1012e5958461e59ae64bd8b18dc9f599b593f006cbaae7e073af54bb,E3,5,NA,NA,0,0.001,NA,NA,77,`gtol` termination condition is satisfied.,True,0.00076066809190000002,4848.8125440000003,NA,NA,NA,1,1,1,0,E3|5|0.001|ideal_control|0,C_relative_error,0.1319409433,13.19409433,percent,100 * raw_value,all 50; E3 five-node graph; noise_fraction==0.001,77,77,NA,NA,NA,NA,NA,NA,NA,NA,NA,NA,NA,NA,NA,NA,NA,NA,NA,NA,NA,NA,ideal_control,1,0,1,NA,0
4,d,raw,results/k9_intervention_imperfections.csv,41836e7d1012e5958461e59ae64bd8b18dc9f599b593f006cbaae7e073af54bb,E3,5,NA,NA,1,0.001,NA,NA,77,`gtol` termination condition is satisfied.,True,0.00085163935439999997,5587.702945,NA,NA,NA,1,1,1,1,E3|5|0.001|ideal_control|1,L_relative_error,0.031134747769999999,3.113474777,percent,100 * raw_value,all 50; E3 five-node graph; noise_fraction==0.001,77,77,NA,NA,NA,NA,NA,NA,NA,NA,NA,NA,NA,NA,NA,NA,NA,NA,NA,NA,NA,NA,ideal_control,1,0,1,NA,0
4,d,raw,results/k9_intervention_imperfections.csv,41836e7d1012e5958461e59ae64bd8b18dc9f599b593f006cbaae7e073af54bb,E3,5,NA,NA,1,0.001,NA,NA,77,`gtol` termination condition is satisfied.,True,0.00085163935439999997,5587.702945,NA,NA,NA,1,1,1,1,E3|5|0.001|ideal_control|1,C_relative_error,0.20222155580000001,20.222155579999999,percent,100 * raw_value,all 50; E3 five-node graph; noise_fraction==0.001,77,77,NA,NA,NA,NA,NA,NA,NA,NA,NA,NA,NA,NA,NA,NA,NA,NA,NA,NA,NA,NA,ideal_control,1,0,1,NA,0
4,d,raw,results/k9_intervention_imperfections.csv,41836e7d1012e5958461e59ae64bd8b18dc9f599b593f006cbaae7e073af54bb,E3,5,NA,NA,2,0.001,NA,NA,77,`gtol` termination condition is satisfied.,True,0.00092618479300000001,5317.8587699999998,NA,NA,NA,1,1,1,2,E3|5|0.001|ideal_control|2,L_relative_error,0.037243303929999999,3.7243303929999998,percent,100 * raw_value,all 50; E3 five-node graph; noise_fraction==0.001,77,77,NA,NA,NA,NA,NA,NA,NA,NA,NA,NA,NA,NA,NA,NA,NA,NA,NA,NA,NA,NA,ideal_control,1,0,1,NA,0
4,d,raw,results/k9_intervention_imperfections.csv,41836e7d1012e5958461e59ae64bd8b18dc9f599b593f006cbaae7e073af54bb,E3,5,NA,NA,2,0.001,NA,NA,77,`gtol` termination condition is satisfied.,True,0.00092618479300000001,5317.8587699999998,NA,NA,NA,1,1,1,2,E3|5|0.001|ideal_control|2,C_relative_error,0.075495106249999999,7.5495106249999999,percent,100 * raw_value,all 50; E3 five-node graph; noise_fraction==0.001,77,77,NA,NA,NA,NA,NA,NA,NA,NA,NA,NA,NA,NA,NA,NA,NA,NA,NA,NA,NA,NA,ideal_control,1,0,1,NA,0
4,d,raw,results/k9_intervention_imperfections.csv,41836e7d1012e5958461e59ae64bd8b18dc9f599b593f006cbaae7e073af54bb,E3,5,NA,NA,3,0.001,NA,NA,77,`gtol` termination condition is satisfied.,True,0.00082526077160000001,5476.3758250000001,NA,NA,NA,1,1,1,3,E3|5|0.001|ideal_control|3,L_relative_error,0.02443926401,2.4439264010000001,percent,100 * raw_value,all 50; E3 five-node graph; noise_fraction==0.001,77,77,NA,NA,NA,NA,NA,NA,NA,NA,NA,NA,NA,NA,NA,NA,NA,NA,NA,NA,NA,NA,ideal_control,1,0,1,NA,0
4,d,raw,results/k9_intervention_imperfections.csv,41836e7d1012e5958461e59ae64bd8b18dc9f599b593f006cbaae7e073af54bb,E3,5,NA,NA,3,0.001,NA,NA,77,`gtol` termination condition is satisfied.,True,0.00082526077160000001,5476.3758250000001,NA,NA,NA,1,1,1,3,E3|5|0.001|ideal_control|3,C_relative_error,0.32965541659999997,32.96554166,percent,100 * raw_value,all 50; E3 five-node graph; noise_fraction==0.001,77,77,NA,NA,NA,NA,NA,NA,NA,NA,NA,NA,NA,NA,NA,NA,NA,NA,NA,NA,NA,NA,ideal_control,1,0,1,NA,0
4,d,raw,results/k9_intervention_imperfections.csv,41836e7d1012e5958461e59ae64bd8b18dc9f599b593f006cbaae7e073af54bb,E3,5,NA,NA,4,0.001,NA,NA,77,`ftol` termination condition is satisfied.,True,0.001029045313,5365.6035940000002,NA,NA,NA,1,1,1,4,E3|5|0.001|ideal_control|4,L_relative_error,0.01628170261,1.628170261,percent,100 * raw_value,all 50; E3 five-node graph; noise_fraction==0.001,77,77,NA,NA,NA,NA,NA,NA,NA,NA,NA,NA,NA,NA,NA,NA,NA,NA,NA,NA,NA,NA,ideal_control,1,0,1,NA,0
4,d,raw,results/k9_intervention_imperfections.csv,41836e7d1012e5958461e59ae64bd8b18dc9f599b593f006cbaae7e073af54bb,E3,5,NA,NA,4,0.001,NA,NA,77,`ftol` termination condition is satisfied.,True,0.001029045313,5365.6035940000002,NA,NA,NA,1,1,1,4,E3|5|0.001|ideal_control|4,C_relative_error,0.1786113553,17.861135529999999,percent,100 * raw_value,all 50; E3 five-node graph; noise_fraction==0.001,77,77,NA,NA,NA,NA,NA,NA,NA,NA,NA,NA,NA,NA,NA,NA,NA,NA,NA,NA,NA,NA,ideal_control,1,0,1,NA,0
4,d,raw,results/k9_intervention_imperfections.csv,41836e7d1012e5958461e59ae64bd8b18dc9f599b593f006cbaae7e073af54bb,E3,5,NA,NA,0,0.001,NA,NA,77,`gtol` termination condition is satisfied.,True,0.00079389408520000001,5957.857344,NA,NA,NA,1,1,1,5,E3|5|0.001|shunt_bias_minus_15pct|0,L_relative_error,0.14533426190000001,14.533426190000002,percent,100 * raw_value,all 50; E3 five-node graph; noise_fraction==0.001,77,77,NA,NA,NA,NA,NA,NA,NA,NA,NA,NA,NA,NA,NA,NA,NA,NA,NA,NA,NA,NA,shunt_bias_minus_15pct,1,-0.14999999999999999,1,NA,0
4,d,raw,results/k9_intervention_imperfections.csv,41836e7d1012e5958461e59ae64bd8b18dc9f599b593f006cbaae7e073af54bb,E3,5,NA,NA,0,0.001,NA,NA,77,`gtol` termination condition is satisfied.,True,0.00079389408520000001,5957.857344,NA,NA,NA,1,1,1,5,E3|5|0.001|shunt_bias_minus_15pct|0,C_relative_error,0.175368579,17.536857900000001,percent,100 * raw_value,all 50; E3 five-node graph; noise_fraction==0.001,77,77,NA,NA,NA,NA,NA,NA,NA,NA,NA,NA,NA,NA,NA,NA,NA,NA,NA,NA,NA,NA,shunt_bias_minus_15pct,1,-0.14999999999999999,1,NA,0
4,d,raw,results/k9_intervention_imperfections.csv,41836e7d1012e5958461e59ae64bd8b18dc9f599b593f006cbaae7e073af54bb,E3,5,NA,NA,1,0.001,NA,NA,77,`gtol` termination condition is satisfied.,True,0.00088703244459999999,6231.5819879999999,NA,NA,NA,1,1,1,6,E3|5|0.001|shunt_bias_minus_15pct|1,L_relative_error,0.15928444420000001,15.928444420000002,percent,100 * raw_value,all 50; E3 five-node graph; noise_fraction==0.001,77,77,NA,NA,NA,NA,NA,NA,NA,NA,NA,NA,NA,NA,NA,NA,NA,NA,NA,NA,NA,NA,shunt_bias_minus_15pct,1,-0.14999999999999999,1,NA,0
4,d,raw,results/k9_intervention_imperfections.csv,41836e7d1012e5958461e59ae64bd8b18dc9f599b593f006cbaae7e073af54bb,E3,5,NA,NA,1,0.001,NA,NA,77,`gtol` termination condition is satisfied.,True,0.00088703244459999999,6231.5819879999999,NA,NA,NA,1,1,1,6,E3|5|0.001|shunt_bias_minus_15pct|1,C_relative_error,0.2779551509,27.795515090000002,percent,100 * raw_value,all 50; E3 five-node graph; noise_fraction==0.001,77,77,NA,NA,NA,NA,NA,NA,NA,NA,NA,NA,NA,NA,NA,NA,NA,NA,NA,NA,NA,NA,shunt_bias_minus_15pct,1,-0.14999999999999999,1,NA,0
4,d,raw,results/k9_intervention_imperfections.csv,41836e7d1012e5958461e59ae64bd8b18dc9f599b593f006cbaae7e073af54bb,E3,5,NA,NA,2,0.001,NA,NA,77,`gtol` termination condition is satisfied.,True,0.00098736866429999996,5853.2372260000002,NA,NA,NA,1,1,1,7,E3|5|0.001|shunt_bias_minus_15pct|2,L_relative_error,0.13615436310000001,13.615436310000002,percent,100 * raw_value,all 50; E3 five-node graph; noise_fraction==0.001,77,77,NA,NA,NA,NA,NA,NA,NA,NA,NA,NA,NA,NA,NA,NA,NA,NA,NA,NA,NA,NA,shunt_bias_minus_15pct,1,-0.14999999999999999,1,NA,0
4,d,raw,results/k9_intervention_imperfections.csv,41836e7d1012e5958461e59ae64bd8b18dc9f599b593f006cbaae7e073af54bb,E3,5,NA,NA,2,0.001,NA,NA,77,`gtol` termination condition is satisfied.,True,0.00098736866429999996,5853.2372260000002,NA,NA,NA,1,1,1,7,E3|5|0.001|shunt_bias_minus_15pct|2,C_relative_error,0.1883176443,18.83176443,percent,100 * raw_value,all 50; E3 five-node graph; noise_fraction==0.001,77,77,NA,NA,NA,NA,NA,NA,NA,NA,NA,NA,NA,NA,NA,NA,NA,NA,NA,NA,NA,NA,shunt_bias_minus_15pct,1,-0.14999999999999999,1,NA,0
4,d,raw,results/k9_intervention_imperfections.csv,41836e7d1012e5958461e59ae64bd8b18dc9f599b593f006cbaae7e073af54bb,E3,5,NA,NA,3,0.001,NA,NA,77,`gtol` termination condition is satisfied.,True,0.00082264811590000003,6271.914229,NA,NA,NA,1,1,1,8,E3|5|0.001|shunt_bias_minus_15pct|3,L_relative_error,0.1624711257,16.247112569999999,percent,100 * raw_value,all 50; E3 five-node graph; noise_fraction==0.001,77,77,NA,NA,NA,NA,NA,NA,NA,NA,NA,NA,NA,NA,NA,NA,NA,NA,NA,NA,NA,NA,shunt_bias_minus_15pct,1,-0.14999999999999999,1,NA,0
4,d,raw,results/k9_intervention_imperfections.csv,41836e7d1012e5958461e59ae64bd8b18dc9f599b593f006cbaae7e073af54bb,E3,5,NA,NA,3,0.001,NA,NA,77,`gtol` termination condition is satisfied.,True,0.00082264811590000003,6271.914229,NA,NA,NA,1,1,1,8,E3|5|0.001|shunt_bias_minus_15pct|3,C_relative_error,0.19454675029999999,19.454675029999997,percent,100 * raw_value,all 50; E3 five-node graph; noise_fraction==0.001,77,77,NA,NA,NA,NA,NA,NA,NA,NA,NA,NA,NA,NA,NA,NA,NA,NA,NA,NA,NA,NA,shunt_bias_minus_15pct,1,-0.14999999999999999,1,NA,0
4,d,raw,results/k9_intervention_imperfections.csv,41836e7d1012e5958461e59ae64bd8b18dc9f599b593f006cbaae7e073af54bb,E3,5,NA,NA,4,0.001,NA,NA,77,`gtol` termination condition is satisfied.,True,0.001003920364,5322.2371329999996,NA,NA,NA,1,1,1,9,E3|5|0.001|shunt_bias_minus_15pct|4,L_relative_error,0.11334097329999999,11.334097329999999,percent,100 * raw_value,all 50; E3 five-node graph; noise_fraction==0.001,77,77,NA,NA,NA,NA,NA,NA,NA,NA,NA,NA,NA,NA,NA,NA,NA,NA,NA,NA,NA,NA,shunt_bias_minus_15pct,1,-0.14999999999999999,1,NA,0
4,d,raw,results/k9_intervention_imperfections.csv,41836e7d1012e5958461e59ae64bd8b18dc9f599b593f006cbaae7e073af54bb,E3,5,NA,NA,4,0.001,NA,NA,77,`gtol` termination condition is satisfied.,True,0.001003920364,5322.2371329999996,NA,NA,NA,1,1,1,9,E3|5|0.001|shunt_bias_minus_15pct|4,C_relative_error,0.19626740500000001,19.6267405,percent,100 * raw_value,all 50; E3 five-node graph; noise_fraction==0.001,77,77,NA,NA,NA,NA,NA,NA,NA,NA,NA,NA,NA,NA,NA,NA,NA,NA,NA,NA,NA,NA,shunt_bias_minus_15pct,1,-0.14999999999999999,1,NA,0
4,d,raw,results/k9_intervention_imperfections.csv,41836e7d1012e5958461e59ae64bd8b18dc9f599b593f006cbaae7e073af54bb,E3,5,NA,NA,0,0.001,NA,NA,77,`gtol` termination condition is satisfied.,True,0.00081912197529999996,5556.6858700000003,NA,NA,NA,0.83333333330000003,1,0.90909090910000001,10,E3|5|0.001|shunt_bias_minus_5pct|0,L_relative_error,0.099653986860000002,9.9653986860000003,percent,100 * raw_value,all 50; E3 five-node graph; noise_fraction==0.001,77,77,NA,NA,NA,NA,NA,NA,NA,NA,NA,NA,NA,NA,NA,NA,NA,NA,NA,NA,NA,NA,shunt_bias_minus_5pct,1,-0.050000000000000003,1,NA,0
4,d,raw,results/k9_intervention_imperfections.csv,41836e7d1012e5958461e59ae64bd8b18dc9f599b593f006cbaae7e073af54bb,E3,5,NA,NA,0,0.001,NA,NA,77,`gtol` termination condition is satisfied.,True,0.00081912197529999996,5556.6858700000003,NA,NA,NA,0.83333333330000003,1,0.90909090910000001,10,E3|5|0.001|shunt_bias_minus_5pct|0,C_relative_error,0.16152908269999999,16.152908269999998,percent,100 * raw_value,all 50; E3 five-node graph; noise_fraction==0.001,77,77,NA,NA,NA,NA,NA,NA,NA,NA,NA,NA,NA,NA,NA,NA,NA,NA,NA,NA,NA,NA,shunt_bias_minus_5pct,1,-0.050000000000000003,1,NA,0
4,d,raw,results/k9_intervention_imperfections.csv,41836e7d1012e5958461e59ae64bd8b18dc9f599b593f006cbaae7e073af54bb,E3,5,NA,NA,1,0.001,NA,NA,77,`gtol` termination condition is satisfied.,True,0.00077367586370000001,5020.66687,NA,NA,NA,1,1,1,11,E3|5|0.001|shunt_bias_minus_5pct|1,L_relative_error,0.047058107920000002,4.7058107920000003,percent,100 * raw_value,all 50; E3 five-node graph; noise_fraction==0.001,77,77,NA,NA,NA,NA,NA,NA,NA,NA,NA,NA,NA,NA,NA,NA,NA,NA,NA,NA,NA,NA,shunt_bias_minus_5pct,1,-0.050000000000000003,1,NA,0
4,d,raw,results/k9_intervention_imperfections.csv,41836e7d1012e5958461e59ae64bd8b18dc9f599b593f006cbaae7e073af54bb,E3,5,NA,NA,1,0.001,NA,NA,77,`gtol` termination condition is satisfied.,True,0.00077367586370000001,5020.66687,NA,NA,NA,1,1,1,11,E3|5|0.001|shunt_bias_minus_5pct|1,C_relative_error,0.069555032609999998,6.9555032609999996,percent,100 * raw_value,all 50; E3 five-node graph; noise_fraction==0.001,77,77,NA,NA,NA,NA,NA,NA,NA,NA,NA,NA,NA,NA,NA,NA,NA,NA,NA,NA,NA,NA,shunt_bias_minus_5pct,1,-0.050000000000000003,1,NA,0
4,d,raw,results/k9_intervention_imperfections.csv,41836e7d1012e5958461e59ae64bd8b18dc9f599b593f006cbaae7e073af54bb,E3,5,NA,NA,2,0.001,NA,NA,77,`gtol` termination condition is satisfied.,True,0.00088563251239999995,5925.9103379999997,NA,NA,NA,1,1,1,12,E3|5|0.001|shunt_bias_minus_5pct|2,L_relative_error,0.076199114999999998,7.6199114999999997,percent,100 * raw_value,all 50; E3 five-node graph; noise_fraction==0.001,77,77,NA,NA,NA,NA,NA,NA,NA,NA,NA,NA,NA,NA,NA,NA,NA,NA,NA,NA,NA,NA,shunt_bias_minus_5pct,1,-0.050000000000000003,1,NA,0
4,d,raw,results/k9_intervention_imperfections.csv,41836e7d1012e5958461e59ae64bd8b18dc9f599b593f006cbaae7e073af54bb,E3,5,NA,NA,2,0.001,NA,NA,77,`gtol` termination condition is satisfied.,True,0.00088563251239999995,5925.9103379999997,NA,NA,NA,1,1,1,12,E3|5|0.001|shunt_bias_minus_5pct|2,C_relative_error,0.22747009369999999,22.747009369999997,percent,100 * raw_value,all 50; E3 five-node graph; noise_fraction==0.001,77,77,NA,NA,NA,NA,NA,NA,NA,NA,NA,NA,NA,NA,NA,NA,NA,NA,NA,NA,NA,NA,shunt_bias_minus_5pct,1,-0.050000000000000003,1,NA,0
4,d,raw,results/k9_intervention_imperfections.csv,41836e7d1012e5958461e59ae64bd8b18dc9f599b593f006cbaae7e073af54bb,E3,5,NA,NA,3,0.001,NA,NA,77,`ftol` termination condition is satisfied.,True,0.00086374502509999995,5885.163407,NA,NA,NA,1,1,1,13,E3|5|0.001|shunt_bias_minus_5pct|3,L_relative_error,0.073320782459999997,7.332078246,percent,100 * raw_value,all 50; E3 five-node graph; noise_fraction==0.001,77,77,NA,NA,NA,NA,NA,NA,NA,NA,NA,NA,NA,NA,NA,NA,NA,NA,NA,NA,NA,NA,shunt_bias_minus_5pct,1,-0.050000000000000003,1,NA,0
4,d,raw,results/k9_intervention_imperfections.csv,41836e7d1012e5958461e59ae64bd8b18dc9f599b593f006cbaae7e073af54bb,E3,5,NA,NA,3,0.001,NA,NA,77,`ftol` termination condition is satisfied.,True,0.00086374502509999995,5885.163407,NA,NA,NA,1,1,1,13,E3|5|0.001|shunt_bias_minus_5pct|3,C_relative_error,0.07384080455,7.3840804550000003,percent,100 * raw_value,all 50; E3 five-node graph; noise_fraction==0.001,77,77,NA,NA,NA,NA,NA,NA,NA,NA,NA,NA,NA,NA,NA,NA,NA,NA,NA,NA,NA,NA,shunt_bias_minus_5pct,1,-0.050000000000000003,1,NA,0
4,d,raw,results/k9_intervention_imperfections.csv,41836e7d1012e5958461e59ae64bd8b18dc9f599b593f006cbaae7e073af54bb,E3,5,NA,NA,4,0.001,NA,NA,77,`gtol` termination condition is satisfied.,True,0.00091119472610000005,5937.5691550000001,NA,NA,NA,1,1,1,14,E3|5|0.001|shunt_bias_minus_5pct|4,L_relative_error,0.068386342239999995,6.8386342239999998,percent,100 * raw_value,all 50; E3 five-node graph; noise_fraction==0.001,77,77,NA,NA,NA,NA,NA,NA,NA,NA,NA,NA,NA,NA,NA,NA,NA,NA,NA,NA,NA,NA,shunt_bias_minus_5pct,1,-0.050000000000000003,1,NA,0
4,d,raw,results/k9_intervention_imperfections.csv,41836e7d1012e5958461e59ae64bd8b18dc9f599b593f006cbaae7e073af54bb,E3,5,NA,NA,4,0.001,NA,NA,77,`gtol` termination condition is satisfied.,True,0.00091119472610000005,5937.5691550000001,NA,NA,NA,1,1,1,14,E3|5|0.001|shunt_bias_minus_5pct|4,C_relative_error,0.3652194493,36.521944929999997,percent,100 * raw_value,all 50; E3 five-node graph; noise_fraction==0.001,77,77,NA,NA,NA,NA,NA,NA,NA,NA,NA,NA,NA,NA,NA,NA,NA,NA,NA,NA,NA,NA,shunt_bias_minus_5pct,1,-0.050000000000000003,1,NA,0
4,d,raw,results/k9_intervention_imperfections.csv,41836e7d1012e5958461e59ae64bd8b18dc9f599b593f006cbaae7e073af54bb,E3,5,NA,NA,0,0.001,NA,NA,77,`gtol` termination condition is satisfied.,True,0.00088268453060000003,5415.3888939999997,NA,NA,NA,1,1,1,15,E3|5|0.001|shunt_bias_plus_5pct|0,L_relative_error,0.079366916470000007,7.9366916470000008,percent,100 * raw_value,all 50; E3 five-node graph; noise_fraction==0.001,77,77,NA,NA,NA,NA,NA,NA,NA,NA,NA,NA,NA,NA,NA,NA,NA,NA,NA,NA,NA,NA,shunt_bias_plus_5pct,1,0.050000000000000003,1,NA,0
4,d,raw,results/k9_intervention_imperfections.csv,41836e7d1012e5958461e59ae64bd8b18dc9f599b593f006cbaae7e073af54bb,E3,5,NA,NA,0,0.001,NA,NA,77,`gtol` termination condition is satisfied.,True,0.00088268453060000003,5415.3888939999997,NA,NA,NA,1,1,1,15,E3|5|0.001|shunt_bias_plus_5pct|0,C_relative_error,0.44101156009999998,44.101156009999997,percent,100 * raw_value,all 50; E3 five-node graph; noise_fraction==0.001,77,77,NA,NA,NA,NA,NA,NA,NA,NA,NA,NA,NA,NA,NA,NA,NA,NA,NA,NA,NA,NA,shunt_bias_plus_5pct,1,0.050000000000000003,1,NA,0
4,d,raw,results/k9_intervention_imperfections.csv,41836e7d1012e5958461e59ae64bd8b18dc9f599b593f006cbaae7e073af54bb,E3,5,NA,NA,1,0.001,NA,NA,77,`gtol` termination condition is satisfied.,True,0.00090090667439999997,5272.1229919999996,NA,NA,NA,1,1,1,16,E3|5|0.001|shunt_bias_plus_5pct|1,L_relative_error,0.055335042449999997,5.5335042449999996,percent,100 * raw_value,all 50; E3 five-node graph; noise_fraction==0.001,77,77,NA,NA,NA,NA,NA,NA,NA,NA,NA,NA,NA,NA,NA,NA,NA,NA,NA,NA,NA,NA,shunt_bias_plus_5pct,1,0.050000000000000003,1,NA,0
4,d,raw,results/k9_intervention_imperfections.csv,41836e7d1012e5958461e59ae64bd8b18dc9f599b593f006cbaae7e073af54bb,E3,5,NA,NA,1,0.001,NA,NA,77,`gtol` termination condition is satisfied.,True,0.00090090667439999997,5272.1229919999996,NA,NA,NA,1,1,1,16,E3|5|0.001|shunt_bias_plus_5pct|1,C_relative_error,0.2220793056,22.207930560000001,percent,100 * raw_value,all 50; E3 five-node graph; noise_fraction==0.001,77,77,NA,NA,NA,NA,NA,NA,NA,NA,NA,NA,NA,NA,NA,NA,NA,NA,NA,NA,NA,NA,shunt_bias_plus_5pct,1,0.050000000000000003,1,NA,0
4,d,raw,results/k9_intervention_imperfections.csv,41836e7d1012e5958461e59ae64bd8b18dc9f599b593f006cbaae7e073af54bb,E3,5,NA,NA,2,0.001,NA,NA,77,`gtol` termination condition is satisfied.,True,0.00079229784710000003,5432.827346,NA,NA,NA,1,1,1,17,E3|5|0.001|shunt_bias_plus_5pct|2,L_relative_error,0.043261150819999997,4.3261150819999994,percent,100 * raw_value,all 50; E3 five-node graph; noise_fraction==0.001,77,77,NA,NA,NA,NA,NA,NA,NA,NA,NA,NA,NA,NA,NA,NA,NA,NA,NA,NA,NA,NA,shunt_bias_plus_5pct,1,0.050000000000000003,1,NA,0
4,d,raw,results/k9_intervention_imperfections.csv,41836e7d1012e5958461e59ae64bd8b18dc9f599b593f006cbaae7e073af54bb,E3,5,NA,NA,2,0.001,NA,NA,77,`gtol` termination condition is satisfied.,True,0.00079229784710000003,5432.827346,NA,NA,NA,1,1,1,17,E3|5|0.001|shunt_bias_plus_5pct|2,C_relative_error,0.14109613460000001,14.10961346,percent,100 * raw_value,all 50; E3 five-node graph; noise_fraction==0.001,77,77,NA,NA,NA,NA,NA,NA,NA,NA,NA,NA,NA,NA,NA,NA,NA,NA,NA,NA,NA,NA,shunt_bias_plus_5pct,1,0.050000000000000003,1,NA,0
4,d,raw,results/k9_intervention_imperfections.csv,41836e7d1012e5958461e59ae64bd8b18dc9f599b593f006cbaae7e073af54bb,E3,5,NA,NA,3,0.001,NA,NA,77,`gtol` termination condition is satisfied.,True,0.00075248468549999996,5467.3284869999998,NA,NA,NA,1,1,1,18,E3|5|0.001|shunt_bias_plus_5pct|3,L_relative_error,0.045638722020000001,4.5638722019999998,percent,100 * raw_value,all 50; E3 five-node graph; noise_fraction==0.001,77,77,NA,NA,NA,NA,NA,NA,NA,NA,NA,NA,NA,NA,NA,NA,NA,NA,NA,NA,NA,NA,shunt_bias_plus_5pct,1,0.050000000000000003,1,NA,0
4,d,raw,results/k9_intervention_imperfections.csv,41836e7d1012e5958461e59ae64bd8b18dc9f599b593f006cbaae7e073af54bb,E3,5,NA,NA,3,0.001,NA,NA,77,`gtol` termination condition is satisfied.,True,0.00075248468549999996,5467.3284869999998,NA,NA,NA,1,1,1,18,E3|5|0.001|shunt_bias_plus_5pct|3,C_relative_error,0.33224063310000002,33.224063309999998,percent,100 * raw_value,all 50; E3 five-node graph; noise_fraction==0.001,77,77,NA,NA,NA,NA,NA,NA,NA,NA,NA,NA,NA,NA,NA,NA,NA,NA,NA,NA,NA,NA,shunt_bias_plus_5pct,1,0.050000000000000003,1,NA,0
4,d,raw,results/k9_intervention_imperfections.csv,41836e7d1012e5958461e59ae64bd8b18dc9f599b593f006cbaae7e073af54bb,E3,5,NA,NA,4,0.001,NA,NA,77,`gtol` termination condition is satisfied.,True,0.00093217312429999999,5222.043009,NA,NA,NA,1,1,1,19,E3|5|0.001|shunt_bias_plus_5pct|4,L_relative_error,0.099102715100000002,9.9102715099999994,percent,100 * raw_value,all 50; E3 five-node graph; noise_fraction==0.001,77,77,NA,NA,NA,NA,NA,NA,NA,NA,NA,NA,NA,NA,NA,NA,NA,NA,NA,NA,NA,NA,shunt_bias_plus_5pct,1,0.050000000000000003,1,NA,0
4,d,raw,results/k9_intervention_imperfections.csv,41836e7d1012e5958461e59ae64bd8b18dc9f599b593f006cbaae7e073af54bb,E3,5,NA,NA,4,0.001,NA,NA,77,`gtol` termination condition is satisfied.,True,0.00093217312429999999,5222.043009,NA,NA,NA,1,1,1,19,E3|5|0.001|shunt_bias_plus_5pct|4,C_relative_error,0.33862463450000002,33.86246345,percent,100 * raw_value,all 50; E3 five-node graph; noise_fraction==0.001,77,77,NA,NA,NA,NA,NA,NA,NA,NA,NA,NA,NA,NA,NA,NA,NA,NA,NA,NA,NA,NA,shunt_bias_plus_5pct,1,0.050000000000000003,1,NA,0
4,d,raw,results/k9_intervention_imperfections.csv,41836e7d1012e5958461e59ae64bd8b18dc9f599b593f006cbaae7e073af54bb,E3,5,NA,NA,0,0.001,NA,NA,77,`gtol` termination condition is satisfied.,True,0.00077446829460000005,5233.560289,NA,NA,NA,1,1,1,20,E3|5|0.001|shunt_bias_plus_15pct|0,L_relative_error,0.1231117107,12.31117107,percent,100 * raw_value,all 50; E3 five-node graph; noise_fraction==0.001,77,77,NA,NA,NA,NA,NA,NA,NA,NA,NA,NA,NA,NA,NA,NA,NA,NA,NA,NA,NA,NA,shunt_bias_plus_15pct,1,0.14999999999999999,1,NA,0
4,d,raw,results/k9_intervention_imperfections.csv,41836e7d1012e5958461e59ae64bd8b18dc9f599b593f006cbaae7e073af54bb,E3,5,NA,NA,0,0.001,NA,NA,77,`gtol` termination condition is satisfied.,True,0.00077446829460000005,5233.560289,NA,NA,NA,1,1,1,20,E3|5|0.001|shunt_bias_plus_15pct|0,C_relative_error,0.16786729889999999,16.78672989,percent,100 * raw_value,all 50; E3 five-node graph; noise_fraction==0.001,77,77,NA,NA,NA,NA,NA,NA,NA,NA,NA,NA,NA,NA,NA,NA,NA,NA,NA,NA,NA,NA,shunt_bias_plus_15pct,1,0.14999999999999999,1,NA,0
4,d,raw,results/k9_intervention_imperfections.csv,41836e7d1012e5958461e59ae64bd8b18dc9f599b593f006cbaae7e073af54bb,E3,5,NA,NA,1,0.001,NA,NA,77,`gtol` termination condition is satisfied.,True,0.0009073385324,5214.1717989999997,NA,NA,NA,1,1,1,21,E3|5|0.001|shunt_bias_plus_15pct|1,L_relative_error,0.1181203646,11.81203646,percent,100 * raw_value,all 50; E3 five-node graph; noise_fraction==0.001,77,77,NA,NA,NA,NA,NA,NA,NA,NA,NA,NA,NA,NA,NA,NA,NA,NA,NA,NA,NA,NA,shunt_bias_plus_15pct,1,0.14999999999999999,1,NA,0
4,d,raw,results/k9_intervention_imperfections.csv,41836e7d1012e5958461e59ae64bd8b18dc9f599b593f006cbaae7e073af54bb,E3,5,NA,NA,1,0.001,NA,NA,77,`gtol` termination condition is satisfied.,True,0.0009073385324,5214.1717989999997,NA,NA,NA,1,1,1,21,E3|5|0.001|shunt_bias_plus_15pct|1,C_relative_error,0.19016911319999999,19.016911319999998,percent,100 * raw_value,all 50; E3 five-node graph; noise_fraction==0.001,77,77,NA,NA,NA,NA,NA,NA,NA,NA,NA,NA,NA,NA,NA,NA,NA,NA,NA,NA,NA,NA,shunt_bias_plus_15pct,1,0.14999999999999999,1,NA,0
4,d,raw,results/k9_intervention_imperfections.csv,41836e7d1012e5958461e59ae64bd8b18dc9f599b593f006cbaae7e073af54bb,E3,5,NA,NA,2,0.001,NA,NA,77,`gtol` termination condition is satisfied.,True,0.00097539218739999998,5299.777325,NA,NA,NA,1,1,1,22,E3|5|0.001|shunt_bias_plus_15pct|2,L_relative_error,0.1225107594,12.25107594,percent,100 * raw_value,all 50; E3 five-node graph; noise_fraction==0.001,77,77,NA,NA,NA,NA,NA,NA,NA,NA,NA,NA,NA,NA,NA,NA,NA,NA,NA,NA,NA,NA,shunt_bias_plus_15pct,1,0.14999999999999999,1,NA,0
4,d,raw,results/k9_intervention_imperfections.csv,41836e7d1012e5958461e59ae64bd8b18dc9f599b593f006cbaae7e073af54bb,E3,5,NA,NA,2,0.001,NA,NA,77,`gtol` termination condition is satisfied.,True,0.00097539218739999998,5299.777325,NA,NA,NA,1,1,1,22,E3|5|0.001|shunt_bias_plus_15pct|2,C_relative_error,0.19127591129999999,19.127591129999999,percent,100 * raw_value,all 50; E3 five-node graph; noise_fraction==0.001,77,77,NA,NA,NA,NA,NA,NA,NA,NA,NA,NA,NA,NA,NA,NA,NA,NA,NA,NA,NA,NA,shunt_bias_plus_15pct,1,0.14999999999999999,1,NA,0
4,d,raw,results/k9_intervention_imperfections.csv,41836e7d1012e5958461e59ae64bd8b18dc9f599b593f006cbaae7e073af54bb,E3,5,NA,NA,3,0.001,NA,NA,77,`gtol` termination condition is satisfied.,True,0.00090176009309999997,5169.6643340000001,NA,NA,NA,1,1,1,23,E3|5|0.001|shunt_bias_plus_15pct|3,L_relative_error,0.1282908458,12.82908458,percent,100 * raw_value,all 50; E3 five-node graph; noise_fraction==0.001,77,77,NA,NA,NA,NA,NA,NA,NA,NA,NA,NA,NA,NA,NA,NA,NA,NA,NA,NA,NA,NA,shunt_bias_plus_15pct,1,0.14999999999999999,1,NA,0
4,d,raw,results/k9_intervention_imperfections.csv,41836e7d1012e5958461e59ae64bd8b18dc9f599b593f006cbaae7e073af54bb,E3,5,NA,NA,3,0.001,NA,NA,77,`gtol` termination condition is satisfied.,True,0.00090176009309999997,5169.6643340000001,NA,NA,NA,1,1,1,23,E3|5|0.001|shunt_bias_plus_15pct|3,C_relative_error,0.1824461825,18.244618249999998,percent,100 * raw_value,all 50; E3 five-node graph; noise_fraction==0.001,77,77,NA,NA,NA,NA,NA,NA,NA,NA,NA,NA,NA,NA,NA,NA,NA,NA,NA,NA,NA,NA,shunt_bias_plus_15pct,1,0.14999999999999999,1,NA,0
4,d,raw,results/k9_intervention_imperfections.csv,41836e7d1012e5958461e59ae64bd8b18dc9f599b593f006cbaae7e073af54bb,E3,5,NA,NA,4,0.001,NA,NA,77,`gtol` termination condition is satisfied.,True,0.0010022734450000001,4253.9803680000005,NA,NA,NA,0.83333333330000003,1,0.90909090910000001,24,E3|5|0.001|shunt_bias_plus_15pct|4,L_relative_error,0.19655575580000001,19.655575580000001,percent,100 * raw_value,all 50; E3 five-node graph; noise_fraction==0.001,77,77,NA,NA,NA,NA,NA,NA,NA,NA,NA,NA,NA,NA,NA,NA,NA,NA,NA,NA,NA,NA,shunt_bias_plus_15pct,1,0.14999999999999999,1,NA,0
4,d,raw,results/k9_intervention_imperfections.csv,41836e7d1012e5958461e59ae64bd8b18dc9f599b593f006cbaae7e073af54bb,E3,5,NA,NA,4,0.001,NA,NA,77,`gtol` termination condition is satisfied.,True,0.0010022734450000001,4253.9803680000005,NA,NA,NA,0.83333333330000003,1,0.90909090910000001,24,E3|5|0.001|shunt_bias_plus_15pct|4,C_relative_error,0.31304852709999997,31.304852709999999,percent,100 * raw_value,all 50; E3 five-node graph; noise_fraction==0.001,77,77,NA,NA,NA,NA,NA,NA,NA,NA,NA,NA,NA,NA,NA,NA,NA,NA,NA,NA,NA,NA,shunt_bias_plus_15pct,1,0.14999999999999999,1,NA,0
4,d,raw,results/k9_intervention_imperfections.csv,41836e7d1012e5958461e59ae64bd8b18dc9f599b593f006cbaae7e073af54bb,E3,5,NA,NA,0,0.001,NA,NA,77,`ftol` termination condition is satisfied.,True,0.0010794173680000001,5302.168721,NA,NA,NA,1,1,1,25,E3|5|0.001|finite_clamp_50x_median_diagonal|0,L_relative_error,0.026770260680000001,2.677026068,percent,100 * raw_value,all 50; E3 five-node graph; noise_fraction==0.001,77,77,NA,NA,NA,NA,NA,NA,NA,NA,NA,NA,NA,NA,NA,NA,NA,NA,NA,NA,NA,NA,finite_clamp_50x_median_diagonal,1,0,1,574.53667069999995,0
4,d,raw,results/k9_intervention_imperfections.csv,41836e7d1012e5958461e59ae64bd8b18dc9f599b593f006cbaae7e073af54bb,E3,5,NA,NA,0,0.001,NA,NA,77,`ftol` termination condition is satisfied.,True,0.0010794173680000001,5302.168721,NA,NA,NA,1,1,1,25,E3|5|0.001|finite_clamp_50x_median_diagonal|0,C_relative_error,0.129680662,12.968066200000001,percent,100 * raw_value,all 50; E3 five-node graph; noise_fraction==0.001,77,77,NA,NA,NA,NA,NA,NA,NA,NA,NA,NA,NA,NA,NA,NA,NA,NA,NA,NA,NA,NA,finite_clamp_50x_median_diagonal,1,0,1,574.53667069999995,0
4,d,raw,results/k9_intervention_imperfections.csv,41836e7d1012e5958461e59ae64bd8b18dc9f599b593f006cbaae7e073af54bb,E3,5,NA,NA,1,0.001,NA,NA,77,`ftol` termination condition is satisfied.,True,0.0013865789800000001,4926.0674710000003,NA,NA,NA,1,1,1,26,E3|5|0.001|finite_clamp_50x_median_diagonal|1,L_relative_error,0.058588912319999999,5.8588912319999995,percent,100 * raw_value,all 50; E3 five-node graph; noise_fraction==0.001,77,77,NA,NA,NA,NA,NA,NA,NA,NA,NA,NA,NA,NA,NA,NA,NA,NA,NA,NA,NA,NA,finite_clamp_50x_median_diagonal,1,0,1,574.53667069999995,0
4,d,raw,results/k9_intervention_imperfections.csv,41836e7d1012e5958461e59ae64bd8b18dc9f599b593f006cbaae7e073af54bb,E3,5,NA,NA,1,0.001,NA,NA,77,`ftol` termination condition is satisfied.,True,0.0013865789800000001,4926.0674710000003,NA,NA,NA,1,1,1,26,E3|5|0.001|finite_clamp_50x_median_diagonal|1,C_relative_error,0.075862882310000004,7.5862882310000002,percent,100 * raw_value,all 50; E3 five-node graph; noise_fraction==0.001,77,77,NA,NA,NA,NA,NA,NA,NA,NA,NA,NA,NA,NA,NA,NA,NA,NA,NA,NA,NA,NA,finite_clamp_50x_median_diagonal,1,0,1,574.53667069999995,0
4,d,raw,results/k9_intervention_imperfections.csv,41836e7d1012e5958461e59ae64bd8b18dc9f599b593f006cbaae7e073af54bb,E3,5,NA,NA,2,0.001,NA,NA,77,`ftol` termination condition is satisfied.,True,0.0012648337649999999,5246.096501,NA,NA,NA,1,1,1,27,E3|5|0.001|finite_clamp_50x_median_diagonal|2,L_relative_error,0.055107393300000002,5.5107393299999998,percent,100 * raw_value,all 50; E3 five-node graph; noise_fraction==0.001,77,77,NA,NA,NA,NA,NA,NA,NA,NA,NA,NA,NA,NA,NA,NA,NA,NA,NA,NA,NA,NA,finite_clamp_50x_median_diagonal,1,0,1,574.53667069999995,0
4,d,raw,results/k9_intervention_imperfections.csv,41836e7d1012e5958461e59ae64bd8b18dc9f599b593f006cbaae7e073af54bb,E3,5,NA,NA,2,0.001,NA,NA,77,`ftol` termination condition is satisfied.,True,0.0012648337649999999,5246.096501,NA,NA,NA,1,1,1,27,E3|5|0.001|finite_clamp_50x_median_diagonal|2,C_relative_error,0.034722835399999999,3.4722835399999998,percent,100 * raw_value,all 50; E3 five-node graph; noise_fraction==0.001,77,77,NA,NA,NA,NA,NA,NA,NA,NA,NA,NA,NA,NA,NA,NA,NA,NA,NA,NA,NA,NA,finite_clamp_50x_median_diagonal,1,0,1,574.53667069999995,0
4,d,raw,results/k9_intervention_imperfections.csv,41836e7d1012e5958461e59ae64bd8b18dc9f599b593f006cbaae7e073af54bb,E3,5,NA,NA,3,0.001,NA,NA,77,`gtol` termination condition is satisfied.,True,0.0013788223029999999,5341.8117039999997,NA,NA,NA,1,1,1,28,E3|5|0.001|finite_clamp_50x_median_diagonal|3,L_relative_error,0.024712423479999999,2.4712423480000001,percent,100 * raw_value,all 50; E3 five-node graph; noise_fraction==0.001,77,77,NA,NA,NA,NA,NA,NA,NA,NA,NA,NA,NA,NA,NA,NA,NA,NA,NA,NA,NA,NA,finite_clamp_50x_median_diagonal,1,0,1,574.53667069999995,0
4,d,raw,results/k9_intervention_imperfections.csv,41836e7d1012e5958461e59ae64bd8b18dc9f599b593f006cbaae7e073af54bb,E3,5,NA,NA,3,0.001,NA,NA,77,`gtol` termination condition is satisfied.,True,0.0013788223029999999,5341.8117039999997,NA,NA,NA,1,1,1,28,E3|5|0.001|finite_clamp_50x_median_diagonal|3,C_relative_error,0.018450641449999999,1.8450641449999998,percent,100 * raw_value,all 50; E3 five-node graph; noise_fraction==0.001,77,77,NA,NA,NA,NA,NA,NA,NA,NA,NA,NA,NA,NA,NA,NA,NA,NA,NA,NA,NA,NA,finite_clamp_50x_median_diagonal,1,0,1,574.53667069999995,0
4,d,raw,results/k9_intervention_imperfections.csv,41836e7d1012e5958461e59ae64bd8b18dc9f599b593f006cbaae7e073af54bb,E3,5,NA,NA,4,0.001,NA,NA,77,`gtol` termination condition is satisfied.,True,0.0013838871670000001,5072.8378210000001,NA,NA,NA,1,1,1,29,E3|5|0.001|finite_clamp_50x_median_diagonal|4,L_relative_error,0.048090537250000003,4.8090537250000001,percent,100 * raw_value,all 50; E3 five-node graph; noise_fraction==0.001,77,77,NA,NA,NA,NA,NA,NA,NA,NA,NA,NA,NA,NA,NA,NA,NA,NA,NA,NA,NA,NA,finite_clamp_50x_median_diagonal,1,0,1,574.53667069999995,0
4,d,raw,results/k9_intervention_imperfections.csv,41836e7d1012e5958461e59ae64bd8b18dc9f599b593f006cbaae7e073af54bb,E3,5,NA,NA,4,0.001,NA,NA,77,`gtol` termination condition is satisfied.,True,0.0013838871670000001,5072.8378210000001,NA,NA,NA,1,1,1,29,E3|5|0.001|finite_clamp_50x_median_diagonal|4,C_relative_error,0.045371950610000003,4.5371950610000003,percent,100 * raw_value,all 50; E3 five-node graph; noise_fraction==0.001,77,77,NA,NA,NA,NA,NA,NA,NA,NA,NA,NA,NA,NA,NA,NA,NA,NA,NA,NA,NA,NA,finite_clamp_50x_median_diagonal,1,0,1,574.53667069999995,0
4,d,raw,results/k9_intervention_imperfections.csv,41836e7d1012e5958461e59ae64bd8b18dc9f599b593f006cbaae7e073af54bb,E3,5,NA,NA,0,0.001,NA,NA,77,`gtol` termination condition is satisfied.,True,0.000829078684,5349.3032800000001,NA,NA,NA,1,1,1,30,E3|5|0.001|quantization_0p1pct_baseline|0,L_relative_error,0.055685138760000003,5.5685138759999999,percent,100 * raw_value,all 50; E3 five-node graph; noise_fraction==0.001,77,77,NA,NA,NA,NA,NA,NA,NA,NA,NA,NA,NA,NA,NA,NA,NA,NA,NA,NA,NA,NA,quantization_0p1pct_baseline,1,0,1,NA,0.001
4,d,raw,results/k9_intervention_imperfections.csv,41836e7d1012e5958461e59ae64bd8b18dc9f599b593f006cbaae7e073af54bb,E3,5,NA,NA,0,0.001,NA,NA,77,`gtol` termination condition is satisfied.,True,0.000829078684,5349.3032800000001,NA,NA,NA,1,1,1,30,E3|5|0.001|quantization_0p1pct_baseline|0,C_relative_error,0.26870110819999998,26.870110819999997,percent,100 * raw_value,all 50; E3 five-node graph; noise_fraction==0.001,77,77,NA,NA,NA,NA,NA,NA,NA,NA,NA,NA,NA,NA,NA,NA,NA,NA,NA,NA,NA,NA,quantization_0p1pct_baseline,1,0,1,NA,0.001
4,d,raw,results/k9_intervention_imperfections.csv,41836e7d1012e5958461e59ae64bd8b18dc9f599b593f006cbaae7e073af54bb,E3,5,NA,NA,1,0.001,NA,NA,77,`gtol` termination condition is satisfied.,True,0.001038846365,5374.8672980000001,NA,NA,NA,1,1,1,31,E3|5|0.001|quantization_0p1pct_baseline|1,L_relative_error,0.021059380409999998,2.1059380409999999,percent,100 * raw_value,all 50; E3 five-node graph; noise_fraction==0.001,77,77,NA,NA,NA,NA,NA,NA,NA,NA,NA,NA,NA,NA,NA,NA,NA,NA,NA,NA,NA,NA,quantization_0p1pct_baseline,1,0,1,NA,0.001
4,d,raw,results/k9_intervention_imperfections.csv,41836e7d1012e5958461e59ae64bd8b18dc9f599b593f006cbaae7e073af54bb,E3,5,NA,NA,1,0.001,NA,NA,77,`gtol` termination condition is satisfied.,True,0.001038846365,5374.8672980000001,NA,NA,NA,1,1,1,31,E3|5|0.001|quantization_0p1pct_baseline|1,C_relative_error,0.2317757735,23.17757735,percent,100 * raw_value,all 50; E3 five-node graph; noise_fraction==0.001,77,77,NA,NA,NA,NA,NA,NA,NA,NA,NA,NA,NA,NA,NA,NA,NA,NA,NA,NA,NA,NA,quantization_0p1pct_baseline,1,0,1,NA,0.001
4,d,raw,results/k9_intervention_imperfections.csv,41836e7d1012e5958461e59ae64bd8b18dc9f599b593f006cbaae7e073af54bb,E3,5,NA,NA,2,0.001,NA,NA,77,`gtol` termination condition is satisfied.,True,0.001236339644,4825.0668169999999,NA,NA,NA,1,1,1,32,E3|5|0.001|quantization_0p1pct_baseline|2,L_relative_error,0.062396444799999999,6.2396444799999999,percent,100 * raw_value,all 50; E3 five-node graph; noise_fraction==0.001,77,77,NA,NA,NA,NA,NA,NA,NA,NA,NA,NA,NA,NA,NA,NA,NA,NA,NA,NA,NA,NA,quantization_0p1pct_baseline,1,0,1,NA,0.001
4,d,raw,results/k9_intervention_imperfections.csv,41836e7d1012e5958461e59ae64bd8b18dc9f599b593f006cbaae7e073af54bb,E3,5,NA,NA,2,0.001,NA,NA,77,`gtol` termination condition is satisfied.,True,0.001236339644,4825.0668169999999,NA,NA,NA,1,1,1,32,E3|5|0.001|quantization_0p1pct_baseline|2,C_relative_error,0.17215237359999999,17.21523736,percent,100 * raw_value,all 50; E3 five-node graph; noise_fraction==0.001,77,77,NA,NA,NA,NA,NA,NA,NA,NA,NA,NA,NA,NA,NA,NA,NA,NA,NA,NA,NA,NA,quantization_0p1pct_baseline,1,0,1,NA,0.001
4,d,raw,results/k9_intervention_imperfections.csv,41836e7d1012e5958461e59ae64bd8b18dc9f599b593f006cbaae7e073af54bb,E3,5,NA,NA,3,0.001,NA,NA,77,`gtol` termination condition is satisfied.,True,0.00099309701069999999,5105.40733,NA,NA,NA,1,1,1,33,E3|5|0.001|quantization_0p1pct_baseline|3,L_relative_error,0.048098751109999997,4.8098751109999993,percent,100 * raw_value,all 50; E3 five-node graph; noise_fraction==0.001,77,77,NA,NA,NA,NA,NA,NA,NA,NA,NA,NA,NA,NA,NA,NA,NA,NA,NA,NA,NA,NA,quantization_0p1pct_baseline,1,0,1,NA,0.001
4,d,raw,results/k9_intervention_imperfections.csv,41836e7d1012e5958461e59ae64bd8b18dc9f599b593f006cbaae7e073af54bb,E3,5,NA,NA,3,0.001,NA,NA,77,`gtol` termination condition is satisfied.,True,0.00099309701069999999,5105.40733,NA,NA,NA,1,1,1,33,E3|5|0.001|quantization_0p1pct_baseline|3,C_relative_error,0.087972904729999996,8.7972904730000003,percent,100 * raw_value,all 50; E3 five-node graph; noise_fraction==0.001,77,77,NA,NA,NA,NA,NA,NA,NA,NA,NA,NA,NA,NA,NA,NA,NA,NA,NA,NA,NA,NA,quantization_0p1pct_baseline,1,0,1,NA,0.001
4,d,raw,results/k9_intervention_imperfections.csv,41836e7d1012e5958461e59ae64bd8b18dc9f599b593f006cbaae7e073af54bb,E3,5,NA,NA,4,0.001,NA,NA,77,`gtol` termination condition is satisfied.,True,0.0010279184089999999,5486.9493409999995,NA,NA,NA,1,1,1,34,E3|5|0.001|quantization_0p1pct_baseline|4,L_relative_error,0.046024860049999998,4.6024860049999994,percent,100 * raw_value,all 50; E3 five-node graph; noise_fraction==0.001,77,77,NA,NA,NA,NA,NA,NA,NA,NA,NA,NA,NA,NA,NA,NA,NA,NA,NA,NA,NA,NA,quantization_0p1pct_baseline,1,0,1,NA,0.001
4,d,raw,results/k9_intervention_imperfections.csv,41836e7d1012e5958461e59ae64bd8b18dc9f599b593f006cbaae7e073af54bb,E3,5,NA,NA,4,0.001,NA,NA,77,`gtol` termination condition is satisfied.,True,0.0010279184089999999,5486.9493409999995,NA,NA,NA,1,1,1,34,E3|5|0.001|quantization_0p1pct_baseline|4,C_relative_error,0.13154944469999999,13.154944469999998,percent,100 * raw_value,all 50; E3 five-node graph; noise_fraction==0.001,77,77,NA,NA,NA,NA,NA,NA,NA,NA,NA,NA,NA,NA,NA,NA,NA,NA,NA,NA,NA,NA,quantization_0p1pct_baseline,1,0,1,NA,0.001
4,d,raw,results/k9_intervention_imperfections.csv,41836e7d1012e5958461e59ae64bd8b18dc9f599b593f006cbaae7e073af54bb,E3,5,NA,NA,0,0.001,NA,NA,77,`gtol` termination condition is satisfied.,True,0.001078211413,4623.7702589999999,NA,NA,NA,0.83333333330000003,1,0.90909090910000001,35,E3|5|0.001|quantization_0p5pct_baseline|0,L_relative_error,0.077017593740000001,7.7017593739999999,percent,100 * raw_value,all 50; E3 five-node graph; noise_fraction==0.001,77,77,NA,NA,NA,NA,NA,NA,NA,NA,NA,NA,NA,NA,NA,NA,NA,NA,NA,NA,NA,NA,quantization_0p5pct_baseline,1,0,1,NA,0.0050000000000000001
4,d,raw,results/k9_intervention_imperfections.csv,41836e7d1012e5958461e59ae64bd8b18dc9f599b593f006cbaae7e073af54bb,E3,5,NA,NA,0,0.001,NA,NA,77,`gtol` termination condition is satisfied.,True,0.001078211413,4623.7702589999999,NA,NA,NA,0.83333333330000003,1,0.90909090910000001,35,E3|5|0.001|quantization_0p5pct_baseline|0,C_relative_error,0.18375705880000001,18.375705880000002,percent,100 * raw_value,all 50; E3 five-node graph; noise_fraction==0.001,77,77,NA,NA,NA,NA,NA,NA,NA,NA,NA,NA,NA,NA,NA,NA,NA,NA,NA,NA,NA,NA,quantization_0p5pct_baseline,1,0,1,NA,0.0050000000000000001
4,d,raw,results/k9_intervention_imperfections.csv,41836e7d1012e5958461e59ae64bd8b18dc9f599b593f006cbaae7e073af54bb,E3,5,NA,NA,1,0.001,NA,NA,77,`ftol` termination condition is satisfied.,True,0.001304621534,5345.957308,NA,NA,NA,1,1,1,36,E3|5|0.001|quantization_0p5pct_baseline|1,L_relative_error,0.046805256220000001,4.6805256220000002,percent,100 * raw_value,all 50; E3 five-node graph; noise_fraction==0.001,77,77,NA,NA,NA,NA,NA,NA,NA,NA,NA,NA,NA,NA,NA,NA,NA,NA,NA,NA,NA,NA,quantization_0p5pct_baseline,1,0,1,NA,0.0050000000000000001
4,d,raw,results/k9_intervention_imperfections.csv,41836e7d1012e5958461e59ae64bd8b18dc9f599b593f006cbaae7e073af54bb,E3,5,NA,NA,1,0.001,NA,NA,77,`ftol` termination condition is satisfied.,True,0.001304621534,5345.957308,NA,NA,NA,1,1,1,36,E3|5|0.001|quantization_0p5pct_baseline|1,C_relative_error,0.039638334189999999,3.9638334189999997,percent,100 * raw_value,all 50; E3 five-node graph; noise_fraction==0.001,77,77,NA,NA,NA,NA,NA,NA,NA,NA,NA,NA,NA,NA,NA,NA,NA,NA,NA,NA,NA,NA,quantization_0p5pct_baseline,1,0,1,NA,0.0050000000000000001
4,d,raw,results/k9_intervention_imperfections.csv,41836e7d1012e5958461e59ae64bd8b18dc9f599b593f006cbaae7e073af54bb,E3,5,NA,NA,2,0.001,NA,NA,77,`gtol` termination condition is satisfied.,True,0.001226211937,5015.6662550000001,NA,NA,NA,1,1,1,37,E3|5|0.001|quantization_0p5pct_baseline|2,L_relative_error,0.043761133569999999,4.3761133569999995,percent,100 * raw_value,all 50; E3 five-node graph; noise_fraction==0.001,77,77,NA,NA,NA,NA,NA,NA,NA,NA,NA,NA,NA,NA,NA,NA,NA,NA,NA,NA,NA,NA,quantization_0p5pct_baseline,1,0,1,NA,0.0050000000000000001
4,d,raw,results/k9_intervention_imperfections.csv,41836e7d1012e5958461e59ae64bd8b18dc9f599b593f006cbaae7e073af54bb,E3,5,NA,NA,2,0.001,NA,NA,77,`gtol` termination condition is satisfied.,True,0.001226211937,5015.6662550000001,NA,NA,NA,1,1,1,37,E3|5|0.001|quantization_0p5pct_baseline|2,C_relative_error,0.11888534069999999,11.888534069999999,percent,100 * raw_value,all 50; E3 five-node graph; noise_fraction==0.001,77,77,NA,NA,NA,NA,NA,NA,NA,NA,NA,NA,NA,NA,NA,NA,NA,NA,NA,NA,NA,NA,quantization_0p5pct_baseline,1,0,1,NA,0.0050000000000000001
4,d,raw,results/k9_intervention_imperfections.csv,41836e7d1012e5958461e59ae64bd8b18dc9f599b593f006cbaae7e073af54bb,E3,5,NA,NA,3,0.001,NA,NA,77,`gtol` termination condition is satisfied.,True,0.001030927175,6036.175913,NA,NA,NA,1,1,1,38,E3|5|0.001|quantization_0p5pct_baseline|3,L_relative_error,0.095885925469999994,9.5885925469999993,percent,100 * raw_value,all 50; E3 five-node graph; noise_fraction==0.001,77,77,NA,NA,NA,NA,NA,NA,NA,NA,NA,NA,NA,NA,NA,NA,NA,NA,NA,NA,NA,NA,quantization_0p5pct_baseline,1,0,1,NA,0.0050000000000000001
4,d,raw,results/k9_intervention_imperfections.csv,41836e7d1012e5958461e59ae64bd8b18dc9f599b593f006cbaae7e073af54bb,E3,5,NA,NA,3,0.001,NA,NA,77,`gtol` termination condition is satisfied.,True,0.001030927175,6036.175913,NA,NA,NA,1,1,1,38,E3|5|0.001|quantization_0p5pct_baseline|3,C_relative_error,0.085344791449999999,8.5344791450000006,percent,100 * raw_value,all 50; E3 five-node graph; noise_fraction==0.001,77,77,NA,NA,NA,NA,NA,NA,NA,NA,NA,NA,NA,NA,NA,NA,NA,NA,NA,NA,NA,NA,quantization_0p5pct_baseline,1,0,1,NA,0.0050000000000000001
4,d,raw,results/k9_intervention_imperfections.csv,41836e7d1012e5958461e59ae64bd8b18dc9f599b593f006cbaae7e073af54bb,E3,5,NA,NA,4,0.001,NA,NA,77,`gtol` termination condition is satisfied.,True,0.001162723116,5472.8359309999996,NA,NA,NA,1,1,1,39,E3|5|0.001|quantization_0p5pct_baseline|4,L_relative_error,0.014391884129999999,1.4391884129999999,percent,100 * raw_value,all 50; E3 five-node graph; noise_fraction==0.001,77,77,NA,NA,NA,NA,NA,NA,NA,NA,NA,NA,NA,NA,NA,NA,NA,NA,NA,NA,NA,NA,quantization_0p5pct_baseline,1,0,1,NA,0.0050000000000000001
4,d,raw,results/k9_intervention_imperfections.csv,41836e7d1012e5958461e59ae64bd8b18dc9f599b593f006cbaae7e073af54bb,E3,5,NA,NA,4,0.001,NA,NA,77,`gtol` termination condition is satisfied.,True,0.001162723116,5472.8359309999996,NA,NA,NA,1,1,1,39,E3|5|0.001|quantization_0p5pct_baseline|4,C_relative_error,0.1415895314,14.158953139999999,percent,100 * raw_value,all 50; E3 five-node graph; noise_fraction==0.001,77,77,NA,NA,NA,NA,NA,NA,NA,NA,NA,NA,NA,NA,NA,NA,NA,NA,NA,NA,NA,NA,quantization_0p5pct_baseline,1,0,1,NA,0.0050000000000000001
4,d,raw,results/k9_intervention_imperfections.csv,41836e7d1012e5958461e59ae64bd8b18dc9f599b593f006cbaae7e073af54bb,E3,5,NA,NA,0,0.001,NA,NA,77,`gtol` termination condition is satisfied.,True,0.00094526209429999998,5026.8497900000002,NA,NA,NA,1,1,1,40,E3|5|0.001|root_gain_plus_5pct|0,L_relative_error,0.061214399699999998,6.12143997,percent,100 * raw_value,all 50; E3 five-node graph; noise_fraction==0.001,77,77,NA,NA,NA,NA,NA,NA,NA,NA,NA,NA,NA,NA,NA,NA,NA,NA,NA,NA,NA,NA,root_gain_plus_5pct,1,0,1.05,NA,0
4,d,raw,results/k9_intervention_imperfections.csv,41836e7d1012e5958461e59ae64bd8b18dc9f599b593f006cbaae7e073af54bb,E3,5,NA,NA,0,0.001,NA,NA,77,`gtol` termination condition is satisfied.,True,0.00094526209429999998,5026.8497900000002,NA,NA,NA,1,1,1,40,E3|5|0.001|root_gain_plus_5pct|0,C_relative_error,0.27063377039999997,27.063377039999999,percent,100 * raw_value,all 50; E3 five-node graph; noise_fraction==0.001,77,77,NA,NA,NA,NA,NA,NA,NA,NA,NA,NA,NA,NA,NA,NA,NA,NA,NA,NA,NA,NA,root_gain_plus_5pct,1,0,1.05,NA,0
4,d,raw,results/k9_intervention_imperfections.csv,41836e7d1012e5958461e59ae64bd8b18dc9f599b593f006cbaae7e073af54bb,E3,5,NA,NA,1,0.001,NA,NA,77,`gtol` termination condition is satisfied.,True,0.00095380714210000004,5112.9400679999999,NA,NA,NA,1,1,1,41,E3|5|0.001|root_gain_plus_5pct|1,L_relative_error,0.046971850539999999,4.6971850540000002,percent,100 * raw_value,all 50; E3 five-node graph; noise_fraction==0.001,77,77,NA,NA,NA,NA,NA,NA,NA,NA,NA,NA,NA,NA,NA,NA,NA,NA,NA,NA,NA,NA,root_gain_plus_5pct,1,0,1.05,NA,0
4,d,raw,results/k9_intervention_imperfections.csv,41836e7d1012e5958461e59ae64bd8b18dc9f599b593f006cbaae7e073af54bb,E3,5,NA,NA,1,0.001,NA,NA,77,`gtol` termination condition is satisfied.,True,0.00095380714210000004,5112.9400679999999,NA,NA,NA,1,1,1,41,E3|5|0.001|root_gain_plus_5pct|1,C_relative_error,0.1647877998,16.478779979999999,percent,100 * raw_value,all 50; E3 five-node graph; noise_fraction==0.001,77,77,NA,NA,NA,NA,NA,NA,NA,NA,NA,NA,NA,NA,NA,NA,NA,NA,NA,NA,NA,NA,root_gain_plus_5pct,1,0,1.05,NA,0
4,d,raw,results/k9_intervention_imperfections.csv,41836e7d1012e5958461e59ae64bd8b18dc9f599b593f006cbaae7e073af54bb,E3,5,NA,NA,2,0.001,NA,NA,77,`gtol` termination condition is satisfied.,True,0.0008158670489,4814.9709359999997,NA,NA,NA,0.83333333330000003,1,0.90909090910000001,42,E3|5|0.001|root_gain_plus_5pct|2,L_relative_error,0.069657427899999999,6.9657427900000002,percent,100 * raw_value,all 50; E3 five-node graph; noise_fraction==0.001,77,77,NA,NA,NA,NA,NA,NA,NA,NA,NA,NA,NA,NA,NA,NA,NA,NA,NA,NA,NA,NA,root_gain_plus_5pct,1,0,1.05,NA,0
4,d,raw,results/k9_intervention_imperfections.csv,41836e7d1012e5958461e59ae64bd8b18dc9f599b593f006cbaae7e073af54bb,E3,5,NA,NA,2,0.001,NA,NA,77,`gtol` termination condition is satisfied.,True,0.0008158670489,4814.9709359999997,NA,NA,NA,0.83333333330000003,1,0.90909090910000001,42,E3|5|0.001|root_gain_plus_5pct|2,C_relative_error,0.24354481319999999,24.354481319999998,percent,100 * raw_value,all 50; E3 five-node graph; noise_fraction==0.001,77,77,NA,NA,NA,NA,NA,NA,NA,NA,NA,NA,NA,NA,NA,NA,NA,NA,NA,NA,NA,NA,root_gain_plus_5pct,1,0,1.05,NA,0
4,d,raw,results/k9_intervention_imperfections.csv,41836e7d1012e5958461e59ae64bd8b18dc9f599b593f006cbaae7e073af54bb,E3,5,NA,NA,3,0.001,NA,NA,77,`gtol` termination condition is satisfied.,True,0.00086341904649999996,5231.6309010000004,NA,NA,NA,1,1,1,43,E3|5|0.001|root_gain_plus_5pct|3,L_relative_error,0.03726112308,3.7261123079999998,percent,100 * raw_value,all 50; E3 five-node graph; noise_fraction==0.001,77,77,NA,NA,NA,NA,NA,NA,NA,NA,NA,NA,NA,NA,NA,NA,NA,NA,NA,NA,NA,NA,root_gain_plus_5pct,1,0,1.05,NA,0
4,d,raw,results/k9_intervention_imperfections.csv,41836e7d1012e5958461e59ae64bd8b18dc9f599b593f006cbaae7e073af54bb,E3,5,NA,NA,3,0.001,NA,NA,77,`gtol` termination condition is satisfied.,True,0.00086341904649999996,5231.6309010000004,NA,NA,NA,1,1,1,43,E3|5|0.001|root_gain_plus_5pct|3,C_relative_error,0.054838048989999999,5.4838048989999999,percent,100 * raw_value,all 50; E3 five-node graph; noise_fraction==0.001,77,77,NA,NA,NA,NA,NA,NA,NA,NA,NA,NA,NA,NA,NA,NA,NA,NA,NA,NA,NA,NA,root_gain_plus_5pct,1,0,1.05,NA,0
4,d,raw,results/k9_intervention_imperfections.csv,41836e7d1012e5958461e59ae64bd8b18dc9f599b593f006cbaae7e073af54bb,E3,5,NA,NA,4,0.001,NA,NA,77,`gtol` termination condition is satisfied.,True,0.00089344530389999998,5410.8314799999998,NA,NA,NA,1,1,1,44,E3|5|0.001|root_gain_plus_5pct|4,L_relative_error,0.041195692489999998,4.1195692489999995,percent,100 * raw_value,all 50; E3 five-node graph; noise_fraction==0.001,77,77,NA,NA,NA,NA,NA,NA,NA,NA,NA,NA,NA,NA,NA,NA,NA,NA,NA,NA,NA,NA,root_gain_plus_5pct,1,0,1.05,NA,0
4,d,raw,results/k9_intervention_imperfections.csv,41836e7d1012e5958461e59ae64bd8b18dc9f599b593f006cbaae7e073af54bb,E3,5,NA,NA,4,0.001,NA,NA,77,`gtol` termination condition is satisfied.,True,0.00089344530389999998,5410.8314799999998,NA,NA,NA,1,1,1,44,E3|5|0.001|root_gain_plus_5pct|4,C_relative_error,0.3190204338,31.902043380000002,percent,100 * raw_value,all 50; E3 five-node graph; noise_fraction==0.001,77,77,NA,NA,NA,NA,NA,NA,NA,NA,NA,NA,NA,NA,NA,NA,NA,NA,NA,NA,NA,NA,root_gain_plus_5pct,1,0,1.05,NA,0
4,d,raw,results/k9_intervention_imperfections.csv,41836e7d1012e5958461e59ae64bd8b18dc9f599b593f006cbaae7e073af54bb,E3,5,NA,NA,0,0.001,NA,NA,231,`gtol` termination condition is satisfied.,True,0.00097723339300000004,5659.5547660000002,NA,NA,NA,1,1,1,45,E3|5|0.001|repeated_all_queries_x3|0,L_relative_error,0.020562637920000001,2.0562637920000002,percent,100 * raw_value,all 50; E3 five-node graph; noise_fraction==0.001,231,231,NA,NA,NA,NA,NA,NA,NA,NA,NA,NA,NA,NA,NA,NA,NA,NA,NA,NA,NA,NA,repeated_all_queries_x3,3,0,1,NA,0
4,d,raw,results/k9_intervention_imperfections.csv,41836e7d1012e5958461e59ae64bd8b18dc9f599b593f006cbaae7e073af54bb,E3,5,NA,NA,0,0.001,NA,NA,231,`gtol` termination condition is satisfied.,True,0.00097723339300000004,5659.5547660000002,NA,NA,NA,1,1,1,45,E3|5|0.001|repeated_all_queries_x3|0,C_relative_error,0.1236307807,12.36307807,percent,100 * raw_value,all 50; E3 five-node graph; noise_fraction==0.001,231,231,NA,NA,NA,NA,NA,NA,NA,NA,NA,NA,NA,NA,NA,NA,NA,NA,NA,NA,NA,NA,repeated_all_queries_x3,3,0,1,NA,0
4,d,raw,results/k9_intervention_imperfections.csv,41836e7d1012e5958461e59ae64bd8b18dc9f599b593f006cbaae7e073af54bb,E3,5,NA,NA,1,0.001,NA,NA,231,`gtol` termination condition is satisfied.,True,0.0009794410803000001,5636.9800429999996,NA,NA,NA,1,1,1,46,E3|5|0.001|repeated_all_queries_x3|1,L_relative_error,0.01337999581,1.337999581,percent,100 * raw_value,all 50; E3 five-node graph; noise_fraction==0.001,231,231,NA,NA,NA,NA,NA,NA,NA,NA,NA,NA,NA,NA,NA,NA,NA,NA,NA,NA,NA,NA,repeated_all_queries_x3,3,0,1,NA,0
4,d,raw,results/k9_intervention_imperfections.csv,41836e7d1012e5958461e59ae64bd8b18dc9f599b593f006cbaae7e073af54bb,E3,5,NA,NA,1,0.001,NA,NA,231,`gtol` termination condition is satisfied.,True,0.0009794410803000001,5636.9800429999996,NA,NA,NA,1,1,1,46,E3|5|0.001|repeated_all_queries_x3|1,C_relative_error,0.086323764080000004,8.6323764080000007,percent,100 * raw_value,all 50; E3 five-node graph; noise_fraction==0.001,231,231,NA,NA,NA,NA,NA,NA,NA,NA,NA,NA,NA,NA,NA,NA,NA,NA,NA,NA,NA,NA,repeated_all_queries_x3,3,0,1,NA,0
4,d,raw,results/k9_intervention_imperfections.csv,41836e7d1012e5958461e59ae64bd8b18dc9f599b593f006cbaae7e073af54bb,E3,5,NA,NA,2,0.001,NA,NA,231,`gtol` termination condition is satisfied.,True,0.00089815813719999998,5492.13537,NA,NA,NA,1,1,1,47,E3|5|0.001|repeated_all_queries_x3|2,L_relative_error,0.006616978842,0.66169788419999997,percent,100 * raw_value,all 50; E3 five-node graph; noise_fraction==0.001,231,231,NA,NA,NA,NA,NA,NA,NA,NA,NA,NA,NA,NA,NA,NA,NA,NA,NA,NA,NA,NA,repeated_all_queries_x3,3,0,1,NA,0
4,d,raw,results/k9_intervention_imperfections.csv,41836e7d1012e5958461e59ae64bd8b18dc9f599b593f006cbaae7e073af54bb,E3,5,NA,NA,2,0.001,NA,NA,231,`gtol` termination condition is satisfied.,True,0.00089815813719999998,5492.13537,NA,NA,NA,1,1,1,47,E3|5|0.001|repeated_all_queries_x3|2,C_relative_error,0.094683798730000004,9.4683798729999999,percent,100 * raw_value,all 50; E3 five-node graph; noise_fraction==0.001,231,231,NA,NA,NA,NA,NA,NA,NA,NA,NA,NA,NA,NA,NA,NA,NA,NA,NA,NA,NA,NA,repeated_all_queries_x3,3,0,1,NA,0
4,d,raw,results/k9_intervention_imperfections.csv,41836e7d1012e5958461e59ae64bd8b18dc9f599b593f006cbaae7e073af54bb,E3,5,NA,NA,3,0.001,NA,NA,231,`gtol` termination condition is satisfied.,True,0.00095251920110000002,5425.8395970000001,NA,NA,NA,1,1,1,48,E3|5|0.001|repeated_all_queries_x3|3,L_relative_error,0.0364092705,3.6409270500000002,percent,100 * raw_value,all 50; E3 five-node graph; noise_fraction==0.001,231,231,NA,NA,NA,NA,NA,NA,NA,NA,NA,NA,NA,NA,NA,NA,NA,NA,NA,NA,NA,NA,repeated_all_queries_x3,3,0,1,NA,0
4,d,raw,results/k9_intervention_imperfections.csv,41836e7d1012e5958461e59ae64bd8b18dc9f599b593f006cbaae7e073af54bb,E3,5,NA,NA,3,0.001,NA,NA,231,`gtol` termination condition is satisfied.,True,0.00095251920110000002,5425.8395970000001,NA,NA,NA,1,1,1,48,E3|5|0.001|repeated_all_queries_x3|3,C_relative_error,0.059833766320000002,5.9833766320000006,percent,100 * raw_value,all 50; E3 five-node graph; noise_fraction==0.001,231,231,NA,NA,NA,NA,NA,NA,NA,NA,NA,NA,NA,NA,NA,NA,NA,NA,NA,NA,NA,NA,repeated_all_queries_x3,3,0,1,NA,0
4,d,raw,results/k9_intervention_imperfections.csv,41836e7d1012e5958461e59ae64bd8b18dc9f599b593f006cbaae7e073af54bb,E3,5,NA,NA,4,0.001,NA,NA,231,`ftol` termination condition is satisfied.,True,0.001033617357,5387.7741880000003,NA,NA,NA,1,1,1,49,E3|5|0.001|repeated_all_queries_x3|4,L_relative_error,0.02256088954,2.256088954,percent,100 * raw_value,all 50; E3 five-node graph; noise_fraction==0.001,231,231,NA,NA,NA,NA,NA,NA,NA,NA,NA,NA,NA,NA,NA,NA,NA,NA,NA,NA,NA,NA,repeated_all_queries_x3,3,0,1,NA,0
4,d,raw,results/k9_intervention_imperfections.csv,41836e7d1012e5958461e59ae64bd8b18dc9f599b593f006cbaae7e073af54bb,E3,5,NA,NA,4,0.001,NA,NA,231,`ftol` termination condition is satisfied.,True,0.001033617357,5387.7741880000003,NA,NA,NA,1,1,1,49,E3|5|0.001|repeated_all_queries_x3|4,C_relative_error,0.10249520049999999,10.249520049999999,percent,100 * raw_value,all 50; E3 five-node graph; noise_fraction==0.001,231,231,NA,NA,NA,NA,NA,NA,NA,NA,NA,NA,NA,NA,NA,NA,NA,NA,NA,NA,NA,NA,repeated_all_queries_x3,3,0,1,NA,0
4,d,summary,results/k9_intervention_imperfections.csv,41836e7d1012e5958461e59ae64bd8b18dc9f599b593f006cbaae7e073af54bb,NA,NA,NA,NA,NA,NA,NA,NA,NA,NA,NA,NA,NA,NA,NA,NA,NA,NA,NA,NA,NA,L_relative_error,NA,NA,percent,100 * raw_value,all 50; E3 five-node graph; noise_fraction==0.001,NA,NA,5,5,5,0.02443926401,0.031134747769999999,0.037243303929999999,0.049046363433999998,2.4439264010000001,3.113474777,3.7243303929999998,4.9046363434,NA,NA,NA,NA,NA,NA,NA,NA,NA,ideal_control,NA,NA,NA,NA,NA
4,d,summary,results/k9_intervention_imperfections.csv,41836e7d1012e5958461e59ae64bd8b18dc9f599b593f006cbaae7e073af54bb,NA,NA,NA,NA,NA,NA,NA,NA,NA,NA,NA,NA,NA,NA,NA,NA,NA,NA,NA,NA,NA,C_relative_error,NA,NA,percent,100 * raw_value,all 50; E3 five-node graph; noise_fraction==0.001,NA,NA,5,5,5,0.1319409433,0.1786113553,0.20222155580000001,0.27868187228000002,13.19409433,17.861135529999999,20.222155579999999,27.868187228000004,NA,NA,NA,NA,NA,NA,NA,NA,NA,ideal_control,NA,NA,NA,NA,NA
4,d,summary,results/k9_intervention_imperfections.csv,41836e7d1012e5958461e59ae64bd8b18dc9f599b593f006cbaae7e073af54bb,NA,NA,NA,NA,NA,NA,NA,NA,NA,NA,NA,NA,NA,NA,NA,NA,NA,NA,NA,NA,NA,L_relative_error,NA,NA,percent,100 * raw_value,all 50; E3 five-node graph; noise_fraction==0.001,NA,NA,5,5,5,0.13615436310000001,0.14533426190000001,0.15928444420000001,0.1611964531,13.615436310000002,14.533426190000002,15.928444420000002,16.119645309999999,NA,NA,NA,NA,NA,NA,NA,NA,NA,shunt_bias_minus_15pct,NA,NA,NA,NA,NA
4,d,summary,results/k9_intervention_imperfections.csv,41836e7d1012e5958461e59ae64bd8b18dc9f599b593f006cbaae7e073af54bb,NA,NA,NA,NA,NA,NA,NA,NA,NA,NA,NA,NA,NA,NA,NA,NA,NA,NA,NA,NA,NA,C_relative_error,NA,NA,percent,100 * raw_value,all 50; E3 five-node graph; noise_fraction==0.001,NA,NA,5,5,5,0.1883176443,0.19454675029999999,0.19626740500000001,0.24528005254000002,18.83176443,19.454675029999997,19.6267405,24.528005254,NA,NA,NA,NA,NA,NA,NA,NA,NA,shunt_bias_minus_15pct,NA,NA,NA,NA,NA
4,d,summary,results/k9_intervention_imperfections.csv,41836e7d1012e5958461e59ae64bd8b18dc9f599b593f006cbaae7e073af54bb,NA,NA,NA,NA,NA,NA,NA,NA,NA,NA,NA,NA,NA,NA,NA,NA,NA,NA,NA,NA,NA,L_relative_error,NA,NA,percent,100 * raw_value,all 50; E3 five-node graph; noise_fraction==0.001,NA,NA,5,5,5,0.068386342239999995,0.073320782459999997,0.076199114999999998,0.090272038116,6.8386342239999998,7.332078246,7.6199114999999997,9.0272038115999997,NA,NA,NA,NA,NA,NA,NA,NA,NA,shunt_bias_minus_5pct,NA,NA,NA,NA,NA
4,d,summary,results/k9_intervention_imperfections.csv,41836e7d1012e5958461e59ae64bd8b18dc9f599b593f006cbaae7e073af54bb,NA,NA,NA,NA,NA,NA,NA,NA,NA,NA,NA,NA,NA,NA,NA,NA,NA,NA,NA,NA,NA,C_relative_error,NA,NA,percent,100 * raw_value,all 50; E3 five-node graph; noise_fraction==0.001,NA,NA,5,5,5,0.07384080455,0.16152908269999999,0.22747009369999999,0.31011970706000003,7.3840804550000003,16.152908269999998,22.747009369999997,31.011970706000003,NA,NA,NA,NA,NA,NA,NA,NA,NA,shunt_bias_minus_5pct,NA,NA,NA,NA,NA
4,d,summary,results/k9_intervention_imperfections.csv,41836e7d1012e5958461e59ae64bd8b18dc9f599b593f006cbaae7e073af54bb,NA,NA,NA,NA,NA,NA,NA,NA,NA,NA,NA,NA,NA,NA,NA,NA,NA,NA,NA,NA,NA,L_relative_error,NA,NA,percent,100 * raw_value,all 50; E3 five-node graph; noise_fraction==0.001,NA,NA,5,5,5,0.045638722020000001,0.055335042449999997,0.079366916470000007,0.091208395648000012,4.5638722019999998,5.5335042449999996,7.9366916470000008,9.1208395648000007,NA,NA,NA,NA,NA,NA,NA,NA,NA,shunt_bias_plus_5pct,NA,NA,NA,NA,NA
4,d,summary,results/k9_intervention_imperfections.csv,41836e7d1012e5958461e59ae64bd8b18dc9f599b593f006cbaae7e073af54bb,NA,NA,NA,NA,NA,NA,NA,NA,NA,NA,NA,NA,NA,NA,NA,NA,NA,NA,NA,NA,NA,C_relative_error,NA,NA,percent,100 * raw_value,all 50; E3 five-node graph; noise_fraction==0.001,NA,NA,5,5,5,0.2220793056,0.33224063310000002,0.33862463450000002,0.40005678985999998,22.207930560000001,33.224063309999998,33.86246345,40.005678985999999,NA,NA,NA,NA,NA,NA,NA,NA,NA,shunt_bias_plus_5pct,NA,NA,NA,NA,NA
4,d,summary,results/k9_intervention_imperfections.csv,41836e7d1012e5958461e59ae64bd8b18dc9f599b593f006cbaae7e073af54bb,NA,NA,NA,NA,NA,NA,NA,NA,NA,NA,NA,NA,NA,NA,NA,NA,NA,NA,NA,NA,NA,L_relative_error,NA,NA,percent,100 * raw_value,all 50; E3 five-node graph; noise_fraction==0.001,NA,NA,5,5,5,0.1225107594,0.1231117107,0.1282908458,0.16924979180000002,12.25107594,12.31117107,12.82908458,16.924979180000001,NA,NA,NA,NA,NA,NA,NA,NA,NA,shunt_bias_plus_15pct,NA,NA,NA,NA,NA
4,d,summary,results/k9_intervention_imperfections.csv,41836e7d1012e5958461e59ae64bd8b18dc9f599b593f006cbaae7e073af54bb,NA,NA,NA,NA,NA,NA,NA,NA,NA,NA,NA,NA,NA,NA,NA,NA,NA,NA,NA,NA,NA,C_relative_error,NA,NA,percent,100 * raw_value,all 50; E3 five-node graph; noise_fraction==0.001,NA,NA,5,5,5,0.1824461825,0.19016911319999999,0.19127591129999999,0.26433948077999997,18.244618249999998,19.016911319999998,19.127591129999999,26.433948077999997,NA,NA,NA,NA,NA,NA,NA,NA,NA,shunt_bias_plus_15pct,NA,NA,NA,NA,NA
4,d,summary,results/k9_intervention_imperfections.csv,41836e7d1012e5958461e59ae64bd8b18dc9f599b593f006cbaae7e073af54bb,NA,NA,NA,NA,NA,NA,NA,NA,NA,NA,NA,NA,NA,NA,NA,NA,NA,NA,NA,NA,NA,L_relative_error,NA,NA,percent,100 * raw_value,all 50; E3 five-node graph; noise_fraction==0.001,NA,NA,5,5,5,0.026770260680000001,0.048090537250000003,0.055107393300000002,0.057196304711999997,2.677026068,4.8090537250000001,5.5107393299999998,5.7196304711999995,NA,NA,NA,NA,NA,NA,NA,NA,NA,finite_clamp_50x_median_diagonal,NA,NA,NA,NA,NA
4,d,summary,results/k9_intervention_imperfections.csv,41836e7d1012e5958461e59ae64bd8b18dc9f599b593f006cbaae7e073af54bb,NA,NA,NA,NA,NA,NA,NA,NA,NA,NA,NA,NA,NA,NA,NA,NA,NA,NA,NA,NA,NA,C_relative_error,NA,NA,percent,100 * raw_value,all 50; E3 five-node graph; noise_fraction==0.001,NA,NA,5,5,5,0.034722835399999999,0.045371950610000003,0.075862882310000004,0.10815355012400001,3.4722835399999998,4.5371950610000003,7.5862882310000002,10.815355012400001,NA,NA,NA,NA,NA,NA,NA,NA,NA,finite_clamp_50x_median_diagonal,NA,NA,NA,NA,NA
4,d,summary,results/k9_intervention_imperfections.csv,41836e7d1012e5958461e59ae64bd8b18dc9f599b593f006cbaae7e073af54bb,NA,NA,NA,NA,NA,NA,NA,NA,NA,NA,NA,NA,NA,NA,NA,NA,NA,NA,NA,NA,NA,L_relative_error,NA,NA,percent,100 * raw_value,all 50; E3 five-node graph; noise_fraction==0.001,NA,NA,5,5,5,0.046024860049999998,0.048098751109999997,0.055685138760000003,0.059711922383999999,4.6024860049999994,4.8098751109999993,5.5685138759999999,5.9711922383999996,NA,NA,NA,NA,NA,NA,NA,NA,NA,quantization_0p1pct_baseline,NA,NA,NA,NA,NA
4,d,summary,results/k9_intervention_imperfections.csv,41836e7d1012e5958461e59ae64bd8b18dc9f599b593f006cbaae7e073af54bb,NA,NA,NA,NA,NA,NA,NA,NA,NA,NA,NA,NA,NA,NA,NA,NA,NA,NA,NA,NA,NA,C_relative_error,NA,NA,percent,100 * raw_value,all 50; E3 five-node graph; noise_fraction==0.001,NA,NA,5,5,5,0.13154944469999999,0.17215237359999999,0.2317757735,0.25393097432,13.154944469999998,17.21523736,23.17757735,25.393097432000001,NA,NA,NA,NA,NA,NA,NA,NA,NA,quantization_0p1pct_baseline,NA,NA,NA,NA,NA
4,d,summary,results/k9_intervention_imperfections.csv,41836e7d1012e5958461e59ae64bd8b18dc9f599b593f006cbaae7e073af54bb,NA,NA,NA,NA,NA,NA,NA,NA,NA,NA,NA,NA,NA,NA,NA,NA,NA,NA,NA,NA,NA,L_relative_error,NA,NA,percent,100 * raw_value,all 50; E3 five-node graph; noise_fraction==0.001,NA,NA,5,5,5,0.043761133569999999,0.046805256220000001,0.077017593740000001,0.088338592777999991,4.3761133569999995,4.6805256220000002,7.7017593739999999,8.8338592777999985,NA,NA,NA,NA,NA,NA,NA,NA,NA,quantization_0p5pct_baseline,NA,NA,NA,NA,NA
4,d,summary,results/k9_intervention_imperfections.csv,41836e7d1012e5958461e59ae64bd8b18dc9f599b593f006cbaae7e073af54bb,NA,NA,NA,NA,NA,NA,NA,NA,NA,NA,NA,NA,NA,NA,NA,NA,NA,NA,NA,NA,NA,C_relative_error,NA,NA,percent,100 * raw_value,all 50; E3 five-node graph; noise_fraction==0.001,NA,NA,5,5,5,0.085344791449999999,0.11888534069999999,0.1415895314,0.16689004784,8.5344791450000006,11.888534069999999,14.158953139999999,16.689004784000002,NA,NA,NA,NA,NA,NA,NA,NA,NA,quantization_0p5pct_baseline,NA,NA,NA,NA,NA
4,d,summary,results/k9_intervention_imperfections.csv,41836e7d1012e5958461e59ae64bd8b18dc9f599b593f006cbaae7e073af54bb,NA,NA,NA,NA,NA,NA,NA,NA,NA,NA,NA,NA,NA,NA,NA,NA,NA,NA,NA,NA,NA,L_relative_error,NA,NA,percent,100 * raw_value,all 50; E3 five-node graph; noise_fraction==0.001,NA,NA,5,5,5,0.041195692489999998,0.046971850539999999,0.061214399699999998,0.066280216619999999,4.1195692489999995,4.6971850540000002,6.12143997,6.6280216620000001,NA,NA,NA,NA,NA,NA,NA,NA,NA,root_gain_plus_5pct,NA,NA,NA,NA,NA
4,d,summary,results/k9_intervention_imperfections.csv,41836e7d1012e5958461e59ae64bd8b18dc9f599b593f006cbaae7e073af54bb,NA,NA,NA,NA,NA,NA,NA,NA,NA,NA,NA,NA,NA,NA,NA,NA,NA,NA,NA,NA,NA,C_relative_error,NA,NA,percent,100 * raw_value,all 50; E3 five-node graph; noise_fraction==0.001,NA,NA,5,5,5,0.1647877998,0.24354481319999999,0.27063377039999997,0.29966576843999998,16.478779979999999,24.354481319999998,27.063377039999999,29.966576843999999,NA,NA,NA,NA,NA,NA,NA,NA,NA,root_gain_plus_5pct,NA,NA,NA,NA,NA
4,d,summary,results/k9_intervention_imperfections.csv,41836e7d1012e5958461e59ae64bd8b18dc9f599b593f006cbaae7e073af54bb,NA,NA,NA,NA,NA,NA,NA,NA,NA,NA,NA,NA,NA,NA,NA,NA,NA,NA,NA,NA,NA,L_relative_error,NA,NA,percent,100 * raw_value,all 50; E3 five-node graph; noise_fraction==0.001,NA,NA,5,5,5,0.01337999581,0.020562637920000001,0.02256088954,0.030869918116000001,1.337999581,2.0562637920000002,2.256088954,3.0869918115999999,NA,NA,NA,NA,NA,NA,NA,NA,NA,repeated_all_queries_x3,NA,NA,NA,NA,NA
4,d,summary,results/k9_intervention_imperfections.csv,41836e7d1012e5958461e59ae64bd8b18dc9f599b593f006cbaae7e073af54bb,NA,NA,NA,NA,NA,NA,NA,NA,NA,NA,NA,NA,NA,NA,NA,NA,NA,NA,NA,NA,NA,C_relative_error,NA,NA,percent,100 * raw_value,all 50; E3 five-node graph; noise_fraction==0.001,NA,NA,5,5,5,0.086323764080000004,0.094683798730000004,0.10249520049999999,0.11517654862,8.6323764080000007,9.4683798729999999,10.249520049999999,11.517654862000001,NA,NA,NA,NA,NA,NA,NA,NA,NA,repeated_all_queries_x3,NA,NA,NA,NA,NA
