figure,panel,record_type,source_path,source_sha256,design,query_index,nominal_query_count,growth,shunt,retained,kind,method,node_index,original_node,x_px,y_px,role,node_u,node_v,movie,n,cycle_rank,draw_id,replicate,noise_fraction,noise_percent,query_count,status,fit_success,fit_residual,jacobian_condition,optimizer_residual_norm,nfev,topology_precision,topology_recall,topology_F1,source_row_index,case_id,metric,raw_value,display_value,display_unit,transform,filter,actual_query_count,total_count,finite_count,converged_count,raw_q25,raw_median,raw_q75,raw_p90,display_q25,display_median,display_q75,display_p90,L_relative_error,C_relative_error,cutoff,prediction_available
3,b,query_schedule,code/run_practical_k9_validation.py,a17cf262ba8fc458cf1b285c5dfe2f5a0a009008333f289698eb5146b84adb21,moderate_redundancy,0,37,0,"[0,0,0,0,0]","[0,1,2,3,4]",baseline,NA,NA,NA,NA,NA,NA,NA,NA,NA,NA,NA,NA,NA,NA,NA,NA,NA,NA,NA,NA,NA,NA,NA,NA,NA,NA,NA,NA,NA,NA,NA,NA,NA,NA,NA,NA,NA,NA,NA,NA,NA,NA,NA,NA,NA,NA,NA,NA,NA
3,b,query_schedule,code/run_practical_k9_validation.py,a17cf262ba8fc458cf1b285c5dfe2f5a0a009008333f289698eb5146b84adb21,moderate_redundancy,1,37,0,"[0,0,0,0,0]","[0,1,2,3,4]",baseline,NA,NA,NA,NA,NA,NA,NA,NA,NA,NA,NA,NA,NA,NA,NA,NA,NA,NA,NA,NA,NA,NA,NA,NA,NA,NA,NA,NA,NA,NA,NA,NA,NA,NA,NA,NA,NA,NA,NA,NA,NA,NA,NA,NA,NA,NA,NA,NA,NA
3,b,query_schedule,code/run_practical_k9_validation.py,a17cf262ba8fc458cf1b285c5dfe2f5a0a009008333f289698eb5146b84adb21,moderate_redundancy,2,37,0,"[0, 0.5, 0, 0, 0]","[0,1,2,3,4]",shunt,NA,NA,NA,NA,NA,NA,NA,NA,NA,NA,NA,NA,NA,NA,NA,NA,NA,NA,NA,NA,NA,NA,NA,NA,NA,NA,NA,NA,NA,NA,NA,NA,NA,NA,NA,NA,NA,NA,NA,NA,NA,NA,NA,NA,NA,NA,NA,NA,NA
3,b,query_schedule,code/run_practical_k9_validation.py,a17cf262ba8fc458cf1b285c5dfe2f5a0a009008333f289698eb5146b84adb21,moderate_redundancy,3,37,0,"[0, 2, 0, 0, 0]","[0,1,2,3,4]",shunt,NA,NA,NA,NA,NA,NA,NA,NA,NA,NA,NA,NA,NA,NA,NA,NA,NA,NA,NA,NA,NA,NA,NA,NA,NA,NA,NA,NA,NA,NA,NA,NA,NA,NA,NA,NA,NA,NA,NA,NA,NA,NA,NA,NA,NA,NA,NA,NA,NA
3,b,query_schedule,code/run_practical_k9_validation.py,a17cf262ba8fc458cf1b285c5dfe2f5a0a009008333f289698eb5146b84adb21,moderate_redundancy,4,37,0,"[0, 0, 0.5, 0, 0]","[0,1,2,3,4]",shunt,NA,NA,NA,NA,NA,NA,NA,NA,NA,NA,NA,NA,NA,NA,NA,NA,NA,NA,NA,NA,NA,NA,NA,NA,NA,NA,NA,NA,NA,NA,NA,NA,NA,NA,NA,NA,NA,NA,NA,NA,NA,NA,NA,NA,NA,NA,NA,NA,NA
3,b,query_schedule,code/run_practical_k9_validation.py,a17cf262ba8fc458cf1b285c5dfe2f5a0a009008333f289698eb5146b84adb21,moderate_redundancy,5,37,0,"[0, 0, 2, 0, 0]","[0,1,2,3,4]",shunt,NA,NA,NA,NA,NA,NA,NA,NA,NA,NA,NA,NA,NA,NA,NA,NA,NA,NA,NA,NA,NA,NA,NA,NA,NA,NA,NA,NA,NA,NA,NA,NA,NA,NA,NA,NA,NA,NA,NA,NA,NA,NA,NA,NA,NA,NA,NA,NA,NA
3,b,query_schedule,code/run_practical_k9_validation.py,a17cf262ba8fc458cf1b285c5dfe2f5a0a009008333f289698eb5146b84adb21,moderate_redundancy,6,37,0,"[0, 0, 0, 0.5, 0]","[0,1,2,3,4]",shunt,NA,NA,NA,NA,NA,NA,NA,NA,NA,NA,NA,NA,NA,NA,NA,NA,NA,NA,NA,NA,NA,NA,NA,NA,NA,NA,NA,NA,NA,NA,NA,NA,NA,NA,NA,NA,NA,NA,NA,NA,NA,NA,NA,NA,NA,NA,NA,NA,NA
3,b,query_schedule,code/run_practical_k9_validation.py,a17cf262ba8fc458cf1b285c5dfe2f5a0a009008333f289698eb5146b84adb21,moderate_redundancy,7,37,0,"[0, 0, 0, 2, 0]","[0,1,2,3,4]",shunt,NA,NA,NA,NA,NA,NA,NA,NA,NA,NA,NA,NA,NA,NA,NA,NA,NA,NA,NA,NA,NA,NA,NA,NA,NA,NA,NA,NA,NA,NA,NA,NA,NA,NA,NA,NA,NA,NA,NA,NA,NA,NA,NA,NA,NA,NA,NA,NA,NA
3,b,query_schedule,code/run_practical_k9_validation.py,a17cf262ba8fc458cf1b285c5dfe2f5a0a009008333f289698eb5146b84adb21,moderate_redundancy,8,37,0,"[0, 0, 0, 0, 0.5]","[0,1,2,3,4]",shunt,NA,NA,NA,NA,NA,NA,NA,NA,NA,NA,NA,NA,NA,NA,NA,NA,NA,NA,NA,NA,NA,NA,NA,NA,NA,NA,NA,NA,NA,NA,NA,NA,NA,NA,NA,NA,NA,NA,NA,NA,NA,NA,NA,NA,NA,NA,NA,NA,NA
3,b,query_schedule,code/run_practical_k9_validation.py,a17cf262ba8fc458cf1b285c5dfe2f5a0a009008333f289698eb5146b84adb21,moderate_redundancy,9,37,0,"[0, 0, 0, 0, 2]","[0,1,2,3,4]",shunt,NA,NA,NA,NA,NA,NA,NA,NA,NA,NA,NA,NA,NA,NA,NA,NA,NA,NA,NA,NA,NA,NA,NA,NA,NA,NA,NA,NA,NA,NA,NA,NA,NA,NA,NA,NA,NA,NA,NA,NA,NA,NA,NA,NA,NA,NA,NA,NA,NA
3,b,query_schedule,code/run_practical_k9_validation.py,a17cf262ba8fc458cf1b285c5dfe2f5a0a009008333f289698eb5146b84adb21,moderate_redundancy,10,37,0,"[0, 1, 1, 0, 0]","[0,1,2,3,4]",shunt,NA,NA,NA,NA,NA,NA,NA,NA,NA,NA,NA,NA,NA,NA,NA,NA,NA,NA,NA,NA,NA,NA,NA,NA,NA,NA,NA,NA,NA,NA,NA,NA,NA,NA,NA,NA,NA,NA,NA,NA,NA,NA,NA,NA,NA,NA,NA,NA,NA
3,b,query_schedule,code/run_practical_k9_validation.py,a17cf262ba8fc458cf1b285c5dfe2f5a0a009008333f289698eb5146b84adb21,moderate_redundancy,11,37,0,"[0, 1, 0, 1, 0]","[0,1,2,3,4]",shunt,NA,NA,NA,NA,NA,NA,NA,NA,NA,NA,NA,NA,NA,NA,NA,NA,NA,NA,NA,NA,NA,NA,NA,NA,NA,NA,NA,NA,NA,NA,NA,NA,NA,NA,NA,NA,NA,NA,NA,NA,NA,NA,NA,NA,NA,NA,NA,NA,NA
3,b,query_schedule,code/run_practical_k9_validation.py,a17cf262ba8fc458cf1b285c5dfe2f5a0a009008333f289698eb5146b84adb21,moderate_redundancy,12,37,0,"[0, 1, 0, 0, 1]","[0,1,2,3,4]",shunt,NA,NA,NA,NA,NA,NA,NA,NA,NA,NA,NA,NA,NA,NA,NA,NA,NA,NA,NA,NA,NA,NA,NA,NA,NA,NA,NA,NA,NA,NA,NA,NA,NA,NA,NA,NA,NA,NA,NA,NA,NA,NA,NA,NA,NA,NA,NA,NA,NA
3,b,query_schedule,code/run_practical_k9_validation.py,a17cf262ba8fc458cf1b285c5dfe2f5a0a009008333f289698eb5146b84adb21,moderate_redundancy,13,37,0,"[0, 0, 1, 1, 0]","[0,1,2,3,4]",shunt,NA,NA,NA,NA,NA,NA,NA,NA,NA,NA,NA,NA,NA,NA,NA,NA,NA,NA,NA,NA,NA,NA,NA,NA,NA,NA,NA,NA,NA,NA,NA,NA,NA,NA,NA,NA,NA,NA,NA,NA,NA,NA,NA,NA,NA,NA,NA,NA,NA
3,b,query_schedule,code/run_practical_k9_validation.py,a17cf262ba8fc458cf1b285c5dfe2f5a0a009008333f289698eb5146b84adb21,moderate_redundancy,14,37,0,"[0, 0, 1, 0, 1]","[0,1,2,3,4]",shunt,NA,NA,NA,NA,NA,NA,NA,NA,NA,NA,NA,NA,NA,NA,NA,NA,NA,NA,NA,NA,NA,NA,NA,NA,NA,NA,NA,NA,NA,NA,NA,NA,NA,NA,NA,NA,NA,NA,NA,NA,NA,NA,NA,NA,NA,NA,NA,NA,NA
3,b,query_schedule,code/run_practical_k9_validation.py,a17cf262ba8fc458cf1b285c5dfe2f5a0a009008333f289698eb5146b84adb21,moderate_redundancy,15,37,0,"[0, 0, 0, 1, 1]","[0,1,2,3,4]",shunt,NA,NA,NA,NA,NA,NA,NA,NA,NA,NA,NA,NA,NA,NA,NA,NA,NA,NA,NA,NA,NA,NA,NA,NA,NA,NA,NA,NA,NA,NA,NA,NA,NA,NA,NA,NA,NA,NA,NA,NA,NA,NA,NA,NA,NA,NA,NA,NA,NA
3,b,query_schedule,code/run_practical_k9_validation.py,a17cf262ba8fc458cf1b285c5dfe2f5a0a009008333f289698eb5146b84adb21,moderate_redundancy,16,37,1,"[0,0,0,0,0]","[0,1,2,3,4]",baseline,NA,NA,NA,NA,NA,NA,NA,NA,NA,NA,NA,NA,NA,NA,NA,NA,NA,NA,NA,NA,NA,NA,NA,NA,NA,NA,NA,NA,NA,NA,NA,NA,NA,NA,NA,NA,NA,NA,NA,NA,NA,NA,NA,NA,NA,NA,NA,NA,NA
3,b,query_schedule,code/run_practical_k9_validation.py,a17cf262ba8fc458cf1b285c5dfe2f5a0a009008333f289698eb5146b84adb21,moderate_redundancy,17,37,1,"[0,0,0,0,0]","[0,1,2,3,4]",baseline,NA,NA,NA,NA,NA,NA,NA,NA,NA,NA,NA,NA,NA,NA,NA,NA,NA,NA,NA,NA,NA,NA,NA,NA,NA,NA,NA,NA,NA,NA,NA,NA,NA,NA,NA,NA,NA,NA,NA,NA,NA,NA,NA,NA,NA,NA,NA,NA,NA
3,b,query_schedule,code/run_practical_k9_validation.py,a17cf262ba8fc458cf1b285c5dfe2f5a0a009008333f289698eb5146b84adb21,moderate_redundancy,18,37,1,"[0, 0.5, 0, 0, 0]","[0,1,2,3,4]",shunt,NA,NA,NA,NA,NA,NA,NA,NA,NA,NA,NA,NA,NA,NA,NA,NA,NA,NA,NA,NA,NA,NA,NA,NA,NA,NA,NA,NA,NA,NA,NA,NA,NA,NA,NA,NA,NA,NA,NA,NA,NA,NA,NA,NA,NA,NA,NA,NA,NA
3,b,query_schedule,code/run_practical_k9_validation.py,a17cf262ba8fc458cf1b285c5dfe2f5a0a009008333f289698eb5146b84adb21,moderate_redundancy,19,37,1,"[0, 2, 0, 0, 0]","[0,1,2,3,4]",shunt,NA,NA,NA,NA,NA,NA,NA,NA,NA,NA,NA,NA,NA,NA,NA,NA,NA,NA,NA,NA,NA,NA,NA,NA,NA,NA,NA,NA,NA,NA,NA,NA,NA,NA,NA,NA,NA,NA,NA,NA,NA,NA,NA,NA,NA,NA,NA,NA,NA
3,b,query_schedule,code/run_practical_k9_validation.py,a17cf262ba8fc458cf1b285c5dfe2f5a0a009008333f289698eb5146b84adb21,moderate_redundancy,20,37,1,"[0, 0, 0.5, 0, 0]","[0,1,2,3,4]",shunt,NA,NA,NA,NA,NA,NA,NA,NA,NA,NA,NA,NA,NA,NA,NA,NA,NA,NA,NA,NA,NA,NA,NA,NA,NA,NA,NA,NA,NA,NA,NA,NA,NA,NA,NA,NA,NA,NA,NA,NA,NA,NA,NA,NA,NA,NA,NA,NA,NA
3,b,query_schedule,code/run_practical_k9_validation.py,a17cf262ba8fc458cf1b285c5dfe2f5a0a009008333f289698eb5146b84adb21,moderate_redundancy,21,37,1,"[0, 0, 2, 0, 0]","[0,1,2,3,4]",shunt,NA,NA,NA,NA,NA,NA,NA,NA,NA,NA,NA,NA,NA,NA,NA,NA,NA,NA,NA,NA,NA,NA,NA,NA,NA,NA,NA,NA,NA,NA,NA,NA,NA,NA,NA,NA,NA,NA,NA,NA,NA,NA,NA,NA,NA,NA,NA,NA,NA
3,b,query_schedule,code/run_practical_k9_validation.py,a17cf262ba8fc458cf1b285c5dfe2f5a0a009008333f289698eb5146b84adb21,moderate_redundancy,22,37,1,"[0, 0, 0, 0.5, 0]","[0,1,2,3,4]",shunt,NA,NA,NA,NA,NA,NA,NA,NA,NA,NA,NA,NA,NA,NA,NA,NA,NA,NA,NA,NA,NA,NA,NA,NA,NA,NA,NA,NA,NA,NA,NA,NA,NA,NA,NA,NA,NA,NA,NA,NA,NA,NA,NA,NA,NA,NA,NA,NA,NA
3,b,query_schedule,code/run_practical_k9_validation.py,a17cf262ba8fc458cf1b285c5dfe2f5a0a009008333f289698eb5146b84adb21,moderate_redundancy,23,37,1,"[0, 0, 0, 2, 0]","[0,1,2,3,4]",shunt,NA,NA,NA,NA,NA,NA,NA,NA,NA,NA,NA,NA,NA,NA,NA,NA,NA,NA,NA,NA,NA,NA,NA,NA,NA,NA,NA,NA,NA,NA,NA,NA,NA,NA,NA,NA,NA,NA,NA,NA,NA,NA,NA,NA,NA,NA,NA,NA,NA
3,b,query_schedule,code/run_practical_k9_validation.py,a17cf262ba8fc458cf1b285c5dfe2f5a0a009008333f289698eb5146b84adb21,moderate_redundancy,24,37,1,"[0, 0, 0, 0, 0.5]","[0,1,2,3,4]",shunt,NA,NA,NA,NA,NA,NA,NA,NA,NA,NA,NA,NA,NA,NA,NA,NA,NA,NA,NA,NA,NA,NA,NA,NA,NA,NA,NA,NA,NA,NA,NA,NA,NA,NA,NA,NA,NA,NA,NA,NA,NA,NA,NA,NA,NA,NA,NA,NA,NA
3,b,query_schedule,code/run_practical_k9_validation.py,a17cf262ba8fc458cf1b285c5dfe2f5a0a009008333f289698eb5146b84adb21,moderate_redundancy,25,37,1,"[0, 0, 0, 0, 2]","[0,1,2,3,4]",shunt,NA,NA,NA,NA,NA,NA,NA,NA,NA,NA,NA,NA,NA,NA,NA,NA,NA,NA,NA,NA,NA,NA,NA,NA,NA,NA,NA,NA,NA,NA,NA,NA,NA,NA,NA,NA,NA,NA,NA,NA,NA,NA,NA,NA,NA,NA,NA,NA,NA
3,b,query_schedule,code/run_practical_k9_validation.py,a17cf262ba8fc458cf1b285c5dfe2f5a0a009008333f289698eb5146b84adb21,moderate_redundancy,26,37,1,"[0, 1, 1, 0, 0]","[0,1,2,3,4]",shunt,NA,NA,NA,NA,NA,NA,NA,NA,NA,NA,NA,NA,NA,NA,NA,NA,NA,NA,NA,NA,NA,NA,NA,NA,NA,NA,NA,NA,NA,NA,NA,NA,NA,NA,NA,NA,NA,NA,NA,NA,NA,NA,NA,NA,NA,NA,NA,NA,NA
3,b,query_schedule,code/run_practical_k9_validation.py,a17cf262ba8fc458cf1b285c5dfe2f5a0a009008333f289698eb5146b84adb21,moderate_redundancy,27,37,1,"[0, 1, 0, 1, 0]","[0,1,2,3,4]",shunt,NA,NA,NA,NA,NA,NA,NA,NA,NA,NA,NA,NA,NA,NA,NA,NA,NA,NA,NA,NA,NA,NA,NA,NA,NA,NA,NA,NA,NA,NA,NA,NA,NA,NA,NA,NA,NA,NA,NA,NA,NA,NA,NA,NA,NA,NA,NA,NA,NA
3,b,query_schedule,code/run_practical_k9_validation.py,a17cf262ba8fc458cf1b285c5dfe2f5a0a009008333f289698eb5146b84adb21,moderate_redundancy,28,37,1,"[0, 1, 0, 0, 1]","[0,1,2,3,4]",shunt,NA,NA,NA,NA,NA,NA,NA,NA,NA,NA,NA,NA,NA,NA,NA,NA,NA,NA,NA,NA,NA,NA,NA,NA,NA,NA,NA,NA,NA,NA,NA,NA,NA,NA,NA,NA,NA,NA,NA,NA,NA,NA,NA,NA,NA,NA,NA,NA,NA
3,b,query_schedule,code/run_practical_k9_validation.py,a17cf262ba8fc458cf1b285c5dfe2f5a0a009008333f289698eb5146b84adb21,moderate_redundancy,29,37,1,"[0, 0, 1, 1, 0]","[0,1,2,3,4]",shunt,NA,NA,NA,NA,NA,NA,NA,NA,NA,NA,NA,NA,NA,NA,NA,NA,NA,NA,NA,NA,NA,NA,NA,NA,NA,NA,NA,NA,NA,NA,NA,NA,NA,NA,NA,NA,NA,NA,NA,NA,NA,NA,NA,NA,NA,NA,NA,NA,NA
3,b,query_schedule,code/run_practical_k9_validation.py,a17cf262ba8fc458cf1b285c5dfe2f5a0a009008333f289698eb5146b84adb21,moderate_redundancy,30,37,1,"[0, 0, 1, 0, 1]","[0,1,2,3,4]",shunt,NA,NA,NA,NA,NA,NA,NA,NA,NA,NA,NA,NA,NA,NA,NA,NA,NA,NA,NA,NA,NA,NA,NA,NA,NA,NA,NA,NA,NA,NA,NA,NA,NA,NA,NA,NA,NA,NA,NA,NA,NA,NA,NA,NA,NA,NA,NA,NA,NA
3,b,query_schedule,code/run_practical_k9_validation.py,a17cf262ba8fc458cf1b285c5dfe2f5a0a009008333f289698eb5146b84adb21,moderate_redundancy,31,37,1,"[0, 0, 0, 1, 1]","[0,1,2,3,4]",shunt,NA,NA,NA,NA,NA,NA,NA,NA,NA,NA,NA,NA,NA,NA,NA,NA,NA,NA,NA,NA,NA,NA,NA,NA,NA,NA,NA,NA,NA,NA,NA,NA,NA,NA,NA,NA,NA,NA,NA,NA,NA,NA,NA,NA,NA,NA,NA,NA,NA
3,b,query_schedule,code/run_practical_k9_validation.py,a17cf262ba8fc458cf1b285c5dfe2f5a0a009008333f289698eb5146b84adb21,moderate_redundancy,32,37,1,"[0,0,0,0,0]",[0],clamp,NA,NA,NA,NA,NA,NA,NA,NA,NA,NA,NA,NA,NA,NA,NA,NA,NA,NA,NA,NA,NA,NA,NA,NA,NA,NA,NA,NA,NA,NA,NA,NA,NA,NA,NA,NA,NA,NA,NA,NA,NA,NA,NA,NA,NA,NA,NA,NA,NA
3,b,query_schedule,code/run_practical_k9_validation.py,a17cf262ba8fc458cf1b285c5dfe2f5a0a009008333f289698eb5146b84adb21,moderate_redundancy,33,37,1,"[0,0,0,0,0]","[0, 1]",clamp,NA,NA,NA,NA,NA,NA,NA,NA,NA,NA,NA,NA,NA,NA,NA,NA,NA,NA,NA,NA,NA,NA,NA,NA,NA,NA,NA,NA,NA,NA,NA,NA,NA,NA,NA,NA,NA,NA,NA,NA,NA,NA,NA,NA,NA,NA,NA,NA,NA
3,b,query_schedule,code/run_practical_k9_validation.py,a17cf262ba8fc458cf1b285c5dfe2f5a0a009008333f289698eb5146b84adb21,moderate_redundancy,34,37,1,"[0,0,0,0,0]","[0, 2]",clamp,NA,NA,NA,NA,NA,NA,NA,NA,NA,NA,NA,NA,NA,NA,NA,NA,NA,NA,NA,NA,NA,NA,NA,NA,NA,NA,NA,NA,NA,NA,NA,NA,NA,NA,NA,NA,NA,NA,NA,NA,NA,NA,NA,NA,NA,NA,NA,NA,NA
3,b,query_schedule,code/run_practical_k9_validation.py,a17cf262ba8fc458cf1b285c5dfe2f5a0a009008333f289698eb5146b84adb21,moderate_redundancy,35,37,1,"[0,0,0,0,0]","[0, 3]",clamp,NA,NA,NA,NA,NA,NA,NA,NA,NA,NA,NA,NA,NA,NA,NA,NA,NA,NA,NA,NA,NA,NA,NA,NA,NA,NA,NA,NA,NA,NA,NA,NA,NA,NA,NA,NA,NA,NA,NA,NA,NA,NA,NA,NA,NA,NA,NA,NA,NA
3,b,query_schedule,code/run_practical_k9_validation.py,a17cf262ba8fc458cf1b285c5dfe2f5a0a009008333f289698eb5146b84adb21,moderate_redundancy,36,37,1,"[0,0,0,0,0]","[0, 4]",clamp,NA,NA,NA,NA,NA,NA,NA,NA,NA,NA,NA,NA,NA,NA,NA,NA,NA,NA,NA,NA,NA,NA,NA,NA,NA,NA,NA,NA,NA,NA,NA,NA,NA,NA,NA,NA,NA,NA,NA,NA,NA,NA,NA,NA,NA,NA,NA,NA,NA
3,b,query_schedule,code/run_practical_k9_validation.py,a17cf262ba8fc458cf1b285c5dfe2f5a0a009008333f289698eb5146b84adb21,high_redundancy,0,77,0,"[0,0,0,0,0]","[0,1,2,3,4]",baseline,NA,NA,NA,NA,NA,NA,NA,NA,NA,NA,NA,NA,NA,NA,NA,NA,NA,NA,NA,NA,NA,NA,NA,NA,NA,NA,NA,NA,NA,NA,NA,NA,NA,NA,NA,NA,NA,NA,NA,NA,NA,NA,NA,NA,NA,NA,NA,NA,NA
3,b,query_schedule,code/run_practical_k9_validation.py,a17cf262ba8fc458cf1b285c5dfe2f5a0a009008333f289698eb5146b84adb21,high_redundancy,1,77,0,"[0,0,0,0,0]","[0,1,2,3,4]",baseline,NA,NA,NA,NA,NA,NA,NA,NA,NA,NA,NA,NA,NA,NA,NA,NA,NA,NA,NA,NA,NA,NA,NA,NA,NA,NA,NA,NA,NA,NA,NA,NA,NA,NA,NA,NA,NA,NA,NA,NA,NA,NA,NA,NA,NA,NA,NA,NA,NA
3,b,query_schedule,code/run_practical_k9_validation.py,a17cf262ba8fc458cf1b285c5dfe2f5a0a009008333f289698eb5146b84adb21,high_redundancy,2,77,0,"[0, 0.5, 0, 0, 0]","[0,1,2,3,4]",shunt,NA,NA,NA,NA,NA,NA,NA,NA,NA,NA,NA,NA,NA,NA,NA,NA,NA,NA,NA,NA,NA,NA,NA,NA,NA,NA,NA,NA,NA,NA,NA,NA,NA,NA,NA,NA,NA,NA,NA,NA,NA,NA,NA,NA,NA,NA,NA,NA,NA
3,b,query_schedule,code/run_practical_k9_validation.py,a17cf262ba8fc458cf1b285c5dfe2f5a0a009008333f289698eb5146b84adb21,high_redundancy,3,77,0,"[0, 2, 0, 0, 0]","[0,1,2,3,4]",shunt,NA,NA,NA,NA,NA,NA,NA,NA,NA,NA,NA,NA,NA,NA,NA,NA,NA,NA,NA,NA,NA,NA,NA,NA,NA,NA,NA,NA,NA,NA,NA,NA,NA,NA,NA,NA,NA,NA,NA,NA,NA,NA,NA,NA,NA,NA,NA,NA,NA
3,b,query_schedule,code/run_practical_k9_validation.py,a17cf262ba8fc458cf1b285c5dfe2f5a0a009008333f289698eb5146b84adb21,high_redundancy,4,77,0,"[0, 10, 0, 0, 0]","[0,1,2,3,4]",shunt,NA,NA,NA,NA,NA,NA,NA,NA,NA,NA,NA,NA,NA,NA,NA,NA,NA,NA,NA,NA,NA,NA,NA,NA,NA,NA,NA,NA,NA,NA,NA,NA,NA,NA,NA,NA,NA,NA,NA,NA,NA,NA,NA,NA,NA,NA,NA,NA,NA
3,b,query_schedule,code/run_practical_k9_validation.py,a17cf262ba8fc458cf1b285c5dfe2f5a0a009008333f289698eb5146b84adb21,high_redundancy,5,77,0,"[0, 50, 0, 0, 0]","[0,1,2,3,4]",shunt,NA,NA,NA,NA,NA,NA,NA,NA,NA,NA,NA,NA,NA,NA,NA,NA,NA,NA,NA,NA,NA,NA,NA,NA,NA,NA,NA,NA,NA,NA,NA,NA,NA,NA,NA,NA,NA,NA,NA,NA,NA,NA,NA,NA,NA,NA,NA,NA,NA
3,b,query_schedule,code/run_practical_k9_validation.py,a17cf262ba8fc458cf1b285c5dfe2f5a0a009008333f289698eb5146b84adb21,high_redundancy,6,77,0,"[0, 0, 0.5, 0, 0]","[0,1,2,3,4]",shunt,NA,NA,NA,NA,NA,NA,NA,NA,NA,NA,NA,NA,NA,NA,NA,NA,NA,NA,NA,NA,NA,NA,NA,NA,NA,NA,NA,NA,NA,NA,NA,NA,NA,NA,NA,NA,NA,NA,NA,NA,NA,NA,NA,NA,NA,NA,NA,NA,NA
3,b,query_schedule,code/run_practical_k9_validation.py,a17cf262ba8fc458cf1b285c5dfe2f5a0a009008333f289698eb5146b84adb21,high_redundancy,7,77,0,"[0, 0, 2, 0, 0]","[0,1,2,3,4]",shunt,NA,NA,NA,NA,NA,NA,NA,NA,NA,NA,NA,NA,NA,NA,NA,NA,NA,NA,NA,NA,NA,NA,NA,NA,NA,NA,NA,NA,NA,NA,NA,NA,NA,NA,NA,NA,NA,NA,NA,NA,NA,NA,NA,NA,NA,NA,NA,NA,NA
3,b,query_schedule,code/run_practical_k9_validation.py,a17cf262ba8fc458cf1b285c5dfe2f5a0a009008333f289698eb5146b84adb21,high_redundancy,8,77,0,"[0, 0, 10, 0, 0]","[0,1,2,3,4]",shunt,NA,NA,NA,NA,NA,NA,NA,NA,NA,NA,NA,NA,NA,NA,NA,NA,NA,NA,NA,NA,NA,NA,NA,NA,NA,NA,NA,NA,NA,NA,NA,NA,NA,NA,NA,NA,NA,NA,NA,NA,NA,NA,NA,NA,NA,NA,NA,NA,NA
3,b,query_schedule,code/run_practical_k9_validation.py,a17cf262ba8fc458cf1b285c5dfe2f5a0a009008333f289698eb5146b84adb21,high_redundancy,9,77,0,"[0, 0, 50, 0, 0]","[0,1,2,3,4]",shunt,NA,NA,NA,NA,NA,NA,NA,NA,NA,NA,NA,NA,NA,NA,NA,NA,NA,NA,NA,NA,NA,NA,NA,NA,NA,NA,NA,NA,NA,NA,NA,NA,NA,NA,NA,NA,NA,NA,NA,NA,NA,NA,NA,NA,NA,NA,NA,NA,NA
3,b,query_schedule,code/run_practical_k9_validation.py,a17cf262ba8fc458cf1b285c5dfe2f5a0a009008333f289698eb5146b84adb21,high_redundancy,10,77,0,"[0, 0, 0, 0.5, 0]","[0,1,2,3,4]",shunt,NA,NA,NA,NA,NA,NA,NA,NA,NA,NA,NA,NA,NA,NA,NA,NA,NA,NA,NA,NA,NA,NA,NA,NA,NA,NA,NA,NA,NA,NA,NA,NA,NA,NA,NA,NA,NA,NA,NA,NA,NA,NA,NA,NA,NA,NA,NA,NA,NA
3,b,query_schedule,code/run_practical_k9_validation.py,a17cf262ba8fc458cf1b285c5dfe2f5a0a009008333f289698eb5146b84adb21,high_redundancy,11,77,0,"[0, 0, 0, 2, 0]","[0,1,2,3,4]",shunt,NA,NA,NA,NA,NA,NA,NA,NA,NA,NA,NA,NA,NA,NA,NA,NA,NA,NA,NA,NA,NA,NA,NA,NA,NA,NA,NA,NA,NA,NA,NA,NA,NA,NA,NA,NA,NA,NA,NA,NA,NA,NA,NA,NA,NA,NA,NA,NA,NA
3,b,query_schedule,code/run_practical_k9_validation.py,a17cf262ba8fc458cf1b285c5dfe2f5a0a009008333f289698eb5146b84adb21,high_redundancy,12,77,0,"[0, 0, 0, 10, 0]","[0,1,2,3,4]",shunt,NA,NA,NA,NA,NA,NA,NA,NA,NA,NA,NA,NA,NA,NA,NA,NA,NA,NA,NA,NA,NA,NA,NA,NA,NA,NA,NA,NA,NA,NA,NA,NA,NA,NA,NA,NA,NA,NA,NA,NA,NA,NA,NA,NA,NA,NA,NA,NA,NA
3,b,query_schedule,code/run_practical_k9_validation.py,a17cf262ba8fc458cf1b285c5dfe2f5a0a009008333f289698eb5146b84adb21,high_redundancy,13,77,0,"[0, 0, 0, 50, 0]","[0,1,2,3,4]",shunt,NA,NA,NA,NA,NA,NA,NA,NA,NA,NA,NA,NA,NA,NA,NA,NA,NA,NA,NA,NA,NA,NA,NA,NA,NA,NA,NA,NA,NA,NA,NA,NA,NA,NA,NA,NA,NA,NA,NA,NA,NA,NA,NA,NA,NA,NA,NA,NA,NA
3,b,query_schedule,code/run_practical_k9_validation.py,a17cf262ba8fc458cf1b285c5dfe2f5a0a009008333f289698eb5146b84adb21,high_redundancy,14,77,0,"[0, 0, 0, 0, 0.5]","[0,1,2,3,4]",shunt,NA,NA,NA,NA,NA,NA,NA,NA,NA,NA,NA,NA,NA,NA,NA,NA,NA,NA,NA,NA,NA,NA,NA,NA,NA,NA,NA,NA,NA,NA,NA,NA,NA,NA,NA,NA,NA,NA,NA,NA,NA,NA,NA,NA,NA,NA,NA,NA,NA
3,b,query_schedule,code/run_practical_k9_validation.py,a17cf262ba8fc458cf1b285c5dfe2f5a0a009008333f289698eb5146b84adb21,high_redundancy,15,77,0,"[0, 0, 0, 0, 2]","[0,1,2,3,4]",shunt,NA,NA,NA,NA,NA,NA,NA,NA,NA,NA,NA,NA,NA,NA,NA,NA,NA,NA,NA,NA,NA,NA,NA,NA,NA,NA,NA,NA,NA,NA,NA,NA,NA,NA,NA,NA,NA,NA,NA,NA,NA,NA,NA,NA,NA,NA,NA,NA,NA
3,b,query_schedule,code/run_practical_k9_validation.py,a17cf262ba8fc458cf1b285c5dfe2f5a0a009008333f289698eb5146b84adb21,high_redundancy,16,77,0,"[0, 0, 0, 0, 10]","[0,1,2,3,4]",shunt,NA,NA,NA,NA,NA,NA,NA,NA,NA,NA,NA,NA,NA,NA,NA,NA,NA,NA,NA,NA,NA,NA,NA,NA,NA,NA,NA,NA,NA,NA,NA,NA,NA,NA,NA,NA,NA,NA,NA,NA,NA,NA,NA,NA,NA,NA,NA,NA,NA
3,b,query_schedule,code/run_practical_k9_validation.py,a17cf262ba8fc458cf1b285c5dfe2f5a0a009008333f289698eb5146b84adb21,high_redundancy,17,77,0,"[0, 0, 0, 0, 50]","[0,1,2,3,4]",shunt,NA,NA,NA,NA,NA,NA,NA,NA,NA,NA,NA,NA,NA,NA,NA,NA,NA,NA,NA,NA,NA,NA,NA,NA,NA,NA,NA,NA,NA,NA,NA,NA,NA,NA,NA,NA,NA,NA,NA,NA,NA,NA,NA,NA,NA,NA,NA,NA,NA
3,b,query_schedule,code/run_practical_k9_validation.py,a17cf262ba8fc458cf1b285c5dfe2f5a0a009008333f289698eb5146b84adb21,high_redundancy,18,77,0,"[0, 0.5, 0.5, 0, 0]","[0,1,2,3,4]",shunt,NA,NA,NA,NA,NA,NA,NA,NA,NA,NA,NA,NA,NA,NA,NA,NA,NA,NA,NA,NA,NA,NA,NA,NA,NA,NA,NA,NA,NA,NA,NA,NA,NA,NA,NA,NA,NA,NA,NA,NA,NA,NA,NA,NA,NA,NA,NA,NA,NA
3,b,query_schedule,code/run_practical_k9_validation.py,a17cf262ba8fc458cf1b285c5dfe2f5a0a009008333f289698eb5146b84adb21,high_redundancy,19,77,0,"[0, 2, 2, 0, 0]","[0,1,2,3,4]",shunt,NA,NA,NA,NA,NA,NA,NA,NA,NA,NA,NA,NA,NA,NA,NA,NA,NA,NA,NA,NA,NA,NA,NA,NA,NA,NA,NA,NA,NA,NA,NA,NA,NA,NA,NA,NA,NA,NA,NA,NA,NA,NA,NA,NA,NA,NA,NA,NA,NA
3,b,query_schedule,code/run_practical_k9_validation.py,a17cf262ba8fc458cf1b285c5dfe2f5a0a009008333f289698eb5146b84adb21,high_redundancy,20,77,0,"[0, 10, 10, 0, 0]","[0,1,2,3,4]",shunt,NA,NA,NA,NA,NA,NA,NA,NA,NA,NA,NA,NA,NA,NA,NA,NA,NA,NA,NA,NA,NA,NA,NA,NA,NA,NA,NA,NA,NA,NA,NA,NA,NA,NA,NA,NA,NA,NA,NA,NA,NA,NA,NA,NA,NA,NA,NA,NA,NA
3,b,query_schedule,code/run_practical_k9_validation.py,a17cf262ba8fc458cf1b285c5dfe2f5a0a009008333f289698eb5146b84adb21,high_redundancy,21,77,0,"[0, 0.5, 0, 0.5, 0]","[0,1,2,3,4]",shunt,NA,NA,NA,NA,NA,NA,NA,NA,NA,NA,NA,NA,NA,NA,NA,NA,NA,NA,NA,NA,NA,NA,NA,NA,NA,NA,NA,NA,NA,NA,NA,NA,NA,NA,NA,NA,NA,NA,NA,NA,NA,NA,NA,NA,NA,NA,NA,NA,NA
3,b,query_schedule,code/run_practical_k9_validation.py,a17cf262ba8fc458cf1b285c5dfe2f5a0a009008333f289698eb5146b84adb21,high_redundancy,22,77,0,"[0, 2, 0, 2, 0]","[0,1,2,3,4]",shunt,NA,NA,NA,NA,NA,NA,NA,NA,NA,NA,NA,NA,NA,NA,NA,NA,NA,NA,NA,NA,NA,NA,NA,NA,NA,NA,NA,NA,NA,NA,NA,NA,NA,NA,NA,NA,NA,NA,NA,NA,NA,NA,NA,NA,NA,NA,NA,NA,NA
3,b,query_schedule,code/run_practical_k9_validation.py,a17cf262ba8fc458cf1b285c5dfe2f5a0a009008333f289698eb5146b84adb21,high_redundancy,23,77,0,"[0, 10, 0, 10, 0]","[0,1,2,3,4]",shunt,NA,NA,NA,NA,NA,NA,NA,NA,NA,NA,NA,NA,NA,NA,NA,NA,NA,NA,NA,NA,NA,NA,NA,NA,NA,NA,NA,NA,NA,NA,NA,NA,NA,NA,NA,NA,NA,NA,NA,NA,NA,NA,NA,NA,NA,NA,NA,NA,NA
3,b,query_schedule,code/run_practical_k9_validation.py,a17cf262ba8fc458cf1b285c5dfe2f5a0a009008333f289698eb5146b84adb21,high_redundancy,24,77,0,"[0, 0.5, 0, 0, 0.5]","[0,1,2,3,4]",shunt,NA,NA,NA,NA,NA,NA,NA,NA,NA,NA,NA,NA,NA,NA,NA,NA,NA,NA,NA,NA,NA,NA,NA,NA,NA,NA,NA,NA,NA,NA,NA,NA,NA,NA,NA,NA,NA,NA,NA,NA,NA,NA,NA,NA,NA,NA,NA,NA,NA
3,b,query_schedule,code/run_practical_k9_validation.py,a17cf262ba8fc458cf1b285c5dfe2f5a0a009008333f289698eb5146b84adb21,high_redundancy,25,77,0,"[0, 2, 0, 0, 2]","[0,1,2,3,4]",shunt,NA,NA,NA,NA,NA,NA,NA,NA,NA,NA,NA,NA,NA,NA,NA,NA,NA,NA,NA,NA,NA,NA,NA,NA,NA,NA,NA,NA,NA,NA,NA,NA,NA,NA,NA,NA,NA,NA,NA,NA,NA,NA,NA,NA,NA,NA,NA,NA,NA
3,b,query_schedule,code/run_practical_k9_validation.py,a17cf262ba8fc458cf1b285c5dfe2f5a0a009008333f289698eb5146b84adb21,high_redundancy,26,77,0,"[0, 10, 0, 0, 10]","[0,1,2,3,4]",shunt,NA,NA,NA,NA,NA,NA,NA,NA,NA,NA,NA,NA,NA,NA,NA,NA,NA,NA,NA,NA,NA,NA,NA,NA,NA,NA,NA,NA,NA,NA,NA,NA,NA,NA,NA,NA,NA,NA,NA,NA,NA,NA,NA,NA,NA,NA,NA,NA,NA
3,b,query_schedule,code/run_practical_k9_validation.py,a17cf262ba8fc458cf1b285c5dfe2f5a0a009008333f289698eb5146b84adb21,high_redundancy,27,77,0,"[0, 0, 0.5, 0.5, 0]","[0,1,2,3,4]",shunt,NA,NA,NA,NA,NA,NA,NA,NA,NA,NA,NA,NA,NA,NA,NA,NA,NA,NA,NA,NA,NA,NA,NA,NA,NA,NA,NA,NA,NA,NA,NA,NA,NA,NA,NA,NA,NA,NA,NA,NA,NA,NA,NA,NA,NA,NA,NA,NA,NA
3,b,query_schedule,code/run_practical_k9_validation.py,a17cf262ba8fc458cf1b285c5dfe2f5a0a009008333f289698eb5146b84adb21,high_redundancy,28,77,0,"[0, 0, 2, 2, 0]","[0,1,2,3,4]",shunt,NA,NA,NA,NA,NA,NA,NA,NA,NA,NA,NA,NA,NA,NA,NA,NA,NA,NA,NA,NA,NA,NA,NA,NA,NA,NA,NA,NA,NA,NA,NA,NA,NA,NA,NA,NA,NA,NA,NA,NA,NA,NA,NA,NA,NA,NA,NA,NA,NA
3,b,query_schedule,code/run_practical_k9_validation.py,a17cf262ba8fc458cf1b285c5dfe2f5a0a009008333f289698eb5146b84adb21,high_redundancy,29,77,0,"[0, 0, 10, 10, 0]","[0,1,2,3,4]",shunt,NA,NA,NA,NA,NA,NA,NA,NA,NA,NA,NA,NA,NA,NA,NA,NA,NA,NA,NA,NA,NA,NA,NA,NA,NA,NA,NA,NA,NA,NA,NA,NA,NA,NA,NA,NA,NA,NA,NA,NA,NA,NA,NA,NA,NA,NA,NA,NA,NA
3,b,query_schedule,code/run_practical_k9_validation.py,a17cf262ba8fc458cf1b285c5dfe2f5a0a009008333f289698eb5146b84adb21,high_redundancy,30,77,0,"[0, 0, 0.5, 0, 0.5]","[0,1,2,3,4]",shunt,NA,NA,NA,NA,NA,NA,NA,NA,NA,NA,NA,NA,NA,NA,NA,NA,NA,NA,NA,NA,NA,NA,NA,NA,NA,NA,NA,NA,NA,NA,NA,NA,NA,NA,NA,NA,NA,NA,NA,NA,NA,NA,NA,NA,NA,NA,NA,NA,NA
3,b,query_schedule,code/run_practical_k9_validation.py,a17cf262ba8fc458cf1b285c5dfe2f5a0a009008333f289698eb5146b84adb21,high_redundancy,31,77,0,"[0, 0, 2, 0, 2]","[0,1,2,3,4]",shunt,NA,NA,NA,NA,NA,NA,NA,NA,NA,NA,NA,NA,NA,NA,NA,NA,NA,NA,NA,NA,NA,NA,NA,NA,NA,NA,NA,NA,NA,NA,NA,NA,NA,NA,NA,NA,NA,NA,NA,NA,NA,NA,NA,NA,NA,NA,NA,NA,NA
3,b,query_schedule,code/run_practical_k9_validation.py,a17cf262ba8fc458cf1b285c5dfe2f5a0a009008333f289698eb5146b84adb21,high_redundancy,32,77,0,"[0, 0, 10, 0, 10]","[0,1,2,3,4]",shunt,NA,NA,NA,NA,NA,NA,NA,NA,NA,NA,NA,NA,NA,NA,NA,NA,NA,NA,NA,NA,NA,NA,NA,NA,NA,NA,NA,NA,NA,NA,NA,NA,NA,NA,NA,NA,NA,NA,NA,NA,NA,NA,NA,NA,NA,NA,NA,NA,NA
3,b,query_schedule,code/run_practical_k9_validation.py,a17cf262ba8fc458cf1b285c5dfe2f5a0a009008333f289698eb5146b84adb21,high_redundancy,33,77,0,"[0, 0, 0, 0.5, 0.5]","[0,1,2,3,4]",shunt,NA,NA,NA,NA,NA,NA,NA,NA,NA,NA,NA,NA,NA,NA,NA,NA,NA,NA,NA,NA,NA,NA,NA,NA,NA,NA,NA,NA,NA,NA,NA,NA,NA,NA,NA,NA,NA,NA,NA,NA,NA,NA,NA,NA,NA,NA,NA,NA,NA
3,b,query_schedule,code/run_practical_k9_validation.py,a17cf262ba8fc458cf1b285c5dfe2f5a0a009008333f289698eb5146b84adb21,high_redundancy,34,77,0,"[0, 0, 0, 2, 2]","[0,1,2,3,4]",shunt,NA,NA,NA,NA,NA,NA,NA,NA,NA,NA,NA,NA,NA,NA,NA,NA,NA,NA,NA,NA,NA,NA,NA,NA,NA,NA,NA,NA,NA,NA,NA,NA,NA,NA,NA,NA,NA,NA,NA,NA,NA,NA,NA,NA,NA,NA,NA,NA,NA
3,b,query_schedule,code/run_practical_k9_validation.py,a17cf262ba8fc458cf1b285c5dfe2f5a0a009008333f289698eb5146b84adb21,high_redundancy,35,77,0,"[0, 0, 0, 10, 10]","[0,1,2,3,4]",shunt,NA,NA,NA,NA,NA,NA,NA,NA,NA,NA,NA,NA,NA,NA,NA,NA,NA,NA,NA,NA,NA,NA,NA,NA,NA,NA,NA,NA,NA,NA,NA,NA,NA,NA,NA,NA,NA,NA,NA,NA,NA,NA,NA,NA,NA,NA,NA,NA,NA
3,b,query_schedule,code/run_practical_k9_validation.py,a17cf262ba8fc458cf1b285c5dfe2f5a0a009008333f289698eb5146b84adb21,high_redundancy,36,77,1,"[0,0,0,0,0]","[0,1,2,3,4]",baseline,NA,NA,NA,NA,NA,NA,NA,NA,NA,NA,NA,NA,NA,NA,NA,NA,NA,NA,NA,NA,NA,NA,NA,NA,NA,NA,NA,NA,NA,NA,NA,NA,NA,NA,NA,NA,NA,NA,NA,NA,NA,NA,NA,NA,NA,NA,NA,NA,NA
3,b,query_schedule,code/run_practical_k9_validation.py,a17cf262ba8fc458cf1b285c5dfe2f5a0a009008333f289698eb5146b84adb21,high_redundancy,37,77,1,"[0,0,0,0,0]","[0,1,2,3,4]",baseline,NA,NA,NA,NA,NA,NA,NA,NA,NA,NA,NA,NA,NA,NA,NA,NA,NA,NA,NA,NA,NA,NA,NA,NA,NA,NA,NA,NA,NA,NA,NA,NA,NA,NA,NA,NA,NA,NA,NA,NA,NA,NA,NA,NA,NA,NA,NA,NA,NA
3,b,query_schedule,code/run_practical_k9_validation.py,a17cf262ba8fc458cf1b285c5dfe2f5a0a009008333f289698eb5146b84adb21,high_redundancy,38,77,1,"[0, 0.5, 0, 0, 0]","[0,1,2,3,4]",shunt,NA,NA,NA,NA,NA,NA,NA,NA,NA,NA,NA,NA,NA,NA,NA,NA,NA,NA,NA,NA,NA,NA,NA,NA,NA,NA,NA,NA,NA,NA,NA,NA,NA,NA,NA,NA,NA,NA,NA,NA,NA,NA,NA,NA,NA,NA,NA,NA,NA
3,b,query_schedule,code/run_practical_k9_validation.py,a17cf262ba8fc458cf1b285c5dfe2f5a0a009008333f289698eb5146b84adb21,high_redundancy,39,77,1,"[0, 2, 0, 0, 0]","[0,1,2,3,4]",shunt,NA,NA,NA,NA,NA,NA,NA,NA,NA,NA,NA,NA,NA,NA,NA,NA,NA,NA,NA,NA,NA,NA,NA,NA,NA,NA,NA,NA,NA,NA,NA,NA,NA,NA,NA,NA,NA,NA,NA,NA,NA,NA,NA,NA,NA,NA,NA,NA,NA
3,b,query_schedule,code/run_practical_k9_validation.py,a17cf262ba8fc458cf1b285c5dfe2f5a0a009008333f289698eb5146b84adb21,high_redundancy,40,77,1,"[0, 10, 0, 0, 0]","[0,1,2,3,4]",shunt,NA,NA,NA,NA,NA,NA,NA,NA,NA,NA,NA,NA,NA,NA,NA,NA,NA,NA,NA,NA,NA,NA,NA,NA,NA,NA,NA,NA,NA,NA,NA,NA,NA,NA,NA,NA,NA,NA,NA,NA,NA,NA,NA,NA,NA,NA,NA,NA,NA
3,b,query_schedule,code/run_practical_k9_validation.py,a17cf262ba8fc458cf1b285c5dfe2f5a0a009008333f289698eb5146b84adb21,high_redundancy,41,77,1,"[0, 50, 0, 0, 0]","[0,1,2,3,4]",shunt,NA,NA,NA,NA,NA,NA,NA,NA,NA,NA,NA,NA,NA,NA,NA,NA,NA,NA,NA,NA,NA,NA,NA,NA,NA,NA,NA,NA,NA,NA,NA,NA,NA,NA,NA,NA,NA,NA,NA,NA,NA,NA,NA,NA,NA,NA,NA,NA,NA
3,b,query_schedule,code/run_practical_k9_validation.py,a17cf262ba8fc458cf1b285c5dfe2f5a0a009008333f289698eb5146b84adb21,high_redundancy,42,77,1,"[0, 0, 0.5, 0, 0]","[0,1,2,3,4]",shunt,NA,NA,NA,NA,NA,NA,NA,NA,NA,NA,NA,NA,NA,NA,NA,NA,NA,NA,NA,NA,NA,NA,NA,NA,NA,NA,NA,NA,NA,NA,NA,NA,NA,NA,NA,NA,NA,NA,NA,NA,NA,NA,NA,NA,NA,NA,NA,NA,NA
3,b,query_schedule,code/run_practical_k9_validation.py,a17cf262ba8fc458cf1b285c5dfe2f5a0a009008333f289698eb5146b84adb21,high_redundancy,43,77,1,"[0, 0, 2, 0, 0]","[0,1,2,3,4]",shunt,NA,NA,NA,NA,NA,NA,NA,NA,NA,NA,NA,NA,NA,NA,NA,NA,NA,NA,NA,NA,NA,NA,NA,NA,NA,NA,NA,NA,NA,NA,NA,NA,NA,NA,NA,NA,NA,NA,NA,NA,NA,NA,NA,NA,NA,NA,NA,NA,NA
3,b,query_schedule,code/run_practical_k9_validation.py,a17cf262ba8fc458cf1b285c5dfe2f5a0a009008333f289698eb5146b84adb21,high_redundancy,44,77,1,"[0, 0, 10, 0, 0]","[0,1,2,3,4]",shunt,NA,NA,NA,NA,NA,NA,NA,NA,NA,NA,NA,NA,NA,NA,NA,NA,NA,NA,NA,NA,NA,NA,NA,NA,NA,NA,NA,NA,NA,NA,NA,NA,NA,NA,NA,NA,NA,NA,NA,NA,NA,NA,NA,NA,NA,NA,NA,NA,NA
3,b,query_schedule,code/run_practical_k9_validation.py,a17cf262ba8fc458cf1b285c5dfe2f5a0a009008333f289698eb5146b84adb21,high_redundancy,45,77,1,"[0, 0, 50, 0, 0]","[0,1,2,3,4]",shunt,NA,NA,NA,NA,NA,NA,NA,NA,NA,NA,NA,NA,NA,NA,NA,NA,NA,NA,NA,NA,NA,NA,NA,NA,NA,NA,NA,NA,NA,NA,NA,NA,NA,NA,NA,NA,NA,NA,NA,NA,NA,NA,NA,NA,NA,NA,NA,NA,NA
3,b,query_schedule,code/run_practical_k9_validation.py,a17cf262ba8fc458cf1b285c5dfe2f5a0a009008333f289698eb5146b84adb21,high_redundancy,46,77,1,"[0, 0, 0, 0.5, 0]","[0,1,2,3,4]",shunt,NA,NA,NA,NA,NA,NA,NA,NA,NA,NA,NA,NA,NA,NA,NA,NA,NA,NA,NA,NA,NA,NA,NA,NA,NA,NA,NA,NA,NA,NA,NA,NA,NA,NA,NA,NA,NA,NA,NA,NA,NA,NA,NA,NA,NA,NA,NA,NA,NA
3,b,query_schedule,code/run_practical_k9_validation.py,a17cf262ba8fc458cf1b285c5dfe2f5a0a009008333f289698eb5146b84adb21,high_redundancy,47,77,1,"[0, 0, 0, 2, 0]","[0,1,2,3,4]",shunt,NA,NA,NA,NA,NA,NA,NA,NA,NA,NA,NA,NA,NA,NA,NA,NA,NA,NA,NA,NA,NA,NA,NA,NA,NA,NA,NA,NA,NA,NA,NA,NA,NA,NA,NA,NA,NA,NA,NA,NA,NA,NA,NA,NA,NA,NA,NA,NA,NA
3,b,query_schedule,code/run_practical_k9_validation.py,a17cf262ba8fc458cf1b285c5dfe2f5a0a009008333f289698eb5146b84adb21,high_redundancy,48,77,1,"[0, 0, 0, 10, 0]","[0,1,2,3,4]",shunt,NA,NA,NA,NA,NA,NA,NA,NA,NA,NA,NA,NA,NA,NA,NA,NA,NA,NA,NA,NA,NA,NA,NA,NA,NA,NA,NA,NA,NA,NA,NA,NA,NA,NA,NA,NA,NA,NA,NA,NA,NA,NA,NA,NA,NA,NA,NA,NA,NA
3,b,query_schedule,code/run_practical_k9_validation.py,a17cf262ba8fc458cf1b285c5dfe2f5a0a009008333f289698eb5146b84adb21,high_redundancy,49,77,1,"[0, 0, 0, 50, 0]","[0,1,2,3,4]",shunt,NA,NA,NA,NA,NA,NA,NA,NA,NA,NA,NA,NA,NA,NA,NA,NA,NA,NA,NA,NA,NA,NA,NA,NA,NA,NA,NA,NA,NA,NA,NA,NA,NA,NA,NA,NA,NA,NA,NA,NA,NA,NA,NA,NA,NA,NA,NA,NA,NA
3,b,query_schedule,code/run_practical_k9_validation.py,a17cf262ba8fc458cf1b285c5dfe2f5a0a009008333f289698eb5146b84adb21,high_redundancy,50,77,1,"[0, 0, 0, 0, 0.5]","[0,1,2,3,4]",shunt,NA,NA,NA,NA,NA,NA,NA,NA,NA,NA,NA,NA,NA,NA,NA,NA,NA,NA,NA,NA,NA,NA,NA,NA,NA,NA,NA,NA,NA,NA,NA,NA,NA,NA,NA,NA,NA,NA,NA,NA,NA,NA,NA,NA,NA,NA,NA,NA,NA
3,b,query_schedule,code/run_practical_k9_validation.py,a17cf262ba8fc458cf1b285c5dfe2f5a0a009008333f289698eb5146b84adb21,high_redundancy,51,77,1,"[0, 0, 0, 0, 2]","[0,1,2,3,4]",shunt,NA,NA,NA,NA,NA,NA,NA,NA,NA,NA,NA,NA,NA,NA,NA,NA,NA,NA,NA,NA,NA,NA,NA,NA,NA,NA,NA,NA,NA,NA,NA,NA,NA,NA,NA,NA,NA,NA,NA,NA,NA,NA,NA,NA,NA,NA,NA,NA,NA
3,b,query_schedule,code/run_practical_k9_validation.py,a17cf262ba8fc458cf1b285c5dfe2f5a0a009008333f289698eb5146b84adb21,high_redundancy,52,77,1,"[0, 0, 0, 0, 10]","[0,1,2,3,4]",shunt,NA,NA,NA,NA,NA,NA,NA,NA,NA,NA,NA,NA,NA,NA,NA,NA,NA,NA,NA,NA,NA,NA,NA,NA,NA,NA,NA,NA,NA,NA,NA,NA,NA,NA,NA,NA,NA,NA,NA,NA,NA,NA,NA,NA,NA,NA,NA,NA,NA
3,b,query_schedule,code/run_practical_k9_validation.py,a17cf262ba8fc458cf1b285c5dfe2f5a0a009008333f289698eb5146b84adb21,high_redundancy,53,77,1,"[0, 0, 0, 0, 50]","[0,1,2,3,4]",shunt,NA,NA,NA,NA,NA,NA,NA,NA,NA,NA,NA,NA,NA,NA,NA,NA,NA,NA,NA,NA,NA,NA,NA,NA,NA,NA,NA,NA,NA,NA,NA,NA,NA,NA,NA,NA,NA,NA,NA,NA,NA,NA,NA,NA,NA,NA,NA,NA,NA
3,b,query_schedule,code/run_practical_k9_validation.py,a17cf262ba8fc458cf1b285c5dfe2f5a0a009008333f289698eb5146b84adb21,high_redundancy,54,77,1,"[0, 0.5, 0.5, 0, 0]","[0,1,2,3,4]",shunt,NA,NA,NA,NA,NA,NA,NA,NA,NA,NA,NA,NA,NA,NA,NA,NA,NA,NA,NA,NA,NA,NA,NA,NA,NA,NA,NA,NA,NA,NA,NA,NA,NA,NA,NA,NA,NA,NA,NA,NA,NA,NA,NA,NA,NA,NA,NA,NA,NA
3,b,query_schedule,code/run_practical_k9_validation.py,a17cf262ba8fc458cf1b285c5dfe2f5a0a009008333f289698eb5146b84adb21,high_redundancy,55,77,1,"[0, 2, 2, 0, 0]","[0,1,2,3,4]",shunt,NA,NA,NA,NA,NA,NA,NA,NA,NA,NA,NA,NA,NA,NA,NA,NA,NA,NA,NA,NA,NA,NA,NA,NA,NA,NA,NA,NA,NA,NA,NA,NA,NA,NA,NA,NA,NA,NA,NA,NA,NA,NA,NA,NA,NA,NA,NA,NA,NA
3,b,query_schedule,code/run_practical_k9_validation.py,a17cf262ba8fc458cf1b285c5dfe2f5a0a009008333f289698eb5146b84adb21,high_redundancy,56,77,1,"[0, 10, 10, 0, 0]","[0,1,2,3,4]",shunt,NA,NA,NA,NA,NA,NA,NA,NA,NA,NA,NA,NA,NA,NA,NA,NA,NA,NA,NA,NA,NA,NA,NA,NA,NA,NA,NA,NA,NA,NA,NA,NA,NA,NA,NA,NA,NA,NA,NA,NA,NA,NA,NA,NA,NA,NA,NA,NA,NA
3,b,query_schedule,code/run_practical_k9_validation.py,a17cf262ba8fc458cf1b285c5dfe2f5a0a009008333f289698eb5146b84adb21,high_redundancy,57,77,1,"[0, 0.5, 0, 0.5, 0]","[0,1,2,3,4]",shunt,NA,NA,NA,NA,NA,NA,NA,NA,NA,NA,NA,NA,NA,NA,NA,NA,NA,NA,NA,NA,NA,NA,NA,NA,NA,NA,NA,NA,NA,NA,NA,NA,NA,NA,NA,NA,NA,NA,NA,NA,NA,NA,NA,NA,NA,NA,NA,NA,NA
3,b,query_schedule,code/run_practical_k9_validation.py,a17cf262ba8fc458cf1b285c5dfe2f5a0a009008333f289698eb5146b84adb21,high_redundancy,58,77,1,"[0, 2, 0, 2, 0]","[0,1,2,3,4]",shunt,NA,NA,NA,NA,NA,NA,NA,NA,NA,NA,NA,NA,NA,NA,NA,NA,NA,NA,NA,NA,NA,NA,NA,NA,NA,NA,NA,NA,NA,NA,NA,NA,NA,NA,NA,NA,NA,NA,NA,NA,NA,NA,NA,NA,NA,NA,NA,NA,NA
3,b,query_schedule,code/run_practical_k9_validation.py,a17cf262ba8fc458cf1b285c5dfe2f5a0a009008333f289698eb5146b84adb21,high_redundancy,59,77,1,"[0, 10, 0, 10, 0]","[0,1,2,3,4]",shunt,NA,NA,NA,NA,NA,NA,NA,NA,NA,NA,NA,NA,NA,NA,NA,NA,NA,NA,NA,NA,NA,NA,NA,NA,NA,NA,NA,NA,NA,NA,NA,NA,NA,NA,NA,NA,NA,NA,NA,NA,NA,NA,NA,NA,NA,NA,NA,NA,NA
3,b,query_schedule,code/run_practical_k9_validation.py,a17cf262ba8fc458cf1b285c5dfe2f5a0a009008333f289698eb5146b84adb21,high_redundancy,60,77,1,"[0, 0.5, 0, 0, 0.5]","[0,1,2,3,4]",shunt,NA,NA,NA,NA,NA,NA,NA,NA,NA,NA,NA,NA,NA,NA,NA,NA,NA,NA,NA,NA,NA,NA,NA,NA,NA,NA,NA,NA,NA,NA,NA,NA,NA,NA,NA,NA,NA,NA,NA,NA,NA,NA,NA,NA,NA,NA,NA,NA,NA
3,b,query_schedule,code/run_practical_k9_validation.py,a17cf262ba8fc458cf1b285c5dfe2f5a0a009008333f289698eb5146b84adb21,high_redundancy,61,77,1,"[0, 2, 0, 0, 2]","[0,1,2,3,4]",shunt,NA,NA,NA,NA,NA,NA,NA,NA,NA,NA,NA,NA,NA,NA,NA,NA,NA,NA,NA,NA,NA,NA,NA,NA,NA,NA,NA,NA,NA,NA,NA,NA,NA,NA,NA,NA,NA,NA,NA,NA,NA,NA,NA,NA,NA,NA,NA,NA,NA
3,b,query_schedule,code/run_practical_k9_validation.py,a17cf262ba8fc458cf1b285c5dfe2f5a0a009008333f289698eb5146b84adb21,high_redundancy,62,77,1,"[0, 10, 0, 0, 10]","[0,1,2,3,4]",shunt,NA,NA,NA,NA,NA,NA,NA,NA,NA,NA,NA,NA,NA,NA,NA,NA,NA,NA,NA,NA,NA,NA,NA,NA,NA,NA,NA,NA,NA,NA,NA,NA,NA,NA,NA,NA,NA,NA,NA,NA,NA,NA,NA,NA,NA,NA,NA,NA,NA
3,b,query_schedule,code/run_practical_k9_validation.py,a17cf262ba8fc458cf1b285c5dfe2f5a0a009008333f289698eb5146b84adb21,high_redundancy,63,77,1,"[0, 0, 0.5, 0.5, 0]","[0,1,2,3,4]",shunt,NA,NA,NA,NA,NA,NA,NA,NA,NA,NA,NA,NA,NA,NA,NA,NA,NA,NA,NA,NA,NA,NA,NA,NA,NA,NA,NA,NA,NA,NA,NA,NA,NA,NA,NA,NA,NA,NA,NA,NA,NA,NA,NA,NA,NA,NA,NA,NA,NA
3,b,query_schedule,code/run_practical_k9_validation.py,a17cf262ba8fc458cf1b285c5dfe2f5a0a009008333f289698eb5146b84adb21,high_redundancy,64,77,1,"[0, 0, 2, 2, 0]","[0,1,2,3,4]",shunt,NA,NA,NA,NA,NA,NA,NA,NA,NA,NA,NA,NA,NA,NA,NA,NA,NA,NA,NA,NA,NA,NA,NA,NA,NA,NA,NA,NA,NA,NA,NA,NA,NA,NA,NA,NA,NA,NA,NA,NA,NA,NA,NA,NA,NA,NA,NA,NA,NA
3,b,query_schedule,code/run_practical_k9_validation.py,a17cf262ba8fc458cf1b285c5dfe2f5a0a009008333f289698eb5146b84adb21,high_redundancy,65,77,1,"[0, 0, 10, 10, 0]","[0,1,2,3,4]",shunt,NA,NA,NA,NA,NA,NA,NA,NA,NA,NA,NA,NA,NA,NA,NA,NA,NA,NA,NA,NA,NA,NA,NA,NA,NA,NA,NA,NA,NA,NA,NA,NA,NA,NA,NA,NA,NA,NA,NA,NA,NA,NA,NA,NA,NA,NA,NA,NA,NA
3,b,query_schedule,code/run_practical_k9_validation.py,a17cf262ba8fc458cf1b285c5dfe2f5a0a009008333f289698eb5146b84adb21,high_redundancy,66,77,1,"[0, 0, 0.5, 0, 0.5]","[0,1,2,3,4]",shunt,NA,NA,NA,NA,NA,NA,NA,NA,NA,NA,NA,NA,NA,NA,NA,NA,NA,NA,NA,NA,NA,NA,NA,NA,NA,NA,NA,NA,NA,NA,NA,NA,NA,NA,NA,NA,NA,NA,NA,NA,NA,NA,NA,NA,NA,NA,NA,NA,NA
3,b,query_schedule,code/run_practical_k9_validation.py,a17cf262ba8fc458cf1b285c5dfe2f5a0a009008333f289698eb5146b84adb21,high_redundancy,67,77,1,"[0, 0, 2, 0, 2]","[0,1,2,3,4]",shunt,NA,NA,NA,NA,NA,NA,NA,NA,NA,NA,NA,NA,NA,NA,NA,NA,NA,NA,NA,NA,NA,NA,NA,NA,NA,NA,NA,NA,NA,NA,NA,NA,NA,NA,NA,NA,NA,NA,NA,NA,NA,NA,NA,NA,NA,NA,NA,NA,NA
3,b,query_schedule,code/run_practical_k9_validation.py,a17cf262ba8fc458cf1b285c5dfe2f5a0a009008333f289698eb5146b84adb21,high_redundancy,68,77,1,"[0, 0, 10, 0, 10]","[0,1,2,3,4]",shunt,NA,NA,NA,NA,NA,NA,NA,NA,NA,NA,NA,NA,NA,NA,NA,NA,NA,NA,NA,NA,NA,NA,NA,NA,NA,NA,NA,NA,NA,NA,NA,NA,NA,NA,NA,NA,NA,NA,NA,NA,NA,NA,NA,NA,NA,NA,NA,NA,NA
3,b,query_schedule,code/run_practical_k9_validation.py,a17cf262ba8fc458cf1b285c5dfe2f5a0a009008333f289698eb5146b84adb21,high_redundancy,69,77,1,"[0, 0, 0, 0.5, 0.5]","[0,1,2,3,4]",shunt,NA,NA,NA,NA,NA,NA,NA,NA,NA,NA,NA,NA,NA,NA,NA,NA,NA,NA,NA,NA,NA,NA,NA,NA,NA,NA,NA,NA,NA,NA,NA,NA,NA,NA,NA,NA,NA,NA,NA,NA,NA,NA,NA,NA,NA,NA,NA,NA,NA
3,b,query_schedule,code/run_practical_k9_validation.py,a17cf262ba8fc458cf1b285c5dfe2f5a0a009008333f289698eb5146b84adb21,high_redundancy,70,77,1,"[0, 0, 0, 2, 2]","[0,1,2,3,4]",shunt,NA,NA,NA,NA,NA,NA,NA,NA,NA,NA,NA,NA,NA,NA,NA,NA,NA,NA,NA,NA,NA,NA,NA,NA,NA,NA,NA,NA,NA,NA,NA,NA,NA,NA,NA,NA,NA,NA,NA,NA,NA,NA,NA,NA,NA,NA,NA,NA,NA
3,b,query_schedule,code/run_practical_k9_validation.py,a17cf262ba8fc458cf1b285c5dfe2f5a0a009008333f289698eb5146b84adb21,high_redundancy,71,77,1,"[0, 0, 0, 10, 10]","[0,1,2,3,4]",shunt,NA,NA,NA,NA,NA,NA,NA,NA,NA,NA,NA,NA,NA,NA,NA,NA,NA,NA,NA,NA,NA,NA,NA,NA,NA,NA,NA,NA,NA,NA,NA,NA,NA,NA,NA,NA,NA,NA,NA,NA,NA,NA,NA,NA,NA,NA,NA,NA,NA
3,b,query_schedule,code/run_practical_k9_validation.py,a17cf262ba8fc458cf1b285c5dfe2f5a0a009008333f289698eb5146b84adb21,high_redundancy,72,77,1,"[0,0,0,0,0]",[0],clamp,NA,NA,NA,NA,NA,NA,NA,NA,NA,NA,NA,NA,NA,NA,NA,NA,NA,NA,NA,NA,NA,NA,NA,NA,NA,NA,NA,NA,NA,NA,NA,NA,NA,NA,NA,NA,NA,NA,NA,NA,NA,NA,NA,NA,NA,NA,NA,NA,NA
3,b,query_schedule,code/run_practical_k9_validation.py,a17cf262ba8fc458cf1b285c5dfe2f5a0a009008333f289698eb5146b84adb21,high_redundancy,73,77,1,"[0,0,0,0,0]","[0, 1]",clamp,NA,NA,NA,NA,NA,NA,NA,NA,NA,NA,NA,NA,NA,NA,NA,NA,NA,NA,NA,NA,NA,NA,NA,NA,NA,NA,NA,NA,NA,NA,NA,NA,NA,NA,NA,NA,NA,NA,NA,NA,NA,NA,NA,NA,NA,NA,NA,NA,NA
3,b,query_schedule,code/run_practical_k9_validation.py,a17cf262ba8fc458cf1b285c5dfe2f5a0a009008333f289698eb5146b84adb21,high_redundancy,74,77,1,"[0,0,0,0,0]","[0, 2]",clamp,NA,NA,NA,NA,NA,NA,NA,NA,NA,NA,NA,NA,NA,NA,NA,NA,NA,NA,NA,NA,NA,NA,NA,NA,NA,NA,NA,NA,NA,NA,NA,NA,NA,NA,NA,NA,NA,NA,NA,NA,NA,NA,NA,NA,NA,NA,NA,NA,NA
3,b,query_schedule,code/run_practical_k9_validation.py,a17cf262ba8fc458cf1b285c5dfe2f5a0a009008333f289698eb5146b84adb21,high_redundancy,75,77,1,"[0,0,0,0,0]","[0, 3]",clamp,NA,NA,NA,NA,NA,NA,NA,NA,NA,NA,NA,NA,NA,NA,NA,NA,NA,NA,NA,NA,NA,NA,NA,NA,NA,NA,NA,NA,NA,NA,NA,NA,NA,NA,NA,NA,NA,NA,NA,NA,NA,NA,NA,NA,NA,NA,NA,NA,NA
3,b,query_schedule,code/run_practical_k9_validation.py,a17cf262ba8fc458cf1b285c5dfe2f5a0a009008333f289698eb5146b84adb21,high_redundancy,76,77,1,"[0,0,0,0,0]","[0, 4]",clamp,NA,NA,NA,NA,NA,NA,NA,NA,NA,NA,NA,NA,NA,NA,NA,NA,NA,NA,NA,NA,NA,NA,NA,NA,NA,NA,NA,NA,NA,NA,NA,NA,NA,NA,NA,NA,NA,NA,NA,NA,NA,NA,NA,NA,NA,NA,NA,NA,NA
3,b,design,code/run_practical_k9_validation.py,a17cf262ba8fc458cf1b285c5dfe2f5a0a009008333f289698eb5146b84adb21,minimal_exact_budget,NA,20,NA,NA,NA,NA,"Ideal adaptive n(n+3)/2 contract; actual acquired reads per retained case, refusal can stop early",NA,NA,NA,NA,NA,NA,NA,NA,NA,NA,NA,NA,NA,NA,NA,NA,NA,NA,NA,NA,NA,NA,NA,NA,NA,NA,NA,NA,NA,NA,NA,NA,NA,NA,NA,NA,NA,NA,NA,NA,NA,NA,NA,NA,NA,NA,NA,NA
3,a,node,results/public_subgraph_selection.json,2e1a6f8145eefff23a6c1dce37c76306f86fd9d4b485ac5dddaf1742f74ade9f,NA,NA,NA,NA,NA,NA,NA,NA,0,159,123.08140523105529,-172.75323325481094,known identity; display positions schematic,NA,NA,NA,NA,NA,NA,NA,NA,NA,NA,NA,NA,NA,NA,NA,NA,NA,NA,NA,NA,NA,NA,NA,NA,NA,NA,NA,NA,NA,NA,NA,NA,NA,NA,NA,NA,NA,NA,NA,NA,NA,NA,NA
3,a,node,results/public_subgraph_selection.json,2e1a6f8145eefff23a6c1dce37c76306f86fd9d4b485ac5dddaf1742f74ade9f,NA,NA,NA,NA,NA,NA,NA,NA,1,49,127.21255572028652,-175.51198001224665,known identity; display positions schematic,NA,NA,NA,NA,NA,NA,NA,NA,NA,NA,NA,NA,NA,NA,NA,NA,NA,NA,NA,NA,NA,NA,NA,NA,NA,NA,NA,NA,NA,NA,NA,NA,NA,NA,NA,NA,NA,NA,NA,NA,NA,NA,NA
3,a,node,results/public_subgraph_selection.json,2e1a6f8145eefff23a6c1dce37c76306f86fd9d4b485ac5dddaf1742f74ade9f,NA,NA,NA,NA,NA,NA,NA,NA,2,62,131.7657890286942,-176.82443377245849,known identity; display positions schematic,NA,NA,NA,NA,NA,NA,NA,NA,NA,NA,NA,NA,NA,NA,NA,NA,NA,NA,NA,NA,NA,NA,NA,NA,NA,NA,NA,NA,NA,NA,NA,NA,NA,NA,NA,NA,NA,NA,NA,NA,NA,NA,NA
3,a,node,results/public_subgraph_selection.json,2e1a6f8145eefff23a6c1dce37c76306f86fd9d4b485ac5dddaf1742f74ade9f,NA,NA,NA,NA,NA,NA,NA,NA,3,240,132.20381115830335,-178.33234456480636,known identity; display positions schematic,NA,NA,NA,NA,NA,NA,NA,NA,NA,NA,NA,NA,NA,NA,NA,NA,NA,NA,NA,NA,NA,NA,NA,NA,NA,NA,NA,NA,NA,NA,NA,NA,NA,NA,NA,NA,NA,NA,NA,NA,NA,NA,NA
3,a,node,results/public_subgraph_selection.json,2e1a6f8145eefff23a6c1dce37c76306f86fd9d4b485ac5dddaf1742f74ade9f,NA,NA,NA,NA,NA,NA,NA,NA,4,127,135.89646913255601,-181.94526068360264,known identity; display positions schematic,NA,NA,NA,NA,NA,NA,NA,NA,NA,NA,NA,NA,NA,NA,NA,NA,NA,NA,NA,NA,NA,NA,NA,NA,NA,NA,NA,NA,NA,NA,NA,NA,NA,NA,NA,NA,NA,NA,NA,NA,NA,NA,NA
3,a,candidate_edge,results/public_subgraph_selection.json,2e1a6f8145eefff23a6c1dce37c76306f86fd9d4b485ac5dddaf1742f74ade9f,NA,NA,NA,NA,NA,NA,NA,NA,NA,NA,NA,NA,all unordered pairs; no supplied adjacency,0,1,NA,NA,NA,NA,NA,NA,NA,NA,NA,NA,NA,NA,NA,NA,NA,NA,NA,NA,NA,NA,NA,NA,NA,NA,NA,NA,NA,NA,NA,NA,NA,NA,NA,NA,NA,NA,NA,NA,NA,NA,NA
3,a,candidate_edge,results/public_subgraph_selection.json,2e1a6f8145eefff23a6c1dce37c76306f86fd9d4b485ac5dddaf1742f74ade9f,NA,NA,NA,NA,NA,NA,NA,NA,NA,NA,NA,NA,all unordered pairs; no supplied adjacency,0,2,NA,NA,NA,NA,NA,NA,NA,NA,NA,NA,NA,NA,NA,NA,NA,NA,NA,NA,NA,NA,NA,NA,NA,NA,NA,NA,NA,NA,NA,NA,NA,NA,NA,NA,NA,NA,NA,NA,NA,NA,NA
3,a,candidate_edge,results/public_subgraph_selection.json,2e1a6f8145eefff23a6c1dce37c76306f86fd9d4b485ac5dddaf1742f74ade9f,NA,NA,NA,NA,NA,NA,NA,NA,NA,NA,NA,NA,all unordered pairs; no supplied adjacency,0,3,NA,NA,NA,NA,NA,NA,NA,NA,NA,NA,NA,NA,NA,NA,NA,NA,NA,NA,NA,NA,NA,NA,NA,NA,NA,NA,NA,NA,NA,NA,NA,NA,NA,NA,NA,NA,NA,NA,NA,NA,NA
3,a,candidate_edge,results/public_subgraph_selection.json,2e1a6f8145eefff23a6c1dce37c76306f86fd9d4b485ac5dddaf1742f74ade9f,NA,NA,NA,NA,NA,NA,NA,NA,NA,NA,NA,NA,all unordered pairs; no supplied adjacency,0,4,NA,NA,NA,NA,NA,NA,NA,NA,NA,NA,NA,NA,NA,NA,NA,NA,NA,NA,NA,NA,NA,NA,NA,NA,NA,NA,NA,NA,NA,NA,NA,NA,NA,NA,NA,NA,NA,NA,NA,NA,NA
3,a,candidate_edge,results/public_subgraph_selection.json,2e1a6f8145eefff23a6c1dce37c76306f86fd9d4b485ac5dddaf1742f74ade9f,NA,NA,NA,NA,NA,NA,NA,NA,NA,NA,NA,NA,all unordered pairs; no supplied adjacency,1,2,NA,NA,NA,NA,NA,NA,NA,NA,NA,NA,NA,NA,NA,NA,NA,NA,NA,NA,NA,NA,NA,NA,NA,NA,NA,NA,NA,NA,NA,NA,NA,NA,NA,NA,NA,NA,NA,NA,NA,NA,NA
3,a,candidate_edge,results/public_subgraph_selection.json,2e1a6f8145eefff23a6c1dce37c76306f86fd9d4b485ac5dddaf1742f74ade9f,NA,NA,NA,NA,NA,NA,NA,NA,NA,NA,NA,NA,all unordered pairs; no supplied adjacency,1,3,NA,NA,NA,NA,NA,NA,NA,NA,NA,NA,NA,NA,NA,NA,NA,NA,NA,NA,NA,NA,NA,NA,NA,NA,NA,NA,NA,NA,NA,NA,NA,NA,NA,NA,NA,NA,NA,NA,NA,NA,NA
3,a,candidate_edge,results/public_subgraph_selection.json,2e1a6f8145eefff23a6c1dce37c76306f86fd9d4b485ac5dddaf1742f74ade9f,NA,NA,NA,NA,NA,NA,NA,NA,NA,NA,NA,NA,all unordered pairs; no supplied adjacency,1,4,NA,NA,NA,NA,NA,NA,NA,NA,NA,NA,NA,NA,NA,NA,NA,NA,NA,NA,NA,NA,NA,NA,NA,NA,NA,NA,NA,NA,NA,NA,NA,NA,NA,NA,NA,NA,NA,NA,NA,NA,NA
3,a,candidate_edge,results/public_subgraph_selection.json,2e1a6f8145eefff23a6c1dce37c76306f86fd9d4b485ac5dddaf1742f74ade9f,NA,NA,NA,NA,NA,NA,NA,NA,NA,NA,NA,NA,all unordered pairs; no supplied adjacency,2,3,NA,NA,NA,NA,NA,NA,NA,NA,NA,NA,NA,NA,NA,NA,NA,NA,NA,NA,NA,NA,NA,NA,NA,NA,NA,NA,NA,NA,NA,NA,NA,NA,NA,NA,NA,NA,NA,NA,NA,NA,NA
3,a,candidate_edge,results/public_subgraph_selection.json,2e1a6f8145eefff23a6c1dce37c76306f86fd9d4b485ac5dddaf1742f74ade9f,NA,NA,NA,NA,NA,NA,NA,NA,NA,NA,NA,NA,all unordered pairs; no supplied adjacency,2,4,NA,NA,NA,NA,NA,NA,NA,NA,NA,NA,NA,NA,NA,NA,NA,NA,NA,NA,NA,NA,NA,NA,NA,NA,NA,NA,NA,NA,NA,NA,NA,NA,NA,NA,NA,NA,NA,NA,NA,NA,NA
3,a,candidate_edge,results/public_subgraph_selection.json,2e1a6f8145eefff23a6c1dce37c76306f86fd9d4b485ac5dddaf1742f74ade9f,NA,NA,NA,NA,NA,NA,NA,NA,NA,NA,NA,NA,all unordered pairs; no supplied adjacency,3,4,NA,NA,NA,NA,NA,NA,NA,NA,NA,NA,NA,NA,NA,NA,NA,NA,NA,NA,NA,NA,NA,NA,NA,NA,NA,NA,NA,NA,NA,NA,NA,NA,NA,NA,NA,NA,NA,NA,NA,NA,NA
3,a,held_out_truth_edge,results/public_subgraph_selection.json,2e1a6f8145eefff23a6c1dce37c76306f86fd9d4b485ac5dddaf1742f74ade9f,NA,NA,NA,NA,NA,NA,NA,NA,NA,NA,NA,NA,simulation and scoring only; not drawn as fit input,1,2,NA,NA,NA,NA,NA,NA,NA,NA,NA,NA,NA,NA,NA,NA,NA,NA,NA,NA,NA,NA,NA,NA,NA,NA,NA,NA,NA,NA,NA,NA,NA,NA,NA,NA,NA,NA,NA,NA,NA,NA,NA
3,a,held_out_truth_edge,results/public_subgraph_selection.json,2e1a6f8145eefff23a6c1dce37c76306f86fd9d4b485ac5dddaf1742f74ade9f,NA,NA,NA,NA,NA,NA,NA,NA,NA,NA,NA,NA,simulation and scoring only; not drawn as fit input,2,4,NA,NA,NA,NA,NA,NA,NA,NA,NA,NA,NA,NA,NA,NA,NA,NA,NA,NA,NA,NA,NA,NA,NA,NA,NA,NA,NA,NA,NA,NA,NA,NA,NA,NA,NA,NA,NA,NA,NA,NA,NA
3,a,held_out_truth_edge,results/public_subgraph_selection.json,2e1a6f8145eefff23a6c1dce37c76306f86fd9d4b485ac5dddaf1742f74ade9f,NA,NA,NA,NA,NA,NA,NA,NA,NA,NA,NA,NA,simulation and scoring only; not drawn as fit input,0,1,NA,NA,NA,NA,NA,NA,NA,NA,NA,NA,NA,NA,NA,NA,NA,NA,NA,NA,NA,NA,NA,NA,NA,NA,NA,NA,NA,NA,NA,NA,NA,NA,NA,NA,NA,NA,NA,NA,NA,NA,NA
3,a,held_out_truth_edge,results/public_subgraph_selection.json,2e1a6f8145eefff23a6c1dce37c76306f86fd9d4b485ac5dddaf1742f74ade9f,NA,NA,NA,NA,NA,NA,NA,NA,NA,NA,NA,NA,simulation and scoring only; not drawn as fit input,3,2,NA,NA,NA,NA,NA,NA,NA,NA,NA,NA,NA,NA,NA,NA,NA,NA,NA,NA,NA,NA,NA,NA,NA,NA,NA,NA,NA,NA,NA,NA,NA,NA,NA,NA,NA,NA,NA,NA,NA,NA,NA
3,a,held_out_truth_edge,results/public_subgraph_selection.json,2e1a6f8145eefff23a6c1dce37c76306f86fd9d4b485ac5dddaf1742f74ade9f,NA,NA,NA,NA,NA,NA,NA,NA,NA,NA,NA,NA,simulation and scoring only; not drawn as fit input,3,4,NA,NA,NA,NA,NA,NA,NA,NA,NA,NA,NA,NA,NA,NA,NA,NA,NA,NA,NA,NA,NA,NA,NA,NA,NA,NA,NA,NA,NA,NA,NA,NA,NA,NA,NA,NA,NA,NA,NA,NA,NA
3,c,raw,results/k9_practical_replicates.csv,d24c65b6f7fc8473eaeb70bc016389b14e71df683f57a6be41dd58fef9437361,moderate_redundancy,NA,37,NA,NA,NA,NA,NA,NA,NA,NA,NA,NA,NA,NA,E3,5,1,0,0,0.001,0.10000000000000001,37,fit_complete,True,0.00089161819690000005,52599.608930000002,0.0047760012899999999,120,0.83333333330000003,1,0.90909090910000001,43,E3|5|moderate_redundancy|0.001|0|0,L_relative_error,0.47061053980000001,47.061053979999997,percent,100 * raw_value,n==5; noise_fraction==0.001; practical designs,37,NA,NA,NA,NA,NA,NA,NA,NA,NA,NA,NA,NA,NA,NA,NA
3,c,raw,results/k9_practical_replicates.csv,d24c65b6f7fc8473eaeb70bc016389b14e71df683f57a6be41dd58fef9437361,moderate_redundancy,NA,37,NA,NA,NA,NA,NA,NA,NA,NA,NA,NA,NA,NA,E3,5,1,0,0,0.001,0.10000000000000001,37,fit_complete,True,0.00089161819690000005,52599.608930000002,0.0047760012899999999,120,0.83333333330000003,1,0.90909090910000001,43,E3|5|moderate_redundancy|0.001|0|0,C_relative_error,0.18254895069999999,18.25489507,percent,100 * raw_value,n==5; noise_fraction==0.001; practical designs,37,NA,NA,NA,NA,NA,NA,NA,NA,NA,NA,NA,NA,NA,NA,NA
3,c,raw,results/k9_practical_replicates.csv,d24c65b6f7fc8473eaeb70bc016389b14e71df683f57a6be41dd58fef9437361,high_redundancy,NA,77,NA,NA,NA,NA,NA,NA,NA,NA,NA,NA,NA,NA,E3,5,1,0,0,0.001,0.10000000000000001,77,fit_complete,True,0.00098081181109999993,5273.4609689999997,0.0082840426489999997,31,0.83333333330000003,1,0.90909090910000001,44,E3|5|high_redundancy|0.001|0|0,L_relative_error,0.102936316,10.293631599999999,percent,100 * raw_value,n==5; noise_fraction==0.001; practical designs,77,NA,NA,NA,NA,NA,NA,NA,NA,NA,NA,NA,NA,NA,NA,NA
3,c,raw,results/k9_practical_replicates.csv,d24c65b6f7fc8473eaeb70bc016389b14e71df683f57a6be41dd58fef9437361,high_redundancy,NA,77,NA,NA,NA,NA,NA,NA,NA,NA,NA,NA,NA,NA,E3,5,1,0,0,0.001,0.10000000000000001,77,fit_complete,True,0.00098081181109999993,5273.4609689999997,0.0082840426489999997,31,0.83333333330000003,1,0.90909090910000001,44,E3|5|high_redundancy|0.001|0|0,C_relative_error,0.20142058560000001,20.142058560000002,percent,100 * raw_value,n==5; noise_fraction==0.001; practical designs,77,NA,NA,NA,NA,NA,NA,NA,NA,NA,NA,NA,NA,NA,NA,NA
3,c,raw,results/k9_practical_replicates.csv,d24c65b6f7fc8473eaeb70bc016389b14e71df683f57a6be41dd58fef9437361,moderate_redundancy,NA,37,NA,NA,NA,NA,NA,NA,NA,NA,NA,NA,NA,NA,E3,5,1,0,1,0.001,0.10000000000000001,37,fit_complete,True,0.00051236618350000002,45638.128239999998,0.0031222069860000002,101,0.71428571429999999,1,0.83333333330000003,46,E3|5|moderate_redundancy|0.001|0|1,L_relative_error,0.14664804789999999,14.66480479,percent,100 * raw_value,n==5; noise_fraction==0.001; practical designs,37,NA,NA,NA,NA,NA,NA,NA,NA,NA,NA,NA,NA,NA,NA,NA
3,c,raw,results/k9_practical_replicates.csv,d24c65b6f7fc8473eaeb70bc016389b14e71df683f57a6be41dd58fef9437361,moderate_redundancy,NA,37,NA,NA,NA,NA,NA,NA,NA,NA,NA,NA,NA,NA,E3,5,1,0,1,0.001,0.10000000000000001,37,fit_complete,True,0.00051236618350000002,45638.128239999998,0.0031222069860000002,101,0.71428571429999999,1,0.83333333330000003,46,E3|5|moderate_redundancy|0.001|0|1,C_relative_error,0.53333101250000003,53.333101250000006,percent,100 * raw_value,n==5; noise_fraction==0.001; practical designs,37,NA,NA,NA,NA,NA,NA,NA,NA,NA,NA,NA,NA,NA,NA,NA
3,c,raw,results/k9_practical_replicates.csv,d24c65b6f7fc8473eaeb70bc016389b14e71df683f57a6be41dd58fef9437361,high_redundancy,NA,77,NA,NA,NA,NA,NA,NA,NA,NA,NA,NA,NA,NA,E3,5,1,0,1,0.001,0.10000000000000001,77,fit_complete,True,0.00092354219960000001,5151.6042349999998,0.0071203140759999997,33,1,1,1,47,E3|5|high_redundancy|0.001|0|1,L_relative_error,0.1159282227,11.592822269999999,percent,100 * raw_value,n==5; noise_fraction==0.001; practical designs,77,NA,NA,NA,NA,NA,NA,NA,NA,NA,NA,NA,NA,NA,NA,NA
3,c,raw,results/k9_practical_replicates.csv,d24c65b6f7fc8473eaeb70bc016389b14e71df683f57a6be41dd58fef9437361,high_redundancy,NA,77,NA,NA,NA,NA,NA,NA,NA,NA,NA,NA,NA,NA,E3,5,1,0,1,0.001,0.10000000000000001,77,fit_complete,True,0.00092354219960000001,5151.6042349999998,0.0071203140759999997,33,1,1,1,47,E3|5|high_redundancy|0.001|0|1,C_relative_error,0.01329147956,1.3291479559999999,percent,100 * raw_value,n==5; noise_fraction==0.001; practical designs,77,NA,NA,NA,NA,NA,NA,NA,NA,NA,NA,NA,NA,NA,NA,NA
3,c,raw,results/k9_practical_replicates.csv,d24c65b6f7fc8473eaeb70bc016389b14e71df683f57a6be41dd58fef9437361,moderate_redundancy,NA,37,NA,NA,NA,NA,NA,NA,NA,NA,NA,NA,NA,NA,E3,5,1,0,2,0.001,0.10000000000000001,37,fit_complete,True,0.00068399718079999996,56800.215810000002,0.0044776254199999999,80,0.83333333330000003,1,0.90909090910000001,49,E3|5|moderate_redundancy|0.001|0|2,L_relative_error,0.28841034370000002,28.841034370000003,percent,100 * raw_value,n==5; noise_fraction==0.001; practical designs,37,NA,NA,NA,NA,NA,NA,NA,NA,NA,NA,NA,NA,NA,NA,NA
3,c,raw,results/k9_practical_replicates.csv,d24c65b6f7fc8473eaeb70bc016389b14e71df683f57a6be41dd58fef9437361,moderate_redundancy,NA,37,NA,NA,NA,NA,NA,NA,NA,NA,NA,NA,NA,NA,E3,5,1,0,2,0.001,0.10000000000000001,37,fit_complete,True,0.00068399718079999996,56800.215810000002,0.0044776254199999999,80,0.83333333330000003,1,0.90909090910000001,49,E3|5|moderate_redundancy|0.001|0|2,C_relative_error,0.54262104659999999,54.262104659999999,percent,100 * raw_value,n==5; noise_fraction==0.001; practical designs,37,NA,NA,NA,NA,NA,NA,NA,NA,NA,NA,NA,NA,NA,NA,NA
3,c,raw,results/k9_practical_replicates.csv,d24c65b6f7fc8473eaeb70bc016389b14e71df683f57a6be41dd58fef9437361,high_redundancy,NA,77,NA,NA,NA,NA,NA,NA,NA,NA,NA,NA,NA,NA,E3,5,1,0,2,0.001,0.10000000000000001,77,fit_complete,True,0.00090152727729999997,6058.4572459999999,0.0079688098440000004,32,1,1,1,50,E3|5|high_redundancy|0.001|0|2,L_relative_error,0.037012187379999999,3.7012187379999997,percent,100 * raw_value,n==5; noise_fraction==0.001; practical designs,77,NA,NA,NA,NA,NA,NA,NA,NA,NA,NA,NA,NA,NA,NA,NA
3,c,raw,results/k9_practical_replicates.csv,d24c65b6f7fc8473eaeb70bc016389b14e71df683f57a6be41dd58fef9437361,high_redundancy,NA,77,NA,NA,NA,NA,NA,NA,NA,NA,NA,NA,NA,NA,E3,5,1,0,2,0.001,0.10000000000000001,77,fit_complete,True,0.00090152727729999997,6058.4572459999999,0.0079688098440000004,32,1,1,1,50,E3|5|high_redundancy|0.001|0|2,C_relative_error,0.1862762935,18.627629349999999,percent,100 * raw_value,n==5; noise_fraction==0.001; practical designs,77,NA,NA,NA,NA,NA,NA,NA,NA,NA,NA,NA,NA,NA,NA,NA
3,c,raw,results/k9_practical_replicates.csv,d24c65b6f7fc8473eaeb70bc016389b14e71df683f57a6be41dd58fef9437361,moderate_redundancy,NA,37,NA,NA,NA,NA,NA,NA,NA,NA,NA,NA,NA,NA,E3,5,1,0,3,0.001,0.10000000000000001,37,fit_complete,True,0.00090983781850000002,15032.577929999999,0.0041459840819999998,67,0.83333333330000003,1,0.90909090910000001,52,E3|5|moderate_redundancy|0.001|0|3,L_relative_error,0.4114712693,41.147126929999999,percent,100 * raw_value,n==5; noise_fraction==0.001; practical designs,37,NA,NA,NA,NA,NA,NA,NA,NA,NA,NA,NA,NA,NA,NA,NA
3,c,raw,results/k9_practical_replicates.csv,d24c65b6f7fc8473eaeb70bc016389b14e71df683f57a6be41dd58fef9437361,moderate_redundancy,NA,37,NA,NA,NA,NA,NA,NA,NA,NA,NA,NA,NA,NA,E3,5,1,0,3,0.001,0.10000000000000001,37,fit_complete,True,0.00090983781850000002,15032.577929999999,0.0041459840819999998,67,0.83333333330000003,1,0.90909090910000001,52,E3|5|moderate_redundancy|0.001|0|3,C_relative_error,0.34201091379999998,34.201091380000001,percent,100 * raw_value,n==5; noise_fraction==0.001; practical designs,37,NA,NA,NA,NA,NA,NA,NA,NA,NA,NA,NA,NA,NA,NA,NA
3,c,raw,results/k9_practical_replicates.csv,d24c65b6f7fc8473eaeb70bc016389b14e71df683f57a6be41dd58fef9437361,high_redundancy,NA,77,NA,NA,NA,NA,NA,NA,NA,NA,NA,NA,NA,NA,E3,5,1,0,3,0.001,0.10000000000000001,77,fit_complete,True,0.001093148318,6844.5392069999998,0.0088919885599999995,34,1,1,1,53,E3|5|high_redundancy|0.001|0|3,L_relative_error,0.037645220430000001,3.7645220429999999,percent,100 * raw_value,n==5; noise_fraction==0.001; practical designs,77,NA,NA,NA,NA,NA,NA,NA,NA,NA,NA,NA,NA,NA,NA,NA
3,c,raw,results/k9_practical_replicates.csv,d24c65b6f7fc8473eaeb70bc016389b14e71df683f57a6be41dd58fef9437361,high_redundancy,NA,77,NA,NA,NA,NA,NA,NA,NA,NA,NA,NA,NA,NA,E3,5,1,0,3,0.001,0.10000000000000001,77,fit_complete,True,0.001093148318,6844.5392069999998,0.0088919885599999995,34,1,1,1,53,E3|5|high_redundancy|0.001|0|3,C_relative_error,0.22584002349999999,22.584002349999999,percent,100 * raw_value,n==5; noise_fraction==0.001; practical designs,77,NA,NA,NA,NA,NA,NA,NA,NA,NA,NA,NA,NA,NA,NA,NA
3,c,raw,results/k9_practical_replicates.csv,d24c65b6f7fc8473eaeb70bc016389b14e71df683f57a6be41dd58fef9437361,moderate_redundancy,NA,37,NA,NA,NA,NA,NA,NA,NA,NA,NA,NA,NA,NA,E3,5,1,1,0,0.001,0.10000000000000001,37,fit_complete,True,0.00087457353400000005,65847.650659999999,0.0051209403809999998,110,0.83333333330000003,1,0.90909090910000001,103,E3|5|moderate_redundancy|0.001|1|0,L_relative_error,0.33002563779999999,33.002563780000003,percent,100 * raw_value,n==5; noise_fraction==0.001; practical designs,37,NA,NA,NA,NA,NA,NA,NA,NA,NA,NA,NA,NA,NA,NA,NA
3,c,raw,results/k9_practical_replicates.csv,d24c65b6f7fc8473eaeb70bc016389b14e71df683f57a6be41dd58fef9437361,moderate_redundancy,NA,37,NA,NA,NA,NA,NA,NA,NA,NA,NA,NA,NA,NA,E3,5,1,1,0,0.001,0.10000000000000001,37,fit_complete,True,0.00087457353400000005,65847.650659999999,0.0051209403809999998,110,0.83333333330000003,1,0.90909090910000001,103,E3|5|moderate_redundancy|0.001|1|0,C_relative_error,0.79015801620000004,79.015801620000005,percent,100 * raw_value,n==5; noise_fraction==0.001; practical designs,37,NA,NA,NA,NA,NA,NA,NA,NA,NA,NA,NA,NA,NA,NA,NA
3,c,raw,results/k9_practical_replicates.csv,d24c65b6f7fc8473eaeb70bc016389b14e71df683f57a6be41dd58fef9437361,high_redundancy,NA,77,NA,NA,NA,NA,NA,NA,NA,NA,NA,NA,NA,NA,E3,5,1,1,0,0.001,0.10000000000000001,77,fit_complete,True,0.00075900263000000003,6895.6284939999996,0.0069645835480000003,25,1,1,1,104,E3|5|high_redundancy|0.001|1|0,L_relative_error,0.049932057740000001,4.9932057739999998,percent,100 * raw_value,n==5; noise_fraction==0.001; practical designs,77,NA,NA,NA,NA,NA,NA,NA,NA,NA,NA,NA,NA,NA,NA,NA
3,c,raw,results/k9_practical_replicates.csv,d24c65b6f7fc8473eaeb70bc016389b14e71df683f57a6be41dd58fef9437361,high_redundancy,NA,77,NA,NA,NA,NA,NA,NA,NA,NA,NA,NA,NA,NA,E3,5,1,1,0,0.001,0.10000000000000001,77,fit_complete,True,0.00075900263000000003,6895.6284939999996,0.0069645835480000003,25,1,1,1,104,E3|5|high_redundancy|0.001|1|0,C_relative_error,0.26976934079999998,26.976934079999999,percent,100 * raw_value,n==5; noise_fraction==0.001; practical designs,77,NA,NA,NA,NA,NA,NA,NA,NA,NA,NA,NA,NA,NA,NA,NA
3,c,raw,results/k9_practical_replicates.csv,d24c65b6f7fc8473eaeb70bc016389b14e71df683f57a6be41dd58fef9437361,moderate_redundancy,NA,37,NA,NA,NA,NA,NA,NA,NA,NA,NA,NA,NA,NA,E3,5,1,1,1,0.001,0.10000000000000001,37,fit_complete,True,0.00070127750199999999,34559.741650000004,0.0045804588650000004,101,0.66666666669999997,0.80000000000000004,0.72727272730000003,106,E3|5|moderate_redundancy|0.001|1|1,L_relative_error,0.4824341345,48.243413449999998,percent,100 * raw_value,n==5; noise_fraction==0.001; practical designs,37,NA,NA,NA,NA,NA,NA,NA,NA,NA,NA,NA,NA,NA,NA,NA
3,c,raw,results/k9_practical_replicates.csv,d24c65b6f7fc8473eaeb70bc016389b14e71df683f57a6be41dd58fef9437361,moderate_redundancy,NA,37,NA,NA,NA,NA,NA,NA,NA,NA,NA,NA,NA,NA,E3,5,1,1,1,0.001,0.10000000000000001,37,fit_complete,True,0.00070127750199999999,34559.741650000004,0.0045804588650000004,101,0.66666666669999997,0.80000000000000004,0.72727272730000003,106,E3|5|moderate_redundancy|0.001|1|1,C_relative_error,0.78048032649999999,78.048032649999996,percent,100 * raw_value,n==5; noise_fraction==0.001; practical designs,37,NA,NA,NA,NA,NA,NA,NA,NA,NA,NA,NA,NA,NA,NA,NA
3,c,raw,results/k9_practical_replicates.csv,d24c65b6f7fc8473eaeb70bc016389b14e71df683f57a6be41dd58fef9437361,high_redundancy,NA,77,NA,NA,NA,NA,NA,NA,NA,NA,NA,NA,NA,NA,E3,5,1,1,1,0.001,0.10000000000000001,77,fit_complete,True,0.0010026908079999999,7148.1246950000004,0.0091088672600000004,29,1,1,1,107,E3|5|high_redundancy|0.001|1|1,L_relative_error,0.019700754210000001,1.970075421,percent,100 * raw_value,n==5; noise_fraction==0.001; practical designs,77,NA,NA,NA,NA,NA,NA,NA,NA,NA,NA,NA,NA,NA,NA,NA
3,c,raw,results/k9_practical_replicates.csv,d24c65b6f7fc8473eaeb70bc016389b14e71df683f57a6be41dd58fef9437361,high_redundancy,NA,77,NA,NA,NA,NA,NA,NA,NA,NA,NA,NA,NA,NA,E3,5,1,1,1,0.001,0.10000000000000001,77,fit_complete,True,0.0010026908079999999,7148.1246950000004,0.0091088672600000004,29,1,1,1,107,E3|5|high_redundancy|0.001|1|1,C_relative_error,0.21894140049999999,21.894140050000001,percent,100 * raw_value,n==5; noise_fraction==0.001; practical designs,77,NA,NA,NA,NA,NA,NA,NA,NA,NA,NA,NA,NA,NA,NA,NA
3,c,raw,results/k9_practical_replicates.csv,d24c65b6f7fc8473eaeb70bc016389b14e71df683f57a6be41dd58fef9437361,moderate_redundancy,NA,37,NA,NA,NA,NA,NA,NA,NA,NA,NA,NA,NA,NA,E3,5,1,1,2,0.001,0.10000000000000001,37,fit_complete,True,0.00090417414850000005,67064.116299999994,0.0051876600089999997,145,0.83333333330000003,1,0.90909090910000001,109,E3|5|moderate_redundancy|0.001|1|2,L_relative_error,0.38621845360000001,38.621845360000002,percent,100 * raw_value,n==5; noise_fraction==0.001; practical designs,37,NA,NA,NA,NA,NA,NA,NA,NA,NA,NA,NA,NA,NA,NA,NA
3,c,raw,results/k9_practical_replicates.csv,d24c65b6f7fc8473eaeb70bc016389b14e71df683f57a6be41dd58fef9437361,moderate_redundancy,NA,37,NA,NA,NA,NA,NA,NA,NA,NA,NA,NA,NA,NA,E3,5,1,1,2,0.001,0.10000000000000001,37,fit_complete,True,0.00090417414850000005,67064.116299999994,0.0051876600089999997,145,0.83333333330000003,1,0.90909090910000001,109,E3|5|moderate_redundancy|0.001|1|2,C_relative_error,0.84771150019999997,84.771150019999993,percent,100 * raw_value,n==5; noise_fraction==0.001; practical designs,37,NA,NA,NA,NA,NA,NA,NA,NA,NA,NA,NA,NA,NA,NA,NA
3,c,raw,results/k9_practical_replicates.csv,d24c65b6f7fc8473eaeb70bc016389b14e71df683f57a6be41dd58fef9437361,high_redundancy,NA,77,NA,NA,NA,NA,NA,NA,NA,NA,NA,NA,NA,NA,E3,5,1,1,2,0.001,0.10000000000000001,77,fit_complete,True,0.001057380129,6167.9031519999999,0.0092446813660000005,27,1,1,1,110,E3|5|high_redundancy|0.001|1|2,L_relative_error,0.068078001969999996,6.8078001969999997,percent,100 * raw_value,n==5; noise_fraction==0.001; practical designs,77,NA,NA,NA,NA,NA,NA,NA,NA,NA,NA,NA,NA,NA,NA,NA
3,c,raw,results/k9_practical_replicates.csv,d24c65b6f7fc8473eaeb70bc016389b14e71df683f57a6be41dd58fef9437361,high_redundancy,NA,77,NA,NA,NA,NA,NA,NA,NA,NA,NA,NA,NA,NA,E3,5,1,1,2,0.001,0.10000000000000001,77,fit_complete,True,0.001057380129,6167.9031519999999,0.0092446813660000005,27,1,1,1,110,E3|5|high_redundancy|0.001|1|2,C_relative_error,0.1423820056,14.238200559999999,percent,100 * raw_value,n==5; noise_fraction==0.001; practical designs,77,NA,NA,NA,NA,NA,NA,NA,NA,NA,NA,NA,NA,NA,NA,NA
3,c,raw,results/k9_practical_replicates.csv,d24c65b6f7fc8473eaeb70bc016389b14e71df683f57a6be41dd58fef9437361,moderate_redundancy,NA,37,NA,NA,NA,NA,NA,NA,NA,NA,NA,NA,NA,NA,E3,5,1,1,3,0.001,0.10000000000000001,37,fit_complete,True,0.00084408756450000001,80750.070540000001,0.0049798409530000002,112,0.66666666669999997,0.80000000000000004,0.72727272730000003,112,E3|5|moderate_redundancy|0.001|1|3,L_relative_error,0.22721804200000001,22.721804200000001,percent,100 * raw_value,n==5; noise_fraction==0.001; practical designs,37,NA,NA,NA,NA,NA,NA,NA,NA,NA,NA,NA,NA,NA,NA,NA
3,c,raw,results/k9_practical_replicates.csv,d24c65b6f7fc8473eaeb70bc016389b14e71df683f57a6be41dd58fef9437361,moderate_redundancy,NA,37,NA,NA,NA,NA,NA,NA,NA,NA,NA,NA,NA,NA,E3,5,1,1,3,0.001,0.10000000000000001,37,fit_complete,True,0.00084408756450000001,80750.070540000001,0.0049798409530000002,112,0.66666666669999997,0.80000000000000004,0.72727272730000003,112,E3|5|moderate_redundancy|0.001|1|3,C_relative_error,0.75984670659999998,75.984670659999992,percent,100 * raw_value,n==5; noise_fraction==0.001; practical designs,37,NA,NA,NA,NA,NA,NA,NA,NA,NA,NA,NA,NA,NA,NA,NA
3,c,raw,results/k9_practical_replicates.csv,d24c65b6f7fc8473eaeb70bc016389b14e71df683f57a6be41dd58fef9437361,high_redundancy,NA,77,NA,NA,NA,NA,NA,NA,NA,NA,NA,NA,NA,NA,E3,5,1,1,3,0.001,0.10000000000000001,77,fit_complete,True,0.0010376538649999999,7326.3182139999999,0.0090871882210000008,34,1,1,1,113,E3|5|high_redundancy|0.001|1|3,L_relative_error,0.01488034572,1.4880345720000001,percent,100 * raw_value,n==5; noise_fraction==0.001; practical designs,77,NA,NA,NA,NA,NA,NA,NA,NA,NA,NA,NA,NA,NA,NA,NA
3,c,raw,results/k9_practical_replicates.csv,d24c65b6f7fc8473eaeb70bc016389b14e71df683f57a6be41dd58fef9437361,high_redundancy,NA,77,NA,NA,NA,NA,NA,NA,NA,NA,NA,NA,NA,NA,E3,5,1,1,3,0.001,0.10000000000000001,77,fit_complete,True,0.0010376538649999999,7326.3182139999999,0.0090871882210000008,34,1,1,1,113,E3|5|high_redundancy|0.001|1|3,C_relative_error,0.1885012865,18.850128650000002,percent,100 * raw_value,n==5; noise_fraction==0.001; practical designs,77,NA,NA,NA,NA,NA,NA,NA,NA,NA,NA,NA,NA,NA,NA,NA
3,c,raw,results/k9_practical_replicates.csv,d24c65b6f7fc8473eaeb70bc016389b14e71df683f57a6be41dd58fef9437361,moderate_redundancy,NA,37,NA,NA,NA,NA,NA,NA,NA,NA,NA,NA,NA,NA,E4,5,0,0,0,0.001,0.10000000000000001,37,fit_complete,True,0.00078293854610000002,14553.20054,0.0046856756369999999,69,0.80000000000000004,1,0.88888888889999995,175,E4|5|moderate_redundancy|0.001|0|0,L_relative_error,0.26264149980000001,26.264149980000003,percent,100 * raw_value,n==5; noise_fraction==0.001; practical designs,37,NA,NA,NA,NA,NA,NA,NA,NA,NA,NA,NA,NA,NA,NA,NA
3,c,raw,results/k9_practical_replicates.csv,d24c65b6f7fc8473eaeb70bc016389b14e71df683f57a6be41dd58fef9437361,moderate_redundancy,NA,37,NA,NA,NA,NA,NA,NA,NA,NA,NA,NA,NA,NA,E4,5,0,0,0,0.001,0.10000000000000001,37,fit_complete,True,0.00078293854610000002,14553.20054,0.0046856756369999999,69,0.80000000000000004,1,0.88888888889999995,175,E4|5|moderate_redundancy|0.001|0|0,C_relative_error,0.44553736710000003,44.553736710000003,percent,100 * raw_value,n==5; noise_fraction==0.001; practical designs,37,NA,NA,NA,NA,NA,NA,NA,NA,NA,NA,NA,NA,NA,NA,NA
3,c,raw,results/k9_practical_replicates.csv,d24c65b6f7fc8473eaeb70bc016389b14e71df683f57a6be41dd58fef9437361,high_redundancy,NA,77,NA,NA,NA,NA,NA,NA,NA,NA,NA,NA,NA,NA,E4,5,0,0,0,0.001,0.10000000000000001,77,fit_complete,True,0.00092798435599999996,3269.6087440000001,0.0079835806450000001,22,0.80000000000000004,1,0.88888888889999995,176,E4|5|high_redundancy|0.001|0|0,L_relative_error,0.03011604167,3.0116041669999998,percent,100 * raw_value,n==5; noise_fraction==0.001; practical designs,77,NA,NA,NA,NA,NA,NA,NA,NA,NA,NA,NA,NA,NA,NA,NA
3,c,raw,results/k9_practical_replicates.csv,d24c65b6f7fc8473eaeb70bc016389b14e71df683f57a6be41dd58fef9437361,high_redundancy,NA,77,NA,NA,NA,NA,NA,NA,NA,NA,NA,NA,NA,NA,E4,5,0,0,0,0.001,0.10000000000000001,77,fit_complete,True,0.00092798435599999996,3269.6087440000001,0.0079835806450000001,22,0.80000000000000004,1,0.88888888889999995,176,E4|5|high_redundancy|0.001|0|0,C_relative_error,0.1342637683,13.426376830000001,percent,100 * raw_value,n==5; noise_fraction==0.001; practical designs,77,NA,NA,NA,NA,NA,NA,NA,NA,NA,NA,NA,NA,NA,NA,NA
3,c,raw,results/k9_practical_replicates.csv,d24c65b6f7fc8473eaeb70bc016389b14e71df683f57a6be41dd58fef9437361,moderate_redundancy,NA,37,NA,NA,NA,NA,NA,NA,NA,NA,NA,NA,NA,NA,E4,5,0,0,1,0.001,0.10000000000000001,37,fit_complete,True,0.00062327721669999995,8755.5042240000002,0.0038419071550000001,52,1,1,1,178,E4|5|moderate_redundancy|0.001|0|1,L_relative_error,0.20323323130000001,20.323323130000002,percent,100 * raw_value,n==5; noise_fraction==0.001; practical designs,37,NA,NA,NA,NA,NA,NA,NA,NA,NA,NA,NA,NA,NA,NA,NA
3,c,raw,results/k9_practical_replicates.csv,d24c65b6f7fc8473eaeb70bc016389b14e71df683f57a6be41dd58fef9437361,moderate_redundancy,NA,37,NA,NA,NA,NA,NA,NA,NA,NA,NA,NA,NA,NA,E4,5,0,0,1,0.001,0.10000000000000001,37,fit_complete,True,0.00062327721669999995,8755.5042240000002,0.0038419071550000001,52,1,1,1,178,E4|5|moderate_redundancy|0.001|0|1,C_relative_error,0.54812377199999995,54.812377199999993,percent,100 * raw_value,n==5; noise_fraction==0.001; practical designs,37,NA,NA,NA,NA,NA,NA,NA,NA,NA,NA,NA,NA,NA,NA,NA
3,c,raw,results/k9_practical_replicates.csv,d24c65b6f7fc8473eaeb70bc016389b14e71df683f57a6be41dd58fef9437361,high_redundancy,NA,77,NA,NA,NA,NA,NA,NA,NA,NA,NA,NA,NA,NA,E4,5,0,0,1,0.001,0.10000000000000001,77,fit_complete,True,0.00088050673449999997,3174.4753689999998,0.007651290933,23,0.80000000000000004,1,0.88888888889999995,179,E4|5|high_redundancy|0.001|0|1,L_relative_error,0.050232055790000001,5.0232055789999999,percent,100 * raw_value,n==5; noise_fraction==0.001; practical designs,77,NA,NA,NA,NA,NA,NA,NA,NA,NA,NA,NA,NA,NA,NA,NA
3,c,raw,results/k9_practical_replicates.csv,d24c65b6f7fc8473eaeb70bc016389b14e71df683f57a6be41dd58fef9437361,high_redundancy,NA,77,NA,NA,NA,NA,NA,NA,NA,NA,NA,NA,NA,NA,E4,5,0,0,1,0.001,0.10000000000000001,77,fit_complete,True,0.00088050673449999997,3174.4753689999998,0.007651290933,23,0.80000000000000004,1,0.88888888889999995,179,E4|5|high_redundancy|0.001|0|1,C_relative_error,0.14749478630000001,14.749478630000002,percent,100 * raw_value,n==5; noise_fraction==0.001; practical designs,77,NA,NA,NA,NA,NA,NA,NA,NA,NA,NA,NA,NA,NA,NA,NA
3,c,raw,results/k9_practical_replicates.csv,d24c65b6f7fc8473eaeb70bc016389b14e71df683f57a6be41dd58fef9437361,moderate_redundancy,NA,37,NA,NA,NA,NA,NA,NA,NA,NA,NA,NA,NA,NA,E4,5,0,0,2,0.001,0.10000000000000001,37,fit_complete,True,0.00079746426750000002,17705.777760000001,0.0048170708490000002,73,1,1,1,181,E4|5|moderate_redundancy|0.001|0|2,L_relative_error,0.17724490940000001,17.724490940000003,percent,100 * raw_value,n==5; noise_fraction==0.001; practical designs,37,NA,NA,NA,NA,NA,NA,NA,NA,NA,NA,NA,NA,NA,NA,NA
3,c,raw,results/k9_practical_replicates.csv,d24c65b6f7fc8473eaeb70bc016389b14e71df683f57a6be41dd58fef9437361,moderate_redundancy,NA,37,NA,NA,NA,NA,NA,NA,NA,NA,NA,NA,NA,NA,E4,5,0,0,2,0.001,0.10000000000000001,37,fit_complete,True,0.00079746426750000002,17705.777760000001,0.0048170708490000002,73,1,1,1,181,E4|5|moderate_redundancy|0.001|0|2,C_relative_error,0.4958799861,49.58799861,percent,100 * raw_value,n==5; noise_fraction==0.001; practical designs,37,NA,NA,NA,NA,NA,NA,NA,NA,NA,NA,NA,NA,NA,NA,NA
3,c,raw,results/k9_practical_replicates.csv,d24c65b6f7fc8473eaeb70bc016389b14e71df683f57a6be41dd58fef9437361,high_redundancy,NA,77,NA,NA,NA,NA,NA,NA,NA,NA,NA,NA,NA,NA,E4,5,0,0,2,0.001,0.10000000000000001,77,fit_complete,True,0.00083844647029999997,3482.7268570000001,0.0075519795430000003,27,1,1,1,182,E4|5|high_redundancy|0.001|0|2,L_relative_error,0.0281314441,2.81314441,percent,100 * raw_value,n==5; noise_fraction==0.001; practical designs,77,NA,NA,NA,NA,NA,NA,NA,NA,NA,NA,NA,NA,NA,NA,NA
3,c,raw,results/k9_practical_replicates.csv,d24c65b6f7fc8473eaeb70bc016389b14e71df683f57a6be41dd58fef9437361,high_redundancy,NA,77,NA,NA,NA,NA,NA,NA,NA,NA,NA,NA,NA,NA,E4,5,0,0,2,0.001,0.10000000000000001,77,fit_complete,True,0.00083844647029999997,3482.7268570000001,0.0075519795430000003,27,1,1,1,182,E4|5|high_redundancy|0.001|0|2,C_relative_error,0.136358639,13.6358639,percent,100 * raw_value,n==5; noise_fraction==0.001; practical designs,77,NA,NA,NA,NA,NA,NA,NA,NA,NA,NA,NA,NA,NA,NA,NA
3,c,raw,results/k9_practical_replicates.csv,d24c65b6f7fc8473eaeb70bc016389b14e71df683f57a6be41dd58fef9437361,moderate_redundancy,NA,37,NA,NA,NA,NA,NA,NA,NA,NA,NA,NA,NA,NA,E4,5,0,0,3,0.001,0.10000000000000001,37,fit_complete,True,0.00077380825700000002,63713.47335,0.0048742305099999999,82,0.5,1,0.66666666669999997,184,E4|5|moderate_redundancy|0.001|0|3,L_relative_error,0.33560186990000002,33.560186989999998,percent,100 * raw_value,n==5; noise_fraction==0.001; practical designs,37,NA,NA,NA,NA,NA,NA,NA,NA,NA,NA,NA,NA,NA,NA,NA
3,c,raw,results/k9_practical_replicates.csv,d24c65b6f7fc8473eaeb70bc016389b14e71df683f57a6be41dd58fef9437361,moderate_redundancy,NA,37,NA,NA,NA,NA,NA,NA,NA,NA,NA,NA,NA,NA,E4,5,0,0,3,0.001,0.10000000000000001,37,fit_complete,True,0.00077380825700000002,63713.47335,0.0048742305099999999,82,0.5,1,0.66666666669999997,184,E4|5|moderate_redundancy|0.001|0|3,C_relative_error,0.85482021050000001,85.48202105,percent,100 * raw_value,n==5; noise_fraction==0.001; practical designs,37,NA,NA,NA,NA,NA,NA,NA,NA,NA,NA,NA,NA,NA,NA,NA
3,c,raw,results/k9_practical_replicates.csv,d24c65b6f7fc8473eaeb70bc016389b14e71df683f57a6be41dd58fef9437361,high_redundancy,NA,77,NA,NA,NA,NA,NA,NA,NA,NA,NA,NA,NA,NA,E4,5,0,0,3,0.001,0.10000000000000001,77,fit_complete,True,0.00085981375799999997,3323.3628659999999,0.0078282246319999992,26,1,1,1,185,E4|5|high_redundancy|0.001|0|3,L_relative_error,0.0266301387,2.6630138699999999,percent,100 * raw_value,n==5; noise_fraction==0.001; practical designs,77,NA,NA,NA,NA,NA,NA,NA,NA,NA,NA,NA,NA,NA,NA,NA
3,c,raw,results/k9_practical_replicates.csv,d24c65b6f7fc8473eaeb70bc016389b14e71df683f57a6be41dd58fef9437361,high_redundancy,NA,77,NA,NA,NA,NA,NA,NA,NA,NA,NA,NA,NA,NA,E4,5,0,0,3,0.001,0.10000000000000001,77,fit_complete,True,0.00085981375799999997,3323.3628659999999,0.0078282246319999992,26,1,1,1,185,E4|5|high_redundancy|0.001|0|3,C_relative_error,0.30548746560000001,30.548746560000001,percent,100 * raw_value,n==5; noise_fraction==0.001; practical designs,77,NA,NA,NA,NA,NA,NA,NA,NA,NA,NA,NA,NA,NA,NA,NA
3,c,raw,results/k9_practical_replicates.csv,d24c65b6f7fc8473eaeb70bc016389b14e71df683f57a6be41dd58fef9437361,moderate_redundancy,NA,37,NA,NA,NA,NA,NA,NA,NA,NA,NA,NA,NA,NA,E4,5,0,1,0,0.001,0.10000000000000001,37,fit_complete,True,0.00080830833549999995,6422.7395370000004,0.0054206748649999999,95,0.66666666669999997,1,0.80000000000000004,235,E4|5|moderate_redundancy|0.001|1|0,L_relative_error,0.2728317354,27.28317354,percent,100 * raw_value,n==5; noise_fraction==0.001; practical designs,37,NA,NA,NA,NA,NA,NA,NA,NA,NA,NA,NA,NA,NA,NA,NA
3,c,raw,results/k9_practical_replicates.csv,d24c65b6f7fc8473eaeb70bc016389b14e71df683f57a6be41dd58fef9437361,moderate_redundancy,NA,37,NA,NA,NA,NA,NA,NA,NA,NA,NA,NA,NA,NA,E4,5,0,1,0,0.001,0.10000000000000001,37,fit_complete,True,0.00080830833549999995,6422.7395370000004,0.0054206748649999999,95,0.66666666669999997,1,0.80000000000000004,235,E4|5|moderate_redundancy|0.001|1|0,C_relative_error,0.4422824742,44.228247420000002,percent,100 * raw_value,n==5; noise_fraction==0.001; practical designs,37,NA,NA,NA,NA,NA,NA,NA,NA,NA,NA,NA,NA,NA,NA,NA
3,c,raw,results/k9_practical_replicates.csv,d24c65b6f7fc8473eaeb70bc016389b14e71df683f57a6be41dd58fef9437361,high_redundancy,NA,77,NA,NA,NA,NA,NA,NA,NA,NA,NA,NA,NA,NA,E4,5,0,1,0,0.001,0.10000000000000001,77,fit_complete,True,0.00090642151890000004,2578.077084,0.0079171930719999992,27,0.80000000000000004,1,0.88888888889999995,236,E4|5|high_redundancy|0.001|1|0,L_relative_error,0.06362009985,6.3620099850000003,percent,100 * raw_value,n==5; noise_fraction==0.001; practical designs,77,NA,NA,NA,NA,NA,NA,NA,NA,NA,NA,NA,NA,NA,NA,NA
3,c,raw,results/k9_practical_replicates.csv,d24c65b6f7fc8473eaeb70bc016389b14e71df683f57a6be41dd58fef9437361,high_redundancy,NA,77,NA,NA,NA,NA,NA,NA,NA,NA,NA,NA,NA,NA,E4,5,0,1,0,0.001,0.10000000000000001,77,fit_complete,True,0.00090642151890000004,2578.077084,0.0079171930719999992,27,0.80000000000000004,1,0.88888888889999995,236,E4|5|high_redundancy|0.001|1|0,C_relative_error,0.18388510429999999,18.38851043,percent,100 * raw_value,n==5; noise_fraction==0.001; practical designs,77,NA,NA,NA,NA,NA,NA,NA,NA,NA,NA,NA,NA,NA,NA,NA
3,c,raw,results/k9_practical_replicates.csv,d24c65b6f7fc8473eaeb70bc016389b14e71df683f57a6be41dd58fef9437361,moderate_redundancy,NA,37,NA,NA,NA,NA,NA,NA,NA,NA,NA,NA,NA,NA,E4,5,0,1,1,0.001,0.10000000000000001,37,fit_complete,True,0.00068328230330000003,6701.7126859999998,0.0043757815229999997,129,0.66666666669999997,1,0.80000000000000004,238,E4|5|moderate_redundancy|0.001|1|1,L_relative_error,0.3041641122,30.416411220000001,percent,100 * raw_value,n==5; noise_fraction==0.001; practical designs,37,NA,NA,NA,NA,NA,NA,NA,NA,NA,NA,NA,NA,NA,NA,NA
3,c,raw,results/k9_practical_replicates.csv,d24c65b6f7fc8473eaeb70bc016389b14e71df683f57a6be41dd58fef9437361,moderate_redundancy,NA,37,NA,NA,NA,NA,NA,NA,NA,NA,NA,NA,NA,NA,E4,5,0,1,1,0.001,0.10000000000000001,37,fit_complete,True,0.00068328230330000003,6701.7126859999998,0.0043757815229999997,129,0.66666666669999997,1,0.80000000000000004,238,E4|5|moderate_redundancy|0.001|1|1,C_relative_error,0.42662136470000001,42.66213647,percent,100 * raw_value,n==5; noise_fraction==0.001; practical designs,37,NA,NA,NA,NA,NA,NA,NA,NA,NA,NA,NA,NA,NA,NA,NA
3,c,raw,results/k9_practical_replicates.csv,d24c65b6f7fc8473eaeb70bc016389b14e71df683f57a6be41dd58fef9437361,high_redundancy,NA,77,NA,NA,NA,NA,NA,NA,NA,NA,NA,NA,NA,NA,E4,5,0,1,1,0.001,0.10000000000000001,77,fit_complete,True,0.00076083233259999997,2566.9219990000001,0.007233643235,29,1,1,1,239,E4|5|high_redundancy|0.001|1|1,L_relative_error,0.05565762757,5.5657627569999999,percent,100 * raw_value,n==5; noise_fraction==0.001; practical designs,77,NA,NA,NA,NA,NA,NA,NA,NA,NA,NA,NA,NA,NA,NA,NA
3,c,raw,results/k9_practical_replicates.csv,d24c65b6f7fc8473eaeb70bc016389b14e71df683f57a6be41dd58fef9437361,high_redundancy,NA,77,NA,NA,NA,NA,NA,NA,NA,NA,NA,NA,NA,NA,E4,5,0,1,1,0.001,0.10000000000000001,77,fit_complete,True,0.00076083233259999997,2566.9219990000001,0.007233643235,29,1,1,1,239,E4|5|high_redundancy|0.001|1|1,C_relative_error,0.039074213910000002,3.9074213910000002,percent,100 * raw_value,n==5; noise_fraction==0.001; practical designs,77,NA,NA,NA,NA,NA,NA,NA,NA,NA,NA,NA,NA,NA,NA,NA
3,c,raw,results/k9_practical_replicates.csv,d24c65b6f7fc8473eaeb70bc016389b14e71df683f57a6be41dd58fef9437361,moderate_redundancy,NA,37,NA,NA,NA,NA,NA,NA,NA,NA,NA,NA,NA,NA,E4,5,0,1,2,0.001,0.10000000000000001,37,fit_complete,True,0.00083788712820000004,64116.686759999997,0.0051158339049999996,111,0.66666666669999997,1,0.80000000000000004,241,E4|5|moderate_redundancy|0.001|1|2,L_relative_error,0.26877609349999998,26.877609349999997,percent,100 * raw_value,n==5; noise_fraction==0.001; practical designs,37,NA,NA,NA,NA,NA,NA,NA,NA,NA,NA,NA,NA,NA,NA,NA
3,c,raw,results/k9_practical_replicates.csv,d24c65b6f7fc8473eaeb70bc016389b14e71df683f57a6be41dd58fef9437361,moderate_redundancy,NA,37,NA,NA,NA,NA,NA,NA,NA,NA,NA,NA,NA,NA,E4,5,0,1,2,0.001,0.10000000000000001,37,fit_complete,True,0.00083788712820000004,64116.686759999997,0.0051158339049999996,111,0.66666666669999997,1,0.80000000000000004,241,E4|5|moderate_redundancy|0.001|1|2,C_relative_error,0.8135098019,81.350980190000001,percent,100 * raw_value,n==5; noise_fraction==0.001; practical designs,37,NA,NA,NA,NA,NA,NA,NA,NA,NA,NA,NA,NA,NA,NA,NA
3,c,raw,results/k9_practical_replicates.csv,d24c65b6f7fc8473eaeb70bc016389b14e71df683f57a6be41dd58fef9437361,high_redundancy,NA,77,NA,NA,NA,NA,NA,NA,NA,NA,NA,NA,NA,NA,E4,5,0,1,2,0.001,0.10000000000000001,77,fit_complete,True,0.00084845396750000003,2829.9035330000002,0.007499309214,27,1,1,1,242,E4|5|high_redundancy|0.001|1|2,L_relative_error,0.030904348839999998,3.090434884,percent,100 * raw_value,n==5; noise_fraction==0.001; practical designs,77,NA,NA,NA,NA,NA,NA,NA,NA,NA,NA,NA,NA,NA,NA,NA
3,c,raw,results/k9_practical_replicates.csv,d24c65b6f7fc8473eaeb70bc016389b14e71df683f57a6be41dd58fef9437361,high_redundancy,NA,77,NA,NA,NA,NA,NA,NA,NA,NA,NA,NA,NA,NA,E4,5,0,1,2,0.001,0.10000000000000001,77,fit_complete,True,0.00084845396750000003,2829.9035330000002,0.007499309214,27,1,1,1,242,E4|5|high_redundancy|0.001|1|2,C_relative_error,0.076469073570000004,7.6469073570000008,percent,100 * raw_value,n==5; noise_fraction==0.001; practical designs,77,NA,NA,NA,NA,NA,NA,NA,NA,NA,NA,NA,NA,NA,NA,NA
3,c,raw,results/k9_practical_replicates.csv,d24c65b6f7fc8473eaeb70bc016389b14e71df683f57a6be41dd58fef9437361,moderate_redundancy,NA,37,NA,NA,NA,NA,NA,NA,NA,NA,NA,NA,NA,NA,E4,5,0,1,3,0.001,0.10000000000000001,37,fit_complete,True,0.00069470712849999995,14734.857980000001,0.0040368832519999997,109,0.80000000000000004,1,0.88888888889999995,244,E4|5|moderate_redundancy|0.001|1|3,L_relative_error,0.21011189699999999,21.011189699999999,percent,100 * raw_value,n==5; noise_fraction==0.001; practical designs,37,NA,NA,NA,NA,NA,NA,NA,NA,NA,NA,NA,NA,NA,NA,NA
3,c,raw,results/k9_practical_replicates.csv,d24c65b6f7fc8473eaeb70bc016389b14e71df683f57a6be41dd58fef9437361,moderate_redundancy,NA,37,NA,NA,NA,NA,NA,NA,NA,NA,NA,NA,NA,NA,E4,5,0,1,3,0.001,0.10000000000000001,37,fit_complete,True,0.00069470712849999995,14734.857980000001,0.0040368832519999997,109,0.80000000000000004,1,0.88888888889999995,244,E4|5|moderate_redundancy|0.001|1|3,C_relative_error,0.19958819429999999,19.958819429999998,percent,100 * raw_value,n==5; noise_fraction==0.001; practical designs,37,NA,NA,NA,NA,NA,NA,NA,NA,NA,NA,NA,NA,NA,NA,NA
3,c,raw,results/k9_practical_replicates.csv,d24c65b6f7fc8473eaeb70bc016389b14e71df683f57a6be41dd58fef9437361,high_redundancy,NA,77,NA,NA,NA,NA,NA,NA,NA,NA,NA,NA,NA,NA,E4,5,0,1,3,0.001,0.10000000000000001,77,fit_complete,True,0.00083772925479999995,2992.653957,0.0075615511109999997,28,1,1,1,245,E4|5|high_redundancy|0.001|1|3,L_relative_error,0.035384452800000001,3.5384452799999999,percent,100 * raw_value,n==5; noise_fraction==0.001; practical designs,77,NA,NA,NA,NA,NA,NA,NA,NA,NA,NA,NA,NA,NA,NA,NA
3,c,raw,results/k9_practical_replicates.csv,d24c65b6f7fc8473eaeb70bc016389b14e71df683f57a6be41dd58fef9437361,high_redundancy,NA,77,NA,NA,NA,NA,NA,NA,NA,NA,NA,NA,NA,NA,E4,5,0,1,3,0.001,0.10000000000000001,77,fit_complete,True,0.00083772925479999995,2992.653957,0.0075615511109999997,28,1,1,1,245,E4|5|high_redundancy|0.001|1|3,C_relative_error,0.19900712919999999,19.90071292,percent,100 * raw_value,n==5; noise_fraction==0.001; practical designs,77,NA,NA,NA,NA,NA,NA,NA,NA,NA,NA,NA,NA,NA,NA,NA
3,c,raw,results/k9_practical_replicates.csv,d24c65b6f7fc8473eaeb70bc016389b14e71df683f57a6be41dd58fef9437361,moderate_redundancy,NA,37,NA,NA,NA,NA,NA,NA,NA,NA,NA,NA,NA,NA,E5,5,1,0,0,0.001,0.10000000000000001,37,fit_complete,True,0.0006418311902,2133.8383749999998,0.0038752848399999998,42,0.83333333330000003,1,0.90909090910000001,307,E5|5|moderate_redundancy|0.001|0|0,L_relative_error,0.1186849416,11.868494159999999,percent,100 * raw_value,n==5; noise_fraction==0.001; practical designs,37,NA,NA,NA,NA,NA,NA,NA,NA,NA,NA,NA,NA,NA,NA,NA
3,c,raw,results/k9_practical_replicates.csv,d24c65b6f7fc8473eaeb70bc016389b14e71df683f57a6be41dd58fef9437361,moderate_redundancy,NA,37,NA,NA,NA,NA,NA,NA,NA,NA,NA,NA,NA,NA,E5,5,1,0,0,0.001,0.10000000000000001,37,fit_complete,True,0.0006418311902,2133.8383749999998,0.0038752848399999998,42,0.83333333330000003,1,0.90909090910000001,307,E5|5|moderate_redundancy|0.001|0|0,C_relative_error,0.1139814203,11.398142029999999,percent,100 * raw_value,n==5; noise_fraction==0.001; practical designs,37,NA,NA,NA,NA,NA,NA,NA,NA,NA,NA,NA,NA,NA,NA,NA
3,c,raw,results/k9_practical_replicates.csv,d24c65b6f7fc8473eaeb70bc016389b14e71df683f57a6be41dd58fef9437361,high_redundancy,NA,77,NA,NA,NA,NA,NA,NA,NA,NA,NA,NA,NA,NA,E5,5,1,0,0,0.001,0.10000000000000001,77,fit_complete,True,0.00089590997030000003,365.9953261,0.0082681531330000002,19,1,1,1,308,E5|5|high_redundancy|0.001|0|0,L_relative_error,0.0053687401330000002,0.53687401330000006,percent,100 * raw_value,n==5; noise_fraction==0.001; practical designs,77,NA,NA,NA,NA,NA,NA,NA,NA,NA,NA,NA,NA,NA,NA,NA
3,c,raw,results/k9_practical_replicates.csv,d24c65b6f7fc8473eaeb70bc016389b14e71df683f57a6be41dd58fef9437361,high_redundancy,NA,77,NA,NA,NA,NA,NA,NA,NA,NA,NA,NA,NA,NA,E5,5,1,0,0,0.001,0.10000000000000001,77,fit_complete,True,0.00089590997030000003,365.9953261,0.0082681531330000002,19,1,1,1,308,E5|5|high_redundancy|0.001|0|0,C_relative_error,0.036358317629999998,3.6358317629999997,percent,100 * raw_value,n==5; noise_fraction==0.001; practical designs,77,NA,NA,NA,NA,NA,NA,NA,NA,NA,NA,NA,NA,NA,NA,NA
3,c,raw,results/k9_practical_replicates.csv,d24c65b6f7fc8473eaeb70bc016389b14e71df683f57a6be41dd58fef9437361,moderate_redundancy,NA,37,NA,NA,NA,NA,NA,NA,NA,NA,NA,NA,NA,NA,E5,5,1,0,1,0.001,0.10000000000000001,37,fit_complete,True,0.00082686945860000003,1828.216946,0.0051433753550000003,45,0.71428571429999999,1,0.83333333330000003,310,E5|5|moderate_redundancy|0.001|0|1,L_relative_error,0.20232667779999999,20.23266778,percent,100 * raw_value,n==5; noise_fraction==0.001; practical designs,37,NA,NA,NA,NA,NA,NA,NA,NA,NA,NA,NA,NA,NA,NA,NA
3,c,raw,results/k9_practical_replicates.csv,d24c65b6f7fc8473eaeb70bc016389b14e71df683f57a6be41dd58fef9437361,moderate_redundancy,NA,37,NA,NA,NA,NA,NA,NA,NA,NA,NA,NA,NA,NA,E5,5,1,0,1,0.001,0.10000000000000001,37,fit_complete,True,0.00082686945860000003,1828.216946,0.0051433753550000003,45,0.71428571429999999,1,0.83333333330000003,310,E5|5|moderate_redundancy|0.001|0|1,C_relative_error,0.22935991999999999,22.935991999999999,percent,100 * raw_value,n==5; noise_fraction==0.001; practical designs,37,NA,NA,NA,NA,NA,NA,NA,NA,NA,NA,NA,NA,NA,NA,NA
3,c,raw,results/k9_practical_replicates.csv,d24c65b6f7fc8473eaeb70bc016389b14e71df683f57a6be41dd58fef9437361,high_redundancy,NA,77,NA,NA,NA,NA,NA,NA,NA,NA,NA,NA,NA,NA,E5,5,1,0,1,0.001,0.10000000000000001,77,fit_complete,True,0.00091675935460000003,369.80724429999998,0.0086925167229999992,19,1,1,1,311,E5|5|high_redundancy|0.001|0|1,L_relative_error,0.0052527494180000002,0.52527494180000001,percent,100 * raw_value,n==5; noise_fraction==0.001; practical designs,77,NA,NA,NA,NA,NA,NA,NA,NA,NA,NA,NA,NA,NA,NA,NA
3,c,raw,results/k9_practical_replicates.csv,d24c65b6f7fc8473eaeb70bc016389b14e71df683f57a6be41dd58fef9437361,high_redundancy,NA,77,NA,NA,NA,NA,NA,NA,NA,NA,NA,NA,NA,NA,E5,5,1,0,1,0.001,0.10000000000000001,77,fit_complete,True,0.00091675935460000003,369.80724429999998,0.0086925167229999992,19,1,1,1,311,E5|5|high_redundancy|0.001|0|1,C_relative_error,0.055904978100000002,5.5904978100000005,percent,100 * raw_value,n==5; noise_fraction==0.001; practical designs,77,NA,NA,NA,NA,NA,NA,NA,NA,NA,NA,NA,NA,NA,NA,NA
3,c,raw,results/k9_practical_replicates.csv,d24c65b6f7fc8473eaeb70bc016389b14e71df683f57a6be41dd58fef9437361,moderate_redundancy,NA,37,NA,NA,NA,NA,NA,NA,NA,NA,NA,NA,NA,NA,E5,5,1,0,2,0.001,0.10000000000000001,37,fit_complete,True,0.00093681539710000004,3274.0363149999998,0.0054079988610000003,38,0.71428571429999999,1,0.83333333330000003,313,E5|5|moderate_redundancy|0.001|0|2,L_relative_error,0.1006194101,10.06194101,percent,100 * raw_value,n==5; noise_fraction==0.001; practical designs,37,NA,NA,NA,NA,NA,NA,NA,NA,NA,NA,NA,NA,NA,NA,NA
3,c,raw,results/k9_practical_replicates.csv,d24c65b6f7fc8473eaeb70bc016389b14e71df683f57a6be41dd58fef9437361,moderate_redundancy,NA,37,NA,NA,NA,NA,NA,NA,NA,NA,NA,NA,NA,NA,E5,5,1,0,2,0.001,0.10000000000000001,37,fit_complete,True,0.00093681539710000004,3274.0363149999998,0.0054079988610000003,38,0.71428571429999999,1,0.83333333330000003,313,E5|5|moderate_redundancy|0.001|0|2,C_relative_error,0.18251204730000001,18.251204730000001,percent,100 * raw_value,n==5; noise_fraction==0.001; practical designs,37,NA,NA,NA,NA,NA,NA,NA,NA,NA,NA,NA,NA,NA,NA,NA
3,c,raw,results/k9_practical_replicates.csv,d24c65b6f7fc8473eaeb70bc016389b14e71df683f57a6be41dd58fef9437361,high_redundancy,NA,77,NA,NA,NA,NA,NA,NA,NA,NA,NA,NA,NA,NA,E5,5,1,0,2,0.001,0.10000000000000001,77,fit_complete,True,0.00094722906559999999,369.93110780000001,0.0085815880319999992,19,1,1,1,314,E5|5|high_redundancy|0.001|0|2,L_relative_error,0.0063037815049999998,0.63037815050000001,percent,100 * raw_value,n==5; noise_fraction==0.001; practical designs,77,NA,NA,NA,NA,NA,NA,NA,NA,NA,NA,NA,NA,NA,NA,NA
3,c,raw,results/k9_practical_replicates.csv,d24c65b6f7fc8473eaeb70bc016389b14e71df683f57a6be41dd58fef9437361,high_redundancy,NA,77,NA,NA,NA,NA,NA,NA,NA,NA,NA,NA,NA,NA,E5,5,1,0,2,0.001,0.10000000000000001,77,fit_complete,True,0.00094722906559999999,369.93110780000001,0.0085815880319999992,19,1,1,1,314,E5|5|high_redundancy|0.001|0|2,C_relative_error,0.020103027150000001,2.0103027149999999,percent,100 * raw_value,n==5; noise_fraction==0.001; practical designs,77,NA,NA,NA,NA,NA,NA,NA,NA,NA,NA,NA,NA,NA,NA,NA
3,c,raw,results/k9_practical_replicates.csv,d24c65b6f7fc8473eaeb70bc016389b14e71df683f57a6be41dd58fef9437361,moderate_redundancy,NA,37,NA,NA,NA,NA,NA,NA,NA,NA,NA,NA,NA,NA,E5,5,1,0,3,0.001,0.10000000000000001,37,fit_complete,True,0.00051538714110000003,2561.5507499999999,0.003406817635,50,1,1,1,316,E5|5|moderate_redundancy|0.001|0|3,L_relative_error,0.063039382899999996,6.3039382899999996,percent,100 * raw_value,n==5; noise_fraction==0.001; practical designs,37,NA,NA,NA,NA,NA,NA,NA,NA,NA,NA,NA,NA,NA,NA,NA
3,c,raw,results/k9_practical_replicates.csv,d24c65b6f7fc8473eaeb70bc016389b14e71df683f57a6be41dd58fef9437361,moderate_redundancy,NA,37,NA,NA,NA,NA,NA,NA,NA,NA,NA,NA,NA,NA,E5,5,1,0,3,0.001,0.10000000000000001,37,fit_complete,True,0.00051538714110000003,2561.5507499999999,0.003406817635,50,1,1,1,316,E5|5|moderate_redundancy|0.001|0|3,C_relative_error,0.039525886929999997,3.9525886929999996,percent,100 * raw_value,n==5; noise_fraction==0.001; practical designs,37,NA,NA,NA,NA,NA,NA,NA,NA,NA,NA,NA,NA,NA,NA,NA
3,c,raw,results/k9_practical_replicates.csv,d24c65b6f7fc8473eaeb70bc016389b14e71df683f57a6be41dd58fef9437361,high_redundancy,NA,77,NA,NA,NA,NA,NA,NA,NA,NA,NA,NA,NA,NA,E5,5,1,0,3,0.001,0.10000000000000001,77,fit_complete,True,0.00082093921519999999,373.63044439999999,0.0067201080079999998,22,1,1,1,317,E5|5|high_redundancy|0.001|0|3,L_relative_error,0.0043619094670000001,0.43619094670000003,percent,100 * raw_value,n==5; noise_fraction==0.001; practical designs,77,NA,NA,NA,NA,NA,NA,NA,NA,NA,NA,NA,NA,NA,NA,NA
3,c,raw,results/k9_practical_replicates.csv,d24c65b6f7fc8473eaeb70bc016389b14e71df683f57a6be41dd58fef9437361,high_redundancy,NA,77,NA,NA,NA,NA,NA,NA,NA,NA,NA,NA,NA,NA,E5,5,1,0,3,0.001,0.10000000000000001,77,fit_complete,True,0.00082093921519999999,373.63044439999999,0.0067201080079999998,22,1,1,1,317,E5|5|high_redundancy|0.001|0|3,C_relative_error,0.073363190719999999,7.3363190720000002,percent,100 * raw_value,n==5; noise_fraction==0.001; practical designs,77,NA,NA,NA,NA,NA,NA,NA,NA,NA,NA,NA,NA,NA,NA,NA
3,c,raw,results/k9_practical_replicates.csv,d24c65b6f7fc8473eaeb70bc016389b14e71df683f57a6be41dd58fef9437361,moderate_redundancy,NA,37,NA,NA,NA,NA,NA,NA,NA,NA,NA,NA,NA,NA,E5,5,1,1,0,0.001,0.10000000000000001,37,fit_complete,True,0.00063732910920000002,4128.3310000000001,0.0034543847440000001,38,0.83333333330000003,1,0.90909090910000001,367,E5|5|moderate_redundancy|0.001|1|0,L_relative_error,0.093951637650000003,9.3951637649999995,percent,100 * raw_value,n==5; noise_fraction==0.001; practical designs,37,NA,NA,NA,NA,NA,NA,NA,NA,NA,NA,NA,NA,NA,NA,NA
3,c,raw,results/k9_practical_replicates.csv,d24c65b6f7fc8473eaeb70bc016389b14e71df683f57a6be41dd58fef9437361,moderate_redundancy,NA,37,NA,NA,NA,NA,NA,NA,NA,NA,NA,NA,NA,NA,E5,5,1,1,0,0.001,0.10000000000000001,37,fit_complete,True,0.00063732910920000002,4128.3310000000001,0.0034543847440000001,38,0.83333333330000003,1,0.90909090910000001,367,E5|5|moderate_redundancy|0.001|1|0,C_relative_error,0.049572343290000001,4.9572343290000003,percent,100 * raw_value,n==5; noise_fraction==0.001; practical designs,37,NA,NA,NA,NA,NA,NA,NA,NA,NA,NA,NA,NA,NA,NA,NA
3,c,raw,results/k9_practical_replicates.csv,d24c65b6f7fc8473eaeb70bc016389b14e71df683f57a6be41dd58fef9437361,high_redundancy,NA,77,NA,NA,NA,NA,NA,NA,NA,NA,NA,NA,NA,NA,E5,5,1,1,0,0.001,0.10000000000000001,77,fit_complete,True,0.00077723422930000001,395.07346999999999,0.0071329974809999997,21,1,1,1,368,E5|5|high_redundancy|0.001|1|0,L_relative_error,0.01208278617,1.2082786169999999,percent,100 * raw_value,n==5; noise_fraction==0.001; practical designs,77,NA,NA,NA,NA,NA,NA,NA,NA,NA,NA,NA,NA,NA,NA,NA
3,c,raw,results/k9_practical_replicates.csv,d24c65b6f7fc8473eaeb70bc016389b14e71df683f57a6be41dd58fef9437361,high_redundancy,NA,77,NA,NA,NA,NA,NA,NA,NA,NA,NA,NA,NA,NA,E5,5,1,1,0,0.001,0.10000000000000001,77,fit_complete,True,0.00077723422930000001,395.07346999999999,0.0071329974809999997,21,1,1,1,368,E5|5|high_redundancy|0.001|1|0,C_relative_error,0.022428660560000001,2.242866056,percent,100 * raw_value,n==5; noise_fraction==0.001; practical designs,77,NA,NA,NA,NA,NA,NA,NA,NA,NA,NA,NA,NA,NA,NA,NA
3,c,raw,results/k9_practical_replicates.csv,d24c65b6f7fc8473eaeb70bc016389b14e71df683f57a6be41dd58fef9437361,moderate_redundancy,NA,37,NA,NA,NA,NA,NA,NA,NA,NA,NA,NA,NA,NA,E5,5,1,1,1,0.001,0.10000000000000001,37,fit_complete,True,0.00071280535360000003,2136.155827,0.0048681514869999996,40,0.71428571429999999,1,0.83333333330000003,370,E5|5|moderate_redundancy|0.001|1|1,L_relative_error,0.17111404960000001,17.111404960000002,percent,100 * raw_value,n==5; noise_fraction==0.001; practical designs,37,NA,NA,NA,NA,NA,NA,NA,NA,NA,NA,NA,NA,NA,NA,NA
3,c,raw,results/k9_practical_replicates.csv,d24c65b6f7fc8473eaeb70bc016389b14e71df683f57a6be41dd58fef9437361,moderate_redundancy,NA,37,NA,NA,NA,NA,NA,NA,NA,NA,NA,NA,NA,NA,E5,5,1,1,1,0.001,0.10000000000000001,37,fit_complete,True,0.00071280535360000003,2136.155827,0.0048681514869999996,40,0.71428571429999999,1,0.83333333330000003,370,E5|5|moderate_redundancy|0.001|1|1,C_relative_error,0.099168733620000005,9.9168733620000005,percent,100 * raw_value,n==5; noise_fraction==0.001; practical designs,37,NA,NA,NA,NA,NA,NA,NA,NA,NA,NA,NA,NA,NA,NA,NA
3,c,raw,results/k9_practical_replicates.csv,d24c65b6f7fc8473eaeb70bc016389b14e71df683f57a6be41dd58fef9437361,high_redundancy,NA,77,NA,NA,NA,NA,NA,NA,NA,NA,NA,NA,NA,NA,E5,5,1,1,1,0.001,0.10000000000000001,77,fit_complete,True,0.00090708259769999998,394.5984014,0.0086512723029999999,23,1,1,1,371,E5|5|high_redundancy|0.001|1|1,L_relative_error,0.011957625560000001,1.195762556,percent,100 * raw_value,n==5; noise_fraction==0.001; practical designs,77,NA,NA,NA,NA,NA,NA,NA,NA,NA,NA,NA,NA,NA,NA,NA
3,c,raw,results/k9_practical_replicates.csv,d24c65b6f7fc8473eaeb70bc016389b14e71df683f57a6be41dd58fef9437361,high_redundancy,NA,77,NA,NA,NA,NA,NA,NA,NA,NA,NA,NA,NA,NA,E5,5,1,1,1,0.001,0.10000000000000001,77,fit_complete,True,0.00090708259769999998,394.5984014,0.0086512723029999999,23,1,1,1,371,E5|5|high_redundancy|0.001|1|1,C_relative_error,0.037514233600000002,3.7514233600000004,percent,100 * raw_value,n==5; noise_fraction==0.001; practical designs,77,NA,NA,NA,NA,NA,NA,NA,NA,NA,NA,NA,NA,NA,NA,NA
3,c,raw,results/k9_practical_replicates.csv,d24c65b6f7fc8473eaeb70bc016389b14e71df683f57a6be41dd58fef9437361,moderate_redundancy,NA,37,NA,NA,NA,NA,NA,NA,NA,NA,NA,NA,NA,NA,E5,5,1,1,2,0.001,0.10000000000000001,37,fit_complete,True,0.00047121849119999997,3489.6616600000002,0.0034277835830000001,36,0.83333333330000003,1,0.90909090910000001,373,E5|5|moderate_redundancy|0.001|1|2,L_relative_error,0.070007431849999996,7.0007431849999993,percent,100 * raw_value,n==5; noise_fraction==0.001; practical designs,37,NA,NA,NA,NA,NA,NA,NA,NA,NA,NA,NA,NA,NA,NA,NA
3,c,raw,results/k9_practical_replicates.csv,d24c65b6f7fc8473eaeb70bc016389b14e71df683f57a6be41dd58fef9437361,moderate_redundancy,NA,37,NA,NA,NA,NA,NA,NA,NA,NA,NA,NA,NA,NA,E5,5,1,1,2,0.001,0.10000000000000001,37,fit_complete,True,0.00047121849119999997,3489.6616600000002,0.0034277835830000001,36,0.83333333330000003,1,0.90909090910000001,373,E5|5|moderate_redundancy|0.001|1|2,C_relative_error,0.1002979328,10.02979328,percent,100 * raw_value,n==5; noise_fraction==0.001; practical designs,37,NA,NA,NA,NA,NA,NA,NA,NA,NA,NA,NA,NA,NA,NA,NA
3,c,raw,results/k9_practical_replicates.csv,d24c65b6f7fc8473eaeb70bc016389b14e71df683f57a6be41dd58fef9437361,high_redundancy,NA,77,NA,NA,NA,NA,NA,NA,NA,NA,NA,NA,NA,NA,E5,5,1,1,2,0.001,0.10000000000000001,77,fit_complete,True,0.00090165370359999997,400.29587729999997,0.0077501380490000004,20,1,1,1,374,E5|5|high_redundancy|0.001|1|2,L_relative_error,0.0040650937409999997,0.40650937409999999,percent,100 * raw_value,n==5; noise_fraction==0.001; practical designs,77,NA,NA,NA,NA,NA,NA,NA,NA,NA,NA,NA,NA,NA,NA,NA
3,c,raw,results/k9_practical_replicates.csv,d24c65b6f7fc8473eaeb70bc016389b14e71df683f57a6be41dd58fef9437361,high_redundancy,NA,77,NA,NA,NA,NA,NA,NA,NA,NA,NA,NA,NA,NA,E5,5,1,1,2,0.001,0.10000000000000001,77,fit_complete,True,0.00090165370359999997,400.29587729999997,0.0077501380490000004,20,1,1,1,374,E5|5|high_redundancy|0.001|1|2,C_relative_error,0.019023273980000002,1.9023273980000002,percent,100 * raw_value,n==5; noise_fraction==0.001; practical designs,77,NA,NA,NA,NA,NA,NA,NA,NA,NA,NA,NA,NA,NA,NA,NA
3,c,raw,results/k9_practical_replicates.csv,d24c65b6f7fc8473eaeb70bc016389b14e71df683f57a6be41dd58fef9437361,moderate_redundancy,NA,37,NA,NA,NA,NA,NA,NA,NA,NA,NA,NA,NA,NA,E5,5,1,1,3,0.001,0.10000000000000001,37,fit_complete,True,0.00068900878989999997,2393.4610269999998,0.0044706198520000004,32,0.71428571429999999,1,0.83333333330000003,376,E5|5|moderate_redundancy|0.001|1|3,L_relative_error,0.1442437268,14.424372679999999,percent,100 * raw_value,n==5; noise_fraction==0.001; practical designs,37,NA,NA,NA,NA,NA,NA,NA,NA,NA,NA,NA,NA,NA,NA,NA
3,c,raw,results/k9_practical_replicates.csv,d24c65b6f7fc8473eaeb70bc016389b14e71df683f57a6be41dd58fef9437361,moderate_redundancy,NA,37,NA,NA,NA,NA,NA,NA,NA,NA,NA,NA,NA,NA,E5,5,1,1,3,0.001,0.10000000000000001,37,fit_complete,True,0.00068900878989999997,2393.4610269999998,0.0044706198520000004,32,0.71428571429999999,1,0.83333333330000003,376,E5|5|moderate_redundancy|0.001|1|3,C_relative_error,0.11118188750000001,11.11818875,percent,100 * raw_value,n==5; noise_fraction==0.001; practical designs,37,NA,NA,NA,NA,NA,NA,NA,NA,NA,NA,NA,NA,NA,NA,NA
3,c,raw,results/k9_practical_replicates.csv,d24c65b6f7fc8473eaeb70bc016389b14e71df683f57a6be41dd58fef9437361,high_redundancy,NA,77,NA,NA,NA,NA,NA,NA,NA,NA,NA,NA,NA,NA,E5,5,1,1,3,0.001,0.10000000000000001,77,fit_complete,True,0.00084766812700000002,392.59002729999997,0.0078591872209999997,21,1,1,1,377,E5|5|high_redundancy|0.001|1|3,L_relative_error,0.0072963710369999997,0.72963710370000001,percent,100 * raw_value,n==5; noise_fraction==0.001; practical designs,77,NA,NA,NA,NA,NA,NA,NA,NA,NA,NA,NA,NA,NA,NA,NA
3,c,raw,results/k9_practical_replicates.csv,d24c65b6f7fc8473eaeb70bc016389b14e71df683f57a6be41dd58fef9437361,high_redundancy,NA,77,NA,NA,NA,NA,NA,NA,NA,NA,NA,NA,NA,NA,E5,5,1,1,3,0.001,0.10000000000000001,77,fit_complete,True,0.00084766812700000002,392.59002729999997,0.0078591872209999997,21,1,1,1,377,E5|5|high_redundancy|0.001|1|3,C_relative_error,0.038146962919999999,3.8146962919999998,percent,100 * raw_value,n==5; noise_fraction==0.001; practical designs,77,NA,NA,NA,NA,NA,NA,NA,NA,NA,NA,NA,NA,NA,NA,NA
3,c,summary,results/k9_practical_replicates.csv,d24c65b6f7fc8473eaeb70bc016389b14e71df683f57a6be41dd58fef9437361,moderate_redundancy,NA,NA,NA,NA,NA,NA,NA,NA,NA,NA,NA,NA,NA,NA,NA,NA,NA,NA,NA,NA,NA,NA,NA,NA,NA,NA,NA,NA,NA,NA,NA,NA,NA,L_relative_error,NA,NA,percent,100 * raw_value,n==5; noise_fraction==0.001; practical designs,NA,24,24,24,0.146046967625,0.2186649695,0.31062949360000003,0.40389542459,14.6046967625,21.866496949999998,31.062949360000005,40.389542458999998,NA,NA,NA,NA
3,c,summary,results/k9_practical_replicates.csv,d24c65b6f7fc8473eaeb70bc016389b14e71df683f57a6be41dd58fef9437361,moderate_redundancy,NA,NA,NA,NA,NA,NA,NA,NA,NA,NA,NA,NA,NA,NA,NA,NA,NA,NA,NA,NA,NA,NA,NA,NA,NA,NA,NA,NA,NA,NA,NA,NA,NA,C_relative_error,NA,NA,percent,100 * raw_value,n==5; noise_fraction==0.001; practical designs,NA,24,24,24,0.16537939055,0.43445191945,0.60105450564999996,0.80650426619000004,16.537939054999999,43.445191944999998,60.105450564999998,80.650426619000001,NA,NA,NA,NA
3,c,summary,results/k9_practical_replicates.csv,d24c65b6f7fc8473eaeb70bc016389b14e71df683f57a6be41dd58fef9437361,high_redundancy,NA,NA,NA,NA,NA,NA,NA,NA,NA,NA,NA,NA,NA,NA,NA,NA,NA,NA,NA,NA,NA,NA,NA,NA,NA,NA,NA,NA,NA,NA,NA,NA,NA,L_relative_error,NA,NA,percent,100 * raw_value,n==5; noise_fraction==0.001; practical designs,NA,24,24,24,0.01079231192925,0.029123742884999998,0.050007057252500001,0.066740631333999989,1.079231192925,2.9123742884999997,5.0007057252500005,6.6740631333999989,NA,NA,NA,NA
3,c,summary,results/k9_practical_replicates.csv,d24c65b6f7fc8473eaeb70bc016389b14e71df683f57a6be41dd58fef9437361,high_redundancy,NA,NA,NA,NA,NA,NA,NA,NA,NA,NA,NA,NA,NA,NA,NA,NA,NA,NA,NA,NA,NA,NA,NA,NA,NA,NA,NA,NA,NA,NA,NA,NA,NA,C_relative_error,NA,NA,percent,100 * raw_value,n==5; noise_fraction==0.001; practical designs,NA,24,24,24,0.03798878059,0.13531120364999999,0.191127747175,0.22377043659999998,3.7988780590000002,13.531120365,19.112774717499999,22.377043659999998,NA,NA,NA,NA
3,d,raw,results/k9_practical_replicates.csv,d24c65b6f7fc8473eaeb70bc016389b14e71df683f57a6be41dd58fef9437361,minimal_exact_budget,NA,20,NA,NA,NA,NA,NA,NA,NA,NA,NA,NA,NA,NA,E3,5,1,0,0,0,0,20,recovered,True,NA,NA,NA,NA,1,1,NA,6,E3|5|minimal_exact_budget|0.0|0|0,topology_F1,1,1,unitless,identity,n==5; primary support cutoff 0.25,20,NA,NA,NA,NA,NA,NA,NA,NA,NA,NA,NA,2.4041272089999999e-12,6.8003626260000002e-11,NA,NA
3,d,raw,results/k9_practical_replicates.csv,d24c65b6f7fc8473eaeb70bc016389b14e71df683f57a6be41dd58fef9437361,moderate_redundancy,NA,37,NA,NA,NA,NA,NA,NA,NA,NA,NA,NA,NA,NA,E3,5,1,0,0,0,0,37,fit_complete,True,4.0770395540000001e-07,37389.736680000002,3.354387773e-06,97,1,1,NA,7,E3|5|moderate_redundancy|0.0|0|0,topology_F1,1,1,unitless,identity,n==5; primary support cutoff 0.25,37,NA,NA,NA,NA,NA,NA,NA,NA,NA,NA,NA,0.001061737732,0.00052832556480000002,NA,NA
3,d,raw,results/k9_practical_replicates.csv,d24c65b6f7fc8473eaeb70bc016389b14e71df683f57a6be41dd58fef9437361,high_redundancy,NA,77,NA,NA,NA,NA,NA,NA,NA,NA,NA,NA,NA,NA,E3,5,1,0,0,0,0,77,fit_complete,True,4.152726438e-08,6685.619659,3.6254539519999999e-07,42,1,1,NA,8,E3|5|high_redundancy|0.0|0|0,topology_F1,1,1,unitless,identity,n==5; primary support cutoff 0.25,77,NA,NA,NA,NA,NA,NA,NA,NA,NA,NA,NA,1.5457442950000001e-05,3.0294027800000001e-06,NA,NA
3,d,raw,results/k9_practical_replicates.csv,d24c65b6f7fc8473eaeb70bc016389b14e71df683f57a6be41dd58fef9437361,minimal_exact_budget,NA,20,NA,NA,NA,NA,NA,NA,NA,NA,NA,NA,NA,NA,E3,5,1,0,1,0,0,20,recovered,True,NA,NA,NA,NA,1,1,NA,9,E3|5|minimal_exact_budget|0.0|0|1,topology_F1,1,1,unitless,identity,n==5; primary support cutoff 0.25,20,NA,NA,NA,NA,NA,NA,NA,NA,NA,NA,NA,2.4041272089999999e-12,6.8003626260000002e-11,NA,NA
3,d,raw,results/k9_practical_replicates.csv,d24c65b6f7fc8473eaeb70bc016389b14e71df683f57a6be41dd58fef9437361,moderate_redundancy,NA,37,NA,NA,NA,NA,NA,NA,NA,NA,NA,NA,NA,NA,E3,5,1,0,1,0,0,37,fit_complete,True,4.0770395540000001e-07,37389.736680000002,3.354387773e-06,97,1,1,NA,10,E3|5|moderate_redundancy|0.0|0|1,topology_F1,1,1,unitless,identity,n==5; primary support cutoff 0.25,37,NA,NA,NA,NA,NA,NA,NA,NA,NA,NA,NA,0.001061737732,0.00052832556480000002,NA,NA
3,d,raw,results/k9_practical_replicates.csv,d24c65b6f7fc8473eaeb70bc016389b14e71df683f57a6be41dd58fef9437361,high_redundancy,NA,77,NA,NA,NA,NA,NA,NA,NA,NA,NA,NA,NA,NA,E3,5,1,0,1,0,0,77,fit_complete,True,4.152726438e-08,6685.619659,3.6254539519999999e-07,42,1,1,NA,11,E3|5|high_redundancy|0.0|0|1,topology_F1,1,1,unitless,identity,n==5; primary support cutoff 0.25,77,NA,NA,NA,NA,NA,NA,NA,NA,NA,NA,NA,1.5457442950000001e-05,3.0294027800000001e-06,NA,NA
3,d,raw,results/k9_practical_replicates.csv,d24c65b6f7fc8473eaeb70bc016389b14e71df683f57a6be41dd58fef9437361,minimal_exact_budget,NA,20,NA,NA,NA,NA,NA,NA,NA,NA,NA,NA,NA,NA,E3,5,1,0,2,0,0,20,recovered,True,NA,NA,NA,NA,1,1,NA,12,E3|5|minimal_exact_budget|0.0|0|2,topology_F1,1,1,unitless,identity,n==5; primary support cutoff 0.25,20,NA,NA,NA,NA,NA,NA,NA,NA,NA,NA,NA,2.4041272089999999e-12,6.8003626260000002e-11,NA,NA
3,d,raw,results/k9_practical_replicates.csv,d24c65b6f7fc8473eaeb70bc016389b14e71df683f57a6be41dd58fef9437361,moderate_redundancy,NA,37,NA,NA,NA,NA,NA,NA,NA,NA,NA,NA,NA,NA,E3,5,1,0,2,0,0,37,fit_complete,True,4.0770395540000001e-07,37389.736680000002,3.354387773e-06,97,1,1,NA,13,E3|5|moderate_redundancy|0.0|0|2,topology_F1,1,1,unitless,identity,n==5; primary support cutoff 0.25,37,NA,NA,NA,NA,NA,NA,NA,NA,NA,NA,NA,0.001061737732,0.00052832556480000002,NA,NA
3,d,raw,results/k9_practical_replicates.csv,d24c65b6f7fc8473eaeb70bc016389b14e71df683f57a6be41dd58fef9437361,high_redundancy,NA,77,NA,NA,NA,NA,NA,NA,NA,NA,NA,NA,NA,NA,E3,5,1,0,2,0,0,77,fit_complete,True,4.152726438e-08,6685.619659,3.6254539519999999e-07,42,1,1,NA,14,E3|5|high_redundancy|0.0|0|2,topology_F1,1,1,unitless,identity,n==5; primary support cutoff 0.25,77,NA,NA,NA,NA,NA,NA,NA,NA,NA,NA,NA,1.5457442950000001e-05,3.0294027800000001e-06,NA,NA
3,d,raw,results/k9_practical_replicates.csv,d24c65b6f7fc8473eaeb70bc016389b14e71df683f57a6be41dd58fef9437361,minimal_exact_budget,NA,20,NA,NA,NA,NA,NA,NA,NA,NA,NA,NA,NA,NA,E3,5,1,0,3,0,0,20,recovered,True,NA,NA,NA,NA,1,1,NA,15,E3|5|minimal_exact_budget|0.0|0|3,topology_F1,1,1,unitless,identity,n==5; primary support cutoff 0.25,20,NA,NA,NA,NA,NA,NA,NA,NA,NA,NA,NA,2.4041272089999999e-12,6.8003626260000002e-11,NA,NA
3,d,raw,results/k9_practical_replicates.csv,d24c65b6f7fc8473eaeb70bc016389b14e71df683f57a6be41dd58fef9437361,moderate_redundancy,NA,37,NA,NA,NA,NA,NA,NA,NA,NA,NA,NA,NA,NA,E3,5,1,0,3,0,0,37,fit_complete,True,4.0770395540000001e-07,37389.736680000002,3.354387773e-06,97,1,1,NA,16,E3|5|moderate_redundancy|0.0|0|3,topology_F1,1,1,unitless,identity,n==5; primary support cutoff 0.25,37,NA,NA,NA,NA,NA,NA,NA,NA,NA,NA,NA,0.001061737732,0.00052832556480000002,NA,NA
3,d,raw,results/k9_practical_replicates.csv,d24c65b6f7fc8473eaeb70bc016389b14e71df683f57a6be41dd58fef9437361,high_redundancy,NA,77,NA,NA,NA,NA,NA,NA,NA,NA,NA,NA,NA,NA,E3,5,1,0,3,0,0,77,fit_complete,True,4.152726438e-08,6685.619659,3.6254539519999999e-07,42,1,1,NA,17,E3|5|high_redundancy|0.0|0|3,topology_F1,1,1,unitless,identity,n==5; primary support cutoff 0.25,77,NA,NA,NA,NA,NA,NA,NA,NA,NA,NA,NA,1.5457442950000001e-05,3.0294027800000001e-06,NA,NA
3,d,raw,results/k9_practical_replicates.csv,d24c65b6f7fc8473eaeb70bc016389b14e71df683f57a6be41dd58fef9437361,minimal_exact_budget,NA,20,NA,NA,NA,NA,NA,NA,NA,NA,NA,NA,NA,NA,E3,5,1,0,0,0.0001,0.01,15,PrecisionFailure: K9 reconstructed root-coupling vector has a negative entry.,False,NA,NA,NA,NA,NA,NA,NA,18,E3|5|minimal_exact_budget|0.0001|0|0,topology_F1,NA,NA,unitless,identity,n==5; primary support cutoff 0.25,15,NA,NA,NA,NA,NA,NA,NA,NA,NA,NA,NA,NA,NA,NA,NA
3,d,raw,results/k9_practical_replicates.csv,d24c65b6f7fc8473eaeb70bc016389b14e71df683f57a6be41dd58fef9437361,moderate_redundancy,NA,37,NA,NA,NA,NA,NA,NA,NA,NA,NA,NA,NA,NA,E3,5,1,0,0,0.0001,0.01,37,fit_complete,True,5.9039802480000001e-05,33777.075400000002,0.00036162508420000002,96,1,1,NA,19,E3|5|moderate_redundancy|0.0001|0|0,topology_F1,1,1,unitless,identity,n==5; primary support cutoff 0.25,37,NA,NA,NA,NA,NA,NA,NA,NA,NA,NA,NA,0.048612541109999997,0.039309126610000002,NA,NA
3,d,raw,results/k9_practical_replicates.csv,d24c65b6f7fc8473eaeb70bc016389b14e71df683f57a6be41dd58fef9437361,high_redundancy,NA,77,NA,NA,NA,NA,NA,NA,NA,NA,NA,NA,NA,NA,E3,5,1,0,0,0.0001,0.01,77,fit_complete,True,9.389646746e-05,6711.3746950000004,0.00079866962300000001,36,1,1,NA,20,E3|5|high_redundancy|0.0001|0|0,topology_F1,1,1,unitless,identity,n==5; primary support cutoff 0.25,77,NA,NA,NA,NA,NA,NA,NA,NA,NA,NA,NA,0.0026969876989999999,0.040364076710000002,NA,NA
3,d,raw,results/k9_practical_replicates.csv,d24c65b6f7fc8473eaeb70bc016389b14e71df683f57a6be41dd58fef9437361,minimal_exact_budget,NA,20,NA,NA,NA,NA,NA,NA,NA,NA,NA,NA,NA,NA,E3,5,1,0,1,0.0001,0.01,15,PrecisionFailure: K9 reconstructed root-coupling vector has a negative entry.,False,NA,NA,NA,NA,NA,NA,NA,21,E3|5|minimal_exact_budget|0.0001|0|1,topology_F1,NA,NA,unitless,identity,n==5; primary support cutoff 0.25,15,NA,NA,NA,NA,NA,NA,NA,NA,NA,NA,NA,NA,NA,NA,NA
3,d,raw,results/k9_practical_replicates.csv,d24c65b6f7fc8473eaeb70bc016389b14e71df683f57a6be41dd58fef9437361,moderate_redundancy,NA,37,NA,NA,NA,NA,NA,NA,NA,NA,NA,NA,NA,NA,E3,5,1,0,1,0.0001,0.01,37,fit_complete,True,9.4944833990000003e-05,27887.151949999999,0.0005481436415,85,0.83333333330000003,1,NA,22,E3|5|moderate_redundancy|0.0001|0|1,topology_F1,0.90909090910000001,0.90909090910000001,unitless,identity,n==5; primary support cutoff 0.25,37,NA,NA,NA,NA,NA,NA,NA,NA,NA,NA,NA,0.12688911510000001,0.048256164519999999,NA,NA
3,d,raw,results/k9_practical_replicates.csv,d24c65b6f7fc8473eaeb70bc016389b14e71df683f57a6be41dd58fef9437361,high_redundancy,NA,77,NA,NA,NA,NA,NA,NA,NA,NA,NA,NA,NA,NA,E3,5,1,0,1,0.0001,0.01,77,fit_complete,True,8.2260773840000002e-05,6485.3579689999997,0.000782078724,41,1,1,NA,23,E3|5|high_redundancy|0.0001|0|1,topology_F1,1,1,unitless,identity,n==5; primary support cutoff 0.25,77,NA,NA,NA,NA,NA,NA,NA,NA,NA,NA,NA,0.015081517359999999,0.01278548738,NA,NA
3,d,raw,results/k9_practical_replicates.csv,d24c65b6f7fc8473eaeb70bc016389b14e71df683f57a6be41dd58fef9437361,minimal_exact_budget,NA,20,NA,NA,NA,NA,NA,NA,NA,NA,NA,NA,NA,NA,E3,5,1,0,2,0.0001,0.01,15,PrecisionFailure: K9 reconstructed root-coupling vector has a negative entry.,False,NA,NA,NA,NA,NA,NA,NA,24,E3|5|minimal_exact_budget|0.0001|0|2,topology_F1,NA,NA,unitless,identity,n==5; primary support cutoff 0.25,15,NA,NA,NA,NA,NA,NA,NA,NA,NA,NA,NA,NA,NA,NA,NA
3,d,raw,results/k9_practical_replicates.csv,d24c65b6f7fc8473eaeb70bc016389b14e71df683f57a6be41dd58fef9437361,moderate_redundancy,NA,37,NA,NA,NA,NA,NA,NA,NA,NA,NA,NA,NA,NA,E3,5,1,0,2,0.0001,0.01,37,fit_complete,True,6.9987473749999997e-05,31289.636340000001,0.00040652849459999998,101,1,1,NA,25,E3|5|moderate_redundancy|0.0001|0|2,topology_F1,1,1,unitless,identity,n==5; primary support cutoff 0.25,37,NA,NA,NA,NA,NA,NA,NA,NA,NA,NA,NA,0.080870732469999998,0.04195725308,NA,NA
3,d,raw,results/k9_practical_replicates.csv,d24c65b6f7fc8473eaeb70bc016389b14e71df683f57a6be41dd58fef9437361,high_redundancy,NA,77,NA,NA,NA,NA,NA,NA,NA,NA,NA,NA,NA,NA,E3,5,1,0,2,0.0001,0.01,77,fit_complete,True,8.1078635499999994e-05,6601.861723,0.00072799682000000004,39,1,1,NA,26,E3|5|high_redundancy|0.0001|0|2,topology_F1,1,1,unitless,identity,n==5; primary support cutoff 0.25,77,NA,NA,NA,NA,NA,NA,NA,NA,NA,NA,NA,0.0062474471120000001,0.027159097649999998,NA,NA
3,d,raw,results/k9_practical_replicates.csv,d24c65b6f7fc8473eaeb70bc016389b14e71df683f57a6be41dd58fef9437361,minimal_exact_budget,NA,20,NA,NA,NA,NA,NA,NA,NA,NA,NA,NA,NA,NA,E3,5,1,0,3,0.0001,0.01,15,PrecisionFailure: K9 reconstructed root-coupling vector has a negative entry.,False,NA,NA,NA,NA,NA,NA,NA,27,E3|5|minimal_exact_budget|0.0001|0|3,topology_F1,NA,NA,unitless,identity,n==5; primary support cutoff 0.25,15,NA,NA,NA,NA,NA,NA,NA,NA,NA,NA,NA,NA,NA,NA,NA
3,d,raw,results/k9_practical_replicates.csv,d24c65b6f7fc8473eaeb70bc016389b14e71df683f57a6be41dd58fef9437361,moderate_redundancy,NA,37,NA,NA,NA,NA,NA,NA,NA,NA,NA,NA,NA,NA,E3,5,1,0,3,0.0001,0.01,37,fit_complete,True,9.9370369070000004e-05,35397.365230000003,0.00051604020630000003,92,1,1,NA,28,E3|5|moderate_redundancy|0.0001|0|3,topology_F1,1,1,unitless,identity,n==5; primary support cutoff 0.25,37,NA,NA,NA,NA,NA,NA,NA,NA,NA,NA,NA,0.036977768809999999,0.014751169999999999,NA,NA
3,d,raw,results/k9_practical_replicates.csv,d24c65b6f7fc8473eaeb70bc016389b14e71df683f57a6be41dd58fef9437361,high_redundancy,NA,77,NA,NA,NA,NA,NA,NA,NA,NA,NA,NA,NA,NA,E3,5,1,0,3,0.0001,0.01,77,fit_complete,True,9.5293807150000006e-05,6685.869455,0.00081035669120000005,40,1,1,NA,29,E3|5|high_redundancy|0.0001|0|3,topology_F1,1,1,unitless,identity,n==5; primary support cutoff 0.25,77,NA,NA,NA,NA,NA,NA,NA,NA,NA,NA,NA,0.0038450702860000001,0.050692880189999998,NA,NA
3,d,raw,results/k9_practical_replicates.csv,d24c65b6f7fc8473eaeb70bc016389b14e71df683f57a6be41dd58fef9437361,minimal_exact_budget,NA,20,NA,NA,NA,NA,NA,NA,NA,NA,NA,NA,NA,NA,E3,5,1,0,0,0.00029999999999999997,0.029999999999999999,11,PrecisionFailure: K9 paired threshold is outside its unique admissible Green interval.,False,NA,NA,NA,NA,NA,NA,NA,30,E3|5|minimal_exact_budget|0.0003|0|0,topology_F1,NA,NA,unitless,identity,n==5; primary support cutoff 0.25,11,NA,NA,NA,NA,NA,NA,NA,NA,NA,NA,NA,NA,NA,NA,NA
3,d,raw,results/k9_practical_replicates.csv,d24c65b6f7fc8473eaeb70bc016389b14e71df683f57a6be41dd58fef9437361,moderate_redundancy,NA,37,NA,NA,NA,NA,NA,NA,NA,NA,NA,NA,NA,NA,E3,5,1,0,0,0.00029999999999999997,0.029999999999999999,37,fit_complete,True,0.00023507254739999999,31216.820110000001,0.001239239512,108,1,1,NA,31,E3|5|moderate_redundancy|0.0003|0|0,topology_F1,1,1,unitless,identity,n==5; primary support cutoff 0.25,37,NA,NA,NA,NA,NA,NA,NA,NA,NA,NA,NA,0.13784741480000001,0.25294535309999999,NA,NA
3,d,raw,results/k9_practical_replicates.csv,d24c65b6f7fc8473eaeb70bc016389b14e71df683f57a6be41dd58fef9437361,high_redundancy,NA,77,NA,NA,NA,NA,NA,NA,NA,NA,NA,NA,NA,NA,E3,5,1,0,0,0.00029999999999999997,0.029999999999999999,77,fit_complete,True,0.00025388526679999998,6488.7682279999999,0.0022956255679999998,35,1,1,NA,32,E3|5|high_redundancy|0.0003|0|0,topology_F1,1,1,unitless,identity,n==5; primary support cutoff 0.25,77,NA,NA,NA,NA,NA,NA,NA,NA,NA,NA,NA,0.01312441522,0.061325465240000002,NA,NA
3,d,raw,results/k9_practical_replicates.csv,d24c65b6f7fc8473eaeb70bc016389b14e71df683f57a6be41dd58fef9437361,minimal_exact_budget,NA,20,NA,NA,NA,NA,NA,NA,NA,NA,NA,NA,NA,NA,E3,5,1,0,1,0.00029999999999999997,0.029999999999999999,12,PrecisionFailure: K9 paired threshold is outside its unique admissible Green interval.,False,NA,NA,NA,NA,NA,NA,NA,33,E3|5|minimal_exact_budget|0.0003|0|1,topology_F1,NA,NA,unitless,identity,n==5; primary support cutoff 0.25,12,NA,NA,NA,NA,NA,NA,NA,NA,NA,NA,NA,NA,NA,NA,NA
3,d,raw,results/k9_practical_replicates.csv,d24c65b6f7fc8473eaeb70bc016389b14e71df683f57a6be41dd58fef9437361,moderate_redundancy,NA,37,NA,NA,NA,NA,NA,NA,NA,NA,NA,NA,NA,NA,E3,5,1,0,1,0.00029999999999999997,0.029999999999999999,37,fit_complete,True,0.00023448735999999999,29372.975610000001,0.0013360314779999999,75,0.83333333330000003,1,NA,34,E3|5|moderate_redundancy|0.0003|0|1,topology_F1,0.90909090910000001,0.90909090910000001,unitless,identity,n==5; primary support cutoff 0.25,37,NA,NA,NA,NA,NA,NA,NA,NA,NA,NA,NA,0.099948413149999998,0.068043437009999999,NA,NA
3,d,raw,results/k9_practical_replicates.csv,d24c65b6f7fc8473eaeb70bc016389b14e71df683f57a6be41dd58fef9437361,high_redundancy,NA,77,NA,NA,NA,NA,NA,NA,NA,NA,NA,NA,NA,NA,E3,5,1,0,1,0.00029999999999999997,0.029999999999999999,77,fit_complete,True,0.00022804604929999999,6360.4741139999996,0.0021122531729999999,36,1,1,NA,35,E3|5|high_redundancy|0.0003|0|1,topology_F1,1,1,unitless,identity,n==5; primary support cutoff 0.25,77,NA,NA,NA,NA,NA,NA,NA,NA,NA,NA,NA,0.02035672698,0.037289203049999997,NA,NA
3,d,raw,results/k9_practical_replicates.csv,d24c65b6f7fc8473eaeb70bc016389b14e71df683f57a6be41dd58fef9437361,minimal_exact_budget,NA,20,NA,NA,NA,NA,NA,NA,NA,NA,NA,NA,NA,NA,E3,5,1,0,2,0.00029999999999999997,0.029999999999999999,10,PrecisionFailure: K9 paired threshold is outside its unique admissible Green interval.,False,NA,NA,NA,NA,NA,NA,NA,36,E3|5|minimal_exact_budget|0.0003|0|2,topology_F1,NA,NA,unitless,identity,n==5; primary support cutoff 0.25,10,NA,NA,NA,NA,NA,NA,NA,NA,NA,NA,NA,NA,NA,NA,NA
3,d,raw,results/k9_practical_replicates.csv,d24c65b6f7fc8473eaeb70bc016389b14e71df683f57a6be41dd58fef9437361,moderate_redundancy,NA,37,NA,NA,NA,NA,NA,NA,NA,NA,NA,NA,NA,NA,E3,5,1,0,2,0.00029999999999999997,0.029999999999999999,37,fit_complete,True,0.00021225566799999999,27943.748960000001,0.001307769998,103,0.83333333330000003,1,NA,37,E3|5|moderate_redundancy|0.0003|0|2,topology_F1,0.90909090910000001,0.90909090910000001,unitless,identity,n==5; primary support cutoff 0.25,37,NA,NA,NA,NA,NA,NA,NA,NA,NA,NA,NA,0.15884330220000001,0.30952231879999997,NA,NA
3,d,raw,results/k9_practical_replicates.csv,d24c65b6f7fc8473eaeb70bc016389b14e71df683f57a6be41dd58fef9437361,high_redundancy,NA,77,NA,NA,NA,NA,NA,NA,NA,NA,NA,NA,NA,NA,E3,5,1,0,2,0.00029999999999999997,0.029999999999999999,77,fit_complete,True,0.00025353298920000001,6717.03845,0.0022625323750000001,31,1,1,NA,38,E3|5|high_redundancy|0.0003|0|2,topology_F1,1,1,unitless,identity,n==5; primary support cutoff 0.25,77,NA,NA,NA,NA,NA,NA,NA,NA,NA,NA,NA,0.0088190509019999992,0.1302049981,NA,NA
3,d,raw,results/k9_practical_replicates.csv,d24c65b6f7fc8473eaeb70bc016389b14e71df683f57a6be41dd58fef9437361,minimal_exact_budget,NA,20,NA,NA,NA,NA,NA,NA,NA,NA,NA,NA,NA,NA,E3,5,1,0,3,0.00029999999999999997,0.029999999999999999,13,PrecisionFailure: K9 paired threshold is outside its unique admissible Green interval.,False,NA,NA,NA,NA,NA,NA,NA,39,E3|5|minimal_exact_budget|0.0003|0|3,topology_F1,NA,NA,unitless,identity,n==5; primary support cutoff 0.25,13,NA,NA,NA,NA,NA,NA,NA,NA,NA,NA,NA,NA,NA,NA,NA
3,d,raw,results/k9_practical_replicates.csv,d24c65b6f7fc8473eaeb70bc016389b14e71df683f57a6be41dd58fef9437361,moderate_redundancy,NA,37,NA,NA,NA,NA,NA,NA,NA,NA,NA,NA,NA,NA,E3,5,1,0,3,0.00029999999999999997,0.029999999999999999,37,fit_complete,True,0.00020479241420000001,22995.802950000001,0.001222257501,88,0.83333333330000003,1,NA,40,E3|5|moderate_redundancy|0.0003|0|3,topology_F1,0.90909090910000001,0.90909090910000001,unitless,identity,n==5; primary support cutoff 0.25,37,NA,NA,NA,NA,NA,NA,NA,NA,NA,NA,NA,0.19852885049999999,0.049191602260000002,NA,NA
3,d,raw,results/k9_practical_replicates.csv,d24c65b6f7fc8473eaeb70bc016389b14e71df683f57a6be41dd58fef9437361,high_redundancy,NA,77,NA,NA,NA,NA,NA,NA,NA,NA,NA,NA,NA,NA,E3,5,1,0,3,0.00029999999999999997,0.029999999999999999,77,fit_complete,True,0.00025996731669999999,6805.5233900000003,0.0022282665629999999,38,1,1,NA,41,E3|5|high_redundancy|0.0003|0|3,topology_F1,1,1,unitless,identity,n==5; primary support cutoff 0.25,77,NA,NA,NA,NA,NA,NA,NA,NA,NA,NA,NA,0.012982617869999999,0.06062385067,NA,NA
3,d,raw,results/k9_practical_replicates.csv,d24c65b6f7fc8473eaeb70bc016389b14e71df683f57a6be41dd58fef9437361,minimal_exact_budget,NA,20,NA,NA,NA,NA,NA,NA,NA,NA,NA,NA,NA,NA,E3,5,1,0,0,0.001,0.10000000000000001,11,PrecisionFailure: K9 paired threshold is outside its unique admissible Green interval.,False,NA,NA,NA,NA,NA,NA,NA,42,E3|5|minimal_exact_budget|0.001|0|0,topology_F1,NA,NA,unitless,identity,n==5; primary support cutoff 0.25,11,NA,NA,NA,NA,NA,NA,NA,NA,NA,NA,NA,NA,NA,NA,NA
3,d,raw,results/k9_practical_replicates.csv,d24c65b6f7fc8473eaeb70bc016389b14e71df683f57a6be41dd58fef9437361,moderate_redundancy,NA,37,NA,NA,NA,NA,NA,NA,NA,NA,NA,NA,NA,NA,E3,5,1,0,0,0.001,0.10000000000000001,37,fit_complete,True,0.00089161819690000005,52599.608930000002,0.0047760012899999999,120,0.83333333330000003,1,NA,43,E3|5|moderate_redundancy|0.001|0|0,topology_F1,0.90909090910000001,0.90909090910000001,unitless,identity,n==5; primary support cutoff 0.25,37,NA,NA,NA,NA,NA,NA,NA,NA,NA,NA,NA,0.47061053980000001,0.18254895069999999,NA,NA
3,d,raw,results/k9_practical_replicates.csv,d24c65b6f7fc8473eaeb70bc016389b14e71df683f57a6be41dd58fef9437361,high_redundancy,NA,77,NA,NA,NA,NA,NA,NA,NA,NA,NA,NA,NA,NA,E3,5,1,0,0,0.001,0.10000000000000001,77,fit_complete,True,0.00098081181109999993,5273.4609689999997,0.0082840426489999997,31,0.83333333330000003,1,NA,44,E3|5|high_redundancy|0.001|0|0,topology_F1,0.90909090910000001,0.90909090910000001,unitless,identity,n==5; primary support cutoff 0.25,77,NA,NA,NA,NA,NA,NA,NA,NA,NA,NA,NA,0.102936316,0.20142058560000001,NA,NA
3,d,raw,results/k9_practical_replicates.csv,d24c65b6f7fc8473eaeb70bc016389b14e71df683f57a6be41dd58fef9437361,minimal_exact_budget,NA,20,NA,NA,NA,NA,NA,NA,NA,NA,NA,NA,NA,NA,E3,5,1,0,1,0.001,0.10000000000000001,10,PrecisionFailure: K9 paired threshold is outside its unique admissible Green interval.,False,NA,NA,NA,NA,NA,NA,NA,45,E3|5|minimal_exact_budget|0.001|0|1,topology_F1,NA,NA,unitless,identity,n==5; primary support cutoff 0.25,10,NA,NA,NA,NA,NA,NA,NA,NA,NA,NA,NA,NA,NA,NA,NA
3,d,raw,results/k9_practical_replicates.csv,d24c65b6f7fc8473eaeb70bc016389b14e71df683f57a6be41dd58fef9437361,moderate_redundancy,NA,37,NA,NA,NA,NA,NA,NA,NA,NA,NA,NA,NA,NA,E3,5,1,0,1,0.001,0.10000000000000001,37,fit_complete,True,0.00051236618350000002,45638.128239999998,0.0031222069860000002,101,0.71428571429999999,1,NA,46,E3|5|moderate_redundancy|0.001|0|1,topology_F1,0.83333333330000003,0.83333333330000003,unitless,identity,n==5; primary support cutoff 0.25,37,NA,NA,NA,NA,NA,NA,NA,NA,NA,NA,NA,0.14664804789999999,0.53333101250000003,NA,NA
3,d,raw,results/k9_practical_replicates.csv,d24c65b6f7fc8473eaeb70bc016389b14e71df683f57a6be41dd58fef9437361,high_redundancy,NA,77,NA,NA,NA,NA,NA,NA,NA,NA,NA,NA,NA,NA,E3,5,1,0,1,0.001,0.10000000000000001,77,fit_complete,True,0.00092354219960000001,5151.6042349999998,0.0071203140759999997,33,1,1,NA,47,E3|5|high_redundancy|0.001|0|1,topology_F1,1,1,unitless,identity,n==5; primary support cutoff 0.25,77,NA,NA,NA,NA,NA,NA,NA,NA,NA,NA,NA,0.1159282227,0.01329147956,NA,NA
3,d,raw,results/k9_practical_replicates.csv,d24c65b6f7fc8473eaeb70bc016389b14e71df683f57a6be41dd58fef9437361,minimal_exact_budget,NA,20,NA,NA,NA,NA,NA,NA,NA,NA,NA,NA,NA,NA,E3,5,1,0,2,0.001,0.10000000000000001,12,PrecisionFailure: K9 paired threshold is outside its unique admissible Green interval.,False,NA,NA,NA,NA,NA,NA,NA,48,E3|5|minimal_exact_budget|0.001|0|2,topology_F1,NA,NA,unitless,identity,n==5; primary support cutoff 0.25,12,NA,NA,NA,NA,NA,NA,NA,NA,NA,NA,NA,NA,NA,NA,NA
3,d,raw,results/k9_practical_replicates.csv,d24c65b6f7fc8473eaeb70bc016389b14e71df683f57a6be41dd58fef9437361,moderate_redundancy,NA,37,NA,NA,NA,NA,NA,NA,NA,NA,NA,NA,NA,NA,E3,5,1,0,2,0.001,0.10000000000000001,37,fit_complete,True,0.00068399718079999996,56800.215810000002,0.0044776254199999999,80,0.83333333330000003,1,NA,49,E3|5|moderate_redundancy|0.001|0|2,topology_F1,0.90909090910000001,0.90909090910000001,unitless,identity,n==5; primary support cutoff 0.25,37,NA,NA,NA,NA,NA,NA,NA,NA,NA,NA,NA,0.28841034370000002,0.54262104659999999,NA,NA
3,d,raw,results/k9_practical_replicates.csv,d24c65b6f7fc8473eaeb70bc016389b14e71df683f57a6be41dd58fef9437361,high_redundancy,NA,77,NA,NA,NA,NA,NA,NA,NA,NA,NA,NA,NA,NA,E3,5,1,0,2,0.001,0.10000000000000001,77,fit_complete,True,0.00090152727729999997,6058.4572459999999,0.0079688098440000004,32,1,1,NA,50,E3|5|high_redundancy|0.001|0|2,topology_F1,1,1,unitless,identity,n==5; primary support cutoff 0.25,77,NA,NA,NA,NA,NA,NA,NA,NA,NA,NA,NA,0.037012187379999999,0.1862762935,NA,NA
3,d,raw,results/k9_practical_replicates.csv,d24c65b6f7fc8473eaeb70bc016389b14e71df683f57a6be41dd58fef9437361,minimal_exact_budget,NA,20,NA,NA,NA,NA,NA,NA,NA,NA,NA,NA,NA,NA,E3,5,1,0,3,0.001,0.10000000000000001,10,PrecisionFailure: K9 paired threshold is outside its unique admissible Green interval.,False,NA,NA,NA,NA,NA,NA,NA,51,E3|5|minimal_exact_budget|0.001|0|3,topology_F1,NA,NA,unitless,identity,n==5; primary support cutoff 0.25,10,NA,NA,NA,NA,NA,NA,NA,NA,NA,NA,NA,NA,NA,NA,NA
3,d,raw,results/k9_practical_replicates.csv,d24c65b6f7fc8473eaeb70bc016389b14e71df683f57a6be41dd58fef9437361,moderate_redundancy,NA,37,NA,NA,NA,NA,NA,NA,NA,NA,NA,NA,NA,NA,E3,5,1,0,3,0.001,0.10000000000000001,37,fit_complete,True,0.00090983781850000002,15032.577929999999,0.0041459840819999998,67,0.83333333330000003,1,NA,52,E3|5|moderate_redundancy|0.001|0|3,topology_F1,0.90909090910000001,0.90909090910000001,unitless,identity,n==5; primary support cutoff 0.25,37,NA,NA,NA,NA,NA,NA,NA,NA,NA,NA,NA,0.4114712693,0.34201091379999998,NA,NA
3,d,raw,results/k9_practical_replicates.csv,d24c65b6f7fc8473eaeb70bc016389b14e71df683f57a6be41dd58fef9437361,high_redundancy,NA,77,NA,NA,NA,NA,NA,NA,NA,NA,NA,NA,NA,NA,E3,5,1,0,3,0.001,0.10000000000000001,77,fit_complete,True,0.001093148318,6844.5392069999998,0.0088919885599999995,34,1,1,NA,53,E3|5|high_redundancy|0.001|0|3,topology_F1,1,1,unitless,identity,n==5; primary support cutoff 0.25,77,NA,NA,NA,NA,NA,NA,NA,NA,NA,NA,NA,0.037645220430000001,0.22584002349999999,NA,NA
3,d,raw,results/k9_practical_replicates.csv,d24c65b6f7fc8473eaeb70bc016389b14e71df683f57a6be41dd58fef9437361,minimal_exact_budget,NA,20,NA,NA,NA,NA,NA,NA,NA,NA,NA,NA,NA,NA,E3,5,1,0,0,0.0030000000000000001,0.29999999999999999,10,PrecisionFailure: K9 paired threshold is outside its unique admissible Green interval.,False,NA,NA,NA,NA,NA,NA,NA,54,E3|5|minimal_exact_budget|0.003|0|0,topology_F1,NA,NA,unitless,identity,n==5; primary support cutoff 0.25,10,NA,NA,NA,NA,NA,NA,NA,NA,NA,NA,NA,NA,NA,NA,NA
3,d,raw,results/k9_practical_replicates.csv,d24c65b6f7fc8473eaeb70bc016389b14e71df683f57a6be41dd58fef9437361,moderate_redundancy,NA,37,NA,NA,NA,NA,NA,NA,NA,NA,NA,NA,NA,NA,E3,5,1,0,0,0.0030000000000000001,0.29999999999999999,37,fit_complete,True,0.0018312864480000001,4188.2287239999996,0.011293904759999999,52,0.625,1,NA,55,E3|5|moderate_redundancy|0.003|0|0,topology_F1,0.7692307692,0.7692307692,unitless,identity,n==5; primary support cutoff 0.25,37,NA,NA,NA,NA,NA,NA,NA,NA,NA,NA,NA,0.63973100360000001,0.2554373989,NA,NA
3,d,raw,results/k9_practical_replicates.csv,d24c65b6f7fc8473eaeb70bc016389b14e71df683f57a6be41dd58fef9437361,high_redundancy,NA,77,NA,NA,NA,NA,NA,NA,NA,NA,NA,NA,NA,NA,E3,5,1,0,0,0.0030000000000000001,0.29999999999999999,77,fit_complete,True,0.0027131423900000002,17676.62556,0.022319307900000002,40,1,1,NA,56,E3|5|high_redundancy|0.003|0|0,topology_F1,1,1,unitless,identity,n==5; primary support cutoff 0.25,77,NA,NA,NA,NA,NA,NA,NA,NA,NA,NA,NA,0.12437100149999999,0.96271913409999998,NA,NA
3,d,raw,results/k9_practical_replicates.csv,d24c65b6f7fc8473eaeb70bc016389b14e71df683f57a6be41dd58fef9437361,minimal_exact_budget,NA,20,NA,NA,NA,NA,NA,NA,NA,NA,NA,NA,NA,NA,E3,5,1,0,1,0.0030000000000000001,0.29999999999999999,10,PrecisionFailure: K9 paired threshold is outside its unique admissible Green interval.,False,NA,NA,NA,NA,NA,NA,NA,57,E3|5|minimal_exact_budget|0.003|0|1,topology_F1,NA,NA,unitless,identity,n==5; primary support cutoff 0.25,10,NA,NA,NA,NA,NA,NA,NA,NA,NA,NA,NA,NA,NA,NA,NA
3,d,raw,results/k9_practical_replicates.csv,d24c65b6f7fc8473eaeb70bc016389b14e71df683f57a6be41dd58fef9437361,moderate_redundancy,NA,37,NA,NA,NA,NA,NA,NA,NA,NA,NA,NA,NA,NA,E3,5,1,0,1,0.0030000000000000001,0.29999999999999999,37,fit_complete,True,0.002508584086,92527.280119999996,0.01500038978,167,0.71428571429999999,1,NA,58,E3|5|moderate_redundancy|0.003|0|1,topology_F1,0.83333333330000003,0.83333333330000003,unitless,identity,n==5; primary support cutoff 0.25,37,NA,NA,NA,NA,NA,NA,NA,NA,NA,NA,NA,0.56566800500000003,3.1751873960000001,NA,NA
3,d,raw,results/k9_practical_replicates.csv,d24c65b6f7fc8473eaeb70bc016389b14e71df683f57a6be41dd58fef9437361,high_redundancy,NA,77,NA,NA,NA,NA,NA,NA,NA,NA,NA,NA,NA,NA,E3,5,1,0,1,0.0030000000000000001,0.29999999999999999,77,fit_complete,True,0.0031655127520000001,6063.5326180000002,0.02811981107,27,0.83333333330000003,1,NA,59,E3|5|high_redundancy|0.003|0|1,topology_F1,0.90909090910000001,0.90909090910000001,unitless,identity,n==5; primary support cutoff 0.25,77,NA,NA,NA,NA,NA,NA,NA,NA,NA,NA,NA,0.057347921529999998,0.37016680839999999,NA,NA
3,d,raw,results/k9_practical_replicates.csv,d24c65b6f7fc8473eaeb70bc016389b14e71df683f57a6be41dd58fef9437361,minimal_exact_budget,NA,20,NA,NA,NA,NA,NA,NA,NA,NA,NA,NA,NA,NA,E3,5,1,0,2,0.0030000000000000001,0.29999999999999999,11,PrecisionFailure: K9 paired threshold is outside its unique admissible Green interval.,False,NA,NA,NA,NA,NA,NA,NA,60,E3|5|minimal_exact_budget|0.003|0|2,topology_F1,NA,NA,unitless,identity,n==5; primary support cutoff 0.25,11,NA,NA,NA,NA,NA,NA,NA,NA,NA,NA,NA,NA,NA,NA,NA
3,d,raw,results/k9_practical_replicates.csv,d24c65b6f7fc8473eaeb70bc016389b14e71df683f57a6be41dd58fef9437361,moderate_redundancy,NA,37,NA,NA,NA,NA,NA,NA,NA,NA,NA,NA,NA,NA,E3,5,1,0,2,0.0030000000000000001,0.29999999999999999,37,fit_complete,True,0.0020033223849999999,22927.40453,0.0140110693,116,0.625,1,NA,61,E3|5|moderate_redundancy|0.003|0|2,topology_F1,0.7692307692,0.7692307692,unitless,identity,n==5; primary support cutoff 0.25,37,NA,NA,NA,NA,NA,NA,NA,NA,NA,NA,NA,0.4687105734,0.75855605589999997,NA,NA
3,d,raw,results/k9_practical_replicates.csv,d24c65b6f7fc8473eaeb70bc016389b14e71df683f57a6be41dd58fef9437361,high_redundancy,NA,77,NA,NA,NA,NA,NA,NA,NA,NA,NA,NA,NA,NA,E3,5,1,0,2,0.0030000000000000001,0.29999999999999999,77,fit_complete,True,0.0025224947450000002,27693.772690000002,0.022355981970000001,43,1,1,NA,62,E3|5|high_redundancy|0.003|0|2,topology_F1,1,1,unitless,identity,n==5; primary support cutoff 0.25,77,NA,NA,NA,NA,NA,NA,NA,NA,NA,NA,NA,0.15339746679999999,0.63462118700000003,NA,NA
3,d,raw,results/k9_practical_replicates.csv,d24c65b6f7fc8473eaeb70bc016389b14e71df683f57a6be41dd58fef9437361,minimal_exact_budget,NA,20,NA,NA,NA,NA,NA,NA,NA,NA,NA,NA,NA,NA,E3,5,1,0,3,0.0030000000000000001,0.29999999999999999,11,PrecisionFailure: K9 paired threshold is outside its unique admissible Green interval.,False,NA,NA,NA,NA,NA,NA,NA,63,E3|5|minimal_exact_budget|0.003|0|3,topology_F1,NA,NA,unitless,identity,n==5; primary support cutoff 0.25,11,NA,NA,NA,NA,NA,NA,NA,NA,NA,NA,NA,NA,NA,NA,NA
3,d,raw,results/k9_practical_replicates.csv,d24c65b6f7fc8473eaeb70bc016389b14e71df683f57a6be41dd58fef9437361,moderate_redundancy,NA,37,NA,NA,NA,NA,NA,NA,NA,NA,NA,NA,NA,NA,E3,5,1,0,3,0.0030000000000000001,0.29999999999999999,37,fit_complete,True,0.0013643551979999999,8155.714172,0.0081769131800000002,106,0.625,1,NA,64,E3|5|moderate_redundancy|0.003|0|3,topology_F1,0.7692307692,0.7692307692,unitless,identity,n==5; primary support cutoff 0.25,37,NA,NA,NA,NA,NA,NA,NA,NA,NA,NA,NA,0.78911833170000001,0.88458759840000001,NA,NA
3,d,raw,results/k9_practical_replicates.csv,d24c65b6f7fc8473eaeb70bc016389b14e71df683f57a6be41dd58fef9437361,high_redundancy,NA,77,NA,NA,NA,NA,NA,NA,NA,NA,NA,NA,NA,NA,E3,5,1,0,3,0.0030000000000000001,0.29999999999999999,77,fit_complete,True,0.0026433661259999998,28743.881730000001,0.022789561810000001,38,0.83333333330000003,1,NA,65,E3|5|high_redundancy|0.003|0|3,topology_F1,0.90909090910000001,0.90909090910000001,unitless,identity,n==5; primary support cutoff 0.25,77,NA,NA,NA,NA,NA,NA,NA,NA,NA,NA,NA,0.1100205808,0.57117331680000005,NA,NA
3,d,raw,results/k9_practical_replicates.csv,d24c65b6f7fc8473eaeb70bc016389b14e71df683f57a6be41dd58fef9437361,minimal_exact_budget,NA,20,NA,NA,NA,NA,NA,NA,NA,NA,NA,NA,NA,NA,E3,5,1,1,0,0,0,20,recovered,True,NA,NA,NA,NA,1,1,NA,66,E3|5|minimal_exact_budget|0.0|1|0,topology_F1,1,1,unitless,identity,n==5; primary support cutoff 0.25,20,NA,NA,NA,NA,NA,NA,NA,NA,NA,NA,NA,1.9978090670000001e-12,3.343102107e-11,NA,NA
3,d,raw,results/k9_practical_replicates.csv,d24c65b6f7fc8473eaeb70bc016389b14e71df683f57a6be41dd58fef9437361,moderate_redundancy,NA,37,NA,NA,NA,NA,NA,NA,NA,NA,NA,NA,NA,NA,E3,5,1,1,0,0,0,37,fit_complete,True,1.732662145e-06,42520.572840000001,1.4108571040000001e-05,179,1,1,NA,67,E3|5|moderate_redundancy|0.0|1|0,topology_F1,1,1,unitless,identity,n==5; primary support cutoff 0.25,37,NA,NA,NA,NA,NA,NA,NA,NA,NA,NA,NA,0.0053422661340000004,0.0035141426240000002,NA,NA
3,d,raw,results/k9_practical_replicates.csv,d24c65b6f7fc8473eaeb70bc016389b14e71df683f57a6be41dd58fef9437361,high_redundancy,NA,77,NA,NA,NA,NA,NA,NA,NA,NA,NA,NA,NA,NA,E3,5,1,1,0,0,0,77,fit_complete,True,5.0236412170000002e-08,7240.0231350000004,4.4624434980000002e-07,34,1,1,NA,68,E3|5|high_redundancy|0.0|1|0,topology_F1,1,1,unitless,identity,n==5; primary support cutoff 0.25,77,NA,NA,NA,NA,NA,NA,NA,NA,NA,NA,NA,2.2026456140000001e-05,4.8761921170000001e-06,NA,NA
3,d,raw,results/k9_practical_replicates.csv,d24c65b6f7fc8473eaeb70bc016389b14e71df683f57a6be41dd58fef9437361,minimal_exact_budget,NA,20,NA,NA,NA,NA,NA,NA,NA,NA,NA,NA,NA,NA,E3,5,1,1,1,0,0,20,recovered,True,NA,NA,NA,NA,1,1,NA,69,E3|5|minimal_exact_budget|0.0|1|1,topology_F1,1,1,unitless,identity,n==5; primary support cutoff 0.25,20,NA,NA,NA,NA,NA,NA,NA,NA,NA,NA,NA,1.9978090670000001e-12,3.343102107e-11,NA,NA
3,d,raw,results/k9_practical_replicates.csv,d24c65b6f7fc8473eaeb70bc016389b14e71df683f57a6be41dd58fef9437361,moderate_redundancy,NA,37,NA,NA,NA,NA,NA,NA,NA,NA,NA,NA,NA,NA,E3,5,1,1,1,0,0,37,fit_complete,True,1.732662145e-06,42520.572840000001,1.4108571040000001e-05,179,1,1,NA,70,E3|5|moderate_redundancy|0.0|1|1,topology_F1,1,1,unitless,identity,n==5; primary support cutoff 0.25,37,NA,NA,NA,NA,NA,NA,NA,NA,NA,NA,NA,0.0053422661340000004,0.0035141426240000002,NA,NA
3,d,raw,results/k9_practical_replicates.csv,d24c65b6f7fc8473eaeb70bc016389b14e71df683f57a6be41dd58fef9437361,high_redundancy,NA,77,NA,NA,NA,NA,NA,NA,NA,NA,NA,NA,NA,NA,E3,5,1,1,1,0,0,77,fit_complete,True,5.0236412170000002e-08,7240.0231350000004,4.4624434980000002e-07,34,1,1,NA,71,E3|5|high_redundancy|0.0|1|1,topology_F1,1,1,unitless,identity,n==5; primary support cutoff 0.25,77,NA,NA,NA,NA,NA,NA,NA,NA,NA,NA,NA,2.2026456140000001e-05,4.8761921170000001e-06,NA,NA
3,d,raw,results/k9_practical_replicates.csv,d24c65b6f7fc8473eaeb70bc016389b14e71df683f57a6be41dd58fef9437361,minimal_exact_budget,NA,20,NA,NA,NA,NA,NA,NA,NA,NA,NA,NA,NA,NA,E3,5,1,1,2,0,0,20,recovered,True,NA,NA,NA,NA,1,1,NA,72,E3|5|minimal_exact_budget|0.0|1|2,topology_F1,1,1,unitless,identity,n==5; primary support cutoff 0.25,20,NA,NA,NA,NA,NA,NA,NA,NA,NA,NA,NA,1.9978090670000001e-12,3.343102107e-11,NA,NA
3,d,raw,results/k9_practical_replicates.csv,d24c65b6f7fc8473eaeb70bc016389b14e71df683f57a6be41dd58fef9437361,moderate_redundancy,NA,37,NA,NA,NA,NA,NA,NA,NA,NA,NA,NA,NA,NA,E3,5,1,1,2,0,0,37,fit_complete,True,1.732662145e-06,42520.572840000001,1.4108571040000001e-05,179,1,1,NA,73,E3|5|moderate_redundancy|0.0|1|2,topology_F1,1,1,unitless,identity,n==5; primary support cutoff 0.25,37,NA,NA,NA,NA,NA,NA,NA,NA,NA,NA,NA,0.0053422661340000004,0.0035141426240000002,NA,NA
3,d,raw,results/k9_practical_replicates.csv,d24c65b6f7fc8473eaeb70bc016389b14e71df683f57a6be41dd58fef9437361,high_redundancy,NA,77,NA,NA,NA,NA,NA,NA,NA,NA,NA,NA,NA,NA,E3,5,1,1,2,0,0,77,fit_complete,True,5.0236412170000002e-08,7240.0231350000004,4.4624434980000002e-07,34,1,1,NA,74,E3|5|high_redundancy|0.0|1|2,topology_F1,1,1,unitless,identity,n==5; primary support cutoff 0.25,77,NA,NA,NA,NA,NA,NA,NA,NA,NA,NA,NA,2.2026456140000001e-05,4.8761921170000001e-06,NA,NA
3,d,raw,results/k9_practical_replicates.csv,d24c65b6f7fc8473eaeb70bc016389b14e71df683f57a6be41dd58fef9437361,minimal_exact_budget,NA,20,NA,NA,NA,NA,NA,NA,NA,NA,NA,NA,NA,NA,E3,5,1,1,3,0,0,20,recovered,True,NA,NA,NA,NA,1,1,NA,75,E3|5|minimal_exact_budget|0.0|1|3,topology_F1,1,1,unitless,identity,n==5; primary support cutoff 0.25,20,NA,NA,NA,NA,NA,NA,NA,NA,NA,NA,NA,1.9978090670000001e-12,3.343102107e-11,NA,NA
3,d,raw,results/k9_practical_replicates.csv,d24c65b6f7fc8473eaeb70bc016389b14e71df683f57a6be41dd58fef9437361,moderate_redundancy,NA,37,NA,NA,NA,NA,NA,NA,NA,NA,NA,NA,NA,NA,E3,5,1,1,3,0,0,37,fit_complete,True,1.732662145e-06,42520.572840000001,1.4108571040000001e-05,179,1,1,NA,76,E3|5|moderate_redundancy|0.0|1|3,topology_F1,1,1,unitless,identity,n==5; primary support cutoff 0.25,37,NA,NA,NA,NA,NA,NA,NA,NA,NA,NA,NA,0.0053422661340000004,0.0035141426240000002,NA,NA
3,d,raw,results/k9_practical_replicates.csv,d24c65b6f7fc8473eaeb70bc016389b14e71df683f57a6be41dd58fef9437361,high_redundancy,NA,77,NA,NA,NA,NA,NA,NA,NA,NA,NA,NA,NA,NA,E3,5,1,1,3,0,0,77,fit_complete,True,5.0236412170000002e-08,7240.0231350000004,4.4624434980000002e-07,34,1,1,NA,77,E3|5|high_redundancy|0.0|1|3,topology_F1,1,1,unitless,identity,n==5; primary support cutoff 0.25,77,NA,NA,NA,NA,NA,NA,NA,NA,NA,NA,NA,2.2026456140000001e-05,4.8761921170000001e-06,NA,NA
3,d,raw,results/k9_practical_replicates.csv,d24c65b6f7fc8473eaeb70bc016389b14e71df683f57a6be41dd58fef9437361,minimal_exact_budget,NA,20,NA,NA,NA,NA,NA,NA,NA,NA,NA,NA,NA,NA,E3,5,1,1,0,0.0001,0.01,15,PrecisionFailure: K9 reconstructed root-coupling vector has a negative entry.,False,NA,NA,NA,NA,NA,NA,NA,78,E3|5|minimal_exact_budget|0.0001|1|0,topology_F1,NA,NA,unitless,identity,n==5; primary support cutoff 0.25,15,NA,NA,NA,NA,NA,NA,NA,NA,NA,NA,NA,NA,NA,NA,NA
3,d,raw,results/k9_practical_replicates.csv,d24c65b6f7fc8473eaeb70bc016389b14e71df683f57a6be41dd58fef9437361,moderate_redundancy,NA,37,NA,NA,NA,NA,NA,NA,NA,NA,NA,NA,NA,NA,E3,5,1,1,0,0.0001,0.01,37,fit_complete,True,8.4245371829999994e-05,35561.290910000003,0.00052217199279999996,178,1,1,NA,79,E3|5|moderate_redundancy|0.0001|1|0,topology_F1,1,1,unitless,identity,n==5; primary support cutoff 0.25,37,NA,NA,NA,NA,NA,NA,NA,NA,NA,NA,NA,0.079836301779999994,0.050682893399999998,NA,NA
3,d,raw,results/k9_practical_replicates.csv,d24c65b6f7fc8473eaeb70bc016389b14e71df683f57a6be41dd58fef9437361,high_redundancy,NA,77,NA,NA,NA,NA,NA,NA,NA,NA,NA,NA,NA,NA,E3,5,1,1,0,0.0001,0.01,77,fit_complete,True,7.4980627269999998e-05,7109.0468879999999,0.00063840991199999998,35,1,1,NA,80,E3|5|high_redundancy|0.0001|1|0,topology_F1,1,1,unitless,identity,n==5; primary support cutoff 0.25,77,NA,NA,NA,NA,NA,NA,NA,NA,NA,NA,NA,0.01128346549,0.02265325944,NA,NA
3,d,raw,results/k9_practical_replicates.csv,d24c65b6f7fc8473eaeb70bc016389b14e71df683f57a6be41dd58fef9437361,minimal_exact_budget,NA,20,NA,NA,NA,NA,NA,NA,NA,NA,NA,NA,NA,NA,E3,5,1,1,1,0.0001,0.01,13,PrecisionFailure: K9 paired threshold is outside its unique admissible Green interval.,False,NA,NA,NA,NA,NA,NA,NA,81,E3|5|minimal_exact_budget|0.0001|1|1,topology_F1,NA,NA,unitless,identity,n==5; primary support cutoff 0.25,13,NA,NA,NA,NA,NA,NA,NA,NA,NA,NA,NA,NA,NA,NA,NA
3,d,raw,results/k9_practical_replicates.csv,d24c65b6f7fc8473eaeb70bc016389b14e71df683f57a6be41dd58fef9437361,moderate_redundancy,NA,37,NA,NA,NA,NA,NA,NA,NA,NA,NA,NA,NA,NA,E3,5,1,1,1,0.0001,0.01,37,fit_complete,True,9.116643218e-05,48358.73014,0.00044925881770000001,209,1,1,NA,82,E3|5|moderate_redundancy|0.0001|1|1,topology_F1,1,1,unitless,identity,n==5; primary support cutoff 0.25,37,NA,NA,NA,NA,NA,NA,NA,NA,NA,NA,NA,0.070628756469999998,0.041929713809999998,NA,NA
3,d,raw,results/k9_practical_replicates.csv,d24c65b6f7fc8473eaeb70bc016389b14e71df683f57a6be41dd58fef9437361,high_redundancy,NA,77,NA,NA,NA,NA,NA,NA,NA,NA,NA,NA,NA,NA,E3,5,1,1,1,0.0001,0.01,77,fit_complete,True,9.5552803579999996e-05,7040.3712589999996,0.00080054254930000002,35,1,1,NA,83,E3|5|high_redundancy|0.0001|1|1,topology_F1,1,1,unitless,identity,n==5; primary support cutoff 0.25,77,NA,NA,NA,NA,NA,NA,NA,NA,NA,NA,NA,0.01359876877,0.01000612203,NA,NA
3,d,raw,results/k9_practical_replicates.csv,d24c65b6f7fc8473eaeb70bc016389b14e71df683f57a6be41dd58fef9437361,minimal_exact_budget,NA,20,NA,NA,NA,NA,NA,NA,NA,NA,NA,NA,NA,NA,E3,5,1,1,2,0.0001,0.01,15,PrecisionFailure: K9 reconstructed root-coupling vector has a negative entry.,False,NA,NA,NA,NA,NA,NA,NA,84,E3|5|minimal_exact_budget|0.0001|1|2,topology_F1,NA,NA,unitless,identity,n==5; primary support cutoff 0.25,15,NA,NA,NA,NA,NA,NA,NA,NA,NA,NA,NA,NA,NA,NA,NA
3,d,raw,results/k9_practical_replicates.csv,d24c65b6f7fc8473eaeb70bc016389b14e71df683f57a6be41dd58fef9437361,moderate_redundancy,NA,37,NA,NA,NA,NA,NA,NA,NA,NA,NA,NA,NA,NA,E3,5,1,1,2,0.0001,0.01,37,fit_complete,True,5.8129288660000002e-05,45816.959819999996,0.000328633881,198,1,1,NA,85,E3|5|moderate_redundancy|0.0001|1|2,topology_F1,1,1,unitless,identity,n==5; primary support cutoff 0.25,37,NA,NA,NA,NA,NA,NA,NA,NA,NA,NA,NA,0.0414567037,0.022717124839999998,NA,NA
3,d,raw,results/k9_practical_replicates.csv,d24c65b6f7fc8473eaeb70bc016389b14e71df683f57a6be41dd58fef9437361,high_redundancy,NA,77,NA,NA,NA,NA,NA,NA,NA,NA,NA,NA,NA,NA,E3,5,1,1,2,0.0001,0.01,77,fit_complete,True,8.6684111840000001e-05,7232.8956550000003,0.00072355053640000004,28,1,1,NA,86,E3|5|high_redundancy|0.0001|1|2,topology_F1,1,1,unitless,identity,n==5; primary support cutoff 0.25,77,NA,NA,NA,NA,NA,NA,NA,NA,NA,NA,NA,0.001616713843,0.024477645320000001,NA,NA
3,d,raw,results/k9_practical_replicates.csv,d24c65b6f7fc8473eaeb70bc016389b14e71df683f57a6be41dd58fef9437361,minimal_exact_budget,NA,20,NA,NA,NA,NA,NA,NA,NA,NA,NA,NA,NA,NA,E3,5,1,1,3,0.0001,0.01,14,PrecisionFailure: K9 paired threshold is outside its unique admissible Green interval.,False,NA,NA,NA,NA,NA,NA,NA,87,E3|5|minimal_exact_budget|0.0001|1|3,topology_F1,NA,NA,unitless,identity,n==5; primary support cutoff 0.25,14,NA,NA,NA,NA,NA,NA,NA,NA,NA,NA,NA,NA,NA,NA,NA
3,d,raw,results/k9_practical_replicates.csv,d24c65b6f7fc8473eaeb70bc016389b14e71df683f57a6be41dd58fef9437361,moderate_redundancy,NA,37,NA,NA,NA,NA,NA,NA,NA,NA,NA,NA,NA,NA,E3,5,1,1,3,0.0001,0.01,37,fit_complete,True,8.8331906489999998e-05,43448.183120000002,0.00048420037369999999,159,1,1,NA,88,E3|5|moderate_redundancy|0.0001|1|3,topology_F1,1,1,unitless,identity,n==5; primary support cutoff 0.25,37,NA,NA,NA,NA,NA,NA,NA,NA,NA,NA,NA,0.032777690720000002,0.041578133480000001,NA,NA
3,d,raw,results/k9_practical_replicates.csv,d24c65b6f7fc8473eaeb70bc016389b14e71df683f57a6be41dd58fef9437361,high_redundancy,NA,77,NA,NA,NA,NA,NA,NA,NA,NA,NA,NA,NA,NA,E3,5,1,1,3,0.0001,0.01,77,fit_complete,True,0.0001017829669,7234.8794719999996,0.00086931677569999997,29,1,1,NA,89,E3|5|high_redundancy|0.0001|1|3,topology_F1,1,1,unitless,identity,n==5; primary support cutoff 0.25,77,NA,NA,NA,NA,NA,NA,NA,NA,NA,NA,NA,0.0023182543070000001,0.019294770369999999,NA,NA
3,d,raw,results/k9_practical_replicates.csv,d24c65b6f7fc8473eaeb70bc016389b14e71df683f57a6be41dd58fef9437361,minimal_exact_budget,NA,20,NA,NA,NA,NA,NA,NA,NA,NA,NA,NA,NA,NA,E3,5,1,1,0,0.00029999999999999997,0.029999999999999999,11,PrecisionFailure: K9 paired threshold is outside its unique admissible Green interval.,False,NA,NA,NA,NA,NA,NA,NA,90,E3|5|minimal_exact_budget|0.0003|1|0,topology_F1,NA,NA,unitless,identity,n==5; primary support cutoff 0.25,11,NA,NA,NA,NA,NA,NA,NA,NA,NA,NA,NA,NA,NA,NA,NA
3,d,raw,results/k9_practical_replicates.csv,d24c65b6f7fc8473eaeb70bc016389b14e71df683f57a6be41dd58fef9437361,moderate_redundancy,NA,37,NA,NA,NA,NA,NA,NA,NA,NA,NA,NA,NA,NA,E3,5,1,1,0,0.00029999999999999997,0.029999999999999999,37,fit_complete,True,0.0002081108079,24314.461329999998,0.0013828798409999999,165,0.83333333330000003,1,NA,91,E3|5|moderate_redundancy|0.0003|1|0,topology_F1,0.90909090910000001,0.90909090910000001,unitless,identity,n==5; primary support cutoff 0.25,37,NA,NA,NA,NA,NA,NA,NA,NA,NA,NA,NA,0.23807027920000001,0.04255897602,NA,NA
3,d,raw,results/k9_practical_replicates.csv,d24c65b6f7fc8473eaeb70bc016389b14e71df683f57a6be41dd58fef9437361,high_redundancy,NA,77,NA,NA,NA,NA,NA,NA,NA,NA,NA,NA,NA,NA,E3,5,1,1,0,0.00029999999999999997,0.029999999999999999,77,fit_complete,True,0.00029681859979999999,7380.758006,0.0026291109520000001,29,1,1,NA,92,E3|5|high_redundancy|0.0003|1|0,topology_F1,1,1,unitless,identity,n==5; primary support cutoff 0.25,77,NA,NA,NA,NA,NA,NA,NA,NA,NA,NA,NA,0.01503240401,0.034885044830000003,NA,NA
3,d,raw,results/k9_practical_replicates.csv,d24c65b6f7fc8473eaeb70bc016389b14e71df683f57a6be41dd58fef9437361,minimal_exact_budget,NA,20,NA,NA,NA,NA,NA,NA,NA,NA,NA,NA,NA,NA,E3,5,1,1,1,0.00029999999999999997,0.029999999999999999,11,PrecisionFailure: K9 paired threshold is outside its unique admissible Green interval.,False,NA,NA,NA,NA,NA,NA,NA,93,E3|5|minimal_exact_budget|0.0003|1|1,topology_F1,NA,NA,unitless,identity,n==5; primary support cutoff 0.25,11,NA,NA,NA,NA,NA,NA,NA,NA,NA,NA,NA,NA,NA,NA,NA
3,d,raw,results/k9_practical_replicates.csv,d24c65b6f7fc8473eaeb70bc016389b14e71df683f57a6be41dd58fef9437361,moderate_redundancy,NA,37,NA,NA,NA,NA,NA,NA,NA,NA,NA,NA,NA,NA,E3,5,1,1,1,0.00029999999999999997,0.029999999999999999,37,fit_complete,True,0.00023778432049999999,90830.790630000003,0.001509607942,136,0.83333333330000003,1,NA,94,E3|5|moderate_redundancy|0.0003|1|1,topology_F1,0.90909090910000001,0.90909090910000001,unitless,identity,n==5; primary support cutoff 0.25,37,NA,NA,NA,NA,NA,NA,NA,NA,NA,NA,NA,0.080829407749999999,0.57725239149999996,NA,NA
3,d,raw,results/k9_practical_replicates.csv,d24c65b6f7fc8473eaeb70bc016389b14e71df683f57a6be41dd58fef9437361,high_redundancy,NA,77,NA,NA,NA,NA,NA,NA,NA,NA,NA,NA,NA,NA,E3,5,1,1,1,0.00029999999999999997,0.029999999999999999,77,fit_complete,True,0.00030012551460000003,6782.6024589999997,0.002671675231,28,1,1,NA,95,E3|5|high_redundancy|0.0003|1|1,topology_F1,1,1,unitless,identity,n==5; primary support cutoff 0.25,77,NA,NA,NA,NA,NA,NA,NA,NA,NA,NA,NA,0.037385607539999997,0.056924559159999999,NA,NA
3,d,raw,results/k9_practical_replicates.csv,d24c65b6f7fc8473eaeb70bc016389b14e71df683f57a6be41dd58fef9437361,minimal_exact_budget,NA,20,NA,NA,NA,NA,NA,NA,NA,NA,NA,NA,NA,NA,E3,5,1,1,2,0.00029999999999999997,0.029999999999999999,11,PrecisionFailure: K9 paired threshold is outside its unique admissible Green interval.,False,NA,NA,NA,NA,NA,NA,NA,96,E3|5|minimal_exact_budget|0.0003|1|2,topology_F1,NA,NA,unitless,identity,n==5; primary support cutoff 0.25,11,NA,NA,NA,NA,NA,NA,NA,NA,NA,NA,NA,NA,NA,NA,NA
3,d,raw,results/k9_practical_replicates.csv,d24c65b6f7fc8473eaeb70bc016389b14e71df683f57a6be41dd58fef9437361,moderate_redundancy,NA,37,NA,NA,NA,NA,NA,NA,NA,NA,NA,NA,NA,NA,E3,5,1,1,2,0.00029999999999999997,0.029999999999999999,37,fit_complete,True,0.0002258726487,19503.966659999998,0.0015534437399999999,153,0.83333333330000003,1,NA,97,E3|5|moderate_redundancy|0.0003|1|2,topology_F1,0.90909090910000001,0.90909090910000001,unitless,identity,n==5; primary support cutoff 0.25,37,NA,NA,NA,NA,NA,NA,NA,NA,NA,NA,NA,0.31862070809999998,0.4528221248,NA,NA
3,d,raw,results/k9_practical_replicates.csv,d24c65b6f7fc8473eaeb70bc016389b14e71df683f57a6be41dd58fef9437361,high_redundancy,NA,77,NA,NA,NA,NA,NA,NA,NA,NA,NA,NA,NA,NA,E3,5,1,1,2,0.00029999999999999997,0.029999999999999999,77,fit_complete,True,0.0002692519231,7146.7802510000001,0.0023925660670000002,23,1,1,NA,98,E3|5|high_redundancy|0.0003|1|2,topology_F1,1,1,unitless,identity,n==5; primary support cutoff 0.25,77,NA,NA,NA,NA,NA,NA,NA,NA,NA,NA,NA,0.024293770060000001,0.031382977770000001,NA,NA
3,d,raw,results/k9_practical_replicates.csv,d24c65b6f7fc8473eaeb70bc016389b14e71df683f57a6be41dd58fef9437361,minimal_exact_budget,NA,20,NA,NA,NA,NA,NA,NA,NA,NA,NA,NA,NA,NA,E3,5,1,1,3,0.00029999999999999997,0.029999999999999999,14,PrecisionFailure: K9 paired threshold is outside its unique admissible Green interval.,False,NA,NA,NA,NA,NA,NA,NA,99,E3|5|minimal_exact_budget|0.0003|1|3,topology_F1,NA,NA,unitless,identity,n==5; primary support cutoff 0.25,14,NA,NA,NA,NA,NA,NA,NA,NA,NA,NA,NA,NA,NA,NA,NA
3,d,raw,results/k9_practical_replicates.csv,d24c65b6f7fc8473eaeb70bc016389b14e71df683f57a6be41dd58fef9437361,moderate_redundancy,NA,37,NA,NA,NA,NA,NA,NA,NA,NA,NA,NA,NA,NA,E3,5,1,1,3,0.00029999999999999997,0.029999999999999999,37,fit_complete,True,0.00019881321720000001,47576.152589999998,0.001084909005,200,1,1,NA,100,E3|5|moderate_redundancy|0.0003|1|3,topology_F1,1,1,unitless,identity,n==5; primary support cutoff 0.25,37,NA,NA,NA,NA,NA,NA,NA,NA,NA,NA,NA,0.064815274950000001,0.395905585,NA,NA
3,d,raw,results/k9_practical_replicates.csv,d24c65b6f7fc8473eaeb70bc016389b14e71df683f57a6be41dd58fef9437361,high_redundancy,NA,77,NA,NA,NA,NA,NA,NA,NA,NA,NA,NA,NA,NA,E3,5,1,1,3,0.00029999999999999997,0.029999999999999999,77,fit_complete,True,0.00025313208449999998,7277.7764809999999,0.0021989133239999998,34,1,1,NA,101,E3|5|high_redundancy|0.0003|1|3,topology_F1,1,1,unitless,identity,n==5; primary support cutoff 0.25,77,NA,NA,NA,NA,NA,NA,NA,NA,NA,NA,NA,0.0074739361779999998,0.029172655910000001,NA,NA
3,d,raw,results/k9_practical_replicates.csv,d24c65b6f7fc8473eaeb70bc016389b14e71df683f57a6be41dd58fef9437361,minimal_exact_budget,NA,20,NA,NA,NA,NA,NA,NA,NA,NA,NA,NA,NA,NA,E3,5,1,1,0,0.001,0.10000000000000001,11,PrecisionFailure: K9 paired threshold is outside its unique admissible Green interval.,False,NA,NA,NA,NA,NA,NA,NA,102,E3|5|minimal_exact_budget|0.001|1|0,topology_F1,NA,NA,unitless,identity,n==5; primary support cutoff 0.25,11,NA,NA,NA,NA,NA,NA,NA,NA,NA,NA,NA,NA,NA,NA,NA
3,d,raw,results/k9_practical_replicates.csv,d24c65b6f7fc8473eaeb70bc016389b14e71df683f57a6be41dd58fef9437361,moderate_redundancy,NA,37,NA,NA,NA,NA,NA,NA,NA,NA,NA,NA,NA,NA,E3,5,1,1,0,0.001,0.10000000000000001,37,fit_complete,True,0.00087457353400000005,65847.650659999999,0.0051209403809999998,110,0.83333333330000003,1,NA,103,E3|5|moderate_redundancy|0.001|1|0,topology_F1,0.90909090910000001,0.90909090910000001,unitless,identity,n==5; primary support cutoff 0.25,37,NA,NA,NA,NA,NA,NA,NA,NA,NA,NA,NA,0.33002563779999999,0.79015801620000004,NA,NA
3,d,raw,results/k9_practical_replicates.csv,d24c65b6f7fc8473eaeb70bc016389b14e71df683f57a6be41dd58fef9437361,high_redundancy,NA,77,NA,NA,NA,NA,NA,NA,NA,NA,NA,NA,NA,NA,E3,5,1,1,0,0.001,0.10000000000000001,77,fit_complete,True,0.00075900263000000003,6895.6284939999996,0.0069645835480000003,25,1,1,NA,104,E3|5|high_redundancy|0.001|1|0,topology_F1,1,1,unitless,identity,n==5; primary support cutoff 0.25,77,NA,NA,NA,NA,NA,NA,NA,NA,NA,NA,NA,0.049932057740000001,0.26976934079999998,NA,NA
3,d,raw,results/k9_practical_replicates.csv,d24c65b6f7fc8473eaeb70bc016389b14e71df683f57a6be41dd58fef9437361,minimal_exact_budget,NA,20,NA,NA,NA,NA,NA,NA,NA,NA,NA,NA,NA,NA,E3,5,1,1,1,0.001,0.10000000000000001,11,PrecisionFailure: K9 paired threshold is outside its unique admissible Green interval.,False,NA,NA,NA,NA,NA,NA,NA,105,E3|5|minimal_exact_budget|0.001|1|1,topology_F1,NA,NA,unitless,identity,n==5; primary support cutoff 0.25,11,NA,NA,NA,NA,NA,NA,NA,NA,NA,NA,NA,NA,NA,NA,NA
3,d,raw,results/k9_practical_replicates.csv,d24c65b6f7fc8473eaeb70bc016389b14e71df683f57a6be41dd58fef9437361,moderate_redundancy,NA,37,NA,NA,NA,NA,NA,NA,NA,NA,NA,NA,NA,NA,E3,5,1,1,1,0.001,0.10000000000000001,37,fit_complete,True,0.00070127750199999999,34559.741650000004,0.0045804588650000004,101,0.66666666669999997,0.80000000000000004,NA,106,E3|5|moderate_redundancy|0.001|1|1,topology_F1,0.72727272730000003,0.72727272730000003,unitless,identity,n==5; primary support cutoff 0.25,37,NA,NA,NA,NA,NA,NA,NA,NA,NA,NA,NA,0.4824341345,0.78048032649999999,NA,NA
3,d,raw,results/k9_practical_replicates.csv,d24c65b6f7fc8473eaeb70bc016389b14e71df683f57a6be41dd58fef9437361,high_redundancy,NA,77,NA,NA,NA,NA,NA,NA,NA,NA,NA,NA,NA,NA,E3,5,1,1,1,0.001,0.10000000000000001,77,fit_complete,True,0.0010026908079999999,7148.1246950000004,0.0091088672600000004,29,1,1,NA,107,E3|5|high_redundancy|0.001|1|1,topology_F1,1,1,unitless,identity,n==5; primary support cutoff 0.25,77,NA,NA,NA,NA,NA,NA,NA,NA,NA,NA,NA,0.019700754210000001,0.21894140049999999,NA,NA
3,d,raw,results/k9_practical_replicates.csv,d24c65b6f7fc8473eaeb70bc016389b14e71df683f57a6be41dd58fef9437361,minimal_exact_budget,NA,20,NA,NA,NA,NA,NA,NA,NA,NA,NA,NA,NA,NA,E3,5,1,1,2,0.001,0.10000000000000001,10,PrecisionFailure: K9 paired threshold is outside its unique admissible Green interval.,False,NA,NA,NA,NA,NA,NA,NA,108,E3|5|minimal_exact_budget|0.001|1|2,topology_F1,NA,NA,unitless,identity,n==5; primary support cutoff 0.25,10,NA,NA,NA,NA,NA,NA,NA,NA,NA,NA,NA,NA,NA,NA,NA
3,d,raw,results/k9_practical_replicates.csv,d24c65b6f7fc8473eaeb70bc016389b14e71df683f57a6be41dd58fef9437361,moderate_redundancy,NA,37,NA,NA,NA,NA,NA,NA,NA,NA,NA,NA,NA,NA,E3,5,1,1,2,0.001,0.10000000000000001,37,fit_complete,True,0.00090417414850000005,67064.116299999994,0.0051876600089999997,145,0.83333333330000003,1,NA,109,E3|5|moderate_redundancy|0.001|1|2,topology_F1,0.90909090910000001,0.90909090910000001,unitless,identity,n==5; primary support cutoff 0.25,37,NA,NA,NA,NA,NA,NA,NA,NA,NA,NA,NA,0.38621845360000001,0.84771150019999997,NA,NA
3,d,raw,results/k9_practical_replicates.csv,d24c65b6f7fc8473eaeb70bc016389b14e71df683f57a6be41dd58fef9437361,high_redundancy,NA,77,NA,NA,NA,NA,NA,NA,NA,NA,NA,NA,NA,NA,E3,5,1,1,2,0.001,0.10000000000000001,77,fit_complete,True,0.001057380129,6167.9031519999999,0.0092446813660000005,27,1,1,NA,110,E3|5|high_redundancy|0.001|1|2,topology_F1,1,1,unitless,identity,n==5; primary support cutoff 0.25,77,NA,NA,NA,NA,NA,NA,NA,NA,NA,NA,NA,0.068078001969999996,0.1423820056,NA,NA
3,d,raw,results/k9_practical_replicates.csv,d24c65b6f7fc8473eaeb70bc016389b14e71df683f57a6be41dd58fef9437361,minimal_exact_budget,NA,20,NA,NA,NA,NA,NA,NA,NA,NA,NA,NA,NA,NA,E3,5,1,1,3,0.001,0.10000000000000001,10,PrecisionFailure: K9 paired threshold is outside its unique admissible Green interval.,False,NA,NA,NA,NA,NA,NA,NA,111,E3|5|minimal_exact_budget|0.001|1|3,topology_F1,NA,NA,unitless,identity,n==5; primary support cutoff 0.25,10,NA,NA,NA,NA,NA,NA,NA,NA,NA,NA,NA,NA,NA,NA,NA
3,d,raw,results/k9_practical_replicates.csv,d24c65b6f7fc8473eaeb70bc016389b14e71df683f57a6be41dd58fef9437361,moderate_redundancy,NA,37,NA,NA,NA,NA,NA,NA,NA,NA,NA,NA,NA,NA,E3,5,1,1,3,0.001,0.10000000000000001,37,fit_complete,True,0.00084408756450000001,80750.070540000001,0.0049798409530000002,112,0.66666666669999997,0.80000000000000004,NA,112,E3|5|moderate_redundancy|0.001|1|3,topology_F1,0.72727272730000003,0.72727272730000003,unitless,identity,n==5; primary support cutoff 0.25,37,NA,NA,NA,NA,NA,NA,NA,NA,NA,NA,NA,0.22721804200000001,0.75984670659999998,NA,NA
3,d,raw,results/k9_practical_replicates.csv,d24c65b6f7fc8473eaeb70bc016389b14e71df683f57a6be41dd58fef9437361,high_redundancy,NA,77,NA,NA,NA,NA,NA,NA,NA,NA,NA,NA,NA,NA,E3,5,1,1,3,0.001,0.10000000000000001,77,fit_complete,True,0.0010376538649999999,7326.3182139999999,0.0090871882210000008,34,1,1,NA,113,E3|5|high_redundancy|0.001|1|3,topology_F1,1,1,unitless,identity,n==5; primary support cutoff 0.25,77,NA,NA,NA,NA,NA,NA,NA,NA,NA,NA,NA,0.01488034572,0.1885012865,NA,NA
3,d,raw,results/k9_practical_replicates.csv,d24c65b6f7fc8473eaeb70bc016389b14e71df683f57a6be41dd58fef9437361,minimal_exact_budget,NA,20,NA,NA,NA,NA,NA,NA,NA,NA,NA,NA,NA,NA,E3,5,1,1,0,0.0030000000000000001,0.29999999999999999,10,PrecisionFailure: K9 paired threshold is outside its unique admissible Green interval.,False,NA,NA,NA,NA,NA,NA,NA,114,E3|5|minimal_exact_budget|0.003|1|0,topology_F1,NA,NA,unitless,identity,n==5; primary support cutoff 0.25,10,NA,NA,NA,NA,NA,NA,NA,NA,NA,NA,NA,NA,NA,NA,NA
3,d,raw,results/k9_practical_replicates.csv,d24c65b6f7fc8473eaeb70bc016389b14e71df683f57a6be41dd58fef9437361,moderate_redundancy,NA,37,NA,NA,NA,NA,NA,NA,NA,NA,NA,NA,NA,NA,E3,5,1,1,0,0.0030000000000000001,0.29999999999999999,37,fit_complete,True,0.001763539251,167949.37040000001,0.01108486168,150,1,0.80000000000000004,NA,115,E3|5|moderate_redundancy|0.003|1|0,topology_F1,0.88888888889999995,0.88888888889999995,unitless,identity,n==5; primary support cutoff 0.25,37,NA,NA,NA,NA,NA,NA,NA,NA,NA,NA,NA,0.26740654679999998,1.115169447,NA,NA
3,d,raw,results/k9_practical_replicates.csv,d24c65b6f7fc8473eaeb70bc016389b14e71df683f57a6be41dd58fef9437361,high_redundancy,NA,77,NA,NA,NA,NA,NA,NA,NA,NA,NA,NA,NA,NA,E3,5,1,1,0,0.0030000000000000001,0.29999999999999999,77,fit_complete,True,0.002343984834,7835.7278640000004,0.02080206897,32,1,1,NA,116,E3|5|high_redundancy|0.003|1|0,topology_F1,1,1,unitless,identity,n==5; primary support cutoff 0.25,77,NA,NA,NA,NA,NA,NA,NA,NA,NA,NA,NA,0.036201765900000002,0.58956394329999995,NA,NA
3,d,raw,results/k9_practical_replicates.csv,d24c65b6f7fc8473eaeb70bc016389b14e71df683f57a6be41dd58fef9437361,minimal_exact_budget,NA,20,NA,NA,NA,NA,NA,NA,NA,NA,NA,NA,NA,NA,E3,5,1,1,1,0.0030000000000000001,0.29999999999999999,10,PrecisionFailure: K9 paired threshold is outside its unique admissible Green interval.,False,NA,NA,NA,NA,NA,NA,NA,117,E3|5|minimal_exact_budget|0.003|1|1,topology_F1,NA,NA,unitless,identity,n==5; primary support cutoff 0.25,10,NA,NA,NA,NA,NA,NA,NA,NA,NA,NA,NA,NA,NA,NA,NA
3,d,raw,results/k9_practical_replicates.csv,d24c65b6f7fc8473eaeb70bc016389b14e71df683f57a6be41dd58fef9437361,moderate_redundancy,NA,37,NA,NA,NA,NA,NA,NA,NA,NA,NA,NA,NA,NA,E3,5,1,1,1,0.0030000000000000001,0.29999999999999999,37,fit_complete,True,0.001751131534,109227.7542,0.01053018078,184,1,1,NA,118,E3|5|moderate_redundancy|0.003|1|1,topology_F1,1,1,unitless,identity,n==5; primary support cutoff 0.25,37,NA,NA,NA,NA,NA,NA,NA,NA,NA,NA,NA,0.19600476519999999,0.70981234979999996,NA,NA
3,d,raw,results/k9_practical_replicates.csv,d24c65b6f7fc8473eaeb70bc016389b14e71df683f57a6be41dd58fef9437361,high_redundancy,NA,77,NA,NA,NA,NA,NA,NA,NA,NA,NA,NA,NA,NA,E3,5,1,1,1,0.0030000000000000001,0.29999999999999999,77,fit_complete,True,0.0025266145739999998,24205.040130000001,0.021210850739999999,33,1,1,NA,119,E3|5|high_redundancy|0.003|1|1,topology_F1,1,1,unitless,identity,n==5; primary support cutoff 0.25,77,NA,NA,NA,NA,NA,NA,NA,NA,NA,NA,NA,0.031273090420000003,0.76682116509999998,NA,NA
3,d,raw,results/k9_practical_replicates.csv,d24c65b6f7fc8473eaeb70bc016389b14e71df683f57a6be41dd58fef9437361,minimal_exact_budget,NA,20,NA,NA,NA,NA,NA,NA,NA,NA,NA,NA,NA,NA,E3,5,1,1,2,0.0030000000000000001,0.29999999999999999,10,PrecisionFailure: K9 paired threshold is outside its unique admissible Green interval.,False,NA,NA,NA,NA,NA,NA,NA,120,E3|5|minimal_exact_budget|0.003|1|2,topology_F1,NA,NA,unitless,identity,n==5; primary support cutoff 0.25,10,NA,NA,NA,NA,NA,NA,NA,NA,NA,NA,NA,NA,NA,NA,NA
3,d,raw,results/k9_practical_replicates.csv,d24c65b6f7fc8473eaeb70bc016389b14e71df683f57a6be41dd58fef9437361,moderate_redundancy,NA,37,NA,NA,NA,NA,NA,NA,NA,NA,NA,NA,NA,NA,E3,5,1,1,2,0.0030000000000000001,0.29999999999999999,37,fit_complete,True,0.0023808974900000001,9263.2350310000002,0.013677560720000001,94,0.71428571429999999,1,NA,121,E3|5|moderate_redundancy|0.003|1|2,topology_F1,0.83333333330000003,0.83333333330000003,unitless,identity,n==5; primary support cutoff 0.25,37,NA,NA,NA,NA,NA,NA,NA,NA,NA,NA,NA,0.61408659850000002,0.44716533780000001,NA,NA
3,d,raw,results/k9_practical_replicates.csv,d24c65b6f7fc8473eaeb70bc016389b14e71df683f57a6be41dd58fef9437361,high_redundancy,NA,77,NA,NA,NA,NA,NA,NA,NA,NA,NA,NA,NA,NA,E3,5,1,1,2,0.0030000000000000001,0.29999999999999999,77,fit_complete,True,0.0020676762459999999,41357.601159999998,0.020028945199999999,39,0.80000000000000004,0.80000000000000004,NA,122,E3|5|high_redundancy|0.003|1|2,topology_F1,0.80000000000000004,0.80000000000000004,unitless,identity,n==5; primary support cutoff 0.25,77,NA,NA,NA,NA,NA,NA,NA,NA,NA,NA,NA,0.26408781840000001,0.70897891749999997,NA,NA
3,d,raw,results/k9_practical_replicates.csv,d24c65b6f7fc8473eaeb70bc016389b14e71df683f57a6be41dd58fef9437361,minimal_exact_budget,NA,20,NA,NA,NA,NA,NA,NA,NA,NA,NA,NA,NA,NA,E3,5,1,1,3,0.0030000000000000001,0.29999999999999999,10,PrecisionFailure: K9 paired threshold is outside its unique admissible Green interval.,False,NA,NA,NA,NA,NA,NA,NA,123,E3|5|minimal_exact_budget|0.003|1|3,topology_F1,NA,NA,unitless,identity,n==5; primary support cutoff 0.25,10,NA,NA,NA,NA,NA,NA,NA,NA,NA,NA,NA,NA,NA,NA,NA
3,d,raw,results/k9_practical_replicates.csv,d24c65b6f7fc8473eaeb70bc016389b14e71df683f57a6be41dd58fef9437361,moderate_redundancy,NA,37,NA,NA,NA,NA,NA,NA,NA,NA,NA,NA,NA,NA,E3,5,1,1,3,0.0030000000000000001,0.29999999999999999,37,fit_complete,True,0.0026553544980000001,47078.251819999998,0.015626194369999999,156,0.83333333330000003,1,NA,124,E3|5|moderate_redundancy|0.003|1|3,topology_F1,0.90909090910000001,0.90909090910000001,unitless,identity,n==5; primary support cutoff 0.25,37,NA,NA,NA,NA,NA,NA,NA,NA,NA,NA,NA,0.39058007680000001,2.3712105829999999,NA,NA
3,d,raw,results/k9_practical_replicates.csv,d24c65b6f7fc8473eaeb70bc016389b14e71df683f57a6be41dd58fef9437361,high_redundancy,NA,77,NA,NA,NA,NA,NA,NA,NA,NA,NA,NA,NA,NA,E3,5,1,1,3,0.0030000000000000001,0.29999999999999999,77,fit_complete,True,0.0029434580380000002,6699.5602550000003,0.027300148199999999,28,0.83333333330000003,1,NA,125,E3|5|high_redundancy|0.003|1|3,topology_F1,0.90909090910000001,0.90909090910000001,unitless,identity,n==5; primary support cutoff 0.25,77,NA,NA,NA,NA,NA,NA,NA,NA,NA,NA,NA,0.04118977242,0.23658424619999999,NA,NA
3,d,raw,results/k9_practical_replicates.csv,d24c65b6f7fc8473eaeb70bc016389b14e71df683f57a6be41dd58fef9437361,minimal_exact_budget,NA,20,NA,NA,NA,NA,NA,NA,NA,NA,NA,NA,NA,NA,E4,5,0,0,0,0,0,20,recovered,True,NA,NA,NA,NA,1,1,NA,138,E4|5|minimal_exact_budget|0.0|0|0,topology_F1,1,1,unitless,identity,n==5; primary support cutoff 0.25,20,NA,NA,NA,NA,NA,NA,NA,NA,NA,NA,NA,1.5757038550000001e-12,1.5158063319999999e-11,NA,NA
3,d,raw,results/k9_practical_replicates.csv,d24c65b6f7fc8473eaeb70bc016389b14e71df683f57a6be41dd58fef9437361,moderate_redundancy,NA,37,NA,NA,NA,NA,NA,NA,NA,NA,NA,NA,NA,NA,E4,5,0,0,0,0,0,37,fit_complete,True,1.2726620579999999e-06,17458.349900000001,1.0181172930000001e-05,73,1,1,NA,139,E4|5|moderate_redundancy|0.0|0|0,topology_F1,1,1,unitless,identity,n==5; primary support cutoff 0.25,37,NA,NA,NA,NA,NA,NA,NA,NA,NA,NA,NA,0.0026921673819999999,0.001681271977,NA,NA
3,d,raw,results/k9_practical_replicates.csv,d24c65b6f7fc8473eaeb70bc016389b14e71df683f57a6be41dd58fef9437361,high_redundancy,NA,77,NA,NA,NA,NA,NA,NA,NA,NA,NA,NA,NA,NA,E4,5,0,0,0,0,0,77,fit_complete,True,3.1939940320000002e-08,3575.416131,2.8602007379999998e-07,33,1,1,NA,140,E4|5|high_redundancy|0.0|0|0,topology_F1,1,1,unitless,identity,n==5; primary support cutoff 0.25,77,NA,NA,NA,NA,NA,NA,NA,NA,NA,NA,NA,1.13683962e-05,3.865086813e-06,NA,NA
3,d,raw,results/k9_practical_replicates.csv,d24c65b6f7fc8473eaeb70bc016389b14e71df683f57a6be41dd58fef9437361,minimal_exact_budget,NA,20,NA,NA,NA,NA,NA,NA,NA,NA,NA,NA,NA,NA,E4,5,0,0,1,0,0,20,recovered,True,NA,NA,NA,NA,1,1,NA,141,E4|5|minimal_exact_budget|0.0|0|1,topology_F1,1,1,unitless,identity,n==5; primary support cutoff 0.25,20,NA,NA,NA,NA,NA,NA,NA,NA,NA,NA,NA,1.5757038550000001e-12,1.5158063319999999e-11,NA,NA
3,d,raw,results/k9_practical_replicates.csv,d24c65b6f7fc8473eaeb70bc016389b14e71df683f57a6be41dd58fef9437361,moderate_redundancy,NA,37,NA,NA,NA,NA,NA,NA,NA,NA,NA,NA,NA,NA,E4,5,0,0,1,0,0,37,fit_complete,True,1.2726620579999999e-06,17458.349900000001,1.0181172930000001e-05,73,1,1,NA,142,E4|5|moderate_redundancy|0.0|0|1,topology_F1,1,1,unitless,identity,n==5; primary support cutoff 0.25,37,NA,NA,NA,NA,NA,NA,NA,NA,NA,NA,NA,0.0026921673819999999,0.001681271977,NA,NA
3,d,raw,results/k9_practical_replicates.csv,d24c65b6f7fc8473eaeb70bc016389b14e71df683f57a6be41dd58fef9437361,high_redundancy,NA,77,NA,NA,NA,NA,NA,NA,NA,NA,NA,NA,NA,NA,E4,5,0,0,1,0,0,77,fit_complete,True,3.1939940320000002e-08,3575.416131,2.8602007379999998e-07,33,1,1,NA,143,E4|5|high_redundancy|0.0|0|1,topology_F1,1,1,unitless,identity,n==5; primary support cutoff 0.25,77,NA,NA,NA,NA,NA,NA,NA,NA,NA,NA,NA,1.13683962e-05,3.865086813e-06,NA,NA
3,d,raw,results/k9_practical_replicates.csv,d24c65b6f7fc8473eaeb70bc016389b14e71df683f57a6be41dd58fef9437361,minimal_exact_budget,NA,20,NA,NA,NA,NA,NA,NA,NA,NA,NA,NA,NA,NA,E4,5,0,0,2,0,0,20,recovered,True,NA,NA,NA,NA,1,1,NA,144,E4|5|minimal_exact_budget|0.0|0|2,topology_F1,1,1,unitless,identity,n==5; primary support cutoff 0.25,20,NA,NA,NA,NA,NA,NA,NA,NA,NA,NA,NA,1.5757038550000001e-12,1.5158063319999999e-11,NA,NA
3,d,raw,results/k9_practical_replicates.csv,d24c65b6f7fc8473eaeb70bc016389b14e71df683f57a6be41dd58fef9437361,moderate_redundancy,NA,37,NA,NA,NA,NA,NA,NA,NA,NA,NA,NA,NA,NA,E4,5,0,0,2,0,0,37,fit_complete,True,1.2726620579999999e-06,17458.349900000001,1.0181172930000001e-05,73,1,1,NA,145,E4|5|moderate_redundancy|0.0|0|2,topology_F1,1,1,unitless,identity,n==5; primary support cutoff 0.25,37,NA,NA,NA,NA,NA,NA,NA,NA,NA,NA,NA,0.0026921673819999999,0.001681271977,NA,NA
3,d,raw,results/k9_practical_replicates.csv,d24c65b6f7fc8473eaeb70bc016389b14e71df683f57a6be41dd58fef9437361,high_redundancy,NA,77,NA,NA,NA,NA,NA,NA,NA,NA,NA,NA,NA,NA,E4,5,0,0,2,0,0,77,fit_complete,True,3.1939940320000002e-08,3575.416131,2.8602007379999998e-07,33,1,1,NA,146,E4|5|high_redundancy|0.0|0|2,topology_F1,1,1,unitless,identity,n==5; primary support cutoff 0.25,77,NA,NA,NA,NA,NA,NA,NA,NA,NA,NA,NA,1.13683962e-05,3.865086813e-06,NA,NA
3,d,raw,results/k9_practical_replicates.csv,d24c65b6f7fc8473eaeb70bc016389b14e71df683f57a6be41dd58fef9437361,minimal_exact_budget,NA,20,NA,NA,NA,NA,NA,NA,NA,NA,NA,NA,NA,NA,E4,5,0,0,3,0,0,20,recovered,True,NA,NA,NA,NA,1,1,NA,147,E4|5|minimal_exact_budget|0.0|0|3,topology_F1,1,1,unitless,identity,n==5; primary support cutoff 0.25,20,NA,NA,NA,NA,NA,NA,NA,NA,NA,NA,NA,1.5757038550000001e-12,1.5158063319999999e-11,NA,NA
3,d,raw,results/k9_practical_replicates.csv,d24c65b6f7fc8473eaeb70bc016389b14e71df683f57a6be41dd58fef9437361,moderate_redundancy,NA,37,NA,NA,NA,NA,NA,NA,NA,NA,NA,NA,NA,NA,E4,5,0,0,3,0,0,37,fit_complete,True,1.2726620579999999e-06,17458.349900000001,1.0181172930000001e-05,73,1,1,NA,148,E4|5|moderate_redundancy|0.0|0|3,topology_F1,1,1,unitless,identity,n==5; primary support cutoff 0.25,37,NA,NA,NA,NA,NA,NA,NA,NA,NA,NA,NA,0.0026921673819999999,0.001681271977,NA,NA
3,d,raw,results/k9_practical_replicates.csv,d24c65b6f7fc8473eaeb70bc016389b14e71df683f57a6be41dd58fef9437361,high_redundancy,NA,77,NA,NA,NA,NA,NA,NA,NA,NA,NA,NA,NA,NA,E4,5,0,0,3,0,0,77,fit_complete,True,3.1939940320000002e-08,3575.416131,2.8602007379999998e-07,33,1,1,NA,149,E4|5|high_redundancy|0.0|0|3,topology_F1,1,1,unitless,identity,n==5; primary support cutoff 0.25,77,NA,NA,NA,NA,NA,NA,NA,NA,NA,NA,NA,1.13683962e-05,3.865086813e-06,NA,NA
3,d,raw,results/k9_practical_replicates.csv,d24c65b6f7fc8473eaeb70bc016389b14e71df683f57a6be41dd58fef9437361,minimal_exact_budget,NA,20,NA,NA,NA,NA,NA,NA,NA,NA,NA,NA,NA,NA,E4,5,0,0,0,0.0001,0.01,15,PrecisionFailure: K9 reconstructed root-coupling vector has a negative entry.,False,NA,NA,NA,NA,NA,NA,NA,150,E4|5|minimal_exact_budget|0.0001|0|0,topology_F1,NA,NA,unitless,identity,n==5; primary support cutoff 0.25,15,NA,NA,NA,NA,NA,NA,NA,NA,NA,NA,NA,NA,NA,NA,NA
3,d,raw,results/k9_practical_replicates.csv,d24c65b6f7fc8473eaeb70bc016389b14e71df683f57a6be41dd58fef9437361,moderate_redundancy,NA,37,NA,NA,NA,NA,NA,NA,NA,NA,NA,NA,NA,NA,E4,5,0,0,0,0.0001,0.01,37,fit_complete,True,7.2804783269999997e-05,16670.021680000002,0.00041123492470000002,74,1,1,NA,151,E4|5|moderate_redundancy|0.0001|0|0,topology_F1,1,1,unitless,identity,n==5; primary support cutoff 0.25,37,NA,NA,NA,NA,NA,NA,NA,NA,NA,NA,NA,0.01699203782,0.028925727209999998,NA,NA
3,d,raw,results/k9_practical_replicates.csv,d24c65b6f7fc8473eaeb70bc016389b14e71df683f57a6be41dd58fef9437361,high_redundancy,NA,77,NA,NA,NA,NA,NA,NA,NA,NA,NA,NA,NA,NA,E4,5,0,0,0,0.0001,0.01,77,fit_complete,True,7.5786751710000001e-05,3538.5055710000001,0.00067075997139999998,29,1,1,NA,152,E4|5|high_redundancy|0.0001|0|0,topology_F1,1,1,unitless,identity,n==5; primary support cutoff 0.25,77,NA,NA,NA,NA,NA,NA,NA,NA,NA,NA,NA,0.0050010106369999998,0.018365262409999999,NA,NA
3,d,raw,results/k9_practical_replicates.csv,d24c65b6f7fc8473eaeb70bc016389b14e71df683f57a6be41dd58fef9437361,minimal_exact_budget,NA,20,NA,NA,NA,NA,NA,NA,NA,NA,NA,NA,NA,NA,E4,5,0,0,1,0.0001,0.01,11,PrecisionFailure: K9 paired threshold is outside its unique admissible Green interval.,False,NA,NA,NA,NA,NA,NA,NA,153,E4|5|minimal_exact_budget|0.0001|0|1,topology_F1,NA,NA,unitless,identity,n==5; primary support cutoff 0.25,11,NA,NA,NA,NA,NA,NA,NA,NA,NA,NA,NA,NA,NA,NA,NA
3,d,raw,results/k9_practical_replicates.csv,d24c65b6f7fc8473eaeb70bc016389b14e71df683f57a6be41dd58fef9437361,moderate_redundancy,NA,37,NA,NA,NA,NA,NA,NA,NA,NA,NA,NA,NA,NA,E4,5,0,0,1,0.0001,0.01,37,fit_complete,True,8.8690120050000004e-05,16334.58649,0.00054125629850000005,67,1,1,NA,154,E4|5|moderate_redundancy|0.0001|0|1,topology_F1,1,1,unitless,identity,n==5; primary support cutoff 0.25,37,NA,NA,NA,NA,NA,NA,NA,NA,NA,NA,NA,0.035064673939999999,0.062149580259999997,NA,NA
3,d,raw,results/k9_practical_replicates.csv,d24c65b6f7fc8473eaeb70bc016389b14e71df683f57a6be41dd58fef9437361,high_redundancy,NA,77,NA,NA,NA,NA,NA,NA,NA,NA,NA,NA,NA,NA,E4,5,0,0,1,0.0001,0.01,77,fit_complete,True,9.7962211330000003e-05,3487.6042120000002,0.00090829620040000004,30,1,1,NA,155,E4|5|high_redundancy|0.0001|0|1,topology_F1,1,1,unitless,identity,n==5; primary support cutoff 0.25,77,NA,NA,NA,NA,NA,NA,NA,NA,NA,NA,NA,0.01008495389,0.01022761592,NA,NA
3,d,raw,results/k9_practical_replicates.csv,d24c65b6f7fc8473eaeb70bc016389b14e71df683f57a6be41dd58fef9437361,minimal_exact_budget,NA,20,NA,NA,NA,NA,NA,NA,NA,NA,NA,NA,NA,NA,E4,5,0,0,2,0.0001,0.01,13,PrecisionFailure: K9 paired threshold is outside its unique admissible Green interval.,False,NA,NA,NA,NA,NA,NA,NA,156,E4|5|minimal_exact_budget|0.0001|0|2,topology_F1,NA,NA,unitless,identity,n==5; primary support cutoff 0.25,13,NA,NA,NA,NA,NA,NA,NA,NA,NA,NA,NA,NA,NA,NA,NA
3,d,raw,results/k9_practical_replicates.csv,d24c65b6f7fc8473eaeb70bc016389b14e71df683f57a6be41dd58fef9437361,moderate_redundancy,NA,37,NA,NA,NA,NA,NA,NA,NA,NA,NA,NA,NA,NA,E4,5,0,0,2,0.0001,0.01,37,fit_complete,True,0.0001019229054,17542.552309999999,0.00056778069330000003,76,1,1,NA,157,E4|5|moderate_redundancy|0.0001|0|2,topology_F1,1,1,unitless,identity,n==5; primary support cutoff 0.25,37,NA,NA,NA,NA,NA,NA,NA,NA,NA,NA,NA,0.0033614232020000002,0.019089268440000001,NA,NA
3,d,raw,results/k9_practical_replicates.csv,d24c65b6f7fc8473eaeb70bc016389b14e71df683f57a6be41dd58fef9437361,high_redundancy,NA,77,NA,NA,NA,NA,NA,NA,NA,NA,NA,NA,NA,NA,E4,5,0,0,2,0.0001,0.01,77,fit_complete,True,8.8766426199999999e-05,3538.156622,0.00074339186139999998,27,1,1,NA,158,E4|5|high_redundancy|0.0001|0|2,topology_F1,1,1,unitless,identity,n==5; primary support cutoff 0.25,77,NA,NA,NA,NA,NA,NA,NA,NA,NA,NA,NA,0.0035092142010000001,0.016422930320000001,NA,NA
3,d,raw,results/k9_practical_replicates.csv,d24c65b6f7fc8473eaeb70bc016389b14e71df683f57a6be41dd58fef9437361,minimal_exact_budget,NA,20,NA,NA,NA,NA,NA,NA,NA,NA,NA,NA,NA,NA,E4,5,0,0,3,0.0001,0.01,11,PrecisionFailure: K9 paired threshold is outside its unique admissible Green interval.,False,NA,NA,NA,NA,NA,NA,NA,159,E4|5|minimal_exact_budget|0.0001|0|3,topology_F1,NA,NA,unitless,identity,n==5; primary support cutoff 0.25,11,NA,NA,NA,NA,NA,NA,NA,NA,NA,NA,NA,NA,NA,NA,NA
3,d,raw,results/k9_practical_replicates.csv,d24c65b6f7fc8473eaeb70bc016389b14e71df683f57a6be41dd58fef9437361,moderate_redundancy,NA,37,NA,NA,NA,NA,NA,NA,NA,NA,NA,NA,NA,NA,E4,5,0,0,3,0.0001,0.01,37,fit_complete,True,8.8103275290000004e-05,13908.50603,0.00050696543850000005,61,1,1,NA,160,E4|5|moderate_redundancy|0.0001|0|3,topology_F1,1,1,unitless,identity,n==5; primary support cutoff 0.25,37,NA,NA,NA,NA,NA,NA,NA,NA,NA,NA,NA,0.065166938359999996,0.058300134849999997,NA,NA
3,d,raw,results/k9_practical_replicates.csv,d24c65b6f7fc8473eaeb70bc016389b14e71df683f57a6be41dd58fef9437361,high_redundancy,NA,77,NA,NA,NA,NA,NA,NA,NA,NA,NA,NA,NA,NA,E4,5,0,0,3,0.0001,0.01,77,fit_complete,True,9.0550948969999999e-05,3538.137545,0.00079278153929999995,29,1,1,NA,161,E4|5|high_redundancy|0.0001|0|3,topology_F1,1,1,unitless,identity,n==5; primary support cutoff 0.25,77,NA,NA,NA,NA,NA,NA,NA,NA,NA,NA,NA,0.00426677555,0.0025475271329999999,NA,NA
3,d,raw,results/k9_practical_replicates.csv,d24c65b6f7fc8473eaeb70bc016389b14e71df683f57a6be41dd58fef9437361,minimal_exact_budget,NA,20,NA,NA,NA,NA,NA,NA,NA,NA,NA,NA,NA,NA,E4,5,0,0,0,0.00029999999999999997,0.029999999999999999,10,PrecisionFailure: K9 paired threshold is outside its unique admissible Green interval.,False,NA,NA,NA,NA,NA,NA,NA,162,E4|5|minimal_exact_budget|0.0003|0|0,topology_F1,NA,NA,unitless,identity,n==5; primary support cutoff 0.25,10,NA,NA,NA,NA,NA,NA,NA,NA,NA,NA,NA,NA,NA,NA,NA
3,d,raw,results/k9_practical_replicates.csv,d24c65b6f7fc8473eaeb70bc016389b14e71df683f57a6be41dd58fef9437361,moderate_redundancy,NA,37,NA,NA,NA,NA,NA,NA,NA,NA,NA,NA,NA,NA,E4,5,0,0,0,0.00029999999999999997,0.029999999999999999,37,fit_complete,True,0.00019330359500000001,18897.112440000001,0.0012546977750000001,60,0.80000000000000004,1,NA,163,E4|5|moderate_redundancy|0.0003|0|0,topology_F1,0.88888888889999995,0.88888888889999995,unitless,identity,n==5; primary support cutoff 0.25,37,NA,NA,NA,NA,NA,NA,NA,NA,NA,NA,NA,0.050459217819999999,0.11631205109999999,NA,NA
3,d,raw,results/k9_practical_replicates.csv,d24c65b6f7fc8473eaeb70bc016389b14e71df683f57a6be41dd58fef9437361,high_redundancy,NA,77,NA,NA,NA,NA,NA,NA,NA,NA,NA,NA,NA,NA,E4,5,0,0,0,0.00029999999999999997,0.029999999999999999,77,fit_complete,True,0.0002782485282,3455.9483770000002,0.0023558449419999999,27,1,1,NA,164,E4|5|high_redundancy|0.0003|0|0,topology_F1,1,1,unitless,identity,n==5; primary support cutoff 0.25,77,NA,NA,NA,NA,NA,NA,NA,NA,NA,NA,NA,0.01260745684,0.042054590330000002,NA,NA
3,d,raw,results/k9_practical_replicates.csv,d24c65b6f7fc8473eaeb70bc016389b14e71df683f57a6be41dd58fef9437361,minimal_exact_budget,NA,20,NA,NA,NA,NA,NA,NA,NA,NA,NA,NA,NA,NA,E4,5,0,0,1,0.00029999999999999997,0.029999999999999999,11,PrecisionFailure: K9 paired threshold is outside its unique admissible Green interval.,False,NA,NA,NA,NA,NA,NA,NA,165,E4|5|minimal_exact_budget|0.0003|0|1,topology_F1,NA,NA,unitless,identity,n==5; primary support cutoff 0.25,11,NA,NA,NA,NA,NA,NA,NA,NA,NA,NA,NA,NA,NA,NA,NA
3,d,raw,results/k9_practical_replicates.csv,d24c65b6f7fc8473eaeb70bc016389b14e71df683f57a6be41dd58fef9437361,moderate_redundancy,NA,37,NA,NA,NA,NA,NA,NA,NA,NA,NA,NA,NA,NA,E4,5,0,0,1,0.00029999999999999997,0.029999999999999999,37,fit_complete,True,0.00020551135670000001,13060.09528,0.001412400225,76,0.80000000000000004,1,NA,166,E4|5|moderate_redundancy|0.0003|0|1,topology_F1,0.88888888889999995,0.88888888889999995,unitless,identity,n==5; primary support cutoff 0.25,37,NA,NA,NA,NA,NA,NA,NA,NA,NA,NA,NA,0.1156579641,0.1103413912,NA,NA
3,d,raw,results/k9_practical_replicates.csv,d24c65b6f7fc8473eaeb70bc016389b14e71df683f57a6be41dd58fef9437361,high_redundancy,NA,77,NA,NA,NA,NA,NA,NA,NA,NA,NA,NA,NA,NA,E4,5,0,0,1,0.00029999999999999997,0.029999999999999999,77,fit_complete,True,0.0002460588003,3574.3212840000001,0.002267647169,28,1,1,NA,167,E4|5|high_redundancy|0.0003|0|1,topology_F1,1,1,unitless,identity,n==5; primary support cutoff 0.25,77,NA,NA,NA,NA,NA,NA,NA,NA,NA,NA,NA,0.0032319135359999999,0.055750434270000003,NA,NA
3,d,raw,results/k9_practical_replicates.csv,d24c65b6f7fc8473eaeb70bc016389b14e71df683f57a6be41dd58fef9437361,minimal_exact_budget,NA,20,NA,NA,NA,NA,NA,NA,NA,NA,NA,NA,NA,NA,E4,5,0,0,2,0.00029999999999999997,0.029999999999999999,12,PrecisionFailure: K9 paired threshold is outside its unique admissible Green interval.,False,NA,NA,NA,NA,NA,NA,NA,168,E4|5|minimal_exact_budget|0.0003|0|2,topology_F1,NA,NA,unitless,identity,n==5; primary support cutoff 0.25,12,NA,NA,NA,NA,NA,NA,NA,NA,NA,NA,NA,NA,NA,NA,NA
3,d,raw,results/k9_practical_replicates.csv,d24c65b6f7fc8473eaeb70bc016389b14e71df683f57a6be41dd58fef9437361,moderate_redundancy,NA,37,NA,NA,NA,NA,NA,NA,NA,NA,NA,NA,NA,NA,E4,5,0,0,2,0.00029999999999999997,0.029999999999999999,37,fit_complete,True,0.00026364300639999998,12520.35231,0.0014247223509999999,58,0.80000000000000004,1,NA,169,E4|5|moderate_redundancy|0.0003|0|2,topology_F1,0.88888888889999995,0.88888888889999995,unitless,identity,n==5; primary support cutoff 0.25,37,NA,NA,NA,NA,NA,NA,NA,NA,NA,NA,NA,0.10932428449999999,0.1413288657,NA,NA
3,d,raw,results/k9_practical_replicates.csv,d24c65b6f7fc8473eaeb70bc016389b14e71df683f57a6be41dd58fef9437361,high_redundancy,NA,77,NA,NA,NA,NA,NA,NA,NA,NA,NA,NA,NA,NA,E4,5,0,0,2,0.00029999999999999997,0.029999999999999999,77,fit_complete,True,0.00024583360679999999,3371.8246039999999,0.0022200187880000001,25,1,1,NA,170,E4|5|high_redundancy|0.0003|0|2,topology_F1,1,1,unitless,identity,n==5; primary support cutoff 0.25,77,NA,NA,NA,NA,NA,NA,NA,NA,NA,NA,NA,0.022282023599999999,0.033031513200000001,NA,NA
3,d,raw,results/k9_practical_replicates.csv,d24c65b6f7fc8473eaeb70bc016389b14e71df683f57a6be41dd58fef9437361,minimal_exact_budget,NA,20,NA,NA,NA,NA,NA,NA,NA,NA,NA,NA,NA,NA,E4,5,0,0,3,0.00029999999999999997,0.029999999999999999,10,PrecisionFailure: K9 paired threshold is outside its unique admissible Green interval.,False,NA,NA,NA,NA,NA,NA,NA,171,E4|5|minimal_exact_budget|0.0003|0|3,topology_F1,NA,NA,unitless,identity,n==5; primary support cutoff 0.25,10,NA,NA,NA,NA,NA,NA,NA,NA,NA,NA,NA,NA,NA,NA,NA
3,d,raw,results/k9_practical_replicates.csv,d24c65b6f7fc8473eaeb70bc016389b14e71df683f57a6be41dd58fef9437361,moderate_redundancy,NA,37,NA,NA,NA,NA,NA,NA,NA,NA,NA,NA,NA,NA,E4,5,0,0,3,0.00029999999999999997,0.029999999999999999,37,fit_complete,True,0.00026472390190000002,14067.672909999999,0.001503082257,71,0.80000000000000004,1,NA,172,E4|5|moderate_redundancy|0.0003|0|3,topology_F1,0.88888888889999995,0.88888888889999995,unitless,identity,n==5; primary support cutoff 0.25,37,NA,NA,NA,NA,NA,NA,NA,NA,NA,NA,NA,0.074588845619999997,0.14264027430000001,NA,NA
3,d,raw,results/k9_practical_replicates.csv,d24c65b6f7fc8473eaeb70bc016389b14e71df683f57a6be41dd58fef9437361,high_redundancy,NA,77,NA,NA,NA,NA,NA,NA,NA,NA,NA,NA,NA,NA,E4,5,0,0,3,0.00029999999999999997,0.029999999999999999,77,fit_complete,True,0.0002595021792,3595.9324580000002,0.002355152683,24,1,1,NA,173,E4|5|high_redundancy|0.0003|0|3,topology_F1,1,1,unitless,identity,n==5; primary support cutoff 0.25,77,NA,NA,NA,NA,NA,NA,NA,NA,NA,NA,NA,0.0067841090759999997,0.038460745220000002,NA,NA
3,d,raw,results/k9_practical_replicates.csv,d24c65b6f7fc8473eaeb70bc016389b14e71df683f57a6be41dd58fef9437361,minimal_exact_budget,NA,20,NA,NA,NA,NA,NA,NA,NA,NA,NA,NA,NA,NA,E4,5,0,0,0,0.001,0.10000000000000001,10,PrecisionFailure: K9 paired threshold is outside its unique admissible Green interval.,False,NA,NA,NA,NA,NA,NA,NA,174,E4|5|minimal_exact_budget|0.001|0|0,topology_F1,NA,NA,unitless,identity,n==5; primary support cutoff 0.25,10,NA,NA,NA,NA,NA,NA,NA,NA,NA,NA,NA,NA,NA,NA,NA
3,d,raw,results/k9_practical_replicates.csv,d24c65b6f7fc8473eaeb70bc016389b14e71df683f57a6be41dd58fef9437361,moderate_redundancy,NA,37,NA,NA,NA,NA,NA,NA,NA,NA,NA,NA,NA,NA,E4,5,0,0,0,0.001,0.10000000000000001,37,fit_complete,True,0.00078293854610000002,14553.20054,0.0046856756369999999,69,0.80000000000000004,1,NA,175,E4|5|moderate_redundancy|0.001|0|0,topology_F1,0.88888888889999995,0.88888888889999995,unitless,identity,n==5; primary support cutoff 0.25,37,NA,NA,NA,NA,NA,NA,NA,NA,NA,NA,NA,0.26264149980000001,0.44553736710000003,NA,NA
3,d,raw,results/k9_practical_replicates.csv,d24c65b6f7fc8473eaeb70bc016389b14e71df683f57a6be41dd58fef9437361,high_redundancy,NA,77,NA,NA,NA,NA,NA,NA,NA,NA,NA,NA,NA,NA,E4,5,0,0,0,0.001,0.10000000000000001,77,fit_complete,True,0.00092798435599999996,3269.6087440000001,0.0079835806450000001,22,0.80000000000000004,1,NA,176,E4|5|high_redundancy|0.001|0|0,topology_F1,0.88888888889999995,0.88888888889999995,unitless,identity,n==5; primary support cutoff 0.25,77,NA,NA,NA,NA,NA,NA,NA,NA,NA,NA,NA,0.03011604167,0.1342637683,NA,NA
3,d,raw,results/k9_practical_replicates.csv,d24c65b6f7fc8473eaeb70bc016389b14e71df683f57a6be41dd58fef9437361,minimal_exact_budget,NA,20,NA,NA,NA,NA,NA,NA,NA,NA,NA,NA,NA,NA,E4,5,0,0,1,0.001,0.10000000000000001,11,PrecisionFailure: K9 paired threshold is outside its unique admissible Green interval.,False,NA,NA,NA,NA,NA,NA,NA,177,E4|5|minimal_exact_budget|0.001|0|1,topology_F1,NA,NA,unitless,identity,n==5; primary support cutoff 0.25,11,NA,NA,NA,NA,NA,NA,NA,NA,NA,NA,NA,NA,NA,NA,NA
3,d,raw,results/k9_practical_replicates.csv,d24c65b6f7fc8473eaeb70bc016389b14e71df683f57a6be41dd58fef9437361,moderate_redundancy,NA,37,NA,NA,NA,NA,NA,NA,NA,NA,NA,NA,NA,NA,E4,5,0,0,1,0.001,0.10000000000000001,37,fit_complete,True,0.00062327721669999995,8755.5042240000002,0.0038419071550000001,52,1,1,NA,178,E4|5|moderate_redundancy|0.001|0|1,topology_F1,1,1,unitless,identity,n==5; primary support cutoff 0.25,37,NA,NA,NA,NA,NA,NA,NA,NA,NA,NA,NA,0.20323323130000001,0.54812377199999995,NA,NA
3,d,raw,results/k9_practical_replicates.csv,d24c65b6f7fc8473eaeb70bc016389b14e71df683f57a6be41dd58fef9437361,high_redundancy,NA,77,NA,NA,NA,NA,NA,NA,NA,NA,NA,NA,NA,NA,E4,5,0,0,1,0.001,0.10000000000000001,77,fit_complete,True,0.00088050673449999997,3174.4753689999998,0.007651290933,23,0.80000000000000004,1,NA,179,E4|5|high_redundancy|0.001|0|1,topology_F1,0.88888888889999995,0.88888888889999995,unitless,identity,n==5; primary support cutoff 0.25,77,NA,NA,NA,NA,NA,NA,NA,NA,NA,NA,NA,0.050232055790000001,0.14749478630000001,NA,NA
3,d,raw,results/k9_practical_replicates.csv,d24c65b6f7fc8473eaeb70bc016389b14e71df683f57a6be41dd58fef9437361,minimal_exact_budget,NA,20,NA,NA,NA,NA,NA,NA,NA,NA,NA,NA,NA,NA,E4,5,0,0,2,0.001,0.10000000000000001,12,PrecisionFailure: K9 paired threshold is outside its unique admissible Green interval.,False,NA,NA,NA,NA,NA,NA,NA,180,E4|5|minimal_exact_budget|0.001|0|2,topology_F1,NA,NA,unitless,identity,n==5; primary support cutoff 0.25,12,NA,NA,NA,NA,NA,NA,NA,NA,NA,NA,NA,NA,NA,NA,NA
3,d,raw,results/k9_practical_replicates.csv,d24c65b6f7fc8473eaeb70bc016389b14e71df683f57a6be41dd58fef9437361,moderate_redundancy,NA,37,NA,NA,NA,NA,NA,NA,NA,NA,NA,NA,NA,NA,E4,5,0,0,2,0.001,0.10000000000000001,37,fit_complete,True,0.00079746426750000002,17705.777760000001,0.0048170708490000002,73,1,1,NA,181,E4|5|moderate_redundancy|0.001|0|2,topology_F1,1,1,unitless,identity,n==5; primary support cutoff 0.25,37,NA,NA,NA,NA,NA,NA,NA,NA,NA,NA,NA,0.17724490940000001,0.4958799861,NA,NA
3,d,raw,results/k9_practical_replicates.csv,d24c65b6f7fc8473eaeb70bc016389b14e71df683f57a6be41dd58fef9437361,high_redundancy,NA,77,NA,NA,NA,NA,NA,NA,NA,NA,NA,NA,NA,NA,E4,5,0,0,2,0.001,0.10000000000000001,77,fit_complete,True,0.00083844647029999997,3482.7268570000001,0.0075519795430000003,27,1,1,NA,182,E4|5|high_redundancy|0.001|0|2,topology_F1,1,1,unitless,identity,n==5; primary support cutoff 0.25,77,NA,NA,NA,NA,NA,NA,NA,NA,NA,NA,NA,0.0281314441,0.136358639,NA,NA
3,d,raw,results/k9_practical_replicates.csv,d24c65b6f7fc8473eaeb70bc016389b14e71df683f57a6be41dd58fef9437361,minimal_exact_budget,NA,20,NA,NA,NA,NA,NA,NA,NA,NA,NA,NA,NA,NA,E4,5,0,0,3,0.001,0.10000000000000001,10,PrecisionFailure: K9 paired threshold is outside its unique admissible Green interval.,False,NA,NA,NA,NA,NA,NA,NA,183,E4|5|minimal_exact_budget|0.001|0|3,topology_F1,NA,NA,unitless,identity,n==5; primary support cutoff 0.25,10,NA,NA,NA,NA,NA,NA,NA,NA,NA,NA,NA,NA,NA,NA,NA
3,d,raw,results/k9_practical_replicates.csv,d24c65b6f7fc8473eaeb70bc016389b14e71df683f57a6be41dd58fef9437361,moderate_redundancy,NA,37,NA,NA,NA,NA,NA,NA,NA,NA,NA,NA,NA,NA,E4,5,0,0,3,0.001,0.10000000000000001,37,fit_complete,True,0.00077380825700000002,63713.47335,0.0048742305099999999,82,0.5,1,NA,184,E4|5|moderate_redundancy|0.001|0|3,topology_F1,0.66666666669999997,0.66666666669999997,unitless,identity,n==5; primary support cutoff 0.25,37,NA,NA,NA,NA,NA,NA,NA,NA,NA,NA,NA,0.33560186990000002,0.85482021050000001,NA,NA
3,d,raw,results/k9_practical_replicates.csv,d24c65b6f7fc8473eaeb70bc016389b14e71df683f57a6be41dd58fef9437361,high_redundancy,NA,77,NA,NA,NA,NA,NA,NA,NA,NA,NA,NA,NA,NA,E4,5,0,0,3,0.001,0.10000000000000001,77,fit_complete,True,0.00085981375799999997,3323.3628659999999,0.0078282246319999992,26,1,1,NA,185,E4|5|high_redundancy|0.001|0|3,topology_F1,1,1,unitless,identity,n==5; primary support cutoff 0.25,77,NA,NA,NA,NA,NA,NA,NA,NA,NA,NA,NA,0.0266301387,0.30548746560000001,NA,NA
3,d,raw,results/k9_practical_replicates.csv,d24c65b6f7fc8473eaeb70bc016389b14e71df683f57a6be41dd58fef9437361,minimal_exact_budget,NA,20,NA,NA,NA,NA,NA,NA,NA,NA,NA,NA,NA,NA,E4,5,0,0,0,0.0030000000000000001,0.29999999999999999,5,PrecisionFailure: K9 axis inversion produced a nonpositive Green entry at node 2.,False,NA,NA,NA,NA,NA,NA,NA,186,E4|5|minimal_exact_budget|0.003|0|0,topology_F1,NA,NA,unitless,identity,n==5; primary support cutoff 0.25,5,NA,NA,NA,NA,NA,NA,NA,NA,NA,NA,NA,NA,NA,NA,NA
3,d,raw,results/k9_practical_replicates.csv,d24c65b6f7fc8473eaeb70bc016389b14e71df683f57a6be41dd58fef9437361,moderate_redundancy,NA,37,NA,NA,NA,NA,NA,NA,NA,NA,NA,NA,NA,NA,E4,5,0,0,0,0.0030000000000000001,0.29999999999999999,37,fit_complete,True,0.0027889423980000001,5269.0252719999999,0.016184934009999999,77,0.66666666669999997,1,NA,187,E4|5|moderate_redundancy|0.003|0|0,topology_F1,0.80000000000000004,0.80000000000000004,unitless,identity,n==5; primary support cutoff 0.25,37,NA,NA,NA,NA,NA,NA,NA,NA,NA,NA,NA,0.41527737710000001,0.43341806939999999,NA,NA
3,d,raw,results/k9_practical_replicates.csv,d24c65b6f7fc8473eaeb70bc016389b14e71df683f57a6be41dd58fef9437361,high_redundancy,NA,77,NA,NA,NA,NA,NA,NA,NA,NA,NA,NA,NA,NA,E4,5,0,0,0,0.0030000000000000001,0.29999999999999999,77,fit_complete,True,0.0024761722010000001,17141.31479,0.021414918679999999,23,1,1,NA,188,E4|5|high_redundancy|0.003|0|0,topology_F1,1,1,unitless,identity,n==5; primary support cutoff 0.25,77,NA,NA,NA,NA,NA,NA,NA,NA,NA,NA,NA,0.098127273099999995,0.52666465709999999,NA,NA
3,d,raw,results/k9_practical_replicates.csv,d24c65b6f7fc8473eaeb70bc016389b14e71df683f57a6be41dd58fef9437361,minimal_exact_budget,NA,20,NA,NA,NA,NA,NA,NA,NA,NA,NA,NA,NA,NA,E4,5,0,0,1,0.0030000000000000001,0.29999999999999999,10,PrecisionFailure: K9 paired threshold is outside its unique admissible Green interval.,False,NA,NA,NA,NA,NA,NA,NA,189,E4|5|minimal_exact_budget|0.003|0|1,topology_F1,NA,NA,unitless,identity,n==5; primary support cutoff 0.25,10,NA,NA,NA,NA,NA,NA,NA,NA,NA,NA,NA,NA,NA,NA,NA
3,d,raw,results/k9_practical_replicates.csv,d24c65b6f7fc8473eaeb70bc016389b14e71df683f57a6be41dd58fef9437361,moderate_redundancy,NA,37,NA,NA,NA,NA,NA,NA,NA,NA,NA,NA,NA,NA,E4,5,0,0,1,0.0030000000000000001,0.29999999999999999,37,fit_complete,True,0.002446862576,97825.859030000007,0.01507843475,52,0.66666666669999997,1,NA,190,E4|5|moderate_redundancy|0.003|0|1,topology_F1,0.80000000000000004,0.80000000000000004,unitless,identity,n==5; primary support cutoff 0.25,37,NA,NA,NA,NA,NA,NA,NA,NA,NA,NA,NA,0.35094978960000001,0.84732445010000002,NA,NA
3,d,raw,results/k9_practical_replicates.csv,d24c65b6f7fc8473eaeb70bc016389b14e71df683f57a6be41dd58fef9437361,high_redundancy,NA,77,NA,NA,NA,NA,NA,NA,NA,NA,NA,NA,NA,NA,E4,5,0,0,1,0.0030000000000000001,0.29999999999999999,77,fit_complete,True,0.002771219469,3719.5827680000002,0.024495411799999998,25,1,1,NA,191,E4|5|high_redundancy|0.003|0|1,topology_F1,1,1,unitless,identity,n==5; primary support cutoff 0.25,77,NA,NA,NA,NA,NA,NA,NA,NA,NA,NA,NA,0.039854810800000001,0.4872190783,NA,NA
3,d,raw,results/k9_practical_replicates.csv,d24c65b6f7fc8473eaeb70bc016389b14e71df683f57a6be41dd58fef9437361,minimal_exact_budget,NA,20,NA,NA,NA,NA,NA,NA,NA,NA,NA,NA,NA,NA,E4,5,0,0,2,0.0030000000000000001,0.29999999999999999,10,PrecisionFailure: K9 paired threshold is outside its unique admissible Green interval.,False,NA,NA,NA,NA,NA,NA,NA,192,E4|5|minimal_exact_budget|0.003|0|2,topology_F1,NA,NA,unitless,identity,n==5; primary support cutoff 0.25,10,NA,NA,NA,NA,NA,NA,NA,NA,NA,NA,NA,NA,NA,NA,NA
3,d,raw,results/k9_practical_replicates.csv,d24c65b6f7fc8473eaeb70bc016389b14e71df683f57a6be41dd58fef9437361,moderate_redundancy,NA,37,NA,NA,NA,NA,NA,NA,NA,NA,NA,NA,NA,NA,E4,5,0,0,2,0.0030000000000000001,0.29999999999999999,37,fit_complete,True,0.0021027702720000001,60538.65208,0.01388728514,120,0.75,0.75,NA,193,E4|5|moderate_redundancy|0.003|0|2,topology_F1,0.75,0.75,unitless,identity,n==5; primary support cutoff 0.25,37,NA,NA,NA,NA,NA,NA,NA,NA,NA,NA,NA,0.51485746389999998,3.9640081810000001,NA,NA
3,d,raw,results/k9_practical_replicates.csv,d24c65b6f7fc8473eaeb70bc016389b14e71df683f57a6be41dd58fef9437361,high_redundancy,NA,77,NA,NA,NA,NA,NA,NA,NA,NA,NA,NA,NA,NA,E4,5,0,0,2,0.0030000000000000001,0.29999999999999999,77,fit_complete,True,0.0030692906340000002,3670.8345169999998,0.0263265772,32,0.66666666669999997,1,NA,194,E4|5|high_redundancy|0.003|0|2,topology_F1,0.80000000000000004,0.80000000000000004,unitless,identity,n==5; primary support cutoff 0.25,77,NA,NA,NA,NA,NA,NA,NA,NA,NA,NA,NA,0.18570435269999999,0.52918079259999995,NA,NA
3,d,raw,results/k9_practical_replicates.csv,d24c65b6f7fc8473eaeb70bc016389b14e71df683f57a6be41dd58fef9437361,minimal_exact_budget,NA,20,NA,NA,NA,NA,NA,NA,NA,NA,NA,NA,NA,NA,E4,5,0,0,3,0.0030000000000000001,0.29999999999999999,10,PrecisionFailure: K9 paired threshold is outside its unique admissible Green interval.,False,NA,NA,NA,NA,NA,NA,NA,195,E4|5|minimal_exact_budget|0.003|0|3,topology_F1,NA,NA,unitless,identity,n==5; primary support cutoff 0.25,10,NA,NA,NA,NA,NA,NA,NA,NA,NA,NA,NA,NA,NA,NA,NA
3,d,raw,results/k9_practical_replicates.csv,d24c65b6f7fc8473eaeb70bc016389b14e71df683f57a6be41dd58fef9437361,moderate_redundancy,NA,37,NA,NA,NA,NA,NA,NA,NA,NA,NA,NA,NA,NA,E4,5,0,0,3,0.0030000000000000001,0.29999999999999999,37,fit_complete,True,0.0016103375510000001,28957.429960000001,0.009678610277,119,0.57142857140000003,1,NA,196,E4|5|moderate_redundancy|0.003|0|3,topology_F1,0.72727272730000003,0.72727272730000003,unitless,identity,n==5; primary support cutoff 0.25,37,NA,NA,NA,NA,NA,NA,NA,NA,NA,NA,NA,0.42910529720000001,1.2553009740000001,NA,NA
3,d,raw,results/k9_practical_replicates.csv,d24c65b6f7fc8473eaeb70bc016389b14e71df683f57a6be41dd58fef9437361,high_redundancy,NA,77,NA,NA,NA,NA,NA,NA,NA,NA,NA,NA,NA,NA,E4,5,0,0,3,0.0030000000000000001,0.29999999999999999,77,fit_complete,True,0.0028132653040000002,2621.3327899999999,0.023595274119999999,30,0.80000000000000004,1,NA,197,E4|5|high_redundancy|0.003|0|3,topology_F1,0.88888888889999995,0.88888888889999995,unitless,identity,n==5; primary support cutoff 0.25,77,NA,NA,NA,NA,NA,NA,NA,NA,NA,NA,NA,0.089063401910000006,0.73455295220000005,NA,NA
3,d,raw,results/k9_practical_replicates.csv,d24c65b6f7fc8473eaeb70bc016389b14e71df683f57a6be41dd58fef9437361,minimal_exact_budget,NA,20,NA,NA,NA,NA,NA,NA,NA,NA,NA,NA,NA,NA,E4,5,0,1,0,0,0,20,recovered,True,NA,NA,NA,NA,1,1,NA,198,E4|5|minimal_exact_budget|0.0|1|0,topology_F1,1,1,unitless,identity,n==5; primary support cutoff 0.25,20,NA,NA,NA,NA,NA,NA,NA,NA,NA,NA,NA,1.244711306e-12,3.3211077949999998e-11,NA,NA
3,d,raw,results/k9_practical_replicates.csv,d24c65b6f7fc8473eaeb70bc016389b14e71df683f57a6be41dd58fef9437361,moderate_redundancy,NA,37,NA,NA,NA,NA,NA,NA,NA,NA,NA,NA,NA,NA,E4,5,0,1,0,0,0,37,fit_complete,True,1.845149969e-06,14305.14165,1.4972772640000001e-05,132,1,1,NA,199,E4|5|moderate_redundancy|0.0|1|0,topology_F1,1,1,unitless,identity,n==5; primary support cutoff 0.25,37,NA,NA,NA,NA,NA,NA,NA,NA,NA,NA,NA,0.0030969147279999998,0.0025571562719999999,NA,NA
3,d,raw,results/k9_practical_replicates.csv,d24c65b6f7fc8473eaeb70bc016389b14e71df683f57a6be41dd58fef9437361,high_redundancy,NA,77,NA,NA,NA,NA,NA,NA,NA,NA,NA,NA,NA,NA,E4,5,0,1,0,0,0,77,fit_complete,True,3.1217416540000002e-08,2982.0881370000002,2.7711539859999999e-07,34,1,1,NA,200,E4|5|high_redundancy|0.0|1|0,topology_F1,1,1,unitless,identity,n==5; primary support cutoff 0.25,77,NA,NA,NA,NA,NA,NA,NA,NA,NA,NA,NA,1.029802136e-05,2.7302660859999999e-06,NA,NA
3,d,raw,results/k9_practical_replicates.csv,d24c65b6f7fc8473eaeb70bc016389b14e71df683f57a6be41dd58fef9437361,minimal_exact_budget,NA,20,NA,NA,NA,NA,NA,NA,NA,NA,NA,NA,NA,NA,E4,5,0,1,1,0,0,20,recovered,True,NA,NA,NA,NA,1,1,NA,201,E4|5|minimal_exact_budget|0.0|1|1,topology_F1,1,1,unitless,identity,n==5; primary support cutoff 0.25,20,NA,NA,NA,NA,NA,NA,NA,NA,NA,NA,NA,1.244711306e-12,3.3211077949999998e-11,NA,NA
3,d,raw,results/k9_practical_replicates.csv,d24c65b6f7fc8473eaeb70bc016389b14e71df683f57a6be41dd58fef9437361,moderate_redundancy,NA,37,NA,NA,NA,NA,NA,NA,NA,NA,NA,NA,NA,NA,E4,5,0,1,1,0,0,37,fit_complete,True,1.845149969e-06,14305.14165,1.4972772640000001e-05,132,1,1,NA,202,E4|5|moderate_redundancy|0.0|1|1,topology_F1,1,1,unitless,identity,n==5; primary support cutoff 0.25,37,NA,NA,NA,NA,NA,NA,NA,NA,NA,NA,NA,0.0030969147279999998,0.0025571562719999999,NA,NA
3,d,raw,results/k9_practical_replicates.csv,d24c65b6f7fc8473eaeb70bc016389b14e71df683f57a6be41dd58fef9437361,high_redundancy,NA,77,NA,NA,NA,NA,NA,NA,NA,NA,NA,NA,NA,NA,E4,5,0,1,1,0,0,77,fit_complete,True,3.1217416540000002e-08,2982.0881370000002,2.7711539859999999e-07,34,1,1,NA,203,E4|5|high_redundancy|0.0|1|1,topology_F1,1,1,unitless,identity,n==5; primary support cutoff 0.25,77,NA,NA,NA,NA,NA,NA,NA,NA,NA,NA,NA,1.029802136e-05,2.7302660859999999e-06,NA,NA
3,d,raw,results/k9_practical_replicates.csv,d24c65b6f7fc8473eaeb70bc016389b14e71df683f57a6be41dd58fef9437361,minimal_exact_budget,NA,20,NA,NA,NA,NA,NA,NA,NA,NA,NA,NA,NA,NA,E4,5,0,1,2,0,0,20,recovered,True,NA,NA,NA,NA,1,1,NA,204,E4|5|minimal_exact_budget|0.0|1|2,topology_F1,1,1,unitless,identity,n==5; primary support cutoff 0.25,20,NA,NA,NA,NA,NA,NA,NA,NA,NA,NA,NA,1.244711306e-12,3.3211077949999998e-11,NA,NA
3,d,raw,results/k9_practical_replicates.csv,d24c65b6f7fc8473eaeb70bc016389b14e71df683f57a6be41dd58fef9437361,moderate_redundancy,NA,37,NA,NA,NA,NA,NA,NA,NA,NA,NA,NA,NA,NA,E4,5,0,1,2,0,0,37,fit_complete,True,1.845149969e-06,14305.14165,1.4972772640000001e-05,132,1,1,NA,205,E4|5|moderate_redundancy|0.0|1|2,topology_F1,1,1,unitless,identity,n==5; primary support cutoff 0.25,37,NA,NA,NA,NA,NA,NA,NA,NA,NA,NA,NA,0.0030969147279999998,0.0025571562719999999,NA,NA
3,d,raw,results/k9_practical_replicates.csv,d24c65b6f7fc8473eaeb70bc016389b14e71df683f57a6be41dd58fef9437361,high_redundancy,NA,77,NA,NA,NA,NA,NA,NA,NA,NA,NA,NA,NA,NA,E4,5,0,1,2,0,0,77,fit_complete,True,3.1217416540000002e-08,2982.0881370000002,2.7711539859999999e-07,34,1,1,NA,206,E4|5|high_redundancy|0.0|1|2,topology_F1,1,1,unitless,identity,n==5; primary support cutoff 0.25,77,NA,NA,NA,NA,NA,NA,NA,NA,NA,NA,NA,1.029802136e-05,2.7302660859999999e-06,NA,NA
3,d,raw,results/k9_practical_replicates.csv,d24c65b6f7fc8473eaeb70bc016389b14e71df683f57a6be41dd58fef9437361,minimal_exact_budget,NA,20,NA,NA,NA,NA,NA,NA,NA,NA,NA,NA,NA,NA,E4,5,0,1,3,0,0,20,recovered,True,NA,NA,NA,NA,1,1,NA,207,E4|5|minimal_exact_budget|0.0|1|3,topology_F1,1,1,unitless,identity,n==5; primary support cutoff 0.25,20,NA,NA,NA,NA,NA,NA,NA,NA,NA,NA,NA,1.244711306e-12,3.3211077949999998e-11,NA,NA
3,d,raw,results/k9_practical_replicates.csv,d24c65b6f7fc8473eaeb70bc016389b14e71df683f57a6be41dd58fef9437361,moderate_redundancy,NA,37,NA,NA,NA,NA,NA,NA,NA,NA,NA,NA,NA,NA,E4,5,0,1,3,0,0,37,fit_complete,True,1.845149969e-06,14305.14165,1.4972772640000001e-05,132,1,1,NA,208,E4|5|moderate_redundancy|0.0|1|3,topology_F1,1,1,unitless,identity,n==5; primary support cutoff 0.25,37,NA,NA,NA,NA,NA,NA,NA,NA,NA,NA,NA,0.0030969147279999998,0.0025571562719999999,NA,NA
3,d,raw,results/k9_practical_replicates.csv,d24c65b6f7fc8473eaeb70bc016389b14e71df683f57a6be41dd58fef9437361,high_redundancy,NA,77,NA,NA,NA,NA,NA,NA,NA,NA,NA,NA,NA,NA,E4,5,0,1,3,0,0,77,fit_complete,True,3.1217416540000002e-08,2982.0881370000002,2.7711539859999999e-07,34,1,1,NA,209,E4|5|high_redundancy|0.0|1|3,topology_F1,1,1,unitless,identity,n==5; primary support cutoff 0.25,77,NA,NA,NA,NA,NA,NA,NA,NA,NA,NA,NA,1.029802136e-05,2.7302660859999999e-06,NA,NA
3,d,raw,results/k9_practical_replicates.csv,d24c65b6f7fc8473eaeb70bc016389b14e71df683f57a6be41dd58fef9437361,minimal_exact_budget,NA,20,NA,NA,NA,NA,NA,NA,NA,NA,NA,NA,NA,NA,E4,5,0,1,0,0.0001,0.01,15,PrecisionFailure: K9 reconstructed root-coupling vector has a negative entry.,False,NA,NA,NA,NA,NA,NA,NA,210,E4|5|minimal_exact_budget|0.0001|1|0,topology_F1,NA,NA,unitless,identity,n==5; primary support cutoff 0.25,15,NA,NA,NA,NA,NA,NA,NA,NA,NA,NA,NA,NA,NA,NA,NA
3,d,raw,results/k9_practical_replicates.csv,d24c65b6f7fc8473eaeb70bc016389b14e71df683f57a6be41dd58fef9437361,moderate_redundancy,NA,37,NA,NA,NA,NA,NA,NA,NA,NA,NA,NA,NA,NA,E4,5,0,1,0,0.0001,0.01,37,fit_complete,True,5.7155216429999998e-05,14352.650869999999,0.00035163775209999998,142,1,1,NA,211,E4|5|moderate_redundancy|0.0001|1|0,topology_F1,1,1,unitless,identity,n==5; primary support cutoff 0.25,37,NA,NA,NA,NA,NA,NA,NA,NA,NA,NA,NA,0.023271120440000001,0.037378777330000001,NA,NA
3,d,raw,results/k9_practical_replicates.csv,d24c65b6f7fc8473eaeb70bc016389b14e71df683f57a6be41dd58fef9437361,high_redundancy,NA,77,NA,NA,NA,NA,NA,NA,NA,NA,NA,NA,NA,NA,E4,5,0,1,0,0.0001,0.01,77,fit_complete,True,8.3600388750000004e-05,2938.7100329999998,0.00073717373500000003,30,1,1,NA,212,E4|5|high_redundancy|0.0001|1|0,topology_F1,1,1,unitless,identity,n==5; primary support cutoff 0.25,77,NA,NA,NA,NA,NA,NA,NA,NA,NA,NA,NA,0.0055198868790000003,0.0085773576679999998,NA,NA
3,d,raw,results/k9_practical_replicates.csv,d24c65b6f7fc8473eaeb70bc016389b14e71df683f57a6be41dd58fef9437361,minimal_exact_budget,NA,20,NA,NA,NA,NA,NA,NA,NA,NA,NA,NA,NA,NA,E4,5,0,1,1,0.0001,0.01,15,PrecisionFailure: K9 paired threshold is outside its unique admissible Green interval.,False,NA,NA,NA,NA,NA,NA,NA,213,E4|5|minimal_exact_budget|0.0001|1|1,topology_F1,NA,NA,unitless,identity,n==5; primary support cutoff 0.25,15,NA,NA,NA,NA,NA,NA,NA,NA,NA,NA,NA,NA,NA,NA,NA
3,d,raw,results/k9_practical_replicates.csv,d24c65b6f7fc8473eaeb70bc016389b14e71df683f57a6be41dd58fef9437361,moderate_redundancy,NA,37,NA,NA,NA,NA,NA,NA,NA,NA,NA,NA,NA,NA,E4,5,0,1,1,0.0001,0.01,37,fit_complete,True,6.7677829739999998e-05,12654.12104,0.00040609417970000002,128,1,1,NA,214,E4|5|moderate_redundancy|0.0001|1|1,topology_F1,1,1,unitless,identity,n==5; primary support cutoff 0.25,37,NA,NA,NA,NA,NA,NA,NA,NA,NA,NA,NA,0.054326867280000003,0.021930914039999999,NA,NA
3,d,raw,results/k9_practical_replicates.csv,d24c65b6f7fc8473eaeb70bc016389b14e71df683f57a6be41dd58fef9437361,high_redundancy,NA,77,NA,NA,NA,NA,NA,NA,NA,NA,NA,NA,NA,NA,E4,5,0,1,1,0.0001,0.01,77,fit_complete,True,0.0001034269077,2984.5254580000001,0.00082900980339999997,31,1,1,NA,215,E4|5|high_redundancy|0.0001|1|1,topology_F1,1,1,unitless,identity,n==5; primary support cutoff 0.25,77,NA,NA,NA,NA,NA,NA,NA,NA,NA,NA,NA,0.0010969755820000001,0.0092816046980000004,NA,NA
3,d,raw,results/k9_practical_replicates.csv,d24c65b6f7fc8473eaeb70bc016389b14e71df683f57a6be41dd58fef9437361,minimal_exact_budget,NA,20,NA,NA,NA,NA,NA,NA,NA,NA,NA,NA,NA,NA,E4,5,0,1,2,0.0001,0.01,11,PrecisionFailure: K9 paired threshold is outside its unique admissible Green interval.,False,NA,NA,NA,NA,NA,NA,NA,216,E4|5|minimal_exact_budget|0.0001|1|2,topology_F1,NA,NA,unitless,identity,n==5; primary support cutoff 0.25,11,NA,NA,NA,NA,NA,NA,NA,NA,NA,NA,NA,NA,NA,NA,NA
3,d,raw,results/k9_practical_replicates.csv,d24c65b6f7fc8473eaeb70bc016389b14e71df683f57a6be41dd58fef9437361,moderate_redundancy,NA,37,NA,NA,NA,NA,NA,NA,NA,NA,NA,NA,NA,NA,E4,5,0,1,2,0.0001,0.01,37,fit_complete,True,8.0839444059999997e-05,13177.37859,0.00045283820559999997,135,1,1,NA,217,E4|5|moderate_redundancy|0.0001|1|2,topology_F1,1,1,unitless,identity,n==5; primary support cutoff 0.25,37,NA,NA,NA,NA,NA,NA,NA,NA,NA,NA,NA,0.032815689799999999,0.069141404589999997,NA,NA
3,d,raw,results/k9_practical_replicates.csv,d24c65b6f7fc8473eaeb70bc016389b14e71df683f57a6be41dd58fef9437361,high_redundancy,NA,77,NA,NA,NA,NA,NA,NA,NA,NA,NA,NA,NA,NA,E4,5,0,1,2,0.0001,0.01,77,fit_complete,True,9.7162943770000005e-05,2970.9786290000002,0.00076916088419999996,37,1,1,NA,218,E4|5|high_redundancy|0.0001|1|2,topology_F1,1,1,unitless,identity,n==5; primary support cutoff 0.25,77,NA,NA,NA,NA,NA,NA,NA,NA,NA,NA,NA,0.0029081655379999999,0.014878042480000001,NA,NA
3,d,raw,results/k9_practical_replicates.csv,d24c65b6f7fc8473eaeb70bc016389b14e71df683f57a6be41dd58fef9437361,minimal_exact_budget,NA,20,NA,NA,NA,NA,NA,NA,NA,NA,NA,NA,NA,NA,E4,5,0,1,3,0.0001,0.01,13,PrecisionFailure: K9 paired threshold is outside its unique admissible Green interval.,False,NA,NA,NA,NA,NA,NA,NA,219,E4|5|minimal_exact_budget|0.0001|1|3,topology_F1,NA,NA,unitless,identity,n==5; primary support cutoff 0.25,13,NA,NA,NA,NA,NA,NA,NA,NA,NA,NA,NA,NA,NA,NA,NA
3,d,raw,results/k9_practical_replicates.csv,d24c65b6f7fc8473eaeb70bc016389b14e71df683f57a6be41dd58fef9437361,moderate_redundancy,NA,37,NA,NA,NA,NA,NA,NA,NA,NA,NA,NA,NA,NA,E4,5,0,1,3,0.0001,0.01,37,fit_complete,True,7.9064899310000005e-05,13338.201010000001,0.00045974809690000002,128,1,1,NA,220,E4|5|moderate_redundancy|0.0001|1|3,topology_F1,1,1,unitless,identity,n==5; primary support cutoff 0.25,37,NA,NA,NA,NA,NA,NA,NA,NA,NA,NA,NA,0.03678898605,0.027881219610000001,NA,NA
3,d,raw,results/k9_practical_replicates.csv,d24c65b6f7fc8473eaeb70bc016389b14e71df683f57a6be41dd58fef9437361,high_redundancy,NA,77,NA,NA,NA,NA,NA,NA,NA,NA,NA,NA,NA,NA,E4,5,0,1,3,0.0001,0.01,77,fit_complete,True,8.1256900769999994e-05,2948.7997570000002,0.00068140938369999995,31,1,1,NA,221,E4|5|high_redundancy|0.0001|1|3,topology_F1,1,1,unitless,identity,n==5; primary support cutoff 0.25,77,NA,NA,NA,NA,NA,NA,NA,NA,NA,NA,NA,0.0040334606089999997,0.017583582989999999,NA,NA
3,d,raw,results/k9_practical_replicates.csv,d24c65b6f7fc8473eaeb70bc016389b14e71df683f57a6be41dd58fef9437361,minimal_exact_budget,NA,20,NA,NA,NA,NA,NA,NA,NA,NA,NA,NA,NA,NA,E4,5,0,1,0,0.00029999999999999997,0.029999999999999999,12,PrecisionFailure: K9 paired threshold is outside its unique admissible Green interval.,False,NA,NA,NA,NA,NA,NA,NA,222,E4|5|minimal_exact_budget|0.0003|1|0,topology_F1,NA,NA,unitless,identity,n==5; primary support cutoff 0.25,12,NA,NA,NA,NA,NA,NA,NA,NA,NA,NA,NA,NA,NA,NA,NA
3,d,raw,results/k9_practical_replicates.csv,d24c65b6f7fc8473eaeb70bc016389b14e71df683f57a6be41dd58fef9437361,moderate_redundancy,NA,37,NA,NA,NA,NA,NA,NA,NA,NA,NA,NA,NA,NA,E4,5,0,1,0,0.00029999999999999997,0.029999999999999999,37,fit_complete,True,0.00023119339689999999,16907.47824,0.0015606244190000001,147,0.66666666669999997,1,NA,223,E4|5|moderate_redundancy|0.0003|1|0,topology_F1,0.80000000000000004,0.80000000000000004,unitless,identity,n==5; primary support cutoff 0.25,37,NA,NA,NA,NA,NA,NA,NA,NA,NA,NA,NA,0.076234735649999996,0.21748569100000001,NA,NA
3,d,raw,results/k9_practical_replicates.csv,d24c65b6f7fc8473eaeb70bc016389b14e71df683f57a6be41dd58fef9437361,high_redundancy,NA,77,NA,NA,NA,NA,NA,NA,NA,NA,NA,NA,NA,NA,E4,5,0,1,0,0.00029999999999999997,0.029999999999999999,77,fit_complete,True,0.00035796795229999998,2801.6034519999998,0.002713062875,28,1,1,NA,224,E4|5|high_redundancy|0.0003|1|0,topology_F1,1,1,unitless,identity,n==5; primary support cutoff 0.25,77,NA,NA,NA,NA,NA,NA,NA,NA,NA,NA,NA,0.025311299089999999,0.022825689749999999,NA,NA
3,d,raw,results/k9_practical_replicates.csv,d24c65b6f7fc8473eaeb70bc016389b14e71df683f57a6be41dd58fef9437361,minimal_exact_budget,NA,20,NA,NA,NA,NA,NA,NA,NA,NA,NA,NA,NA,NA,E4,5,0,1,1,0.00029999999999999997,0.029999999999999999,13,PrecisionFailure: K9 paired threshold is outside its unique admissible Green interval.,False,NA,NA,NA,NA,NA,NA,NA,225,E4|5|minimal_exact_budget|0.0003|1|1,topology_F1,NA,NA,unitless,identity,n==5; primary support cutoff 0.25,13,NA,NA,NA,NA,NA,NA,NA,NA,NA,NA,NA,NA,NA,NA,NA
3,d,raw,results/k9_practical_replicates.csv,d24c65b6f7fc8473eaeb70bc016389b14e71df683f57a6be41dd58fef9437361,moderate_redundancy,NA,37,NA,NA,NA,NA,NA,NA,NA,NA,NA,NA,NA,NA,E4,5,0,1,1,0.00029999999999999997,0.029999999999999999,37,fit_complete,True,0.0002096546946,10420.7521,0.001185971499,144,0.66666666669999997,1,NA,226,E4|5|moderate_redundancy|0.0003|1|1,topology_F1,0.80000000000000004,0.80000000000000004,unitless,identity,n==5; primary support cutoff 0.25,37,NA,NA,NA,NA,NA,NA,NA,NA,NA,NA,NA,0.11149910790000001,0.060822243810000003,NA,NA
3,d,raw,results/k9_practical_replicates.csv,d24c65b6f7fc8473eaeb70bc016389b14e71df683f57a6be41dd58fef9437361,high_redundancy,NA,77,NA,NA,NA,NA,NA,NA,NA,NA,NA,NA,NA,NA,E4,5,0,1,1,0.00029999999999999997,0.029999999999999999,77,fit_complete,True,0.000238284743,2906.2438430000002,0.00200805996,32,1,1,NA,227,E4|5|high_redundancy|0.0003|1|1,topology_F1,1,1,unitless,identity,n==5; primary support cutoff 0.25,77,NA,NA,NA,NA,NA,NA,NA,NA,NA,NA,NA,0.0087595549320000007,0.019157717370000001,NA,NA
3,d,raw,results/k9_practical_replicates.csv,d24c65b6f7fc8473eaeb70bc016389b14e71df683f57a6be41dd58fef9437361,minimal_exact_budget,NA,20,NA,NA,NA,NA,NA,NA,NA,NA,NA,NA,NA,NA,E4,5,0,1,2,0.00029999999999999997,0.029999999999999999,10,PrecisionFailure: K9 paired threshold is outside its unique admissible Green interval.,False,NA,NA,NA,NA,NA,NA,NA,228,E4|5|minimal_exact_budget|0.0003|1|2,topology_F1,NA,NA,unitless,identity,n==5; primary support cutoff 0.25,10,NA,NA,NA,NA,NA,NA,NA,NA,NA,NA,NA,NA,NA,NA,NA
3,d,raw,results/k9_practical_replicates.csv,d24c65b6f7fc8473eaeb70bc016389b14e71df683f57a6be41dd58fef9437361,moderate_redundancy,NA,37,NA,NA,NA,NA,NA,NA,NA,NA,NA,NA,NA,NA,E4,5,0,1,2,0.00029999999999999997,0.029999999999999999,37,fit_complete,True,0.00022719495980000001,9342.3511880000005,0.0014015971700000001,137,0.80000000000000004,1,NA,229,E4|5|moderate_redundancy|0.0003|1|2,topology_F1,0.88888888889999995,0.88888888889999995,unitless,identity,n==5; primary support cutoff 0.25,37,NA,NA,NA,NA,NA,NA,NA,NA,NA,NA,NA,0.15775806149999999,0.08824848096,NA,NA
3,d,raw,results/k9_practical_replicates.csv,d24c65b6f7fc8473eaeb70bc016389b14e71df683f57a6be41dd58fef9437361,high_redundancy,NA,77,NA,NA,NA,NA,NA,NA,NA,NA,NA,NA,NA,NA,E4,5,0,1,2,0.00029999999999999997,0.029999999999999999,77,fit_complete,True,0.00023696829409999999,2916.718527,0.0021627801569999998,29,1,1,NA,230,E4|5|high_redundancy|0.0003|1|2,topology_F1,1,1,unitless,identity,n==5; primary support cutoff 0.25,77,NA,NA,NA,NA,NA,NA,NA,NA,NA,NA,NA,0.01106446751,0.05259147284,NA,NA
3,d,raw,results/k9_practical_replicates.csv,d24c65b6f7fc8473eaeb70bc016389b14e71df683f57a6be41dd58fef9437361,minimal_exact_budget,NA,20,NA,NA,NA,NA,NA,NA,NA,NA,NA,NA,NA,NA,E4,5,0,1,3,0.00029999999999999997,0.029999999999999999,10,PrecisionFailure: K9 paired threshold is outside its unique admissible Green interval.,False,NA,NA,NA,NA,NA,NA,NA,231,E4|5|minimal_exact_budget|0.0003|1|3,topology_F1,NA,NA,unitless,identity,n==5; primary support cutoff 0.25,10,NA,NA,NA,NA,NA,NA,NA,NA,NA,NA,NA,NA,NA,NA,NA
3,d,raw,results/k9_practical_replicates.csv,d24c65b6f7fc8473eaeb70bc016389b14e71df683f57a6be41dd58fef9437361,moderate_redundancy,NA,37,NA,NA,NA,NA,NA,NA,NA,NA,NA,NA,NA,NA,E4,5,0,1,3,0.00029999999999999997,0.029999999999999999,37,fit_complete,True,0.00022915176180000001,9652.3103300000002,0.0013531406309999999,138,0.80000000000000004,1,NA,232,E4|5|moderate_redundancy|0.0003|1|3,topology_F1,0.88888888889999995,0.88888888889999995,unitless,identity,n==5; primary support cutoff 0.25,37,NA,NA,NA,NA,NA,NA,NA,NA,NA,NA,NA,0.13004372689999999,0.068111297589999995,NA,NA
3,d,raw,results/k9_practical_replicates.csv,d24c65b6f7fc8473eaeb70bc016389b14e71df683f57a6be41dd58fef9437361,high_redundancy,NA,77,NA,NA,NA,NA,NA,NA,NA,NA,NA,NA,NA,NA,E4,5,0,1,3,0.00029999999999999997,0.029999999999999999,77,fit_complete,True,0.00028621868690000002,2915.3715480000001,0.002484464978,26,1,1,NA,233,E4|5|high_redundancy|0.0003|1|3,topology_F1,1,1,unitless,identity,n==5; primary support cutoff 0.25,77,NA,NA,NA,NA,NA,NA,NA,NA,NA,NA,NA,0.01179117625,0.0072594364629999996,NA,NA
3,d,raw,results/k9_practical_replicates.csv,d24c65b6f7fc8473eaeb70bc016389b14e71df683f57a6be41dd58fef9437361,minimal_exact_budget,NA,20,NA,NA,NA,NA,NA,NA,NA,NA,NA,NA,NA,NA,E4,5,0,1,0,0.001,0.10000000000000001,10,PrecisionFailure: K9 paired threshold is outside its unique admissible Green interval.,False,NA,NA,NA,NA,NA,NA,NA,234,E4|5|minimal_exact_budget|0.001|1|0,topology_F1,NA,NA,unitless,identity,n==5; primary support cutoff 0.25,10,NA,NA,NA,NA,NA,NA,NA,NA,NA,NA,NA,NA,NA,NA,NA
3,d,raw,results/k9_practical_replicates.csv,d24c65b6f7fc8473eaeb70bc016389b14e71df683f57a6be41dd58fef9437361,moderate_redundancy,NA,37,NA,NA,NA,NA,NA,NA,NA,NA,NA,NA,NA,NA,E4,5,0,1,0,0.001,0.10000000000000001,37,fit_complete,True,0.00080830833549999995,6422.7395370000004,0.0054206748649999999,95,0.66666666669999997,1,NA,235,E4|5|moderate_redundancy|0.001|1|0,topology_F1,0.80000000000000004,0.80000000000000004,unitless,identity,n==5; primary support cutoff 0.25,37,NA,NA,NA,NA,NA,NA,NA,NA,NA,NA,NA,0.2728317354,0.4422824742,NA,NA
3,d,raw,results/k9_practical_replicates.csv,d24c65b6f7fc8473eaeb70bc016389b14e71df683f57a6be41dd58fef9437361,high_redundancy,NA,77,NA,NA,NA,NA,NA,NA,NA,NA,NA,NA,NA,NA,E4,5,0,1,0,0.001,0.10000000000000001,77,fit_complete,True,0.00090642151890000004,2578.077084,0.0079171930719999992,27,0.80000000000000004,1,NA,236,E4|5|high_redundancy|0.001|1|0,topology_F1,0.88888888889999995,0.88888888889999995,unitless,identity,n==5; primary support cutoff 0.25,77,NA,NA,NA,NA,NA,NA,NA,NA,NA,NA,NA,0.06362009985,0.18388510429999999,NA,NA
3,d,raw,results/k9_practical_replicates.csv,d24c65b6f7fc8473eaeb70bc016389b14e71df683f57a6be41dd58fef9437361,minimal_exact_budget,NA,20,NA,NA,NA,NA,NA,NA,NA,NA,NA,NA,NA,NA,E4,5,0,1,1,0.001,0.10000000000000001,10,PrecisionFailure: K9 paired threshold is outside its unique admissible Green interval.,False,NA,NA,NA,NA,NA,NA,NA,237,E4|5|minimal_exact_budget|0.001|1|1,topology_F1,NA,NA,unitless,identity,n==5; primary support cutoff 0.25,10,NA,NA,NA,NA,NA,NA,NA,NA,NA,NA,NA,NA,NA,NA,NA
3,d,raw,results/k9_practical_replicates.csv,d24c65b6f7fc8473eaeb70bc016389b14e71df683f57a6be41dd58fef9437361,moderate_redundancy,NA,37,NA,NA,NA,NA,NA,NA,NA,NA,NA,NA,NA,NA,E4,5,0,1,1,0.001,0.10000000000000001,37,fit_complete,True,0.00068328230330000003,6701.7126859999998,0.0043757815229999997,129,0.66666666669999997,1,NA,238,E4|5|moderate_redundancy|0.001|1|1,topology_F1,0.80000000000000004,0.80000000000000004,unitless,identity,n==5; primary support cutoff 0.25,37,NA,NA,NA,NA,NA,NA,NA,NA,NA,NA,NA,0.3041641122,0.42662136470000001,NA,NA
3,d,raw,results/k9_practical_replicates.csv,d24c65b6f7fc8473eaeb70bc016389b14e71df683f57a6be41dd58fef9437361,high_redundancy,NA,77,NA,NA,NA,NA,NA,NA,NA,NA,NA,NA,NA,NA,E4,5,0,1,1,0.001,0.10000000000000001,77,fit_complete,True,0.00076083233259999997,2566.9219990000001,0.007233643235,29,1,1,NA,239,E4|5|high_redundancy|0.001|1|1,topology_F1,1,1,unitless,identity,n==5; primary support cutoff 0.25,77,NA,NA,NA,NA,NA,NA,NA,NA,NA,NA,NA,0.05565762757,0.039074213910000002,NA,NA
3,d,raw,results/k9_practical_replicates.csv,d24c65b6f7fc8473eaeb70bc016389b14e71df683f57a6be41dd58fef9437361,minimal_exact_budget,NA,20,NA,NA,NA,NA,NA,NA,NA,NA,NA,NA,NA,NA,E4,5,0,1,2,0.001,0.10000000000000001,11,PrecisionFailure: K9 paired threshold is outside its unique admissible Green interval.,False,NA,NA,NA,NA,NA,NA,NA,240,E4|5|minimal_exact_budget|0.001|1|2,topology_F1,NA,NA,unitless,identity,n==5; primary support cutoff 0.25,11,NA,NA,NA,NA,NA,NA,NA,NA,NA,NA,NA,NA,NA,NA,NA
3,d,raw,results/k9_practical_replicates.csv,d24c65b6f7fc8473eaeb70bc016389b14e71df683f57a6be41dd58fef9437361,moderate_redundancy,NA,37,NA,NA,NA,NA,NA,NA,NA,NA,NA,NA,NA,NA,E4,5,0,1,2,0.001,0.10000000000000001,37,fit_complete,True,0.00083788712820000004,64116.686759999997,0.0051158339049999996,111,0.66666666669999997,1,NA,241,E4|5|moderate_redundancy|0.001|1|2,topology_F1,0.80000000000000004,0.80000000000000004,unitless,identity,n==5; primary support cutoff 0.25,37,NA,NA,NA,NA,NA,NA,NA,NA,NA,NA,NA,0.26877609349999998,0.8135098019,NA,NA
3,d,raw,results/k9_practical_replicates.csv,d24c65b6f7fc8473eaeb70bc016389b14e71df683f57a6be41dd58fef9437361,high_redundancy,NA,77,NA,NA,NA,NA,NA,NA,NA,NA,NA,NA,NA,NA,E4,5,0,1,2,0.001,0.10000000000000001,77,fit_complete,True,0.00084845396750000003,2829.9035330000002,0.007499309214,27,1,1,NA,242,E4|5|high_redundancy|0.001|1|2,topology_F1,1,1,unitless,identity,n==5; primary support cutoff 0.25,77,NA,NA,NA,NA,NA,NA,NA,NA,NA,NA,NA,0.030904348839999998,0.076469073570000004,NA,NA
3,d,raw,results/k9_practical_replicates.csv,d24c65b6f7fc8473eaeb70bc016389b14e71df683f57a6be41dd58fef9437361,minimal_exact_budget,NA,20,NA,NA,NA,NA,NA,NA,NA,NA,NA,NA,NA,NA,E4,5,0,1,3,0.001,0.10000000000000001,10,PrecisionFailure: K9 paired threshold is outside its unique admissible Green interval.,False,NA,NA,NA,NA,NA,NA,NA,243,E4|5|minimal_exact_budget|0.001|1|3,topology_F1,NA,NA,unitless,identity,n==5; primary support cutoff 0.25,10,NA,NA,NA,NA,NA,NA,NA,NA,NA,NA,NA,NA,NA,NA,NA
3,d,raw,results/k9_practical_replicates.csv,d24c65b6f7fc8473eaeb70bc016389b14e71df683f57a6be41dd58fef9437361,moderate_redundancy,NA,37,NA,NA,NA,NA,NA,NA,NA,NA,NA,NA,NA,NA,E4,5,0,1,3,0.001,0.10000000000000001,37,fit_complete,True,0.00069470712849999995,14734.857980000001,0.0040368832519999997,109,0.80000000000000004,1,NA,244,E4|5|moderate_redundancy|0.001|1|3,topology_F1,0.88888888889999995,0.88888888889999995,unitless,identity,n==5; primary support cutoff 0.25,37,NA,NA,NA,NA,NA,NA,NA,NA,NA,NA,NA,0.21011189699999999,0.19958819429999999,NA,NA
3,d,raw,results/k9_practical_replicates.csv,d24c65b6f7fc8473eaeb70bc016389b14e71df683f57a6be41dd58fef9437361,high_redundancy,NA,77,NA,NA,NA,NA,NA,NA,NA,NA,NA,NA,NA,NA,E4,5,0,1,3,0.001,0.10000000000000001,77,fit_complete,True,0.00083772925479999995,2992.653957,0.0075615511109999997,28,1,1,NA,245,E4|5|high_redundancy|0.001|1|3,topology_F1,1,1,unitless,identity,n==5; primary support cutoff 0.25,77,NA,NA,NA,NA,NA,NA,NA,NA,NA,NA,NA,0.035384452800000001,0.19900712919999999,NA,NA
3,d,raw,results/k9_practical_replicates.csv,d24c65b6f7fc8473eaeb70bc016389b14e71df683f57a6be41dd58fef9437361,minimal_exact_budget,NA,20,NA,NA,NA,NA,NA,NA,NA,NA,NA,NA,NA,NA,E4,5,0,1,0,0.0030000000000000001,0.29999999999999999,10,PrecisionFailure: K9 paired threshold is outside its unique admissible Green interval.,False,NA,NA,NA,NA,NA,NA,NA,246,E4|5|minimal_exact_budget|0.003|1|0,topology_F1,NA,NA,unitless,identity,n==5; primary support cutoff 0.25,10,NA,NA,NA,NA,NA,NA,NA,NA,NA,NA,NA,NA,NA,NA,NA
3,d,raw,results/k9_practical_replicates.csv,d24c65b6f7fc8473eaeb70bc016389b14e71df683f57a6be41dd58fef9437361,moderate_redundancy,NA,37,NA,NA,NA,NA,NA,NA,NA,NA,NA,NA,NA,NA,E4,5,0,1,0,0.0030000000000000001,0.29999999999999999,37,fit_complete,True,0.0023923956800000002,79363.653460000001,0.014552566859999999,75,0.66666666669999997,1,NA,247,E4|5|moderate_redundancy|0.003|1|0,topology_F1,0.80000000000000004,0.80000000000000004,unitless,identity,n==5; primary support cutoff 0.25,37,NA,NA,NA,NA,NA,NA,NA,NA,NA,NA,NA,0.53925663879999997,0.59982077509999998,NA,NA
3,d,raw,results/k9_practical_replicates.csv,d24c65b6f7fc8473eaeb70bc016389b14e71df683f57a6be41dd58fef9437361,high_redundancy,NA,77,NA,NA,NA,NA,NA,NA,NA,NA,NA,NA,NA,NA,E4,5,0,1,0,0.0030000000000000001,0.29999999999999999,77,fit_complete,True,0.0027765023060000002,2291.1361710000001,0.02415413764,26,0.80000000000000004,1,NA,248,E4|5|high_redundancy|0.003|1|0,topology_F1,0.88888888889999995,0.88888888889999995,unitless,identity,n==5; primary support cutoff 0.25,77,NA,NA,NA,NA,NA,NA,NA,NA,NA,NA,NA,0.11604655160000001,0.1770710523,NA,NA
3,d,raw,results/k9_practical_replicates.csv,d24c65b6f7fc8473eaeb70bc016389b14e71df683f57a6be41dd58fef9437361,minimal_exact_budget,NA,20,NA,NA,NA,NA,NA,NA,NA,NA,NA,NA,NA,NA,E4,5,0,1,1,0.0030000000000000001,0.29999999999999999,10,PrecisionFailure: K9 paired threshold is outside its unique admissible Green interval.,False,NA,NA,NA,NA,NA,NA,NA,249,E4|5|minimal_exact_budget|0.003|1|1,topology_F1,NA,NA,unitless,identity,n==5; primary support cutoff 0.25,10,NA,NA,NA,NA,NA,NA,NA,NA,NA,NA,NA,NA,NA,NA,NA
3,d,raw,results/k9_practical_replicates.csv,d24c65b6f7fc8473eaeb70bc016389b14e71df683f57a6be41dd58fef9437361,moderate_redundancy,NA,37,NA,NA,NA,NA,NA,NA,NA,NA,NA,NA,NA,NA,E4,5,0,1,1,0.0030000000000000001,0.29999999999999999,37,fit_complete,True,0.0025681350419999999,97315.153059999997,0.01490627642,145,0.57142857140000003,1,NA,250,E4|5|moderate_redundancy|0.003|1|1,topology_F1,0.72727272730000003,0.72727272730000003,unitless,identity,n==5; primary support cutoff 0.25,37,NA,NA,NA,NA,NA,NA,NA,NA,NA,NA,NA,0.73399553390000005,3.8119201490000001,NA,NA
3,d,raw,results/k9_practical_replicates.csv,d24c65b6f7fc8473eaeb70bc016389b14e71df683f57a6be41dd58fef9437361,high_redundancy,NA,77,NA,NA,NA,NA,NA,NA,NA,NA,NA,NA,NA,NA,E4,5,0,1,1,0.0030000000000000001,0.29999999999999999,77,fit_complete,True,0.0021568137119999998,2701.2719229999998,0.021458186939999999,27,1,1,NA,251,E4|5|high_redundancy|0.003|1|1,topology_F1,1,1,unitless,identity,n==5; primary support cutoff 0.25,77,NA,NA,NA,NA,NA,NA,NA,NA,NA,NA,NA,0.084206955680000001,0.18476494020000001,NA,NA
3,d,raw,results/k9_practical_replicates.csv,d24c65b6f7fc8473eaeb70bc016389b14e71df683f57a6be41dd58fef9437361,minimal_exact_budget,NA,20,NA,NA,NA,NA,NA,NA,NA,NA,NA,NA,NA,NA,E4,5,0,1,2,0.0030000000000000001,0.29999999999999999,10,PrecisionFailure: K9 paired threshold is outside its unique admissible Green interval.,False,NA,NA,NA,NA,NA,NA,NA,252,E4|5|minimal_exact_budget|0.003|1|2,topology_F1,NA,NA,unitless,identity,n==5; primary support cutoff 0.25,10,NA,NA,NA,NA,NA,NA,NA,NA,NA,NA,NA,NA,NA,NA,NA
3,d,raw,results/k9_practical_replicates.csv,d24c65b6f7fc8473eaeb70bc016389b14e71df683f57a6be41dd58fef9437361,moderate_redundancy,NA,37,NA,NA,NA,NA,NA,NA,NA,NA,NA,NA,NA,NA,E4,5,0,1,2,0.0030000000000000001,0.29999999999999999,37,fit_complete,True,0.0021480209460000002,70009.379100000006,0.01463346186,86,0.66666666669999997,1,NA,253,E4|5|moderate_redundancy|0.003|1|2,topology_F1,0.80000000000000004,0.80000000000000004,unitless,identity,n==5; primary support cutoff 0.25,37,NA,NA,NA,NA,NA,NA,NA,NA,NA,NA,NA,0.26679995200000001,1.4606604089999999,NA,NA
3,d,raw,results/k9_practical_replicates.csv,d24c65b6f7fc8473eaeb70bc016389b14e71df683f57a6be41dd58fef9437361,high_redundancy,NA,77,NA,NA,NA,NA,NA,NA,NA,NA,NA,NA,NA,NA,E4,5,0,1,2,0.0030000000000000001,0.29999999999999999,77,fit_complete,True,0.0030760583419999999,2220.9073819999999,0.02745083643,38,1,1,NA,254,E4|5|high_redundancy|0.003|1|2,topology_F1,1,1,unitless,identity,n==5; primary support cutoff 0.25,77,NA,NA,NA,NA,NA,NA,NA,NA,NA,NA,NA,0.081416102140000002,0.3126352899,NA,NA
3,d,raw,results/k9_practical_replicates.csv,d24c65b6f7fc8473eaeb70bc016389b14e71df683f57a6be41dd58fef9437361,minimal_exact_budget,NA,20,NA,NA,NA,NA,NA,NA,NA,NA,NA,NA,NA,NA,E4,5,0,1,3,0.0030000000000000001,0.29999999999999999,10,PrecisionFailure: K9 paired threshold is outside its unique admissible Green interval.,False,NA,NA,NA,NA,NA,NA,NA,255,E4|5|minimal_exact_budget|0.003|1|3,topology_F1,NA,NA,unitless,identity,n==5; primary support cutoff 0.25,10,NA,NA,NA,NA,NA,NA,NA,NA,NA,NA,NA,NA,NA,NA,NA
3,d,raw,results/k9_practical_replicates.csv,d24c65b6f7fc8473eaeb70bc016389b14e71df683f57a6be41dd58fef9437361,moderate_redundancy,NA,37,NA,NA,NA,NA,NA,NA,NA,NA,NA,NA,NA,NA,E4,5,0,1,3,0.0030000000000000001,0.29999999999999999,37,fit_complete,True,0.002691413246,28932.059880000001,0.017409036159999999,92,0.66666666669999997,1,NA,256,E4|5|moderate_redundancy|0.003|1|3,topology_F1,0.80000000000000004,0.80000000000000004,unitless,identity,n==5; primary support cutoff 0.25,37,NA,NA,NA,NA,NA,NA,NA,NA,NA,NA,NA,0.36815986000000001,1.200429736,NA,NA
3,d,raw,results/k9_practical_replicates.csv,d24c65b6f7fc8473eaeb70bc016389b14e71df683f57a6be41dd58fef9437361,high_redundancy,NA,77,NA,NA,NA,NA,NA,NA,NA,NA,NA,NA,NA,NA,E4,5,0,1,3,0.0030000000000000001,0.29999999999999999,77,fit_complete,True,0.002626624689,2744.230869,0.024065077569999999,29,1,1,NA,257,E4|5|high_redundancy|0.003|1|3,topology_F1,1,1,unitless,identity,n==5; primary support cutoff 0.25,77,NA,NA,NA,NA,NA,NA,NA,NA,NA,NA,NA,0.070475039180000004,0.29488746380000003,NA,NA
3,d,raw,results/k9_practical_replicates.csv,d24c65b6f7fc8473eaeb70bc016389b14e71df683f57a6be41dd58fef9437361,minimal_exact_budget,NA,20,NA,NA,NA,NA,NA,NA,NA,NA,NA,NA,NA,NA,E5,5,1,0,0,0,0,20,recovered,True,NA,NA,NA,NA,1,1,NA,270,E5|5|minimal_exact_budget|0.0|0|0,topology_F1,1,1,unitless,identity,n==5; primary support cutoff 0.25,20,NA,NA,NA,NA,NA,NA,NA,NA,NA,NA,NA,5.3501024749999998e-13,1.251577831e-11,NA,NA
3,d,raw,results/k9_practical_replicates.csv,d24c65b6f7fc8473eaeb70bc016389b14e71df683f57a6be41dd58fef9437361,moderate_redundancy,NA,37,NA,NA,NA,NA,NA,NA,NA,NA,NA,NA,NA,NA,E5,5,1,0,0,0,0,37,fit_complete,True,2.3584582739999999e-08,3139.0180959999998,1.9336097800000001e-07,58,1,1,NA,271,E5|5|moderate_redundancy|0.0|0|0,topology_F1,1,1,unitless,identity,n==5; primary support cutoff 0.25,37,NA,NA,NA,NA,NA,NA,NA,NA,NA,NA,NA,2.0281811059999999e-05,8.1631489439999995e-06,NA,NA
3,d,raw,results/k9_practical_replicates.csv,d24c65b6f7fc8473eaeb70bc016389b14e71df683f57a6be41dd58fef9437361,high_redundancy,NA,77,NA,NA,NA,NA,NA,NA,NA,NA,NA,NA,NA,NA,E5,5,1,0,0,0,0,77,fit_complete,True,1.043489786e-07,375.4882771,8.2449594870000002e-07,25,1,1,NA,272,E5|5|high_redundancy|0.0|0|0,topology_F1,1,1,unitless,identity,n==5; primary support cutoff 0.25,77,NA,NA,NA,NA,NA,NA,NA,NA,NA,NA,NA,7.8882298260000005e-06,3.6919013170000002e-06,NA,NA
3,d,raw,results/k9_practical_replicates.csv,d24c65b6f7fc8473eaeb70bc016389b14e71df683f57a6be41dd58fef9437361,minimal_exact_budget,NA,20,NA,NA,NA,NA,NA,NA,NA,NA,NA,NA,NA,NA,E5,5,1,0,1,0,0,20,recovered,True,NA,NA,NA,NA,1,1,NA,273,E5|5|minimal_exact_budget|0.0|0|1,topology_F1,1,1,unitless,identity,n==5; primary support cutoff 0.25,20,NA,NA,NA,NA,NA,NA,NA,NA,NA,NA,NA,5.3501024749999998e-13,1.251577831e-11,NA,NA
3,d,raw,results/k9_practical_replicates.csv,d24c65b6f7fc8473eaeb70bc016389b14e71df683f57a6be41dd58fef9437361,moderate_redundancy,NA,37,NA,NA,NA,NA,NA,NA,NA,NA,NA,NA,NA,NA,E5,5,1,0,1,0,0,37,fit_complete,True,2.3584582739999999e-08,3139.0180959999998,1.9336097800000001e-07,58,1,1,NA,274,E5|5|moderate_redundancy|0.0|0|1,topology_F1,1,1,unitless,identity,n==5; primary support cutoff 0.25,37,NA,NA,NA,NA,NA,NA,NA,NA,NA,NA,NA,2.0281811059999999e-05,8.1631489439999995e-06,NA,NA
3,d,raw,results/k9_practical_replicates.csv,d24c65b6f7fc8473eaeb70bc016389b14e71df683f57a6be41dd58fef9437361,high_redundancy,NA,77,NA,NA,NA,NA,NA,NA,NA,NA,NA,NA,NA,NA,E5,5,1,0,1,0,0,77,fit_complete,True,1.043489786e-07,375.4882771,8.2449594870000002e-07,25,1,1,NA,275,E5|5|high_redundancy|0.0|0|1,topology_F1,1,1,unitless,identity,n==5; primary support cutoff 0.25,77,NA,NA,NA,NA,NA,NA,NA,NA,NA,NA,NA,7.8882298260000005e-06,3.6919013170000002e-06,NA,NA
3,d,raw,results/k9_practical_replicates.csv,d24c65b6f7fc8473eaeb70bc016389b14e71df683f57a6be41dd58fef9437361,minimal_exact_budget,NA,20,NA,NA,NA,NA,NA,NA,NA,NA,NA,NA,NA,NA,E5,5,1,0,2,0,0,20,recovered,True,NA,NA,NA,NA,1,1,NA,276,E5|5|minimal_exact_budget|0.0|0|2,topology_F1,1,1,unitless,identity,n==5; primary support cutoff 0.25,20,NA,NA,NA,NA,NA,NA,NA,NA,NA,NA,NA,5.3501024749999998e-13,1.251577831e-11,NA,NA
3,d,raw,results/k9_practical_replicates.csv,d24c65b6f7fc8473eaeb70bc016389b14e71df683f57a6be41dd58fef9437361,moderate_redundancy,NA,37,NA,NA,NA,NA,NA,NA,NA,NA,NA,NA,NA,NA,E5,5,1,0,2,0,0,37,fit_complete,True,2.3584582739999999e-08,3139.0180959999998,1.9336097800000001e-07,58,1,1,NA,277,E5|5|moderate_redundancy|0.0|0|2,topology_F1,1,1,unitless,identity,n==5; primary support cutoff 0.25,37,NA,NA,NA,NA,NA,NA,NA,NA,NA,NA,NA,2.0281811059999999e-05,8.1631489439999995e-06,NA,NA
3,d,raw,results/k9_practical_replicates.csv,d24c65b6f7fc8473eaeb70bc016389b14e71df683f57a6be41dd58fef9437361,high_redundancy,NA,77,NA,NA,NA,NA,NA,NA,NA,NA,NA,NA,NA,NA,E5,5,1,0,2,0,0,77,fit_complete,True,1.043489786e-07,375.4882771,8.2449594870000002e-07,25,1,1,NA,278,E5|5|high_redundancy|0.0|0|2,topology_F1,1,1,unitless,identity,n==5; primary support cutoff 0.25,77,NA,NA,NA,NA,NA,NA,NA,NA,NA,NA,NA,7.8882298260000005e-06,3.6919013170000002e-06,NA,NA
3,d,raw,results/k9_practical_replicates.csv,d24c65b6f7fc8473eaeb70bc016389b14e71df683f57a6be41dd58fef9437361,minimal_exact_budget,NA,20,NA,NA,NA,NA,NA,NA,NA,NA,NA,NA,NA,NA,E5,5,1,0,3,0,0,20,recovered,True,NA,NA,NA,NA,1,1,NA,279,E5|5|minimal_exact_budget|0.0|0|3,topology_F1,1,1,unitless,identity,n==5; primary support cutoff 0.25,20,NA,NA,NA,NA,NA,NA,NA,NA,NA,NA,NA,5.3501024749999998e-13,1.251577831e-11,NA,NA
3,d,raw,results/k9_practical_replicates.csv,d24c65b6f7fc8473eaeb70bc016389b14e71df683f57a6be41dd58fef9437361,moderate_redundancy,NA,37,NA,NA,NA,NA,NA,NA,NA,NA,NA,NA,NA,NA,E5,5,1,0,3,0,0,37,fit_complete,True,2.3584582739999999e-08,3139.0180959999998,1.9336097800000001e-07,58,1,1,NA,280,E5|5|moderate_redundancy|0.0|0|3,topology_F1,1,1,unitless,identity,n==5; primary support cutoff 0.25,37,NA,NA,NA,NA,NA,NA,NA,NA,NA,NA,NA,2.0281811059999999e-05,8.1631489439999995e-06,NA,NA
3,d,raw,results/k9_practical_replicates.csv,d24c65b6f7fc8473eaeb70bc016389b14e71df683f57a6be41dd58fef9437361,high_redundancy,NA,77,NA,NA,NA,NA,NA,NA,NA,NA,NA,NA,NA,NA,E5,5,1,0,3,0,0,77,fit_complete,True,1.043489786e-07,375.4882771,8.2449594870000002e-07,25,1,1,NA,281,E5|5|high_redundancy|0.0|0|3,topology_F1,1,1,unitless,identity,n==5; primary support cutoff 0.25,77,NA,NA,NA,NA,NA,NA,NA,NA,NA,NA,NA,7.8882298260000005e-06,3.6919013170000002e-06,NA,NA
3,d,raw,results/k9_practical_replicates.csv,d24c65b6f7fc8473eaeb70bc016389b14e71df683f57a6be41dd58fef9437361,minimal_exact_budget,NA,20,NA,NA,NA,NA,NA,NA,NA,NA,NA,NA,NA,NA,E5,5,1,0,0,0.0001,0.01,15,PrecisionFailure: K9 reconstructed root-coupling vector has a negative entry.,False,NA,NA,NA,NA,NA,NA,NA,282,E5|5|minimal_exact_budget|0.0001|0|0,topology_F1,NA,NA,unitless,identity,n==5; primary support cutoff 0.25,15,NA,NA,NA,NA,NA,NA,NA,NA,NA,NA,NA,NA,NA,NA,NA
3,d,raw,results/k9_practical_replicates.csv,d24c65b6f7fc8473eaeb70bc016389b14e71df683f57a6be41dd58fef9437361,moderate_redundancy,NA,37,NA,NA,NA,NA,NA,NA,NA,NA,NA,NA,NA,NA,E5,5,1,0,0,0.0001,0.01,37,fit_complete,True,5.9694488049999999e-05,2950.4287340000001,0.00042776119050000002,49,1,1,NA,283,E5|5|moderate_redundancy|0.0001|0|0,topology_F1,1,1,unitless,identity,n==5; primary support cutoff 0.25,37,NA,NA,NA,NA,NA,NA,NA,NA,NA,NA,NA,0.018540322599999999,0.013121045499999999,NA,NA
3,d,raw,results/k9_practical_replicates.csv,d24c65b6f7fc8473eaeb70bc016389b14e71df683f57a6be41dd58fef9437361,high_redundancy,NA,77,NA,NA,NA,NA,NA,NA,NA,NA,NA,NA,NA,NA,E5,5,1,0,0,0.0001,0.01,77,fit_complete,True,0.00010747221219999999,373.83247130000001,0.0007631412251,24,1,1,NA,284,E5|5|high_redundancy|0.0001|0|0,topology_F1,1,1,unitless,identity,n==5; primary support cutoff 0.25,77,NA,NA,NA,NA,NA,NA,NA,NA,NA,NA,NA,0.0010957533270000001,0.0023565196039999998,NA,NA
3,d,raw,results/k9_practical_replicates.csv,d24c65b6f7fc8473eaeb70bc016389b14e71df683f57a6be41dd58fef9437361,minimal_exact_budget,NA,20,NA,NA,NA,NA,NA,NA,NA,NA,NA,NA,NA,NA,E5,5,1,0,1,0.0001,0.01,15,PrecisionFailure: K9 reconstructed root-coupling vector has a negative entry.,False,NA,NA,NA,NA,NA,NA,NA,285,E5|5|minimal_exact_budget|0.0001|0|1,topology_F1,NA,NA,unitless,identity,n==5; primary support cutoff 0.25,15,NA,NA,NA,NA,NA,NA,NA,NA,NA,NA,NA,NA,NA,NA,NA
3,d,raw,results/k9_practical_replicates.csv,d24c65b6f7fc8473eaeb70bc016389b14e71df683f57a6be41dd58fef9437361,moderate_redundancy,NA,37,NA,NA,NA,NA,NA,NA,NA,NA,NA,NA,NA,NA,E5,5,1,0,1,0.0001,0.01,37,fit_complete,True,6.083212973e-05,3043.0952830000001,0.00037131973320000001,56,1,1,NA,286,E5|5|moderate_redundancy|0.0001|0|1,topology_F1,1,1,unitless,identity,n==5; primary support cutoff 0.25,37,NA,NA,NA,NA,NA,NA,NA,NA,NA,NA,NA,0.0096669750079999995,0.01501241362,NA,NA
3,d,raw,results/k9_practical_replicates.csv,d24c65b6f7fc8473eaeb70bc016389b14e71df683f57a6be41dd58fef9437361,high_redundancy,NA,77,NA,NA,NA,NA,NA,NA,NA,NA,NA,NA,NA,NA,E5,5,1,0,1,0.0001,0.01,77,fit_complete,True,9.4522879180000002e-05,374.7352846,0.00083714802959999998,24,1,1,NA,287,E5|5|high_redundancy|0.0001|0|1,topology_F1,1,1,unitless,identity,n==5; primary support cutoff 0.25,77,NA,NA,NA,NA,NA,NA,NA,NA,NA,NA,NA,0.00085517063200000001,0.0024320594199999999,NA,NA
3,d,raw,results/k9_practical_replicates.csv,d24c65b6f7fc8473eaeb70bc016389b14e71df683f57a6be41dd58fef9437361,minimal_exact_budget,NA,20,NA,NA,NA,NA,NA,NA,NA,NA,NA,NA,NA,NA,E5,5,1,0,2,0.0001,0.01,15,PrecisionFailure: Recovered K9 block violates the M-matrix sign condition.,False,NA,NA,NA,NA,NA,NA,NA,288,E5|5|minimal_exact_budget|0.0001|0|2,topology_F1,NA,NA,unitless,identity,n==5; primary support cutoff 0.25,15,NA,NA,NA,NA,NA,NA,NA,NA,NA,NA,NA,NA,NA,NA,NA
3,d,raw,results/k9_practical_replicates.csv,d24c65b6f7fc8473eaeb70bc016389b14e71df683f57a6be41dd58fef9437361,moderate_redundancy,NA,37,NA,NA,NA,NA,NA,NA,NA,NA,NA,NA,NA,NA,E5,5,1,0,2,0.0001,0.01,37,fit_complete,True,5.9981149659999997e-05,3079.659701,0.000412881265,54,1,1,NA,289,E5|5|moderate_redundancy|0.0001|0|2,topology_F1,1,1,unitless,identity,n==5; primary support cutoff 0.25,37,NA,NA,NA,NA,NA,NA,NA,NA,NA,NA,NA,0.0074999715890000001,0.0044719800369999998,NA,NA
3,d,raw,results/k9_practical_replicates.csv,d24c65b6f7fc8473eaeb70bc016389b14e71df683f57a6be41dd58fef9437361,high_redundancy,NA,77,NA,NA,NA,NA,NA,NA,NA,NA,NA,NA,NA,NA,E5,5,1,0,2,0.0001,0.01,77,fit_complete,True,7.1712880669999999e-05,374.72168199999999,0.00068386554259999995,23,1,1,NA,290,E5|5|high_redundancy|0.0001|0|2,topology_F1,1,1,unitless,identity,n==5; primary support cutoff 0.25,77,NA,NA,NA,NA,NA,NA,NA,NA,NA,NA,NA,0.00061015842300000001,0.0020441876299999999,NA,NA
3,d,raw,results/k9_practical_replicates.csv,d24c65b6f7fc8473eaeb70bc016389b14e71df683f57a6be41dd58fef9437361,minimal_exact_budget,NA,20,NA,NA,NA,NA,NA,NA,NA,NA,NA,NA,NA,NA,E5,5,1,0,3,0.0001,0.01,15,PrecisionFailure: K9 reconstructed root-coupling vector has a negative entry.,False,NA,NA,NA,NA,NA,NA,NA,291,E5|5|minimal_exact_budget|0.0001|0|3,topology_F1,NA,NA,unitless,identity,n==5; primary support cutoff 0.25,15,NA,NA,NA,NA,NA,NA,NA,NA,NA,NA,NA,NA,NA,NA,NA
3,d,raw,results/k9_practical_replicates.csv,d24c65b6f7fc8473eaeb70bc016389b14e71df683f57a6be41dd58fef9437361,moderate_redundancy,NA,37,NA,NA,NA,NA,NA,NA,NA,NA,NA,NA,NA,NA,E5,5,1,0,3,0.0001,0.01,37,fit_complete,True,7.3297810829999998e-05,3022.6396850000001,0.00043169715049999998,50,1,1,NA,292,E5|5|moderate_redundancy|0.0001|0|3,topology_F1,1,1,unitless,identity,n==5; primary support cutoff 0.25,37,NA,NA,NA,NA,NA,NA,NA,NA,NA,NA,NA,0.012693736230000001,0.01458661321,NA,NA
3,d,raw,results/k9_practical_replicates.csv,d24c65b6f7fc8473eaeb70bc016389b14e71df683f57a6be41dd58fef9437361,high_redundancy,NA,77,NA,NA,NA,NA,NA,NA,NA,NA,NA,NA,NA,NA,E5,5,1,0,3,0.0001,0.01,77,fit_complete,True,8.3914031599999998e-05,374.51400489999997,0.00074550609259999999,24,1,1,NA,293,E5|5|high_redundancy|0.0001|0|3,topology_F1,1,1,unitless,identity,n==5; primary support cutoff 0.25,77,NA,NA,NA,NA,NA,NA,NA,NA,NA,NA,NA,0.00097161533960000003,0.0023557461929999998,NA,NA
3,d,raw,results/k9_practical_replicates.csv,d24c65b6f7fc8473eaeb70bc016389b14e71df683f57a6be41dd58fef9437361,minimal_exact_budget,NA,20,NA,NA,NA,NA,NA,NA,NA,NA,NA,NA,NA,NA,E5,5,1,0,0,0.00029999999999999997,0.029999999999999999,15,PrecisionFailure: K9 paired threshold is outside its unique admissible Green interval.,False,NA,NA,NA,NA,NA,NA,NA,294,E5|5|minimal_exact_budget|0.0003|0|0,topology_F1,NA,NA,unitless,identity,n==5; primary support cutoff 0.25,15,NA,NA,NA,NA,NA,NA,NA,NA,NA,NA,NA,NA,NA,NA,NA
3,d,raw,results/k9_practical_replicates.csv,d24c65b6f7fc8473eaeb70bc016389b14e71df683f57a6be41dd58fef9437361,moderate_redundancy,NA,37,NA,NA,NA,NA,NA,NA,NA,NA,NA,NA,NA,NA,E5,5,1,0,0,0.00029999999999999997,0.029999999999999999,37,fit_complete,True,0.00027211465340000002,3062.2801119999999,0.0015399467139999999,57,1,1,NA,295,E5|5|moderate_redundancy|0.0003|0|0,topology_F1,1,1,unitless,identity,n==5; primary support cutoff 0.25,37,NA,NA,NA,NA,NA,NA,NA,NA,NA,NA,NA,0.011769825689999999,0.01702650231,NA,NA
3,d,raw,results/k9_practical_replicates.csv,d24c65b6f7fc8473eaeb70bc016389b14e71df683f57a6be41dd58fef9437361,high_redundancy,NA,77,NA,NA,NA,NA,NA,NA,NA,NA,NA,NA,NA,NA,E5,5,1,0,0,0.00029999999999999997,0.029999999999999999,77,fit_complete,True,0.00024553723750000002,371.442792,0.0023371902690000001,22,1,1,NA,296,E5|5|high_redundancy|0.0003|0|0,topology_F1,1,1,unitless,identity,n==5; primary support cutoff 0.25,77,NA,NA,NA,NA,NA,NA,NA,NA,NA,NA,NA,0.0031852145609999999,0.01164316491,NA,NA
3,d,raw,results/k9_practical_replicates.csv,d24c65b6f7fc8473eaeb70bc016389b14e71df683f57a6be41dd58fef9437361,minimal_exact_budget,NA,20,NA,NA,NA,NA,NA,NA,NA,NA,NA,NA,NA,NA,E5,5,1,0,1,0.00029999999999999997,0.029999999999999999,15,PrecisionFailure: K9 reconstructed root-coupling vector has a negative entry.,False,NA,NA,NA,NA,NA,NA,NA,297,E5|5|minimal_exact_budget|0.0003|0|1,topology_F1,NA,NA,unitless,identity,n==5; primary support cutoff 0.25,15,NA,NA,NA,NA,NA,NA,NA,NA,NA,NA,NA,NA,NA,NA,NA
3,d,raw,results/k9_practical_replicates.csv,d24c65b6f7fc8473eaeb70bc016389b14e71df683f57a6be41dd58fef9437361,moderate_redundancy,NA,37,NA,NA,NA,NA,NA,NA,NA,NA,NA,NA,NA,NA,E5,5,1,0,1,0.00029999999999999997,0.029999999999999999,37,fit_complete,True,0.00020634017729999999,3105.2422190000002,0.001344516164,57,1,1,NA,298,E5|5|moderate_redundancy|0.0003|0|1,topology_F1,1,1,unitless,identity,n==5; primary support cutoff 0.25,37,NA,NA,NA,NA,NA,NA,NA,NA,NA,NA,NA,0.0108831242,0.034934304809999997,NA,NA
3,d,raw,results/k9_practical_replicates.csv,d24c65b6f7fc8473eaeb70bc016389b14e71df683f57a6be41dd58fef9437361,high_redundancy,NA,77,NA,NA,NA,NA,NA,NA,NA,NA,NA,NA,NA,NA,E5,5,1,0,1,0.00029999999999999997,0.029999999999999999,77,fit_complete,True,0.00025198364480000002,372.62062659999998,0.0022389105169999999,17,1,1,NA,299,E5|5|high_redundancy|0.0003|0|1,topology_F1,1,1,unitless,identity,n==5; primary support cutoff 0.25,77,NA,NA,NA,NA,NA,NA,NA,NA,NA,NA,NA,0.0041697095999999999,0.017416693069999999,NA,NA
3,d,raw,results/k9_practical_replicates.csv,d24c65b6f7fc8473eaeb70bc016389b14e71df683f57a6be41dd58fef9437361,minimal_exact_budget,NA,20,NA,NA,NA,NA,NA,NA,NA,NA,NA,NA,NA,NA,E5,5,1,0,2,0.00029999999999999997,0.029999999999999999,15,PrecisionFailure: K9 reconstructed Green matrix is not entrywise nonnegative positive definite.,False,NA,NA,NA,NA,NA,NA,NA,300,E5|5|minimal_exact_budget|0.0003|0|2,topology_F1,NA,NA,unitless,identity,n==5; primary support cutoff 0.25,15,NA,NA,NA,NA,NA,NA,NA,NA,NA,NA,NA,NA,NA,NA,NA
3,d,raw,results/k9_practical_replicates.csv,d24c65b6f7fc8473eaeb70bc016389b14e71df683f57a6be41dd58fef9437361,moderate_redundancy,NA,37,NA,NA,NA,NA,NA,NA,NA,NA,NA,NA,NA,NA,E5,5,1,0,2,0.00029999999999999997,0.029999999999999999,37,fit_complete,True,0.0002715596571,2769.8180560000001,0.001551956799,52,1,1,NA,301,E5|5|moderate_redundancy|0.0003|0|2,topology_F1,1,1,unitless,identity,n==5; primary support cutoff 0.25,37,NA,NA,NA,NA,NA,NA,NA,NA,NA,NA,NA,0.034931147900000001,0.041961174109999999,NA,NA
3,d,raw,results/k9_practical_replicates.csv,d24c65b6f7fc8473eaeb70bc016389b14e71df683f57a6be41dd58fef9437361,high_redundancy,NA,77,NA,NA,NA,NA,NA,NA,NA,NA,NA,NA,NA,NA,E5,5,1,0,2,0.00029999999999999997,0.029999999999999999,77,fit_complete,True,0.00026128817340000002,372.02587799999998,0.0023458182670000002,20,1,1,NA,302,E5|5|high_redundancy|0.0003|0|2,topology_F1,1,1,unitless,identity,n==5; primary support cutoff 0.25,77,NA,NA,NA,NA,NA,NA,NA,NA,NA,NA,NA,0.0028260641890000002,0.0089372597000000002,NA,NA
3,d,raw,results/k9_practical_replicates.csv,d24c65b6f7fc8473eaeb70bc016389b14e71df683f57a6be41dd58fef9437361,minimal_exact_budget,NA,20,NA,NA,NA,NA,NA,NA,NA,NA,NA,NA,NA,NA,E5,5,1,0,3,0.00029999999999999997,0.029999999999999999,10,PrecisionFailure: K9 paired threshold is outside its unique admissible Green interval.,False,NA,NA,NA,NA,NA,NA,NA,303,E5|5|minimal_exact_budget|0.0003|0|3,topology_F1,NA,NA,unitless,identity,n==5; primary support cutoff 0.25,10,NA,NA,NA,NA,NA,NA,NA,NA,NA,NA,NA,NA,NA,NA,NA
3,d,raw,results/k9_practical_replicates.csv,d24c65b6f7fc8473eaeb70bc016389b14e71df683f57a6be41dd58fef9437361,moderate_redundancy,NA,37,NA,NA,NA,NA,NA,NA,NA,NA,NA,NA,NA,NA,E5,5,1,0,3,0.00029999999999999997,0.029999999999999999,37,fit_complete,True,0.00025700637419999998,2669.354585,0.001447072201,53,1,1,NA,304,E5|5|moderate_redundancy|0.0003|0|3,topology_F1,1,1,unitless,identity,n==5; primary support cutoff 0.25,37,NA,NA,NA,NA,NA,NA,NA,NA,NA,NA,NA,0.03747725365,0.044994133569999997,NA,NA
3,d,raw,results/k9_practical_replicates.csv,d24c65b6f7fc8473eaeb70bc016389b14e71df683f57a6be41dd58fef9437361,high_redundancy,NA,77,NA,NA,NA,NA,NA,NA,NA,NA,NA,NA,NA,NA,E5,5,1,0,3,0.00029999999999999997,0.029999999999999999,77,fit_complete,True,0.00027839146109999999,373.85318749999999,0.002665212263,22,1,1,NA,305,E5|5|high_redundancy|0.0003|0|3,topology_F1,1,1,unitless,identity,n==5; primary support cutoff 0.25,77,NA,NA,NA,NA,NA,NA,NA,NA,NA,NA,NA,0.0024097076580000001,0.0051556953589999999,NA,NA
3,d,raw,results/k9_practical_replicates.csv,d24c65b6f7fc8473eaeb70bc016389b14e71df683f57a6be41dd58fef9437361,minimal_exact_budget,NA,20,NA,NA,NA,NA,NA,NA,NA,NA,NA,NA,NA,NA,E5,5,1,0,0,0.001,0.10000000000000001,13,PrecisionFailure: K9 paired threshold is outside its unique admissible Green interval.,False,NA,NA,NA,NA,NA,NA,NA,306,E5|5|minimal_exact_budget|0.001|0|0,topology_F1,NA,NA,unitless,identity,n==5; primary support cutoff 0.25,13,NA,NA,NA,NA,NA,NA,NA,NA,NA,NA,NA,NA,NA,NA,NA
3,d,raw,results/k9_practical_replicates.csv,d24c65b6f7fc8473eaeb70bc016389b14e71df683f57a6be41dd58fef9437361,moderate_redundancy,NA,37,NA,NA,NA,NA,NA,NA,NA,NA,NA,NA,NA,NA,E5,5,1,0,0,0.001,0.10000000000000001,37,fit_complete,True,0.0006418311902,2133.8383749999998,0.0038752848399999998,42,0.83333333330000003,1,NA,307,E5|5|moderate_redundancy|0.001|0|0,topology_F1,0.90909090910000001,0.90909090910000001,unitless,identity,n==5; primary support cutoff 0.25,37,NA,NA,NA,NA,NA,NA,NA,NA,NA,NA,NA,0.1186849416,0.1139814203,NA,NA
3,d,raw,results/k9_practical_replicates.csv,d24c65b6f7fc8473eaeb70bc016389b14e71df683f57a6be41dd58fef9437361,high_redundancy,NA,77,NA,NA,NA,NA,NA,NA,NA,NA,NA,NA,NA,NA,E5,5,1,0,0,0.001,0.10000000000000001,77,fit_complete,True,0.00089590997030000003,365.9953261,0.0082681531330000002,19,1,1,NA,308,E5|5|high_redundancy|0.001|0|0,topology_F1,1,1,unitless,identity,n==5; primary support cutoff 0.25,77,NA,NA,NA,NA,NA,NA,NA,NA,NA,NA,NA,0.0053687401330000002,0.036358317629999998,NA,NA
3,d,raw,results/k9_practical_replicates.csv,d24c65b6f7fc8473eaeb70bc016389b14e71df683f57a6be41dd58fef9437361,minimal_exact_budget,NA,20,NA,NA,NA,NA,NA,NA,NA,NA,NA,NA,NA,NA,E5,5,1,0,1,0.001,0.10000000000000001,11,PrecisionFailure: K9 paired threshold is outside its unique admissible Green interval.,False,NA,NA,NA,NA,NA,NA,NA,309,E5|5|minimal_exact_budget|0.001|0|1,topology_F1,NA,NA,unitless,identity,n==5; primary support cutoff 0.25,11,NA,NA,NA,NA,NA,NA,NA,NA,NA,NA,NA,NA,NA,NA,NA
3,d,raw,results/k9_practical_replicates.csv,d24c65b6f7fc8473eaeb70bc016389b14e71df683f57a6be41dd58fef9437361,moderate_redundancy,NA,37,NA,NA,NA,NA,NA,NA,NA,NA,NA,NA,NA,NA,E5,5,1,0,1,0.001,0.10000000000000001,37,fit_complete,True,0.00082686945860000003,1828.216946,0.0051433753550000003,45,0.71428571429999999,1,NA,310,E5|5|moderate_redundancy|0.001|0|1,topology_F1,0.83333333330000003,0.83333333330000003,unitless,identity,n==5; primary support cutoff 0.25,37,NA,NA,NA,NA,NA,NA,NA,NA,NA,NA,NA,0.20232667779999999,0.22935991999999999,NA,NA
3,d,raw,results/k9_practical_replicates.csv,d24c65b6f7fc8473eaeb70bc016389b14e71df683f57a6be41dd58fef9437361,high_redundancy,NA,77,NA,NA,NA,NA,NA,NA,NA,NA,NA,NA,NA,NA,E5,5,1,0,1,0.001,0.10000000000000001,77,fit_complete,True,0.00091675935460000003,369.80724429999998,0.0086925167229999992,19,1,1,NA,311,E5|5|high_redundancy|0.001|0|1,topology_F1,1,1,unitless,identity,n==5; primary support cutoff 0.25,77,NA,NA,NA,NA,NA,NA,NA,NA,NA,NA,NA,0.0052527494180000002,0.055904978100000002,NA,NA
3,d,raw,results/k9_practical_replicates.csv,d24c65b6f7fc8473eaeb70bc016389b14e71df683f57a6be41dd58fef9437361,minimal_exact_budget,NA,20,NA,NA,NA,NA,NA,NA,NA,NA,NA,NA,NA,NA,E5,5,1,0,2,0.001,0.10000000000000001,10,PrecisionFailure: K9 paired threshold is outside its unique admissible Green interval.,False,NA,NA,NA,NA,NA,NA,NA,312,E5|5|minimal_exact_budget|0.001|0|2,topology_F1,NA,NA,unitless,identity,n==5; primary support cutoff 0.25,10,NA,NA,NA,NA,NA,NA,NA,NA,NA,NA,NA,NA,NA,NA,NA
3,d,raw,results/k9_practical_replicates.csv,d24c65b6f7fc8473eaeb70bc016389b14e71df683f57a6be41dd58fef9437361,moderate_redundancy,NA,37,NA,NA,NA,NA,NA,NA,NA,NA,NA,NA,NA,NA,E5,5,1,0,2,0.001,0.10000000000000001,37,fit_complete,True,0.00093681539710000004,3274.0363149999998,0.0054079988610000003,38,0.71428571429999999,1,NA,313,E5|5|moderate_redundancy|0.001|0|2,topology_F1,0.83333333330000003,0.83333333330000003,unitless,identity,n==5; primary support cutoff 0.25,37,NA,NA,NA,NA,NA,NA,NA,NA,NA,NA,NA,0.1006194101,0.18251204730000001,NA,NA
3,d,raw,results/k9_practical_replicates.csv,d24c65b6f7fc8473eaeb70bc016389b14e71df683f57a6be41dd58fef9437361,high_redundancy,NA,77,NA,NA,NA,NA,NA,NA,NA,NA,NA,NA,NA,NA,E5,5,1,0,2,0.001,0.10000000000000001,77,fit_complete,True,0.00094722906559999999,369.93110780000001,0.0085815880319999992,19,1,1,NA,314,E5|5|high_redundancy|0.001|0|2,topology_F1,1,1,unitless,identity,n==5; primary support cutoff 0.25,77,NA,NA,NA,NA,NA,NA,NA,NA,NA,NA,NA,0.0063037815049999998,0.020103027150000001,NA,NA
3,d,raw,results/k9_practical_replicates.csv,d24c65b6f7fc8473eaeb70bc016389b14e71df683f57a6be41dd58fef9437361,minimal_exact_budget,NA,20,NA,NA,NA,NA,NA,NA,NA,NA,NA,NA,NA,NA,E5,5,1,0,3,0.001,0.10000000000000001,10,PrecisionFailure: K9 paired threshold is outside its unique admissible Green interval.,False,NA,NA,NA,NA,NA,NA,NA,315,E5|5|minimal_exact_budget|0.001|0|3,topology_F1,NA,NA,unitless,identity,n==5; primary support cutoff 0.25,10,NA,NA,NA,NA,NA,NA,NA,NA,NA,NA,NA,NA,NA,NA,NA
3,d,raw,results/k9_practical_replicates.csv,d24c65b6f7fc8473eaeb70bc016389b14e71df683f57a6be41dd58fef9437361,moderate_redundancy,NA,37,NA,NA,NA,NA,NA,NA,NA,NA,NA,NA,NA,NA,E5,5,1,0,3,0.001,0.10000000000000001,37,fit_complete,True,0.00051538714110000003,2561.5507499999999,0.003406817635,50,1,1,NA,316,E5|5|moderate_redundancy|0.001|0|3,topology_F1,1,1,unitless,identity,n==5; primary support cutoff 0.25,37,NA,NA,NA,NA,NA,NA,NA,NA,NA,NA,NA,0.063039382899999996,0.039525886929999997,NA,NA
3,d,raw,results/k9_practical_replicates.csv,d24c65b6f7fc8473eaeb70bc016389b14e71df683f57a6be41dd58fef9437361,high_redundancy,NA,77,NA,NA,NA,NA,NA,NA,NA,NA,NA,NA,NA,NA,E5,5,1,0,3,0.001,0.10000000000000001,77,fit_complete,True,0.00082093921519999999,373.63044439999999,0.0067201080079999998,22,1,1,NA,317,E5|5|high_redundancy|0.001|0|3,topology_F1,1,1,unitless,identity,n==5; primary support cutoff 0.25,77,NA,NA,NA,NA,NA,NA,NA,NA,NA,NA,NA,0.0043619094670000001,0.073363190719999999,NA,NA
3,d,raw,results/k9_practical_replicates.csv,d24c65b6f7fc8473eaeb70bc016389b14e71df683f57a6be41dd58fef9437361,minimal_exact_budget,NA,20,NA,NA,NA,NA,NA,NA,NA,NA,NA,NA,NA,NA,E5,5,1,0,0,0.0030000000000000001,0.29999999999999999,10,PrecisionFailure: K9 paired threshold is outside its unique admissible Green interval.,False,NA,NA,NA,NA,NA,NA,NA,318,E5|5|minimal_exact_budget|0.003|0|0,topology_F1,NA,NA,unitless,identity,n==5; primary support cutoff 0.25,10,NA,NA,NA,NA,NA,NA,NA,NA,NA,NA,NA,NA,NA,NA,NA
3,d,raw,results/k9_practical_replicates.csv,d24c65b6f7fc8473eaeb70bc016389b14e71df683f57a6be41dd58fef9437361,moderate_redundancy,NA,37,NA,NA,NA,NA,NA,NA,NA,NA,NA,NA,NA,NA,E5,5,1,0,0,0.0030000000000000001,0.29999999999999999,37,fit_complete,True,0.0020938971820000001,2846.450073,0.01227560697,45,0.71428571429999999,1,NA,319,E5|5|moderate_redundancy|0.003|0|0,topology_F1,0.83333333330000003,0.83333333330000003,unitless,identity,n==5; primary support cutoff 0.25,37,NA,NA,NA,NA,NA,NA,NA,NA,NA,NA,NA,0.1563414062,0.78323715289999996,NA,NA
3,d,raw,results/k9_practical_replicates.csv,d24c65b6f7fc8473eaeb70bc016389b14e71df683f57a6be41dd58fef9437361,high_redundancy,NA,77,NA,NA,NA,NA,NA,NA,NA,NA,NA,NA,NA,NA,E5,5,1,0,0,0.0030000000000000001,0.29999999999999999,77,fit_complete,True,0.0024639717770000001,319.8760949,0.02246574917,20,1,1,NA,320,E5|5|high_redundancy|0.003|0|0,topology_F1,1,1,unitless,identity,n==5; primary support cutoff 0.25,77,NA,NA,NA,NA,NA,NA,NA,NA,NA,NA,NA,0.051214993600000001,0.091625727810000002,NA,NA
3,d,raw,results/k9_practical_replicates.csv,d24c65b6f7fc8473eaeb70bc016389b14e71df683f57a6be41dd58fef9437361,minimal_exact_budget,NA,20,NA,NA,NA,NA,NA,NA,NA,NA,NA,NA,NA,NA,E5,5,1,0,1,0.0030000000000000001,0.29999999999999999,10,PrecisionFailure: K9 paired threshold is outside its unique admissible Green interval.,False,NA,NA,NA,NA,NA,NA,NA,321,E5|5|minimal_exact_budget|0.003|0|1,topology_F1,NA,NA,unitless,identity,n==5; primary support cutoff 0.25,10,NA,NA,NA,NA,NA,NA,NA,NA,NA,NA,NA,NA,NA,NA,NA
3,d,raw,results/k9_practical_replicates.csv,d24c65b6f7fc8473eaeb70bc016389b14e71df683f57a6be41dd58fef9437361,moderate_redundancy,NA,37,NA,NA,NA,NA,NA,NA,NA,NA,NA,NA,NA,NA,E5,5,1,0,1,0.0030000000000000001,0.29999999999999999,37,fit_complete,True,0.0021890760430000001,1483.098493,0.01329538819,49,0.625,1,NA,322,E5|5|moderate_redundancy|0.003|0|1,topology_F1,0.7692307692,0.7692307692,unitless,identity,n==5; primary support cutoff 0.25,37,NA,NA,NA,NA,NA,NA,NA,NA,NA,NA,NA,0.33374448559999997,0.11627792200000001,NA,NA
3,d,raw,results/k9_practical_replicates.csv,d24c65b6f7fc8473eaeb70bc016389b14e71df683f57a6be41dd58fef9437361,high_redundancy,NA,77,NA,NA,NA,NA,NA,NA,NA,NA,NA,NA,NA,NA,E5,5,1,0,1,0.0030000000000000001,0.29999999999999999,77,fit_complete,True,0.0025191211569999998,346.33675729999999,0.021676337689999998,20,1,1,NA,323,E5|5|high_redundancy|0.003|0|1,topology_F1,1,1,unitless,identity,n==5; primary support cutoff 0.25,77,NA,NA,NA,NA,NA,NA,NA,NA,NA,NA,NA,0.024392198109999999,0.081002813369999996,NA,NA
3,d,raw,results/k9_practical_replicates.csv,d24c65b6f7fc8473eaeb70bc016389b14e71df683f57a6be41dd58fef9437361,minimal_exact_budget,NA,20,NA,NA,NA,NA,NA,NA,NA,NA,NA,NA,NA,NA,E5,5,1,0,2,0.0030000000000000001,0.29999999999999999,10,PrecisionFailure: K9 paired threshold is outside its unique admissible Green interval.,False,NA,NA,NA,NA,NA,NA,NA,324,E5|5|minimal_exact_budget|0.003|0|2,topology_F1,NA,NA,unitless,identity,n==5; primary support cutoff 0.25,10,NA,NA,NA,NA,NA,NA,NA,NA,NA,NA,NA,NA,NA,NA,NA
3,d,raw,results/k9_practical_replicates.csv,d24c65b6f7fc8473eaeb70bc016389b14e71df683f57a6be41dd58fef9437361,moderate_redundancy,NA,37,NA,NA,NA,NA,NA,NA,NA,NA,NA,NA,NA,NA,E5,5,1,0,2,0.0030000000000000001,0.29999999999999999,37,fit_complete,True,0.002271168874,1914.9153449999999,0.014538513899999999,55,0.625,1,NA,325,E5|5|moderate_redundancy|0.003|0|2,topology_F1,0.7692307692,0.7692307692,unitless,identity,n==5; primary support cutoff 0.25,37,NA,NA,NA,NA,NA,NA,NA,NA,NA,NA,NA,0.2310393781,0.1618924182,NA,NA
3,d,raw,results/k9_practical_replicates.csv,d24c65b6f7fc8473eaeb70bc016389b14e71df683f57a6be41dd58fef9437361,high_redundancy,NA,77,NA,NA,NA,NA,NA,NA,NA,NA,NA,NA,NA,NA,E5,5,1,0,2,0.0030000000000000001,0.29999999999999999,77,fit_complete,True,0.0027624578599999999,338.66661599999998,0.02467989437,21,1,1,NA,326,E5|5|high_redundancy|0.003|0|2,topology_F1,1,1,unitless,identity,n==5; primary support cutoff 0.25,77,NA,NA,NA,NA,NA,NA,NA,NA,NA,NA,NA,0.0292199691,0.1038010179,NA,NA
3,d,raw,results/k9_practical_replicates.csv,d24c65b6f7fc8473eaeb70bc016389b14e71df683f57a6be41dd58fef9437361,minimal_exact_budget,NA,20,NA,NA,NA,NA,NA,NA,NA,NA,NA,NA,NA,NA,E5,5,1,0,3,0.0030000000000000001,0.29999999999999999,10,PrecisionFailure: K9 paired threshold is outside its unique admissible Green interval.,False,NA,NA,NA,NA,NA,NA,NA,327,E5|5|minimal_exact_budget|0.003|0|3,topology_F1,NA,NA,unitless,identity,n==5; primary support cutoff 0.25,10,NA,NA,NA,NA,NA,NA,NA,NA,NA,NA,NA,NA,NA,NA,NA
3,d,raw,results/k9_practical_replicates.csv,d24c65b6f7fc8473eaeb70bc016389b14e71df683f57a6be41dd58fef9437361,moderate_redundancy,NA,37,NA,NA,NA,NA,NA,NA,NA,NA,NA,NA,NA,NA,E5,5,1,0,3,0.0030000000000000001,0.29999999999999999,37,fit_complete,True,0.001743347676,5962.6770489999999,0.01129797013,65,0.625,1,NA,328,E5|5|moderate_redundancy|0.003|0|3,topology_F1,0.7692307692,0.7692307692,unitless,identity,n==5; primary support cutoff 0.25,37,NA,NA,NA,NA,NA,NA,NA,NA,NA,NA,NA,0.2334959388,0.19824612520000001,NA,NA
3,d,raw,results/k9_practical_replicates.csv,d24c65b6f7fc8473eaeb70bc016389b14e71df683f57a6be41dd58fef9437361,high_redundancy,NA,77,NA,NA,NA,NA,NA,NA,NA,NA,NA,NA,NA,NA,E5,5,1,0,3,0.0030000000000000001,0.29999999999999999,77,fit_complete,True,0.0021881091899999998,341.31968499999999,0.020785278729999999,19,1,1,NA,329,E5|5|high_redundancy|0.003|0|3,topology_F1,1,1,unitless,identity,n==5; primary support cutoff 0.25,77,NA,NA,NA,NA,NA,NA,NA,NA,NA,NA,NA,0.026054579729999999,0.10225316,NA,NA
3,d,raw,results/k9_practical_replicates.csv,d24c65b6f7fc8473eaeb70bc016389b14e71df683f57a6be41dd58fef9437361,minimal_exact_budget,NA,20,NA,NA,NA,NA,NA,NA,NA,NA,NA,NA,NA,NA,E5,5,1,1,0,0,0,20,recovered,True,NA,NA,NA,NA,1,1,NA,330,E5|5|minimal_exact_budget|0.0|1|0,topology_F1,1,1,unitless,identity,n==5; primary support cutoff 0.25,20,NA,NA,NA,NA,NA,NA,NA,NA,NA,NA,NA,4.410841514e-13,7.102253283e-12,NA,NA
3,d,raw,results/k9_practical_replicates.csv,d24c65b6f7fc8473eaeb70bc016389b14e71df683f57a6be41dd58fef9437361,moderate_redundancy,NA,37,NA,NA,NA,NA,NA,NA,NA,NA,NA,NA,NA,NA,E5,5,1,1,0,0,0,37,fit_complete,True,2.835339352e-08,3569.088792,2.3671442890000001e-07,39,1,1,NA,331,E5|5|moderate_redundancy|0.0|1|0,topology_F1,1,1,unitless,identity,n==5; primary support cutoff 0.25,37,NA,NA,NA,NA,NA,NA,NA,NA,NA,NA,NA,2.5714076100000001e-05,8.4528215719999997e-06,NA,NA
3,d,raw,results/k9_practical_replicates.csv,d24c65b6f7fc8473eaeb70bc016389b14e71df683f57a6be41dd58fef9437361,high_redundancy,NA,77,NA,NA,NA,NA,NA,NA,NA,NA,NA,NA,NA,NA,E5,5,1,1,0,0,0,77,fit_complete,True,1.0059583819999999e-07,402.28757619999999,7.7631837629999995e-07,27,1,1,NA,332,E5|5|high_redundancy|0.0|1|0,topology_F1,1,1,unitless,identity,n==5; primary support cutoff 0.25,77,NA,NA,NA,NA,NA,NA,NA,NA,NA,NA,NA,7.3301069570000001e-06,3.3994250330000001e-06,NA,NA
3,d,raw,results/k9_practical_replicates.csv,d24c65b6f7fc8473eaeb70bc016389b14e71df683f57a6be41dd58fef9437361,minimal_exact_budget,NA,20,NA,NA,NA,NA,NA,NA,NA,NA,NA,NA,NA,NA,E5,5,1,1,1,0,0,20,recovered,True,NA,NA,NA,NA,1,1,NA,333,E5|5|minimal_exact_budget|0.0|1|1,topology_F1,1,1,unitless,identity,n==5; primary support cutoff 0.25,20,NA,NA,NA,NA,NA,NA,NA,NA,NA,NA,NA,4.410841514e-13,7.102253283e-12,NA,NA
3,d,raw,results/k9_practical_replicates.csv,d24c65b6f7fc8473eaeb70bc016389b14e71df683f57a6be41dd58fef9437361,moderate_redundancy,NA,37,NA,NA,NA,NA,NA,NA,NA,NA,NA,NA,NA,NA,E5,5,1,1,1,0,0,37,fit_complete,True,2.835339352e-08,3569.088792,2.3671442890000001e-07,39,1,1,NA,334,E5|5|moderate_redundancy|0.0|1|1,topology_F1,1,1,unitless,identity,n==5; primary support cutoff 0.25,37,NA,NA,NA,NA,NA,NA,NA,NA,NA,NA,NA,2.5714076100000001e-05,8.4528215719999997e-06,NA,NA
3,d,raw,results/k9_practical_replicates.csv,d24c65b6f7fc8473eaeb70bc016389b14e71df683f57a6be41dd58fef9437361,high_redundancy,NA,77,NA,NA,NA,NA,NA,NA,NA,NA,NA,NA,NA,NA,E5,5,1,1,1,0,0,77,fit_complete,True,1.0059583819999999e-07,402.28757619999999,7.7631837629999995e-07,27,1,1,NA,335,E5|5|high_redundancy|0.0|1|1,topology_F1,1,1,unitless,identity,n==5; primary support cutoff 0.25,77,NA,NA,NA,NA,NA,NA,NA,NA,NA,NA,NA,7.3301069570000001e-06,3.3994250330000001e-06,NA,NA
3,d,raw,results/k9_practical_replicates.csv,d24c65b6f7fc8473eaeb70bc016389b14e71df683f57a6be41dd58fef9437361,minimal_exact_budget,NA,20,NA,NA,NA,NA,NA,NA,NA,NA,NA,NA,NA,NA,E5,5,1,1,2,0,0,20,recovered,True,NA,NA,NA,NA,1,1,NA,336,E5|5|minimal_exact_budget|0.0|1|2,topology_F1,1,1,unitless,identity,n==5; primary support cutoff 0.25,20,NA,NA,NA,NA,NA,NA,NA,NA,NA,NA,NA,4.410841514e-13,7.102253283e-12,NA,NA
3,d,raw,results/k9_practical_replicates.csv,d24c65b6f7fc8473eaeb70bc016389b14e71df683f57a6be41dd58fef9437361,moderate_redundancy,NA,37,NA,NA,NA,NA,NA,NA,NA,NA,NA,NA,NA,NA,E5,5,1,1,2,0,0,37,fit_complete,True,2.835339352e-08,3569.088792,2.3671442890000001e-07,39,1,1,NA,337,E5|5|moderate_redundancy|0.0|1|2,topology_F1,1,1,unitless,identity,n==5; primary support cutoff 0.25,37,NA,NA,NA,NA,NA,NA,NA,NA,NA,NA,NA,2.5714076100000001e-05,8.4528215719999997e-06,NA,NA
3,d,raw,results/k9_practical_replicates.csv,d24c65b6f7fc8473eaeb70bc016389b14e71df683f57a6be41dd58fef9437361,high_redundancy,NA,77,NA,NA,NA,NA,NA,NA,NA,NA,NA,NA,NA,NA,E5,5,1,1,2,0,0,77,fit_complete,True,1.0059583819999999e-07,402.28757619999999,7.7631837629999995e-07,27,1,1,NA,338,E5|5|high_redundancy|0.0|1|2,topology_F1,1,1,unitless,identity,n==5; primary support cutoff 0.25,77,NA,NA,NA,NA,NA,NA,NA,NA,NA,NA,NA,7.3301069570000001e-06,3.3994250330000001e-06,NA,NA
3,d,raw,results/k9_practical_replicates.csv,d24c65b6f7fc8473eaeb70bc016389b14e71df683f57a6be41dd58fef9437361,minimal_exact_budget,NA,20,NA,NA,NA,NA,NA,NA,NA,NA,NA,NA,NA,NA,E5,5,1,1,3,0,0,20,recovered,True,NA,NA,NA,NA,1,1,NA,339,E5|5|minimal_exact_budget|0.0|1|3,topology_F1,1,1,unitless,identity,n==5; primary support cutoff 0.25,20,NA,NA,NA,NA,NA,NA,NA,NA,NA,NA,NA,4.410841514e-13,7.102253283e-12,NA,NA
3,d,raw,results/k9_practical_replicates.csv,d24c65b6f7fc8473eaeb70bc016389b14e71df683f57a6be41dd58fef9437361,moderate_redundancy,NA,37,NA,NA,NA,NA,NA,NA,NA,NA,NA,NA,NA,NA,E5,5,1,1,3,0,0,37,fit_complete,True,2.835339352e-08,3569.088792,2.3671442890000001e-07,39,1,1,NA,340,E5|5|moderate_redundancy|0.0|1|3,topology_F1,1,1,unitless,identity,n==5; primary support cutoff 0.25,37,NA,NA,NA,NA,NA,NA,NA,NA,NA,NA,NA,2.5714076100000001e-05,8.4528215719999997e-06,NA,NA
3,d,raw,results/k9_practical_replicates.csv,d24c65b6f7fc8473eaeb70bc016389b14e71df683f57a6be41dd58fef9437361,high_redundancy,NA,77,NA,NA,NA,NA,NA,NA,NA,NA,NA,NA,NA,NA,E5,5,1,1,3,0,0,77,fit_complete,True,1.0059583819999999e-07,402.28757619999999,7.7631837629999995e-07,27,1,1,NA,341,E5|5|high_redundancy|0.0|1|3,topology_F1,1,1,unitless,identity,n==5; primary support cutoff 0.25,77,NA,NA,NA,NA,NA,NA,NA,NA,NA,NA,NA,7.3301069570000001e-06,3.3994250330000001e-06,NA,NA
3,d,raw,results/k9_practical_replicates.csv,d24c65b6f7fc8473eaeb70bc016389b14e71df683f57a6be41dd58fef9437361,minimal_exact_budget,NA,20,NA,NA,NA,NA,NA,NA,NA,NA,NA,NA,NA,NA,E5,5,1,1,0,0.0001,0.01,15,PrecisionFailure: K9 reconstructed root-coupling vector has a negative entry.,False,NA,NA,NA,NA,NA,NA,NA,342,E5|5|minimal_exact_budget|0.0001|1|0,topology_F1,NA,NA,unitless,identity,n==5; primary support cutoff 0.25,15,NA,NA,NA,NA,NA,NA,NA,NA,NA,NA,NA,NA,NA,NA,NA
3,d,raw,results/k9_practical_replicates.csv,d24c65b6f7fc8473eaeb70bc016389b14e71df683f57a6be41dd58fef9437361,moderate_redundancy,NA,37,NA,NA,NA,NA,NA,NA,NA,NA,NA,NA,NA,NA,E5,5,1,1,0,0.0001,0.01,37,fit_complete,True,5.0016963390000001e-05,3558.8557890000002,0.00035252642959999998,32,1,1,NA,343,E5|5|moderate_redundancy|0.0001|1|0,topology_F1,1,1,unitless,identity,n==5; primary support cutoff 0.25,37,NA,NA,NA,NA,NA,NA,NA,NA,NA,NA,NA,0.0024006900359999999,0.0095444381229999996,NA,NA
3,d,raw,results/k9_practical_replicates.csv,d24c65b6f7fc8473eaeb70bc016389b14e71df683f57a6be41dd58fef9437361,high_redundancy,NA,77,NA,NA,NA,NA,NA,NA,NA,NA,NA,NA,NA,NA,E5,5,1,1,0,0.0001,0.01,77,fit_complete,True,9.0047914169999994e-05,401.76113149999998,0.00078955989840000002,26,1,1,NA,344,E5|5|high_redundancy|0.0001|1|0,topology_F1,1,1,unitless,identity,n==5; primary support cutoff 0.25,77,NA,NA,NA,NA,NA,NA,NA,NA,NA,NA,NA,0.00059333356360000004,0.0029917204219999998,NA,NA
3,d,raw,results/k9_practical_replicates.csv,d24c65b6f7fc8473eaeb70bc016389b14e71df683f57a6be41dd58fef9437361,minimal_exact_budget,NA,20,NA,NA,NA,NA,NA,NA,NA,NA,NA,NA,NA,NA,E5,5,1,1,1,0.0001,0.01,15,PrecisionFailure: K9 reconstructed root-coupling vector has a negative entry.,False,NA,NA,NA,NA,NA,NA,NA,345,E5|5|minimal_exact_budget|0.0001|1|1,topology_F1,NA,NA,unitless,identity,n==5; primary support cutoff 0.25,15,NA,NA,NA,NA,NA,NA,NA,NA,NA,NA,NA,NA,NA,NA,NA
3,d,raw,results/k9_practical_replicates.csv,d24c65b6f7fc8473eaeb70bc016389b14e71df683f57a6be41dd58fef9437361,moderate_redundancy,NA,37,NA,NA,NA,NA,NA,NA,NA,NA,NA,NA,NA,NA,E5,5,1,1,1,0.0001,0.01,37,fit_complete,True,5.864701172e-05,3512.8178950000001,0.00039103580659999998,40,1,1,NA,346,E5|5|moderate_redundancy|0.0001|1|1,topology_F1,1,1,unitless,identity,n==5; primary support cutoff 0.25,37,NA,NA,NA,NA,NA,NA,NA,NA,NA,NA,NA,0.0060194936910000002,0.01052225758,NA,NA
3,d,raw,results/k9_practical_replicates.csv,d24c65b6f7fc8473eaeb70bc016389b14e71df683f57a6be41dd58fef9437361,high_redundancy,NA,77,NA,NA,NA,NA,NA,NA,NA,NA,NA,NA,NA,NA,E5,5,1,1,1,0.0001,0.01,77,fit_complete,True,7.5299178259999994e-05,400.9229651,0.00070227860990000005,25,1,1,NA,347,E5|5|high_redundancy|0.0001|1|1,topology_F1,1,1,unitless,identity,n==5; primary support cutoff 0.25,77,NA,NA,NA,NA,NA,NA,NA,NA,NA,NA,NA,0.00090641532890000005,0.0061851070569999998,NA,NA
3,d,raw,results/k9_practical_replicates.csv,d24c65b6f7fc8473eaeb70bc016389b14e71df683f57a6be41dd58fef9437361,minimal_exact_budget,NA,20,NA,NA,NA,NA,NA,NA,NA,NA,NA,NA,NA,NA,E5,5,1,1,2,0.0001,0.01,15,PrecisionFailure: Recovered K9 block violates the M-matrix sign condition.,False,NA,NA,NA,NA,NA,NA,NA,348,E5|5|minimal_exact_budget|0.0001|1|2,topology_F1,NA,NA,unitless,identity,n==5; primary support cutoff 0.25,15,NA,NA,NA,NA,NA,NA,NA,NA,NA,NA,NA,NA,NA,NA,NA
3,d,raw,results/k9_practical_replicates.csv,d24c65b6f7fc8473eaeb70bc016389b14e71df683f57a6be41dd58fef9437361,moderate_redundancy,NA,37,NA,NA,NA,NA,NA,NA,NA,NA,NA,NA,NA,NA,E5,5,1,1,2,0.0001,0.01,37,fit_complete,True,7.2971081899999996e-05,3487.3705620000001,0.00044388944080000001,36,1,1,NA,349,E5|5|moderate_redundancy|0.0001|1|2,topology_F1,1,1,unitless,identity,n==5; primary support cutoff 0.25,37,NA,NA,NA,NA,NA,NA,NA,NA,NA,NA,NA,0.011956512169999999,0.015883565320000001,NA,NA
3,d,raw,results/k9_practical_replicates.csv,d24c65b6f7fc8473eaeb70bc016389b14e71df683f57a6be41dd58fef9437361,high_redundancy,NA,77,NA,NA,NA,NA,NA,NA,NA,NA,NA,NA,NA,NA,E5,5,1,1,2,0.0001,0.01,77,fit_complete,True,9.2273508819999998e-05,400.87729460000003,0.00077672636530000004,24,1,1,NA,350,E5|5|high_redundancy|0.0001|1|2,topology_F1,1,1,unitless,identity,n==5; primary support cutoff 0.25,77,NA,NA,NA,NA,NA,NA,NA,NA,NA,NA,NA,0.00090213422070000002,0.0043108150559999997,NA,NA
3,d,raw,results/k9_practical_replicates.csv,d24c65b6f7fc8473eaeb70bc016389b14e71df683f57a6be41dd58fef9437361,minimal_exact_budget,NA,20,NA,NA,NA,NA,NA,NA,NA,NA,NA,NA,NA,NA,E5,5,1,1,3,0.0001,0.01,15,PrecisionFailure: K9 reconstructed root-coupling vector has a negative entry.,False,NA,NA,NA,NA,NA,NA,NA,351,E5|5|minimal_exact_budget|0.0001|1|3,topology_F1,NA,NA,unitless,identity,n==5; primary support cutoff 0.25,15,NA,NA,NA,NA,NA,NA,NA,NA,NA,NA,NA,NA,NA,NA,NA
3,d,raw,results/k9_practical_replicates.csv,d24c65b6f7fc8473eaeb70bc016389b14e71df683f57a6be41dd58fef9437361,moderate_redundancy,NA,37,NA,NA,NA,NA,NA,NA,NA,NA,NA,NA,NA,NA,E5,5,1,1,3,0.0001,0.01,37,fit_complete,True,5.0286244329999998e-05,3568.645743,0.0003890724611,37,1,1,NA,352,E5|5|moderate_redundancy|0.0001|1|3,topology_F1,1,1,unitless,identity,n==5; primary support cutoff 0.25,37,NA,NA,NA,NA,NA,NA,NA,NA,NA,NA,NA,0.0085040916569999996,0.01552793056,NA,NA
3,d,raw,results/k9_practical_replicates.csv,d24c65b6f7fc8473eaeb70bc016389b14e71df683f57a6be41dd58fef9437361,high_redundancy,NA,77,NA,NA,NA,NA,NA,NA,NA,NA,NA,NA,NA,NA,E5,5,1,1,3,0.0001,0.01,77,fit_complete,True,8.1781533509999994e-05,400.64653939999999,0.00075966007110000002,25,1,1,NA,353,E5|5|high_redundancy|0.0001|1|3,topology_F1,1,1,unitless,identity,n==5; primary support cutoff 0.25,77,NA,NA,NA,NA,NA,NA,NA,NA,NA,NA,NA,0.00088014346080000005,0.0065046111819999997,NA,NA
3,d,raw,results/k9_practical_replicates.csv,d24c65b6f7fc8473eaeb70bc016389b14e71df683f57a6be41dd58fef9437361,minimal_exact_budget,NA,20,NA,NA,NA,NA,NA,NA,NA,NA,NA,NA,NA,NA,E5,5,1,1,0,0.00029999999999999997,0.029999999999999999,13,PrecisionFailure: K9 paired threshold is outside its unique admissible Green interval.,False,NA,NA,NA,NA,NA,NA,NA,354,E5|5|minimal_exact_budget|0.0003|1|0,topology_F1,NA,NA,unitless,identity,n==5; primary support cutoff 0.25,13,NA,NA,NA,NA,NA,NA,NA,NA,NA,NA,NA,NA,NA,NA,NA
3,d,raw,results/k9_practical_replicates.csv,d24c65b6f7fc8473eaeb70bc016389b14e71df683f57a6be41dd58fef9437361,moderate_redundancy,NA,37,NA,NA,NA,NA,NA,NA,NA,NA,NA,NA,NA,NA,E5,5,1,1,0,0.00029999999999999997,0.029999999999999999,37,fit_complete,True,0.00017234712239999999,3181.9150719999998,0.0011451502310000001,33,1,1,NA,355,E5|5|moderate_redundancy|0.0003|1|0,topology_F1,1,1,unitless,identity,n==5; primary support cutoff 0.25,37,NA,NA,NA,NA,NA,NA,NA,NA,NA,NA,NA,0.042589365310000002,0.043166971339999999,NA,NA
3,d,raw,results/k9_practical_replicates.csv,d24c65b6f7fc8473eaeb70bc016389b14e71df683f57a6be41dd58fef9437361,high_redundancy,NA,77,NA,NA,NA,NA,NA,NA,NA,NA,NA,NA,NA,NA,E5,5,1,1,0,0.00029999999999999997,0.029999999999999999,77,fit_complete,True,0.00024680567670000002,401.10235729999999,0.0022163158889999999,22,1,1,NA,356,E5|5|high_redundancy|0.0003|1|0,topology_F1,1,1,unitless,identity,n==5; primary support cutoff 0.25,77,NA,NA,NA,NA,NA,NA,NA,NA,NA,NA,NA,0.0019562497620000002,0.0086757337090000008,NA,NA
3,d,raw,results/k9_practical_replicates.csv,d24c65b6f7fc8473eaeb70bc016389b14e71df683f57a6be41dd58fef9437361,minimal_exact_budget,NA,20,NA,NA,NA,NA,NA,NA,NA,NA,NA,NA,NA,NA,E5,5,1,1,1,0.00029999999999999997,0.029999999999999999,11,PrecisionFailure: K9 paired threshold is outside its unique admissible Green interval.,False,NA,NA,NA,NA,NA,NA,NA,357,E5|5|minimal_exact_budget|0.0003|1|1,topology_F1,NA,NA,unitless,identity,n==5; primary support cutoff 0.25,11,NA,NA,NA,NA,NA,NA,NA,NA,NA,NA,NA,NA,NA,NA,NA
3,d,raw,results/k9_practical_replicates.csv,d24c65b6f7fc8473eaeb70bc016389b14e71df683f57a6be41dd58fef9437361,moderate_redundancy,NA,37,NA,NA,NA,NA,NA,NA,NA,NA,NA,NA,NA,NA,E5,5,1,1,1,0.00029999999999999997,0.029999999999999999,37,fit_complete,True,0.00017188596039999999,2942.773596,0.0009482498551,45,0.83333333330000003,1,NA,358,E5|5|moderate_redundancy|0.0003|1|1,topology_F1,0.90909090910000001,0.90909090910000001,unitless,identity,n==5; primary support cutoff 0.25,37,NA,NA,NA,NA,NA,NA,NA,NA,NA,NA,NA,0.065616493159999997,0.067294102989999993,NA,NA
3,d,raw,results/k9_practical_replicates.csv,d24c65b6f7fc8473eaeb70bc016389b14e71df683f57a6be41dd58fef9437361,high_redundancy,NA,77,NA,NA,NA,NA,NA,NA,NA,NA,NA,NA,NA,NA,E5,5,1,1,1,0.00029999999999999997,0.029999999999999999,77,fit_complete,True,0.00026173980879999999,401.18368040000001,0.0023794309600000002,26,1,1,NA,359,E5|5|high_redundancy|0.0003|1|1,topology_F1,1,1,unitless,identity,n==5; primary support cutoff 0.25,77,NA,NA,NA,NA,NA,NA,NA,NA,NA,NA,NA,0.0031262600619999998,0.01000051563,NA,NA
3,d,raw,results/k9_practical_replicates.csv,d24c65b6f7fc8473eaeb70bc016389b14e71df683f57a6be41dd58fef9437361,minimal_exact_budget,NA,20,NA,NA,NA,NA,NA,NA,NA,NA,NA,NA,NA,NA,E5,5,1,1,2,0.00029999999999999997,0.029999999999999999,13,PrecisionFailure: K9 paired threshold is outside its unique admissible Green interval.,False,NA,NA,NA,NA,NA,NA,NA,360,E5|5|minimal_exact_budget|0.0003|1|2,topology_F1,NA,NA,unitless,identity,n==5; primary support cutoff 0.25,13,NA,NA,NA,NA,NA,NA,NA,NA,NA,NA,NA,NA,NA,NA,NA
3,d,raw,results/k9_practical_replicates.csv,d24c65b6f7fc8473eaeb70bc016389b14e71df683f57a6be41dd58fef9437361,moderate_redundancy,NA,37,NA,NA,NA,NA,NA,NA,NA,NA,NA,NA,NA,NA,E5,5,1,1,2,0.00029999999999999997,0.029999999999999999,37,fit_complete,True,0.00015029585319999999,3137.2021540000001,0.001105343858,28,1,1,NA,361,E5|5|moderate_redundancy|0.0003|1|2,topology_F1,1,1,unitless,identity,n==5; primary support cutoff 0.25,37,NA,NA,NA,NA,NA,NA,NA,NA,NA,NA,NA,0.036139053409999997,0.050805696070000003,NA,NA
3,d,raw,results/k9_practical_replicates.csv,d24c65b6f7fc8473eaeb70bc016389b14e71df683f57a6be41dd58fef9437361,high_redundancy,NA,77,NA,NA,NA,NA,NA,NA,NA,NA,NA,NA,NA,NA,E5,5,1,1,2,0.00029999999999999997,0.029999999999999999,77,fit_complete,True,0.0002096123573,401.14025340000001,0.001857198811,22,1,1,NA,362,E5|5|high_redundancy|0.0003|1|2,topology_F1,1,1,unitless,identity,n==5; primary support cutoff 0.25,77,NA,NA,NA,NA,NA,NA,NA,NA,NA,NA,NA,0.002809658976,0.0082698439819999994,NA,NA
3,d,raw,results/k9_practical_replicates.csv,d24c65b6f7fc8473eaeb70bc016389b14e71df683f57a6be41dd58fef9437361,minimal_exact_budget,NA,20,NA,NA,NA,NA,NA,NA,NA,NA,NA,NA,NA,NA,E5,5,1,1,3,0.00029999999999999997,0.029999999999999999,13,PrecisionFailure: K9 paired threshold is outside its unique admissible Green interval.,False,NA,NA,NA,NA,NA,NA,NA,363,E5|5|minimal_exact_budget|0.0003|1|3,topology_F1,NA,NA,unitless,identity,n==5; primary support cutoff 0.25,13,NA,NA,NA,NA,NA,NA,NA,NA,NA,NA,NA,NA,NA,NA,NA
3,d,raw,results/k9_practical_replicates.csv,d24c65b6f7fc8473eaeb70bc016389b14e71df683f57a6be41dd58fef9437361,moderate_redundancy,NA,37,NA,NA,NA,NA,NA,NA,NA,NA,NA,NA,NA,NA,E5,5,1,1,3,0.00029999999999999997,0.029999999999999999,37,fit_complete,True,0.0001852082883,3455.0190950000001,0.001082523206,29,1,1,NA,364,E5|5|moderate_redundancy|0.0003|1|3,topology_F1,1,1,unitless,identity,n==5; primary support cutoff 0.25,37,NA,NA,NA,NA,NA,NA,NA,NA,NA,NA,NA,0.021881626929999998,0.021828327420000002,NA,NA
3,d,raw,results/k9_practical_replicates.csv,d24c65b6f7fc8473eaeb70bc016389b14e71df683f57a6be41dd58fef9437361,high_redundancy,NA,77,NA,NA,NA,NA,NA,NA,NA,NA,NA,NA,NA,NA,E5,5,1,1,3,0.00029999999999999997,0.029999999999999999,77,fit_complete,True,0.00021131266349999999,399.95689249999998,0.0019678480450000002,23,1,1,NA,365,E5|5|high_redundancy|0.0003|1|3,topology_F1,1,1,unitless,identity,n==5; primary support cutoff 0.25,77,NA,NA,NA,NA,NA,NA,NA,NA,NA,NA,NA,0.0030451801029999998,0.0083939454580000007,NA,NA
3,d,raw,results/k9_practical_replicates.csv,d24c65b6f7fc8473eaeb70bc016389b14e71df683f57a6be41dd58fef9437361,minimal_exact_budget,NA,20,NA,NA,NA,NA,NA,NA,NA,NA,NA,NA,NA,NA,E5,5,1,1,0,0.001,0.10000000000000001,11,PrecisionFailure: K9 paired threshold is outside its unique admissible Green interval.,False,NA,NA,NA,NA,NA,NA,NA,366,E5|5|minimal_exact_budget|0.001|1|0,topology_F1,NA,NA,unitless,identity,n==5; primary support cutoff 0.25,11,NA,NA,NA,NA,NA,NA,NA,NA,NA,NA,NA,NA,NA,NA,NA
3,d,raw,results/k9_practical_replicates.csv,d24c65b6f7fc8473eaeb70bc016389b14e71df683f57a6be41dd58fef9437361,moderate_redundancy,NA,37,NA,NA,NA,NA,NA,NA,NA,NA,NA,NA,NA,NA,E5,5,1,1,0,0.001,0.10000000000000001,37,fit_complete,True,0.00063732910920000002,4128.3310000000001,0.0034543847440000001,38,0.83333333330000003,1,NA,367,E5|5|moderate_redundancy|0.001|1|0,topology_F1,0.90909090910000001,0.90909090910000001,unitless,identity,n==5; primary support cutoff 0.25,37,NA,NA,NA,NA,NA,NA,NA,NA,NA,NA,NA,0.093951637650000003,0.049572343290000001,NA,NA
3,d,raw,results/k9_practical_replicates.csv,d24c65b6f7fc8473eaeb70bc016389b14e71df683f57a6be41dd58fef9437361,high_redundancy,NA,77,NA,NA,NA,NA,NA,NA,NA,NA,NA,NA,NA,NA,E5,5,1,1,0,0.001,0.10000000000000001,77,fit_complete,True,0.00077723422930000001,395.07346999999999,0.0071329974809999997,21,1,1,NA,368,E5|5|high_redundancy|0.001|1|0,topology_F1,1,1,unitless,identity,n==5; primary support cutoff 0.25,77,NA,NA,NA,NA,NA,NA,NA,NA,NA,NA,NA,0.01208278617,0.022428660560000001,NA,NA
3,d,raw,results/k9_practical_replicates.csv,d24c65b6f7fc8473eaeb70bc016389b14e71df683f57a6be41dd58fef9437361,minimal_exact_budget,NA,20,NA,NA,NA,NA,NA,NA,NA,NA,NA,NA,NA,NA,E5,5,1,1,1,0.001,0.10000000000000001,10,PrecisionFailure: K9 paired threshold is outside its unique admissible Green interval.,False,NA,NA,NA,NA,NA,NA,NA,369,E5|5|minimal_exact_budget|0.001|1|1,topology_F1,NA,NA,unitless,identity,n==5; primary support cutoff 0.25,10,NA,NA,NA,NA,NA,NA,NA,NA,NA,NA,NA,NA,NA,NA,NA
3,d,raw,results/k9_practical_replicates.csv,d24c65b6f7fc8473eaeb70bc016389b14e71df683f57a6be41dd58fef9437361,moderate_redundancy,NA,37,NA,NA,NA,NA,NA,NA,NA,NA,NA,NA,NA,NA,E5,5,1,1,1,0.001,0.10000000000000001,37,fit_complete,True,0.00071280535360000003,2136.155827,0.0048681514869999996,40,0.71428571429999999,1,NA,370,E5|5|moderate_redundancy|0.001|1|1,topology_F1,0.83333333330000003,0.83333333330000003,unitless,identity,n==5; primary support cutoff 0.25,37,NA,NA,NA,NA,NA,NA,NA,NA,NA,NA,NA,0.17111404960000001,0.099168733620000005,NA,NA
3,d,raw,results/k9_practical_replicates.csv,d24c65b6f7fc8473eaeb70bc016389b14e71df683f57a6be41dd58fef9437361,high_redundancy,NA,77,NA,NA,NA,NA,NA,NA,NA,NA,NA,NA,NA,NA,E5,5,1,1,1,0.001,0.10000000000000001,77,fit_complete,True,0.00090708259769999998,394.5984014,0.0086512723029999999,23,1,1,NA,371,E5|5|high_redundancy|0.001|1|1,topology_F1,1,1,unitless,identity,n==5; primary support cutoff 0.25,77,NA,NA,NA,NA,NA,NA,NA,NA,NA,NA,NA,0.011957625560000001,0.037514233600000002,NA,NA
3,d,raw,results/k9_practical_replicates.csv,d24c65b6f7fc8473eaeb70bc016389b14e71df683f57a6be41dd58fef9437361,minimal_exact_budget,NA,20,NA,NA,NA,NA,NA,NA,NA,NA,NA,NA,NA,NA,E5,5,1,1,2,0.001,0.10000000000000001,10,PrecisionFailure: K9 paired threshold is outside its unique admissible Green interval.,False,NA,NA,NA,NA,NA,NA,NA,372,E5|5|minimal_exact_budget|0.001|1|2,topology_F1,NA,NA,unitless,identity,n==5; primary support cutoff 0.25,10,NA,NA,NA,NA,NA,NA,NA,NA,NA,NA,NA,NA,NA,NA,NA
3,d,raw,results/k9_practical_replicates.csv,d24c65b6f7fc8473eaeb70bc016389b14e71df683f57a6be41dd58fef9437361,moderate_redundancy,NA,37,NA,NA,NA,NA,NA,NA,NA,NA,NA,NA,NA,NA,E5,5,1,1,2,0.001,0.10000000000000001,37,fit_complete,True,0.00047121849119999997,3489.6616600000002,0.0034277835830000001,36,0.83333333330000003,1,NA,373,E5|5|moderate_redundancy|0.001|1|2,topology_F1,0.90909090910000001,0.90909090910000001,unitless,identity,n==5; primary support cutoff 0.25,37,NA,NA,NA,NA,NA,NA,NA,NA,NA,NA,NA,0.070007431849999996,0.1002979328,NA,NA
3,d,raw,results/k9_practical_replicates.csv,d24c65b6f7fc8473eaeb70bc016389b14e71df683f57a6be41dd58fef9437361,high_redundancy,NA,77,NA,NA,NA,NA,NA,NA,NA,NA,NA,NA,NA,NA,E5,5,1,1,2,0.001,0.10000000000000001,77,fit_complete,True,0.00090165370359999997,400.29587729999997,0.0077501380490000004,20,1,1,NA,374,E5|5|high_redundancy|0.001|1|2,topology_F1,1,1,unitless,identity,n==5; primary support cutoff 0.25,77,NA,NA,NA,NA,NA,NA,NA,NA,NA,NA,NA,0.0040650937409999997,0.019023273980000002,NA,NA
3,d,raw,results/k9_practical_replicates.csv,d24c65b6f7fc8473eaeb70bc016389b14e71df683f57a6be41dd58fef9437361,minimal_exact_budget,NA,20,NA,NA,NA,NA,NA,NA,NA,NA,NA,NA,NA,NA,E5,5,1,1,3,0.001,0.10000000000000001,10,PrecisionFailure: K9 paired threshold is outside its unique admissible Green interval.,False,NA,NA,NA,NA,NA,NA,NA,375,E5|5|minimal_exact_budget|0.001|1|3,topology_F1,NA,NA,unitless,identity,n==5; primary support cutoff 0.25,10,NA,NA,NA,NA,NA,NA,NA,NA,NA,NA,NA,NA,NA,NA,NA
3,d,raw,results/k9_practical_replicates.csv,d24c65b6f7fc8473eaeb70bc016389b14e71df683f57a6be41dd58fef9437361,moderate_redundancy,NA,37,NA,NA,NA,NA,NA,NA,NA,NA,NA,NA,NA,NA,E5,5,1,1,3,0.001,0.10000000000000001,37,fit_complete,True,0.00068900878989999997,2393.4610269999998,0.0044706198520000004,32,0.71428571429999999,1,NA,376,E5|5|moderate_redundancy|0.001|1|3,topology_F1,0.83333333330000003,0.83333333330000003,unitless,identity,n==5; primary support cutoff 0.25,37,NA,NA,NA,NA,NA,NA,NA,NA,NA,NA,NA,0.1442437268,0.11118188750000001,NA,NA
3,d,raw,results/k9_practical_replicates.csv,d24c65b6f7fc8473eaeb70bc016389b14e71df683f57a6be41dd58fef9437361,high_redundancy,NA,77,NA,NA,NA,NA,NA,NA,NA,NA,NA,NA,NA,NA,E5,5,1,1,3,0.001,0.10000000000000001,77,fit_complete,True,0.00084766812700000002,392.59002729999997,0.0078591872209999997,21,1,1,NA,377,E5|5|high_redundancy|0.001|1|3,topology_F1,1,1,unitless,identity,n==5; primary support cutoff 0.25,77,NA,NA,NA,NA,NA,NA,NA,NA,NA,NA,NA,0.0072963710369999997,0.038146962919999999,NA,NA
3,d,raw,results/k9_practical_replicates.csv,d24c65b6f7fc8473eaeb70bc016389b14e71df683f57a6be41dd58fef9437361,minimal_exact_budget,NA,20,NA,NA,NA,NA,NA,NA,NA,NA,NA,NA,NA,NA,E5,5,1,1,0,0.0030000000000000001,0.29999999999999999,10,PrecisionFailure: K9 paired threshold is outside its unique admissible Green interval.,False,NA,NA,NA,NA,NA,NA,NA,378,E5|5|minimal_exact_budget|0.003|1|0,topology_F1,NA,NA,unitless,identity,n==5; primary support cutoff 0.25,10,NA,NA,NA,NA,NA,NA,NA,NA,NA,NA,NA,NA,NA,NA,NA
3,d,raw,results/k9_practical_replicates.csv,d24c65b6f7fc8473eaeb70bc016389b14e71df683f57a6be41dd58fef9437361,moderate_redundancy,NA,37,NA,NA,NA,NA,NA,NA,NA,NA,NA,NA,NA,NA,E5,5,1,1,0,0.0030000000000000001,0.29999999999999999,37,fit_complete,True,0.001304388896,5091.6306560000003,0.0094669188319999997,40,0.57142857140000003,0.80000000000000004,NA,379,E5|5|moderate_redundancy|0.003|1|0,topology_F1,0.66666666669999997,0.66666666669999997,unitless,identity,n==5; primary support cutoff 0.25,37,NA,NA,NA,NA,NA,NA,NA,NA,NA,NA,NA,0.31920898399999997,0.43896955409999999,NA,NA
3,d,raw,results/k9_practical_replicates.csv,d24c65b6f7fc8473eaeb70bc016389b14e71df683f57a6be41dd58fef9437361,high_redundancy,NA,77,NA,NA,NA,NA,NA,NA,NA,NA,NA,NA,NA,NA,E5,5,1,1,0,0.0030000000000000001,0.29999999999999999,77,fit_complete,True,0.0021166167140000002,391.37299489999998,0.020676730890000002,26,1,1,NA,380,E5|5|high_redundancy|0.003|1|0,topology_F1,1,1,unitless,identity,n==5; primary support cutoff 0.25,77,NA,NA,NA,NA,NA,NA,NA,NA,NA,NA,NA,0.022352270590000001,0.050052328209999997,NA,NA
3,d,raw,results/k9_practical_replicates.csv,d24c65b6f7fc8473eaeb70bc016389b14e71df683f57a6be41dd58fef9437361,minimal_exact_budget,NA,20,NA,NA,NA,NA,NA,NA,NA,NA,NA,NA,NA,NA,E5,5,1,1,1,0.0030000000000000001,0.29999999999999999,10,PrecisionFailure: K9 paired threshold is outside its unique admissible Green interval.,False,NA,NA,NA,NA,NA,NA,NA,381,E5|5|minimal_exact_budget|0.003|1|1,topology_F1,NA,NA,unitless,identity,n==5; primary support cutoff 0.25,10,NA,NA,NA,NA,NA,NA,NA,NA,NA,NA,NA,NA,NA,NA,NA
3,d,raw,results/k9_practical_replicates.csv,d24c65b6f7fc8473eaeb70bc016389b14e71df683f57a6be41dd58fef9437361,moderate_redundancy,NA,37,NA,NA,NA,NA,NA,NA,NA,NA,NA,NA,NA,NA,E5,5,1,1,1,0.0030000000000000001,0.29999999999999999,37,fit_complete,True,0.001900761917,1541.503115,0.01354237786,37,0.71428571429999999,1,NA,382,E5|5|moderate_redundancy|0.003|1|1,topology_F1,0.83333333330000003,0.83333333330000003,unitless,identity,n==5; primary support cutoff 0.25,37,NA,NA,NA,NA,NA,NA,NA,NA,NA,NA,NA,0.26903136109999998,0.15287066229999999,NA,NA
3,d,raw,results/k9_practical_replicates.csv,d24c65b6f7fc8473eaeb70bc016389b14e71df683f57a6be41dd58fef9437361,high_redundancy,NA,77,NA,NA,NA,NA,NA,NA,NA,NA,NA,NA,NA,NA,E5,5,1,1,1,0.0030000000000000001,0.29999999999999999,77,fit_complete,True,0.002630780343,423.77365839999999,0.024226807350000001,19,1,1,NA,383,E5|5|high_redundancy|0.003|1|1,topology_F1,1,1,unitless,identity,n==5; primary support cutoff 0.25,77,NA,NA,NA,NA,NA,NA,NA,NA,NA,NA,NA,0.026144202620000001,0.1651207066,NA,NA
3,d,raw,results/k9_practical_replicates.csv,d24c65b6f7fc8473eaeb70bc016389b14e71df683f57a6be41dd58fef9437361,minimal_exact_budget,NA,20,NA,NA,NA,NA,NA,NA,NA,NA,NA,NA,NA,NA,E5,5,1,1,2,0.0030000000000000001,0.29999999999999999,10,PrecisionFailure: K9 paired threshold is outside its unique admissible Green interval.,False,NA,NA,NA,NA,NA,NA,NA,384,E5|5|minimal_exact_budget|0.003|1|2,topology_F1,NA,NA,unitless,identity,n==5; primary support cutoff 0.25,10,NA,NA,NA,NA,NA,NA,NA,NA,NA,NA,NA,NA,NA,NA,NA
3,d,raw,results/k9_practical_replicates.csv,d24c65b6f7fc8473eaeb70bc016389b14e71df683f57a6be41dd58fef9437361,moderate_redundancy,NA,37,NA,NA,NA,NA,NA,NA,NA,NA,NA,NA,NA,NA,E5,5,1,1,2,0.0030000000000000001,0.29999999999999999,37,fit_complete,True,0.002690428403,4661.871838,0.01875542577,78,0.71428571429999999,1,NA,385,E5|5|moderate_redundancy|0.003|1|2,topology_F1,0.83333333330000003,0.83333333330000003,unitless,identity,n==5; primary support cutoff 0.25,37,NA,NA,NA,NA,NA,NA,NA,NA,NA,NA,NA,0.29452096230000002,0.48519339189999999,NA,NA
3,d,raw,results/k9_practical_replicates.csv,d24c65b6f7fc8473eaeb70bc016389b14e71df683f57a6be41dd58fef9437361,high_redundancy,NA,77,NA,NA,NA,NA,NA,NA,NA,NA,NA,NA,NA,NA,E5,5,1,1,2,0.0030000000000000001,0.29999999999999999,77,fit_complete,True,0.0027747300700000001,397.40699999999998,0.02444876667,24,1,1,NA,386,E5|5|high_redundancy|0.003|1|2,topology_F1,1,1,unitless,identity,n==5; primary support cutoff 0.25,77,NA,NA,NA,NA,NA,NA,NA,NA,NA,NA,NA,0.028463213750000001,0.23841613689999999,NA,NA
3,d,raw,results/k9_practical_replicates.csv,d24c65b6f7fc8473eaeb70bc016389b14e71df683f57a6be41dd58fef9437361,minimal_exact_budget,NA,20,NA,NA,NA,NA,NA,NA,NA,NA,NA,NA,NA,NA,E5,5,1,1,3,0.0030000000000000001,0.29999999999999999,10,PrecisionFailure: K9 paired threshold is outside its unique admissible Green interval.,False,NA,NA,NA,NA,NA,NA,NA,387,E5|5|minimal_exact_budget|0.003|1|3,topology_F1,NA,NA,unitless,identity,n==5; primary support cutoff 0.25,10,NA,NA,NA,NA,NA,NA,NA,NA,NA,NA,NA,NA,NA,NA,NA
3,d,raw,results/k9_practical_replicates.csv,d24c65b6f7fc8473eaeb70bc016389b14e71df683f57a6be41dd58fef9437361,moderate_redundancy,NA,37,NA,NA,NA,NA,NA,NA,NA,NA,NA,NA,NA,NA,E5,5,1,1,3,0.0030000000000000001,0.29999999999999999,37,fit_complete,True,0.00186458858,1440.2592139999999,0.01382814651,42,0.55555555560000003,1,NA,388,E5|5|moderate_redundancy|0.003|1|3,topology_F1,0.71428571429999999,0.71428571429999999,unitless,identity,n==5; primary support cutoff 0.25,37,NA,NA,NA,NA,NA,NA,NA,NA,NA,NA,NA,0.23817513870000001,0.17143069320000001,NA,NA
3,d,raw,results/k9_practical_replicates.csv,d24c65b6f7fc8473eaeb70bc016389b14e71df683f57a6be41dd58fef9437361,high_redundancy,NA,77,NA,NA,NA,NA,NA,NA,NA,NA,NA,NA,NA,NA,E5,5,1,1,3,0.0030000000000000001,0.29999999999999999,77,fit_complete,True,0.0027411697130000001,375.26729089999998,0.026030490890000001,17,1,1,NA,389,E5|5|high_redundancy|0.003|1|3,topology_F1,1,1,unitless,identity,n==5; primary support cutoff 0.25,77,NA,NA,NA,NA,NA,NA,NA,NA,NA,NA,NA,0.03104427136,0.073508217550000005,NA,NA
3,d,summary,results/k9_practical_replicates.csv,d24c65b6f7fc8473eaeb70bc016389b14e71df683f57a6be41dd58fef9437361,minimal_exact_budget,NA,NA,NA,NA,NA,NA,NA,NA,NA,NA,NA,NA,NA,NA,NA,NA,NA,NA,NA,0,NA,NA,NA,NA,NA,NA,NA,NA,NA,NA,NA,NA,NA,topology_F1,NA,NA,unitless,identity,n==5; primary support cutoff 0.25,NA,24,24,24,1,1,1,1,1,1,1,1,NA,NA,NA,NA
3,d,summary,results/k9_practical_replicates.csv,d24c65b6f7fc8473eaeb70bc016389b14e71df683f57a6be41dd58fef9437361,moderate_redundancy,NA,NA,NA,NA,NA,NA,NA,NA,NA,NA,NA,NA,NA,NA,NA,NA,NA,NA,NA,0,NA,NA,NA,NA,NA,NA,NA,NA,NA,NA,NA,NA,NA,topology_F1,NA,NA,unitless,identity,n==5; primary support cutoff 0.25,NA,24,24,24,1,1,1,1,1,1,1,1,NA,NA,NA,NA
3,d,summary,results/k9_practical_replicates.csv,d24c65b6f7fc8473eaeb70bc016389b14e71df683f57a6be41dd58fef9437361,high_redundancy,NA,NA,NA,NA,NA,NA,NA,NA,NA,NA,NA,NA,NA,NA,NA,NA,NA,NA,NA,0,NA,NA,NA,NA,NA,NA,NA,NA,NA,NA,NA,NA,NA,topology_F1,NA,NA,unitless,identity,n==5; primary support cutoff 0.25,NA,24,24,24,1,1,1,1,1,1,1,1,NA,NA,NA,NA
3,d,summary,results/k9_practical_replicates.csv,d24c65b6f7fc8473eaeb70bc016389b14e71df683f57a6be41dd58fef9437361,minimal_exact_budget,NA,NA,NA,NA,NA,NA,NA,NA,NA,NA,NA,NA,NA,NA,NA,NA,NA,NA,NA,0.0001,NA,NA,NA,NA,NA,NA,NA,NA,NA,NA,NA,NA,NA,topology_F1,NA,NA,unitless,identity,n==5; primary support cutoff 0.25,NA,24,0,0,NA,NA,NA,NA,NA,NA,NA,NA,NA,NA,NA,NA
3,d,summary,results/k9_practical_replicates.csv,d24c65b6f7fc8473eaeb70bc016389b14e71df683f57a6be41dd58fef9437361,moderate_redundancy,NA,NA,NA,NA,NA,NA,NA,NA,NA,NA,NA,NA,NA,NA,NA,NA,NA,NA,NA,0.0001,NA,NA,NA,NA,NA,NA,NA,NA,NA,NA,NA,NA,NA,topology_F1,NA,NA,unitless,identity,n==5; primary support cutoff 0.25,NA,24,24,24,1,1,1,1,1,1,1,1,NA,NA,NA,NA
3,d,summary,results/k9_practical_replicates.csv,d24c65b6f7fc8473eaeb70bc016389b14e71df683f57a6be41dd58fef9437361,high_redundancy,NA,NA,NA,NA,NA,NA,NA,NA,NA,NA,NA,NA,NA,NA,NA,NA,NA,NA,NA,0.0001,NA,NA,NA,NA,NA,NA,NA,NA,NA,NA,NA,NA,NA,topology_F1,NA,NA,unitless,identity,n==5; primary support cutoff 0.25,NA,24,24,24,1,1,1,1,1,1,1,1,NA,NA,NA,NA
3,d,summary,results/k9_practical_replicates.csv,d24c65b6f7fc8473eaeb70bc016389b14e71df683f57a6be41dd58fef9437361,minimal_exact_budget,NA,NA,NA,NA,NA,NA,NA,NA,NA,NA,NA,NA,NA,NA,NA,NA,NA,NA,NA,0.00029999999999999997,NA,NA,NA,NA,NA,NA,NA,NA,NA,NA,NA,NA,NA,topology_F1,NA,NA,unitless,identity,n==5; primary support cutoff 0.25,NA,24,0,0,NA,NA,NA,NA,NA,NA,NA,NA,NA,NA,NA,NA
3,d,summary,results/k9_practical_replicates.csv,d24c65b6f7fc8473eaeb70bc016389b14e71df683f57a6be41dd58fef9437361,moderate_redundancy,NA,NA,NA,NA,NA,NA,NA,NA,NA,NA,NA,NA,NA,NA,NA,NA,NA,NA,NA,0.00029999999999999997,NA,NA,NA,NA,NA,NA,NA,NA,NA,NA,NA,NA,NA,topology_F1,NA,NA,unitless,identity,n==5; primary support cutoff 0.25,NA,24,24,24,0.88888888889999995,0.90909090910000001,1,1,0.88888888889999995,0.90909090910000001,1,1,NA,NA,NA,NA
3,d,summary,results/k9_practical_replicates.csv,d24c65b6f7fc8473eaeb70bc016389b14e71df683f57a6be41dd58fef9437361,high_redundancy,NA,NA,NA,NA,NA,NA,NA,NA,NA,NA,NA,NA,NA,NA,NA,NA,NA,NA,NA,0.00029999999999999997,NA,NA,NA,NA,NA,NA,NA,NA,NA,NA,NA,NA,NA,topology_F1,NA,NA,unitless,identity,n==5; primary support cutoff 0.25,NA,24,24,24,1,1,1,1,1,1,1,1,NA,NA,NA,NA
3,d,summary,results/k9_practical_replicates.csv,d24c65b6f7fc8473eaeb70bc016389b14e71df683f57a6be41dd58fef9437361,minimal_exact_budget,NA,NA,NA,NA,NA,NA,NA,NA,NA,NA,NA,NA,NA,NA,NA,NA,NA,NA,NA,0.001,NA,NA,NA,NA,NA,NA,NA,NA,NA,NA,NA,NA,NA,topology_F1,NA,NA,unitless,identity,n==5; primary support cutoff 0.25,NA,24,0,0,NA,NA,NA,NA,NA,NA,NA,NA,NA,NA,NA,NA
3,d,summary,results/k9_practical_replicates.csv,d24c65b6f7fc8473eaeb70bc016389b14e71df683f57a6be41dd58fef9437361,moderate_redundancy,NA,NA,NA,NA,NA,NA,NA,NA,NA,NA,NA,NA,NA,NA,NA,NA,NA,NA,NA,0.001,NA,NA,NA,NA,NA,NA,NA,NA,NA,NA,NA,NA,NA,topology_F1,NA,NA,unitless,identity,n==5; primary support cutoff 0.25,NA,24,24,24,0.82499999997500006,0.88888888889999995,0.90909090910000001,0.97272727272999993,0.82499999997500006,0.88888888889999995,0.90909090910000001,0.97272727272999993,NA,NA,NA,NA
3,d,summary,results/k9_practical_replicates.csv,d24c65b6f7fc8473eaeb70bc016389b14e71df683f57a6be41dd58fef9437361,high_redundancy,NA,NA,NA,NA,NA,NA,NA,NA,NA,NA,NA,NA,NA,NA,NA,NA,NA,NA,NA,0.001,NA,NA,NA,NA,NA,NA,NA,NA,NA,NA,NA,NA,NA,topology_F1,NA,NA,unitless,identity,n==5; primary support cutoff 0.25,NA,24,24,24,1,1,1,1,1,1,1,1,NA,NA,NA,NA
3,d,summary,results/k9_practical_replicates.csv,d24c65b6f7fc8473eaeb70bc016389b14e71df683f57a6be41dd58fef9437361,minimal_exact_budget,NA,NA,NA,NA,NA,NA,NA,NA,NA,NA,NA,NA,NA,NA,NA,NA,NA,NA,NA,0.0030000000000000001,NA,NA,NA,NA,NA,NA,NA,NA,NA,NA,NA,NA,NA,topology_F1,NA,NA,unitless,identity,n==5; primary support cutoff 0.25,NA,24,0,0,NA,NA,NA,NA,NA,NA,NA,NA,NA,NA,NA,NA
3,d,summary,results/k9_practical_replicates.csv,d24c65b6f7fc8473eaeb70bc016389b14e71df683f57a6be41dd58fef9437361,moderate_redundancy,NA,NA,NA,NA,NA,NA,NA,NA,NA,NA,NA,NA,NA,NA,NA,NA,NA,NA,NA,0.0030000000000000001,NA,NA,NA,NA,NA,NA,NA,NA,NA,NA,NA,NA,NA,topology_F1,NA,NA,unitless,identity,n==5; primary support cutoff 0.25,NA,24,24,24,0.7692307692,0.80000000000000004,0.83333333330000003,0.8722222222199999,0.7692307692,0.80000000000000004,0.83333333330000003,0.8722222222199999,NA,NA,NA,NA
3,d,summary,results/k9_practical_replicates.csv,d24c65b6f7fc8473eaeb70bc016389b14e71df683f57a6be41dd58fef9437361,high_redundancy,NA,NA,NA,NA,NA,NA,NA,NA,NA,NA,NA,NA,NA,NA,NA,NA,NA,NA,NA,0.0030000000000000001,NA,NA,NA,NA,NA,NA,NA,NA,NA,NA,NA,NA,NA,topology_F1,NA,NA,unitless,identity,n==5; primary support cutoff 0.25,NA,24,24,24,0.90909090910000001,1,1,1,0.90909090910000001,1,1,1,NA,NA,NA,NA
3,e,raw,results/k9_support_cutoff_replicates.csv,841cf9af54792f20a6208e689a61912e362ff1bd3c7ef926c85821277f6829dd,moderate_redundancy,NA,37,NA,NA,NA,NA,NA,NA,NA,NA,NA,NA,NA,NA,E3,5,1,0,0,0.001,0.10000000000000001,37,fit_complete,True,NA,NA,NA,NA,0.83333333330000003,1,NA,185,E3|5|moderate_redundancy|0.001|0|0|0.15,topology_F1,0.90909090910000001,0.90909090910000001,unitless,identity,n==5; noise_fraction==0.001; practical; fixed replay classifications,37,NA,NA,NA,NA,NA,NA,NA,NA,NA,NA,NA,NA,NA,0.14999999999999999,True
3,e,raw,results/k9_support_cutoff_replicates.csv,841cf9af54792f20a6208e689a61912e362ff1bd3c7ef926c85821277f6829dd,moderate_redundancy,NA,37,NA,NA,NA,NA,NA,NA,NA,NA,NA,NA,NA,NA,E3,5,1,0,0,0.001,0.10000000000000001,37,fit_complete,True,NA,NA,NA,NA,0.83333333330000003,1,NA,186,E3|5|moderate_redundancy|0.001|0|0|0.2,topology_F1,0.90909090910000001,0.90909090910000001,unitless,identity,n==5; noise_fraction==0.001; practical; fixed replay classifications,37,NA,NA,NA,NA,NA,NA,NA,NA,NA,NA,NA,NA,NA,0.20000000000000001,True
3,e,raw,results/k9_support_cutoff_replicates.csv,841cf9af54792f20a6208e689a61912e362ff1bd3c7ef926c85821277f6829dd,moderate_redundancy,NA,37,NA,NA,NA,NA,NA,NA,NA,NA,NA,NA,NA,NA,E3,5,1,0,0,0.001,0.10000000000000001,37,fit_complete,True,NA,NA,NA,NA,0.83333333330000003,1,NA,187,E3|5|moderate_redundancy|0.001|0|0|0.25,topology_F1,0.90909090910000001,0.90909090910000001,unitless,identity,n==5; noise_fraction==0.001; practical; fixed replay classifications,37,NA,NA,NA,NA,NA,NA,NA,NA,NA,NA,NA,NA,NA,0.25,True
3,e,raw,results/k9_support_cutoff_replicates.csv,841cf9af54792f20a6208e689a61912e362ff1bd3c7ef926c85821277f6829dd,moderate_redundancy,NA,37,NA,NA,NA,NA,NA,NA,NA,NA,NA,NA,NA,NA,E3,5,1,0,0,0.001,0.10000000000000001,37,fit_complete,True,NA,NA,NA,NA,0.83333333330000003,1,NA,188,E3|5|moderate_redundancy|0.001|0|0|0.3,topology_F1,0.90909090910000001,0.90909090910000001,unitless,identity,n==5; noise_fraction==0.001; practical; fixed replay classifications,37,NA,NA,NA,NA,NA,NA,NA,NA,NA,NA,NA,NA,NA,0.29999999999999999,True
3,e,raw,results/k9_support_cutoff_replicates.csv,841cf9af54792f20a6208e689a61912e362ff1bd3c7ef926c85821277f6829dd,moderate_redundancy,NA,37,NA,NA,NA,NA,NA,NA,NA,NA,NA,NA,NA,NA,E3,5,1,0,0,0.001,0.10000000000000001,37,fit_complete,True,NA,NA,NA,NA,0.83333333330000003,1,NA,189,E3|5|moderate_redundancy|0.001|0|0|0.35,topology_F1,0.90909090910000001,0.90909090910000001,unitless,identity,n==5; noise_fraction==0.001; practical; fixed replay classifications,37,NA,NA,NA,NA,NA,NA,NA,NA,NA,NA,NA,NA,NA,0.34999999999999998,True
3,e,raw,results/k9_support_cutoff_replicates.csv,841cf9af54792f20a6208e689a61912e362ff1bd3c7ef926c85821277f6829dd,high_redundancy,NA,77,NA,NA,NA,NA,NA,NA,NA,NA,NA,NA,NA,NA,E3,5,1,0,0,0.001,0.10000000000000001,77,fit_complete,True,NA,NA,NA,NA,0.83333333330000003,1,NA,190,E3|5|high_redundancy|0.001|0|0|0.15,topology_F1,0.90909090910000001,0.90909090910000001,unitless,identity,n==5; noise_fraction==0.001; practical; fixed replay classifications,77,NA,NA,NA,NA,NA,NA,NA,NA,NA,NA,NA,NA,NA,0.14999999999999999,True
3,e,raw,results/k9_support_cutoff_replicates.csv,841cf9af54792f20a6208e689a61912e362ff1bd3c7ef926c85821277f6829dd,high_redundancy,NA,77,NA,NA,NA,NA,NA,NA,NA,NA,NA,NA,NA,NA,E3,5,1,0,0,0.001,0.10000000000000001,77,fit_complete,True,NA,NA,NA,NA,0.83333333330000003,1,NA,191,E3|5|high_redundancy|0.001|0|0|0.2,topology_F1,0.90909090910000001,0.90909090910000001,unitless,identity,n==5; noise_fraction==0.001; practical; fixed replay classifications,77,NA,NA,NA,NA,NA,NA,NA,NA,NA,NA,NA,NA,NA,0.20000000000000001,True
3,e,raw,results/k9_support_cutoff_replicates.csv,841cf9af54792f20a6208e689a61912e362ff1bd3c7ef926c85821277f6829dd,high_redundancy,NA,77,NA,NA,NA,NA,NA,NA,NA,NA,NA,NA,NA,NA,E3,5,1,0,0,0.001,0.10000000000000001,77,fit_complete,True,NA,NA,NA,NA,0.83333333330000003,1,NA,192,E3|5|high_redundancy|0.001|0|0|0.25,topology_F1,0.90909090910000001,0.90909090910000001,unitless,identity,n==5; noise_fraction==0.001; practical; fixed replay classifications,77,NA,NA,NA,NA,NA,NA,NA,NA,NA,NA,NA,NA,NA,0.25,True
3,e,raw,results/k9_support_cutoff_replicates.csv,841cf9af54792f20a6208e689a61912e362ff1bd3c7ef926c85821277f6829dd,high_redundancy,NA,77,NA,NA,NA,NA,NA,NA,NA,NA,NA,NA,NA,NA,E3,5,1,0,0,0.001,0.10000000000000001,77,fit_complete,True,NA,NA,NA,NA,1,1,NA,193,E3|5|high_redundancy|0.001|0|0|0.3,topology_F1,1,1,unitless,identity,n==5; noise_fraction==0.001; practical; fixed replay classifications,77,NA,NA,NA,NA,NA,NA,NA,NA,NA,NA,NA,NA,NA,0.29999999999999999,True
3,e,raw,results/k9_support_cutoff_replicates.csv,841cf9af54792f20a6208e689a61912e362ff1bd3c7ef926c85821277f6829dd,high_redundancy,NA,77,NA,NA,NA,NA,NA,NA,NA,NA,NA,NA,NA,NA,E3,5,1,0,0,0.001,0.10000000000000001,77,fit_complete,True,NA,NA,NA,NA,1,1,NA,194,E3|5|high_redundancy|0.001|0|0|0.35,topology_F1,1,1,unitless,identity,n==5; noise_fraction==0.001; practical; fixed replay classifications,77,NA,NA,NA,NA,NA,NA,NA,NA,NA,NA,NA,NA,NA,0.34999999999999998,True
3,e,raw,results/k9_support_cutoff_replicates.csv,841cf9af54792f20a6208e689a61912e362ff1bd3c7ef926c85821277f6829dd,moderate_redundancy,NA,37,NA,NA,NA,NA,NA,NA,NA,NA,NA,NA,NA,NA,E3,5,1,0,1,0.001,0.10000000000000001,37,fit_complete,True,NA,NA,NA,NA,0.71428571429999999,1,NA,200,E3|5|moderate_redundancy|0.001|0|1|0.15,topology_F1,0.83333333330000003,0.83333333330000003,unitless,identity,n==5; noise_fraction==0.001; practical; fixed replay classifications,37,NA,NA,NA,NA,NA,NA,NA,NA,NA,NA,NA,NA,NA,0.14999999999999999,True
3,e,raw,results/k9_support_cutoff_replicates.csv,841cf9af54792f20a6208e689a61912e362ff1bd3c7ef926c85821277f6829dd,moderate_redundancy,NA,37,NA,NA,NA,NA,NA,NA,NA,NA,NA,NA,NA,NA,E3,5,1,0,1,0.001,0.10000000000000001,37,fit_complete,True,NA,NA,NA,NA,0.71428571429999999,1,NA,201,E3|5|moderate_redundancy|0.001|0|1|0.2,topology_F1,0.83333333330000003,0.83333333330000003,unitless,identity,n==5; noise_fraction==0.001; practical; fixed replay classifications,37,NA,NA,NA,NA,NA,NA,NA,NA,NA,NA,NA,NA,NA,0.20000000000000001,True
3,e,raw,results/k9_support_cutoff_replicates.csv,841cf9af54792f20a6208e689a61912e362ff1bd3c7ef926c85821277f6829dd,moderate_redundancy,NA,37,NA,NA,NA,NA,NA,NA,NA,NA,NA,NA,NA,NA,E3,5,1,0,1,0.001,0.10000000000000001,37,fit_complete,True,NA,NA,NA,NA,0.71428571429999999,1,NA,202,E3|5|moderate_redundancy|0.001|0|1|0.25,topology_F1,0.83333333330000003,0.83333333330000003,unitless,identity,n==5; noise_fraction==0.001; practical; fixed replay classifications,37,NA,NA,NA,NA,NA,NA,NA,NA,NA,NA,NA,NA,NA,0.25,True
3,e,raw,results/k9_support_cutoff_replicates.csv,841cf9af54792f20a6208e689a61912e362ff1bd3c7ef926c85821277f6829dd,moderate_redundancy,NA,37,NA,NA,NA,NA,NA,NA,NA,NA,NA,NA,NA,NA,E3,5,1,0,1,0.001,0.10000000000000001,37,fit_complete,True,NA,NA,NA,NA,1,1,NA,203,E3|5|moderate_redundancy|0.001|0|1|0.3,topology_F1,1,1,unitless,identity,n==5; noise_fraction==0.001; practical; fixed replay classifications,37,NA,NA,NA,NA,NA,NA,NA,NA,NA,NA,NA,NA,NA,0.29999999999999999,True
3,e,raw,results/k9_support_cutoff_replicates.csv,841cf9af54792f20a6208e689a61912e362ff1bd3c7ef926c85821277f6829dd,moderate_redundancy,NA,37,NA,NA,NA,NA,NA,NA,NA,NA,NA,NA,NA,NA,E3,5,1,0,1,0.001,0.10000000000000001,37,fit_complete,True,NA,NA,NA,NA,1,1,NA,204,E3|5|moderate_redundancy|0.001|0|1|0.35,topology_F1,1,1,unitless,identity,n==5; noise_fraction==0.001; practical; fixed replay classifications,37,NA,NA,NA,NA,NA,NA,NA,NA,NA,NA,NA,NA,NA,0.34999999999999998,True
3,e,raw,results/k9_support_cutoff_replicates.csv,841cf9af54792f20a6208e689a61912e362ff1bd3c7ef926c85821277f6829dd,high_redundancy,NA,77,NA,NA,NA,NA,NA,NA,NA,NA,NA,NA,NA,NA,E3,5,1,0,1,0.001,0.10000000000000001,77,fit_complete,True,NA,NA,NA,NA,0.83333333330000003,1,NA,205,E3|5|high_redundancy|0.001|0|1|0.15,topology_F1,0.90909090910000001,0.90909090910000001,unitless,identity,n==5; noise_fraction==0.001; practical; fixed replay classifications,77,NA,NA,NA,NA,NA,NA,NA,NA,NA,NA,NA,NA,NA,0.14999999999999999,True
3,e,raw,results/k9_support_cutoff_replicates.csv,841cf9af54792f20a6208e689a61912e362ff1bd3c7ef926c85821277f6829dd,high_redundancy,NA,77,NA,NA,NA,NA,NA,NA,NA,NA,NA,NA,NA,NA,E3,5,1,0,1,0.001,0.10000000000000001,77,fit_complete,True,NA,NA,NA,NA,1,1,NA,206,E3|5|high_redundancy|0.001|0|1|0.2,topology_F1,1,1,unitless,identity,n==5; noise_fraction==0.001; practical; fixed replay classifications,77,NA,NA,NA,NA,NA,NA,NA,NA,NA,NA,NA,NA,NA,0.20000000000000001,True
3,e,raw,results/k9_support_cutoff_replicates.csv,841cf9af54792f20a6208e689a61912e362ff1bd3c7ef926c85821277f6829dd,high_redundancy,NA,77,NA,NA,NA,NA,NA,NA,NA,NA,NA,NA,NA,NA,E3,5,1,0,1,0.001,0.10000000000000001,77,fit_complete,True,NA,NA,NA,NA,1,1,NA,207,E3|5|high_redundancy|0.001|0|1|0.25,topology_F1,1,1,unitless,identity,n==5; noise_fraction==0.001; practical; fixed replay classifications,77,NA,NA,NA,NA,NA,NA,NA,NA,NA,NA,NA,NA,NA,0.25,True
3,e,raw,results/k9_support_cutoff_replicates.csv,841cf9af54792f20a6208e689a61912e362ff1bd3c7ef926c85821277f6829dd,high_redundancy,NA,77,NA,NA,NA,NA,NA,NA,NA,NA,NA,NA,NA,NA,E3,5,1,0,1,0.001,0.10000000000000001,77,fit_complete,True,NA,NA,NA,NA,1,1,NA,208,E3|5|high_redundancy|0.001|0|1|0.3,topology_F1,1,1,unitless,identity,n==5; noise_fraction==0.001; practical; fixed replay classifications,77,NA,NA,NA,NA,NA,NA,NA,NA,NA,NA,NA,NA,NA,0.29999999999999999,True
3,e,raw,results/k9_support_cutoff_replicates.csv,841cf9af54792f20a6208e689a61912e362ff1bd3c7ef926c85821277f6829dd,high_redundancy,NA,77,NA,NA,NA,NA,NA,NA,NA,NA,NA,NA,NA,NA,E3,5,1,0,1,0.001,0.10000000000000001,77,fit_complete,True,NA,NA,NA,NA,1,1,NA,209,E3|5|high_redundancy|0.001|0|1|0.35,topology_F1,1,1,unitless,identity,n==5; noise_fraction==0.001; practical; fixed replay classifications,77,NA,NA,NA,NA,NA,NA,NA,NA,NA,NA,NA,NA,NA,0.34999999999999998,True
3,e,raw,results/k9_support_cutoff_replicates.csv,841cf9af54792f20a6208e689a61912e362ff1bd3c7ef926c85821277f6829dd,moderate_redundancy,NA,37,NA,NA,NA,NA,NA,NA,NA,NA,NA,NA,NA,NA,E3,5,1,0,2,0.001,0.10000000000000001,37,fit_complete,True,NA,NA,NA,NA,0.71428571429999999,1,NA,215,E3|5|moderate_redundancy|0.001|0|2|0.15,topology_F1,0.83333333330000003,0.83333333330000003,unitless,identity,n==5; noise_fraction==0.001; practical; fixed replay classifications,37,NA,NA,NA,NA,NA,NA,NA,NA,NA,NA,NA,NA,NA,0.14999999999999999,True
3,e,raw,results/k9_support_cutoff_replicates.csv,841cf9af54792f20a6208e689a61912e362ff1bd3c7ef926c85821277f6829dd,moderate_redundancy,NA,37,NA,NA,NA,NA,NA,NA,NA,NA,NA,NA,NA,NA,E3,5,1,0,2,0.001,0.10000000000000001,37,fit_complete,True,NA,NA,NA,NA,0.71428571429999999,1,NA,216,E3|5|moderate_redundancy|0.001|0|2|0.2,topology_F1,0.83333333330000003,0.83333333330000003,unitless,identity,n==5; noise_fraction==0.001; practical; fixed replay classifications,37,NA,NA,NA,NA,NA,NA,NA,NA,NA,NA,NA,NA,NA,0.20000000000000001,True
3,e,raw,results/k9_support_cutoff_replicates.csv,841cf9af54792f20a6208e689a61912e362ff1bd3c7ef926c85821277f6829dd,moderate_redundancy,NA,37,NA,NA,NA,NA,NA,NA,NA,NA,NA,NA,NA,NA,E3,5,1,0,2,0.001,0.10000000000000001,37,fit_complete,True,NA,NA,NA,NA,0.83333333330000003,1,NA,217,E3|5|moderate_redundancy|0.001|0|2|0.25,topology_F1,0.90909090910000001,0.90909090910000001,unitless,identity,n==5; noise_fraction==0.001; practical; fixed replay classifications,37,NA,NA,NA,NA,NA,NA,NA,NA,NA,NA,NA,NA,NA,0.25,True
3,e,raw,results/k9_support_cutoff_replicates.csv,841cf9af54792f20a6208e689a61912e362ff1bd3c7ef926c85821277f6829dd,moderate_redundancy,NA,37,NA,NA,NA,NA,NA,NA,NA,NA,NA,NA,NA,NA,E3,5,1,0,2,0.001,0.10000000000000001,37,fit_complete,True,NA,NA,NA,NA,1,1,NA,218,E3|5|moderate_redundancy|0.001|0|2|0.3,topology_F1,1,1,unitless,identity,n==5; noise_fraction==0.001; practical; fixed replay classifications,37,NA,NA,NA,NA,NA,NA,NA,NA,NA,NA,NA,NA,NA,0.29999999999999999,True
3,e,raw,results/k9_support_cutoff_replicates.csv,841cf9af54792f20a6208e689a61912e362ff1bd3c7ef926c85821277f6829dd,moderate_redundancy,NA,37,NA,NA,NA,NA,NA,NA,NA,NA,NA,NA,NA,NA,E3,5,1,0,2,0.001,0.10000000000000001,37,fit_complete,True,NA,NA,NA,NA,1,1,NA,219,E3|5|moderate_redundancy|0.001|0|2|0.35,topology_F1,1,1,unitless,identity,n==5; noise_fraction==0.001; practical; fixed replay classifications,37,NA,NA,NA,NA,NA,NA,NA,NA,NA,NA,NA,NA,NA,0.34999999999999998,True
3,e,raw,results/k9_support_cutoff_replicates.csv,841cf9af54792f20a6208e689a61912e362ff1bd3c7ef926c85821277f6829dd,high_redundancy,NA,77,NA,NA,NA,NA,NA,NA,NA,NA,NA,NA,NA,NA,E3,5,1,0,2,0.001,0.10000000000000001,77,fit_complete,True,NA,NA,NA,NA,1,1,NA,220,E3|5|high_redundancy|0.001|0|2|0.15,topology_F1,1,1,unitless,identity,n==5; noise_fraction==0.001; practical; fixed replay classifications,77,NA,NA,NA,NA,NA,NA,NA,NA,NA,NA,NA,NA,NA,0.14999999999999999,True
3,e,raw,results/k9_support_cutoff_replicates.csv,841cf9af54792f20a6208e689a61912e362ff1bd3c7ef926c85821277f6829dd,high_redundancy,NA,77,NA,NA,NA,NA,NA,NA,NA,NA,NA,NA,NA,NA,E3,5,1,0,2,0.001,0.10000000000000001,77,fit_complete,True,NA,NA,NA,NA,1,1,NA,221,E3|5|high_redundancy|0.001|0|2|0.2,topology_F1,1,1,unitless,identity,n==5; noise_fraction==0.001; practical; fixed replay classifications,77,NA,NA,NA,NA,NA,NA,NA,NA,NA,NA,NA,NA,NA,0.20000000000000001,True
3,e,raw,results/k9_support_cutoff_replicates.csv,841cf9af54792f20a6208e689a61912e362ff1bd3c7ef926c85821277f6829dd,high_redundancy,NA,77,NA,NA,NA,NA,NA,NA,NA,NA,NA,NA,NA,NA,E3,5,1,0,2,0.001,0.10000000000000001,77,fit_complete,True,NA,NA,NA,NA,1,1,NA,222,E3|5|high_redundancy|0.001|0|2|0.25,topology_F1,1,1,unitless,identity,n==5; noise_fraction==0.001; practical; fixed replay classifications,77,NA,NA,NA,NA,NA,NA,NA,NA,NA,NA,NA,NA,NA,0.25,True
3,e,raw,results/k9_support_cutoff_replicates.csv,841cf9af54792f20a6208e689a61912e362ff1bd3c7ef926c85821277f6829dd,high_redundancy,NA,77,NA,NA,NA,NA,NA,NA,NA,NA,NA,NA,NA,NA,E3,5,1,0,2,0.001,0.10000000000000001,77,fit_complete,True,NA,NA,NA,NA,1,1,NA,223,E3|5|high_redundancy|0.001|0|2|0.3,topology_F1,1,1,unitless,identity,n==5; noise_fraction==0.001; practical; fixed replay classifications,77,NA,NA,NA,NA,NA,NA,NA,NA,NA,NA,NA,NA,NA,0.29999999999999999,True
3,e,raw,results/k9_support_cutoff_replicates.csv,841cf9af54792f20a6208e689a61912e362ff1bd3c7ef926c85821277f6829dd,high_redundancy,NA,77,NA,NA,NA,NA,NA,NA,NA,NA,NA,NA,NA,NA,E3,5,1,0,2,0.001,0.10000000000000001,77,fit_complete,True,NA,NA,NA,NA,1,1,NA,224,E3|5|high_redundancy|0.001|0|2|0.35,topology_F1,1,1,unitless,identity,n==5; noise_fraction==0.001; practical; fixed replay classifications,77,NA,NA,NA,NA,NA,NA,NA,NA,NA,NA,NA,NA,NA,0.34999999999999998,True
3,e,raw,results/k9_support_cutoff_replicates.csv,841cf9af54792f20a6208e689a61912e362ff1bd3c7ef926c85821277f6829dd,moderate_redundancy,NA,37,NA,NA,NA,NA,NA,NA,NA,NA,NA,NA,NA,NA,E3,5,1,0,3,0.001,0.10000000000000001,37,fit_complete,True,NA,NA,NA,NA,0.83333333330000003,1,NA,230,E3|5|moderate_redundancy|0.001|0|3|0.15,topology_F1,0.90909090910000001,0.90909090910000001,unitless,identity,n==5; noise_fraction==0.001; practical; fixed replay classifications,37,NA,NA,NA,NA,NA,NA,NA,NA,NA,NA,NA,NA,NA,0.14999999999999999,True
3,e,raw,results/k9_support_cutoff_replicates.csv,841cf9af54792f20a6208e689a61912e362ff1bd3c7ef926c85821277f6829dd,moderate_redundancy,NA,37,NA,NA,NA,NA,NA,NA,NA,NA,NA,NA,NA,NA,E3,5,1,0,3,0.001,0.10000000000000001,37,fit_complete,True,NA,NA,NA,NA,0.83333333330000003,1,NA,231,E3|5|moderate_redundancy|0.001|0|3|0.2,topology_F1,0.90909090910000001,0.90909090910000001,unitless,identity,n==5; noise_fraction==0.001; practical; fixed replay classifications,37,NA,NA,NA,NA,NA,NA,NA,NA,NA,NA,NA,NA,NA,0.20000000000000001,True
3,e,raw,results/k9_support_cutoff_replicates.csv,841cf9af54792f20a6208e689a61912e362ff1bd3c7ef926c85821277f6829dd,moderate_redundancy,NA,37,NA,NA,NA,NA,NA,NA,NA,NA,NA,NA,NA,NA,E3,5,1,0,3,0.001,0.10000000000000001,37,fit_complete,True,NA,NA,NA,NA,0.83333333330000003,1,NA,232,E3|5|moderate_redundancy|0.001|0|3|0.25,topology_F1,0.90909090910000001,0.90909090910000001,unitless,identity,n==5; noise_fraction==0.001; practical; fixed replay classifications,37,NA,NA,NA,NA,NA,NA,NA,NA,NA,NA,NA,NA,NA,0.25,True
3,e,raw,results/k9_support_cutoff_replicates.csv,841cf9af54792f20a6208e689a61912e362ff1bd3c7ef926c85821277f6829dd,moderate_redundancy,NA,37,NA,NA,NA,NA,NA,NA,NA,NA,NA,NA,NA,NA,E3,5,1,0,3,0.001,0.10000000000000001,37,fit_complete,True,NA,NA,NA,NA,0.83333333330000003,1,NA,233,E3|5|moderate_redundancy|0.001|0|3|0.3,topology_F1,0.90909090910000001,0.90909090910000001,unitless,identity,n==5; noise_fraction==0.001; practical; fixed replay classifications,37,NA,NA,NA,NA,NA,NA,NA,NA,NA,NA,NA,NA,NA,0.29999999999999999,True
3,e,raw,results/k9_support_cutoff_replicates.csv,841cf9af54792f20a6208e689a61912e362ff1bd3c7ef926c85821277f6829dd,moderate_redundancy,NA,37,NA,NA,NA,NA,NA,NA,NA,NA,NA,NA,NA,NA,E3,5,1,0,3,0.001,0.10000000000000001,37,fit_complete,True,NA,NA,NA,NA,0.83333333330000003,1,NA,234,E3|5|moderate_redundancy|0.001|0|3|0.35,topology_F1,0.90909090910000001,0.90909090910000001,unitless,identity,n==5; noise_fraction==0.001; practical; fixed replay classifications,37,NA,NA,NA,NA,NA,NA,NA,NA,NA,NA,NA,NA,NA,0.34999999999999998,True
3,e,raw,results/k9_support_cutoff_replicates.csv,841cf9af54792f20a6208e689a61912e362ff1bd3c7ef926c85821277f6829dd,high_redundancy,NA,77,NA,NA,NA,NA,NA,NA,NA,NA,NA,NA,NA,NA,E3,5,1,0,3,0.001,0.10000000000000001,77,fit_complete,True,NA,NA,NA,NA,1,1,NA,235,E3|5|high_redundancy|0.001|0|3|0.15,topology_F1,1,1,unitless,identity,n==5; noise_fraction==0.001; practical; fixed replay classifications,77,NA,NA,NA,NA,NA,NA,NA,NA,NA,NA,NA,NA,NA,0.14999999999999999,True
3,e,raw,results/k9_support_cutoff_replicates.csv,841cf9af54792f20a6208e689a61912e362ff1bd3c7ef926c85821277f6829dd,high_redundancy,NA,77,NA,NA,NA,NA,NA,NA,NA,NA,NA,NA,NA,NA,E3,5,1,0,3,0.001,0.10000000000000001,77,fit_complete,True,NA,NA,NA,NA,1,1,NA,236,E3|5|high_redundancy|0.001|0|3|0.2,topology_F1,1,1,unitless,identity,n==5; noise_fraction==0.001; practical; fixed replay classifications,77,NA,NA,NA,NA,NA,NA,NA,NA,NA,NA,NA,NA,NA,0.20000000000000001,True
3,e,raw,results/k9_support_cutoff_replicates.csv,841cf9af54792f20a6208e689a61912e362ff1bd3c7ef926c85821277f6829dd,high_redundancy,NA,77,NA,NA,NA,NA,NA,NA,NA,NA,NA,NA,NA,NA,E3,5,1,0,3,0.001,0.10000000000000001,77,fit_complete,True,NA,NA,NA,NA,1,1,NA,237,E3|5|high_redundancy|0.001|0|3|0.25,topology_F1,1,1,unitless,identity,n==5; noise_fraction==0.001; practical; fixed replay classifications,77,NA,NA,NA,NA,NA,NA,NA,NA,NA,NA,NA,NA,NA,0.25,True
3,e,raw,results/k9_support_cutoff_replicates.csv,841cf9af54792f20a6208e689a61912e362ff1bd3c7ef926c85821277f6829dd,high_redundancy,NA,77,NA,NA,NA,NA,NA,NA,NA,NA,NA,NA,NA,NA,E3,5,1,0,3,0.001,0.10000000000000001,77,fit_complete,True,NA,NA,NA,NA,1,1,NA,238,E3|5|high_redundancy|0.001|0|3|0.3,topology_F1,1,1,unitless,identity,n==5; noise_fraction==0.001; practical; fixed replay classifications,77,NA,NA,NA,NA,NA,NA,NA,NA,NA,NA,NA,NA,NA,0.29999999999999999,True
3,e,raw,results/k9_support_cutoff_replicates.csv,841cf9af54792f20a6208e689a61912e362ff1bd3c7ef926c85821277f6829dd,high_redundancy,NA,77,NA,NA,NA,NA,NA,NA,NA,NA,NA,NA,NA,NA,E3,5,1,0,3,0.001,0.10000000000000001,77,fit_complete,True,NA,NA,NA,NA,1,1,NA,239,E3|5|high_redundancy|0.001|0|3|0.35,topology_F1,1,1,unitless,identity,n==5; noise_fraction==0.001; practical; fixed replay classifications,77,NA,NA,NA,NA,NA,NA,NA,NA,NA,NA,NA,NA,NA,0.34999999999999998,True
3,e,raw,results/k9_support_cutoff_replicates.csv,841cf9af54792f20a6208e689a61912e362ff1bd3c7ef926c85821277f6829dd,moderate_redundancy,NA,37,NA,NA,NA,NA,NA,NA,NA,NA,NA,NA,NA,NA,E3,5,1,1,0,0.001,0.10000000000000001,37,fit_complete,True,NA,NA,NA,NA,0.71428571429999999,1,NA,485,E3|5|moderate_redundancy|0.001|1|0|0.15,topology_F1,0.83333333330000003,0.83333333330000003,unitless,identity,n==5; noise_fraction==0.001; practical; fixed replay classifications,37,NA,NA,NA,NA,NA,NA,NA,NA,NA,NA,NA,NA,NA,0.14999999999999999,True
3,e,raw,results/k9_support_cutoff_replicates.csv,841cf9af54792f20a6208e689a61912e362ff1bd3c7ef926c85821277f6829dd,moderate_redundancy,NA,37,NA,NA,NA,NA,NA,NA,NA,NA,NA,NA,NA,NA,E3,5,1,1,0,0.001,0.10000000000000001,37,fit_complete,True,NA,NA,NA,NA,0.71428571429999999,1,NA,486,E3|5|moderate_redundancy|0.001|1|0|0.2,topology_F1,0.83333333330000003,0.83333333330000003,unitless,identity,n==5; noise_fraction==0.001; practical; fixed replay classifications,37,NA,NA,NA,NA,NA,NA,NA,NA,NA,NA,NA,NA,NA,0.20000000000000001,True
3,e,raw,results/k9_support_cutoff_replicates.csv,841cf9af54792f20a6208e689a61912e362ff1bd3c7ef926c85821277f6829dd,moderate_redundancy,NA,37,NA,NA,NA,NA,NA,NA,NA,NA,NA,NA,NA,NA,E3,5,1,1,0,0.001,0.10000000000000001,37,fit_complete,True,NA,NA,NA,NA,0.83333333330000003,1,NA,487,E3|5|moderate_redundancy|0.001|1|0|0.25,topology_F1,0.90909090910000001,0.90909090910000001,unitless,identity,n==5; noise_fraction==0.001; practical; fixed replay classifications,37,NA,NA,NA,NA,NA,NA,NA,NA,NA,NA,NA,NA,NA,0.25,True
3,e,raw,results/k9_support_cutoff_replicates.csv,841cf9af54792f20a6208e689a61912e362ff1bd3c7ef926c85821277f6829dd,moderate_redundancy,NA,37,NA,NA,NA,NA,NA,NA,NA,NA,NA,NA,NA,NA,E3,5,1,1,0,0.001,0.10000000000000001,37,fit_complete,True,NA,NA,NA,NA,0.83333333330000003,1,NA,488,E3|5|moderate_redundancy|0.001|1|0|0.3,topology_F1,0.90909090910000001,0.90909090910000001,unitless,identity,n==5; noise_fraction==0.001; practical; fixed replay classifications,37,NA,NA,NA,NA,NA,NA,NA,NA,NA,NA,NA,NA,NA,0.29999999999999999,True
3,e,raw,results/k9_support_cutoff_replicates.csv,841cf9af54792f20a6208e689a61912e362ff1bd3c7ef926c85821277f6829dd,moderate_redundancy,NA,37,NA,NA,NA,NA,NA,NA,NA,NA,NA,NA,NA,NA,E3,5,1,1,0,0.001,0.10000000000000001,37,fit_complete,True,NA,NA,NA,NA,0.83333333330000003,1,NA,489,E3|5|moderate_redundancy|0.001|1|0|0.35,topology_F1,0.90909090910000001,0.90909090910000001,unitless,identity,n==5; noise_fraction==0.001; practical; fixed replay classifications,37,NA,NA,NA,NA,NA,NA,NA,NA,NA,NA,NA,NA,NA,0.34999999999999998,True
3,e,raw,results/k9_support_cutoff_replicates.csv,841cf9af54792f20a6208e689a61912e362ff1bd3c7ef926c85821277f6829dd,high_redundancy,NA,77,NA,NA,NA,NA,NA,NA,NA,NA,NA,NA,NA,NA,E3,5,1,1,0,0.001,0.10000000000000001,77,fit_complete,True,NA,NA,NA,NA,1,1,NA,490,E3|5|high_redundancy|0.001|1|0|0.15,topology_F1,1,1,unitless,identity,n==5; noise_fraction==0.001; practical; fixed replay classifications,77,NA,NA,NA,NA,NA,NA,NA,NA,NA,NA,NA,NA,NA,0.14999999999999999,True
3,e,raw,results/k9_support_cutoff_replicates.csv,841cf9af54792f20a6208e689a61912e362ff1bd3c7ef926c85821277f6829dd,high_redundancy,NA,77,NA,NA,NA,NA,NA,NA,NA,NA,NA,NA,NA,NA,E3,5,1,1,0,0.001,0.10000000000000001,77,fit_complete,True,NA,NA,NA,NA,1,1,NA,491,E3|5|high_redundancy|0.001|1|0|0.2,topology_F1,1,1,unitless,identity,n==5; noise_fraction==0.001; practical; fixed replay classifications,77,NA,NA,NA,NA,NA,NA,NA,NA,NA,NA,NA,NA,NA,0.20000000000000001,True
3,e,raw,results/k9_support_cutoff_replicates.csv,841cf9af54792f20a6208e689a61912e362ff1bd3c7ef926c85821277f6829dd,high_redundancy,NA,77,NA,NA,NA,NA,NA,NA,NA,NA,NA,NA,NA,NA,E3,5,1,1,0,0.001,0.10000000000000001,77,fit_complete,True,NA,NA,NA,NA,1,1,NA,492,E3|5|high_redundancy|0.001|1|0|0.25,topology_F1,1,1,unitless,identity,n==5; noise_fraction==0.001; practical; fixed replay classifications,77,NA,NA,NA,NA,NA,NA,NA,NA,NA,NA,NA,NA,NA,0.25,True
3,e,raw,results/k9_support_cutoff_replicates.csv,841cf9af54792f20a6208e689a61912e362ff1bd3c7ef926c85821277f6829dd,high_redundancy,NA,77,NA,NA,NA,NA,NA,NA,NA,NA,NA,NA,NA,NA,E3,5,1,1,0,0.001,0.10000000000000001,77,fit_complete,True,NA,NA,NA,NA,1,1,NA,493,E3|5|high_redundancy|0.001|1|0|0.3,topology_F1,1,1,unitless,identity,n==5; noise_fraction==0.001; practical; fixed replay classifications,77,NA,NA,NA,NA,NA,NA,NA,NA,NA,NA,NA,NA,NA,0.29999999999999999,True
3,e,raw,results/k9_support_cutoff_replicates.csv,841cf9af54792f20a6208e689a61912e362ff1bd3c7ef926c85821277f6829dd,high_redundancy,NA,77,NA,NA,NA,NA,NA,NA,NA,NA,NA,NA,NA,NA,E3,5,1,1,0,0.001,0.10000000000000001,77,fit_complete,True,NA,NA,NA,NA,1,1,NA,494,E3|5|high_redundancy|0.001|1|0|0.35,topology_F1,1,1,unitless,identity,n==5; noise_fraction==0.001; practical; fixed replay classifications,77,NA,NA,NA,NA,NA,NA,NA,NA,NA,NA,NA,NA,NA,0.34999999999999998,True
3,e,raw,results/k9_support_cutoff_replicates.csv,841cf9af54792f20a6208e689a61912e362ff1bd3c7ef926c85821277f6829dd,moderate_redundancy,NA,37,NA,NA,NA,NA,NA,NA,NA,NA,NA,NA,NA,NA,E3,5,1,1,1,0.001,0.10000000000000001,37,fit_complete,True,NA,NA,NA,NA,0.57142857140000003,0.80000000000000004,NA,500,E3|5|moderate_redundancy|0.001|1|1|0.15,topology_F1,0.66666666669999997,0.66666666669999997,unitless,identity,n==5; noise_fraction==0.001; practical; fixed replay classifications,37,NA,NA,NA,NA,NA,NA,NA,NA,NA,NA,NA,NA,NA,0.14999999999999999,True
3,e,raw,results/k9_support_cutoff_replicates.csv,841cf9af54792f20a6208e689a61912e362ff1bd3c7ef926c85821277f6829dd,moderate_redundancy,NA,37,NA,NA,NA,NA,NA,NA,NA,NA,NA,NA,NA,NA,E3,5,1,1,1,0.001,0.10000000000000001,37,fit_complete,True,NA,NA,NA,NA,0.66666666669999997,0.80000000000000004,NA,501,E3|5|moderate_redundancy|0.001|1|1|0.2,topology_F1,0.72727272730000003,0.72727272730000003,unitless,identity,n==5; noise_fraction==0.001; practical; fixed replay classifications,37,NA,NA,NA,NA,NA,NA,NA,NA,NA,NA,NA,NA,NA,0.20000000000000001,True
3,e,raw,results/k9_support_cutoff_replicates.csv,841cf9af54792f20a6208e689a61912e362ff1bd3c7ef926c85821277f6829dd,moderate_redundancy,NA,37,NA,NA,NA,NA,NA,NA,NA,NA,NA,NA,NA,NA,E3,5,1,1,1,0.001,0.10000000000000001,37,fit_complete,True,NA,NA,NA,NA,0.66666666669999997,0.80000000000000004,NA,502,E3|5|moderate_redundancy|0.001|1|1|0.25,topology_F1,0.72727272730000003,0.72727272730000003,unitless,identity,n==5; noise_fraction==0.001; practical; fixed replay classifications,37,NA,NA,NA,NA,NA,NA,NA,NA,NA,NA,NA,NA,NA,0.25,True
3,e,raw,results/k9_support_cutoff_replicates.csv,841cf9af54792f20a6208e689a61912e362ff1bd3c7ef926c85821277f6829dd,moderate_redundancy,NA,37,NA,NA,NA,NA,NA,NA,NA,NA,NA,NA,NA,NA,E3,5,1,1,1,0.001,0.10000000000000001,37,fit_complete,True,NA,NA,NA,NA,0.66666666669999997,0.80000000000000004,NA,503,E3|5|moderate_redundancy|0.001|1|1|0.3,topology_F1,0.72727272730000003,0.72727272730000003,unitless,identity,n==5; noise_fraction==0.001; practical; fixed replay classifications,37,NA,NA,NA,NA,NA,NA,NA,NA,NA,NA,NA,NA,NA,0.29999999999999999,True
3,e,raw,results/k9_support_cutoff_replicates.csv,841cf9af54792f20a6208e689a61912e362ff1bd3c7ef926c85821277f6829dd,moderate_redundancy,NA,37,NA,NA,NA,NA,NA,NA,NA,NA,NA,NA,NA,NA,E3,5,1,1,1,0.001,0.10000000000000001,37,fit_complete,True,NA,NA,NA,NA,0.80000000000000004,0.80000000000000004,NA,504,E3|5|moderate_redundancy|0.001|1|1|0.35,topology_F1,0.80000000000000004,0.80000000000000004,unitless,identity,n==5; noise_fraction==0.001; practical; fixed replay classifications,37,NA,NA,NA,NA,NA,NA,NA,NA,NA,NA,NA,NA,NA,0.34999999999999998,True
3,e,raw,results/k9_support_cutoff_replicates.csv,841cf9af54792f20a6208e689a61912e362ff1bd3c7ef926c85821277f6829dd,high_redundancy,NA,77,NA,NA,NA,NA,NA,NA,NA,NA,NA,NA,NA,NA,E3,5,1,1,1,0.001,0.10000000000000001,77,fit_complete,True,NA,NA,NA,NA,1,1,NA,505,E3|5|high_redundancy|0.001|1|1|0.15,topology_F1,1,1,unitless,identity,n==5; noise_fraction==0.001; practical; fixed replay classifications,77,NA,NA,NA,NA,NA,NA,NA,NA,NA,NA,NA,NA,NA,0.14999999999999999,True
3,e,raw,results/k9_support_cutoff_replicates.csv,841cf9af54792f20a6208e689a61912e362ff1bd3c7ef926c85821277f6829dd,high_redundancy,NA,77,NA,NA,NA,NA,NA,NA,NA,NA,NA,NA,NA,NA,E3,5,1,1,1,0.001,0.10000000000000001,77,fit_complete,True,NA,NA,NA,NA,1,1,NA,506,E3|5|high_redundancy|0.001|1|1|0.2,topology_F1,1,1,unitless,identity,n==5; noise_fraction==0.001; practical; fixed replay classifications,77,NA,NA,NA,NA,NA,NA,NA,NA,NA,NA,NA,NA,NA,0.20000000000000001,True
3,e,raw,results/k9_support_cutoff_replicates.csv,841cf9af54792f20a6208e689a61912e362ff1bd3c7ef926c85821277f6829dd,high_redundancy,NA,77,NA,NA,NA,NA,NA,NA,NA,NA,NA,NA,NA,NA,E3,5,1,1,1,0.001,0.10000000000000001,77,fit_complete,True,NA,NA,NA,NA,1,1,NA,507,E3|5|high_redundancy|0.001|1|1|0.25,topology_F1,1,1,unitless,identity,n==5; noise_fraction==0.001; practical; fixed replay classifications,77,NA,NA,NA,NA,NA,NA,NA,NA,NA,NA,NA,NA,NA,0.25,True
3,e,raw,results/k9_support_cutoff_replicates.csv,841cf9af54792f20a6208e689a61912e362ff1bd3c7ef926c85821277f6829dd,high_redundancy,NA,77,NA,NA,NA,NA,NA,NA,NA,NA,NA,NA,NA,NA,E3,5,1,1,1,0.001,0.10000000000000001,77,fit_complete,True,NA,NA,NA,NA,1,1,NA,508,E3|5|high_redundancy|0.001|1|1|0.3,topology_F1,1,1,unitless,identity,n==5; noise_fraction==0.001; practical; fixed replay classifications,77,NA,NA,NA,NA,NA,NA,NA,NA,NA,NA,NA,NA,NA,0.29999999999999999,True
3,e,raw,results/k9_support_cutoff_replicates.csv,841cf9af54792f20a6208e689a61912e362ff1bd3c7ef926c85821277f6829dd,high_redundancy,NA,77,NA,NA,NA,NA,NA,NA,NA,NA,NA,NA,NA,NA,E3,5,1,1,1,0.001,0.10000000000000001,77,fit_complete,True,NA,NA,NA,NA,1,1,NA,509,E3|5|high_redundancy|0.001|1|1|0.35,topology_F1,1,1,unitless,identity,n==5; noise_fraction==0.001; practical; fixed replay classifications,77,NA,NA,NA,NA,NA,NA,NA,NA,NA,NA,NA,NA,NA,0.34999999999999998,True
3,e,raw,results/k9_support_cutoff_replicates.csv,841cf9af54792f20a6208e689a61912e362ff1bd3c7ef926c85821277f6829dd,moderate_redundancy,NA,37,NA,NA,NA,NA,NA,NA,NA,NA,NA,NA,NA,NA,E3,5,1,1,2,0.001,0.10000000000000001,37,fit_complete,True,NA,NA,NA,NA,0.71428571429999999,1,NA,515,E3|5|moderate_redundancy|0.001|1|2|0.15,topology_F1,0.83333333330000003,0.83333333330000003,unitless,identity,n==5; noise_fraction==0.001; practical; fixed replay classifications,37,NA,NA,NA,NA,NA,NA,NA,NA,NA,NA,NA,NA,NA,0.14999999999999999,True
3,e,raw,results/k9_support_cutoff_replicates.csv,841cf9af54792f20a6208e689a61912e362ff1bd3c7ef926c85821277f6829dd,moderate_redundancy,NA,37,NA,NA,NA,NA,NA,NA,NA,NA,NA,NA,NA,NA,E3,5,1,1,2,0.001,0.10000000000000001,37,fit_complete,True,NA,NA,NA,NA,0.83333333330000003,1,NA,516,E3|5|moderate_redundancy|0.001|1|2|0.2,topology_F1,0.90909090910000001,0.90909090910000001,unitless,identity,n==5; noise_fraction==0.001; practical; fixed replay classifications,37,NA,NA,NA,NA,NA,NA,NA,NA,NA,NA,NA,NA,NA,0.20000000000000001,True
3,e,raw,results/k9_support_cutoff_replicates.csv,841cf9af54792f20a6208e689a61912e362ff1bd3c7ef926c85821277f6829dd,moderate_redundancy,NA,37,NA,NA,NA,NA,NA,NA,NA,NA,NA,NA,NA,NA,E3,5,1,1,2,0.001,0.10000000000000001,37,fit_complete,True,NA,NA,NA,NA,0.83333333330000003,1,NA,517,E3|5|moderate_redundancy|0.001|1|2|0.25,topology_F1,0.90909090910000001,0.90909090910000001,unitless,identity,n==5; noise_fraction==0.001; practical; fixed replay classifications,37,NA,NA,NA,NA,NA,NA,NA,NA,NA,NA,NA,NA,NA,0.25,True
3,e,raw,results/k9_support_cutoff_replicates.csv,841cf9af54792f20a6208e689a61912e362ff1bd3c7ef926c85821277f6829dd,moderate_redundancy,NA,37,NA,NA,NA,NA,NA,NA,NA,NA,NA,NA,NA,NA,E3,5,1,1,2,0.001,0.10000000000000001,37,fit_complete,True,NA,NA,NA,NA,0.83333333330000003,1,NA,518,E3|5|moderate_redundancy|0.001|1|2|0.3,topology_F1,0.90909090910000001,0.90909090910000001,unitless,identity,n==5; noise_fraction==0.001; practical; fixed replay classifications,37,NA,NA,NA,NA,NA,NA,NA,NA,NA,NA,NA,NA,NA,0.29999999999999999,True
3,e,raw,results/k9_support_cutoff_replicates.csv,841cf9af54792f20a6208e689a61912e362ff1bd3c7ef926c85821277f6829dd,moderate_redundancy,NA,37,NA,NA,NA,NA,NA,NA,NA,NA,NA,NA,NA,NA,E3,5,1,1,2,0.001,0.10000000000000001,37,fit_complete,True,NA,NA,NA,NA,0.83333333330000003,1,NA,519,E3|5|moderate_redundancy|0.001|1|2|0.35,topology_F1,0.90909090910000001,0.90909090910000001,unitless,identity,n==5; noise_fraction==0.001; practical; fixed replay classifications,37,NA,NA,NA,NA,NA,NA,NA,NA,NA,NA,NA,NA,NA,0.34999999999999998,True
3,e,raw,results/k9_support_cutoff_replicates.csv,841cf9af54792f20a6208e689a61912e362ff1bd3c7ef926c85821277f6829dd,high_redundancy,NA,77,NA,NA,NA,NA,NA,NA,NA,NA,NA,NA,NA,NA,E3,5,1,1,2,0.001,0.10000000000000001,77,fit_complete,True,NA,NA,NA,NA,0.83333333330000003,1,NA,520,E3|5|high_redundancy|0.001|1|2|0.15,topology_F1,0.90909090910000001,0.90909090910000001,unitless,identity,n==5; noise_fraction==0.001; practical; fixed replay classifications,77,NA,NA,NA,NA,NA,NA,NA,NA,NA,NA,NA,NA,NA,0.14999999999999999,True
3,e,raw,results/k9_support_cutoff_replicates.csv,841cf9af54792f20a6208e689a61912e362ff1bd3c7ef926c85821277f6829dd,high_redundancy,NA,77,NA,NA,NA,NA,NA,NA,NA,NA,NA,NA,NA,NA,E3,5,1,1,2,0.001,0.10000000000000001,77,fit_complete,True,NA,NA,NA,NA,1,1,NA,521,E3|5|high_redundancy|0.001|1|2|0.2,topology_F1,1,1,unitless,identity,n==5; noise_fraction==0.001; practical; fixed replay classifications,77,NA,NA,NA,NA,NA,NA,NA,NA,NA,NA,NA,NA,NA,0.20000000000000001,True
3,e,raw,results/k9_support_cutoff_replicates.csv,841cf9af54792f20a6208e689a61912e362ff1bd3c7ef926c85821277f6829dd,high_redundancy,NA,77,NA,NA,NA,NA,NA,NA,NA,NA,NA,NA,NA,NA,E3,5,1,1,2,0.001,0.10000000000000001,77,fit_complete,True,NA,NA,NA,NA,1,1,NA,522,E3|5|high_redundancy|0.001|1|2|0.25,topology_F1,1,1,unitless,identity,n==5; noise_fraction==0.001; practical; fixed replay classifications,77,NA,NA,NA,NA,NA,NA,NA,NA,NA,NA,NA,NA,NA,0.25,True
3,e,raw,results/k9_support_cutoff_replicates.csv,841cf9af54792f20a6208e689a61912e362ff1bd3c7ef926c85821277f6829dd,high_redundancy,NA,77,NA,NA,NA,NA,NA,NA,NA,NA,NA,NA,NA,NA,E3,5,1,1,2,0.001,0.10000000000000001,77,fit_complete,True,NA,NA,NA,NA,1,1,NA,523,E3|5|high_redundancy|0.001|1|2|0.3,topology_F1,1,1,unitless,identity,n==5; noise_fraction==0.001; practical; fixed replay classifications,77,NA,NA,NA,NA,NA,NA,NA,NA,NA,NA,NA,NA,NA,0.29999999999999999,True
3,e,raw,results/k9_support_cutoff_replicates.csv,841cf9af54792f20a6208e689a61912e362ff1bd3c7ef926c85821277f6829dd,high_redundancy,NA,77,NA,NA,NA,NA,NA,NA,NA,NA,NA,NA,NA,NA,E3,5,1,1,2,0.001,0.10000000000000001,77,fit_complete,True,NA,NA,NA,NA,1,1,NA,524,E3|5|high_redundancy|0.001|1|2|0.35,topology_F1,1,1,unitless,identity,n==5; noise_fraction==0.001; practical; fixed replay classifications,77,NA,NA,NA,NA,NA,NA,NA,NA,NA,NA,NA,NA,NA,0.34999999999999998,True
3,e,raw,results/k9_support_cutoff_replicates.csv,841cf9af54792f20a6208e689a61912e362ff1bd3c7ef926c85821277f6829dd,moderate_redundancy,NA,37,NA,NA,NA,NA,NA,NA,NA,NA,NA,NA,NA,NA,E3,5,1,1,3,0.001,0.10000000000000001,37,fit_complete,True,NA,NA,NA,NA,0.66666666669999997,0.80000000000000004,NA,530,E3|5|moderate_redundancy|0.001|1|3|0.15,topology_F1,0.72727272730000003,0.72727272730000003,unitless,identity,n==5; noise_fraction==0.001; practical; fixed replay classifications,37,NA,NA,NA,NA,NA,NA,NA,NA,NA,NA,NA,NA,NA,0.14999999999999999,True
3,e,raw,results/k9_support_cutoff_replicates.csv,841cf9af54792f20a6208e689a61912e362ff1bd3c7ef926c85821277f6829dd,moderate_redundancy,NA,37,NA,NA,NA,NA,NA,NA,NA,NA,NA,NA,NA,NA,E3,5,1,1,3,0.001,0.10000000000000001,37,fit_complete,True,NA,NA,NA,NA,0.66666666669999997,0.80000000000000004,NA,531,E3|5|moderate_redundancy|0.001|1|3|0.2,topology_F1,0.72727272730000003,0.72727272730000003,unitless,identity,n==5; noise_fraction==0.001; practical; fixed replay classifications,37,NA,NA,NA,NA,NA,NA,NA,NA,NA,NA,NA,NA,NA,0.20000000000000001,True
3,e,raw,results/k9_support_cutoff_replicates.csv,841cf9af54792f20a6208e689a61912e362ff1bd3c7ef926c85821277f6829dd,moderate_redundancy,NA,37,NA,NA,NA,NA,NA,NA,NA,NA,NA,NA,NA,NA,E3,5,1,1,3,0.001,0.10000000000000001,37,fit_complete,True,NA,NA,NA,NA,0.66666666669999997,0.80000000000000004,NA,532,E3|5|moderate_redundancy|0.001|1|3|0.25,topology_F1,0.72727272730000003,0.72727272730000003,unitless,identity,n==5; noise_fraction==0.001; practical; fixed replay classifications,37,NA,NA,NA,NA,NA,NA,NA,NA,NA,NA,NA,NA,NA,0.25,True
3,e,raw,results/k9_support_cutoff_replicates.csv,841cf9af54792f20a6208e689a61912e362ff1bd3c7ef926c85821277f6829dd,moderate_redundancy,NA,37,NA,NA,NA,NA,NA,NA,NA,NA,NA,NA,NA,NA,E3,5,1,1,3,0.001,0.10000000000000001,37,fit_complete,True,NA,NA,NA,NA,0.66666666669999997,0.80000000000000004,NA,533,E3|5|moderate_redundancy|0.001|1|3|0.3,topology_F1,0.72727272730000003,0.72727272730000003,unitless,identity,n==5; noise_fraction==0.001; practical; fixed replay classifications,37,NA,NA,NA,NA,NA,NA,NA,NA,NA,NA,NA,NA,NA,0.29999999999999999,True
3,e,raw,results/k9_support_cutoff_replicates.csv,841cf9af54792f20a6208e689a61912e362ff1bd3c7ef926c85821277f6829dd,moderate_redundancy,NA,37,NA,NA,NA,NA,NA,NA,NA,NA,NA,NA,NA,NA,E3,5,1,1,3,0.001,0.10000000000000001,37,fit_complete,True,NA,NA,NA,NA,0.66666666669999997,0.80000000000000004,NA,534,E3|5|moderate_redundancy|0.001|1|3|0.35,topology_F1,0.72727272730000003,0.72727272730000003,unitless,identity,n==5; noise_fraction==0.001; practical; fixed replay classifications,37,NA,NA,NA,NA,NA,NA,NA,NA,NA,NA,NA,NA,NA,0.34999999999999998,True
3,e,raw,results/k9_support_cutoff_replicates.csv,841cf9af54792f20a6208e689a61912e362ff1bd3c7ef926c85821277f6829dd,high_redundancy,NA,77,NA,NA,NA,NA,NA,NA,NA,NA,NA,NA,NA,NA,E3,5,1,1,3,0.001,0.10000000000000001,77,fit_complete,True,NA,NA,NA,NA,1,1,NA,535,E3|5|high_redundancy|0.001|1|3|0.15,topology_F1,1,1,unitless,identity,n==5; noise_fraction==0.001; practical; fixed replay classifications,77,NA,NA,NA,NA,NA,NA,NA,NA,NA,NA,NA,NA,NA,0.14999999999999999,True
3,e,raw,results/k9_support_cutoff_replicates.csv,841cf9af54792f20a6208e689a61912e362ff1bd3c7ef926c85821277f6829dd,high_redundancy,NA,77,NA,NA,NA,NA,NA,NA,NA,NA,NA,NA,NA,NA,E3,5,1,1,3,0.001,0.10000000000000001,77,fit_complete,True,NA,NA,NA,NA,1,1,NA,536,E3|5|high_redundancy|0.001|1|3|0.2,topology_F1,1,1,unitless,identity,n==5; noise_fraction==0.001; practical; fixed replay classifications,77,NA,NA,NA,NA,NA,NA,NA,NA,NA,NA,NA,NA,NA,0.20000000000000001,True
3,e,raw,results/k9_support_cutoff_replicates.csv,841cf9af54792f20a6208e689a61912e362ff1bd3c7ef926c85821277f6829dd,high_redundancy,NA,77,NA,NA,NA,NA,NA,NA,NA,NA,NA,NA,NA,NA,E3,5,1,1,3,0.001,0.10000000000000001,77,fit_complete,True,NA,NA,NA,NA,1,1,NA,537,E3|5|high_redundancy|0.001|1|3|0.25,topology_F1,1,1,unitless,identity,n==5; noise_fraction==0.001; practical; fixed replay classifications,77,NA,NA,NA,NA,NA,NA,NA,NA,NA,NA,NA,NA,NA,0.25,True
3,e,raw,results/k9_support_cutoff_replicates.csv,841cf9af54792f20a6208e689a61912e362ff1bd3c7ef926c85821277f6829dd,high_redundancy,NA,77,NA,NA,NA,NA,NA,NA,NA,NA,NA,NA,NA,NA,E3,5,1,1,3,0.001,0.10000000000000001,77,fit_complete,True,NA,NA,NA,NA,1,1,NA,538,E3|5|high_redundancy|0.001|1|3|0.3,topology_F1,1,1,unitless,identity,n==5; noise_fraction==0.001; practical; fixed replay classifications,77,NA,NA,NA,NA,NA,NA,NA,NA,NA,NA,NA,NA,NA,0.29999999999999999,True
3,e,raw,results/k9_support_cutoff_replicates.csv,841cf9af54792f20a6208e689a61912e362ff1bd3c7ef926c85821277f6829dd,high_redundancy,NA,77,NA,NA,NA,NA,NA,NA,NA,NA,NA,NA,NA,NA,E3,5,1,1,3,0.001,0.10000000000000001,77,fit_complete,True,NA,NA,NA,NA,1,1,NA,539,E3|5|high_redundancy|0.001|1|3|0.35,topology_F1,1,1,unitless,identity,n==5; noise_fraction==0.001; practical; fixed replay classifications,77,NA,NA,NA,NA,NA,NA,NA,NA,NA,NA,NA,NA,NA,0.34999999999999998,True
3,e,raw,results/k9_support_cutoff_replicates.csv,841cf9af54792f20a6208e689a61912e362ff1bd3c7ef926c85821277f6829dd,moderate_redundancy,NA,37,NA,NA,NA,NA,NA,NA,NA,NA,NA,NA,NA,NA,E4,5,0,0,0,0.001,0.10000000000000001,37,fit_complete,True,NA,NA,NA,NA,0.66666666669999997,1,NA,785,E4|5|moderate_redundancy|0.001|0|0|0.15,topology_F1,0.80000000000000004,0.80000000000000004,unitless,identity,n==5; noise_fraction==0.001; practical; fixed replay classifications,37,NA,NA,NA,NA,NA,NA,NA,NA,NA,NA,NA,NA,NA,0.14999999999999999,True
3,e,raw,results/k9_support_cutoff_replicates.csv,841cf9af54792f20a6208e689a61912e362ff1bd3c7ef926c85821277f6829dd,moderate_redundancy,NA,37,NA,NA,NA,NA,NA,NA,NA,NA,NA,NA,NA,NA,E4,5,0,0,0,0.001,0.10000000000000001,37,fit_complete,True,NA,NA,NA,NA,0.66666666669999997,1,NA,786,E4|5|moderate_redundancy|0.001|0|0|0.2,topology_F1,0.80000000000000004,0.80000000000000004,unitless,identity,n==5; noise_fraction==0.001; practical; fixed replay classifications,37,NA,NA,NA,NA,NA,NA,NA,NA,NA,NA,NA,NA,NA,0.20000000000000001,True
3,e,raw,results/k9_support_cutoff_replicates.csv,841cf9af54792f20a6208e689a61912e362ff1bd3c7ef926c85821277f6829dd,moderate_redundancy,NA,37,NA,NA,NA,NA,NA,NA,NA,NA,NA,NA,NA,NA,E4,5,0,0,0,0.001,0.10000000000000001,37,fit_complete,True,NA,NA,NA,NA,0.80000000000000004,1,NA,787,E4|5|moderate_redundancy|0.001|0|0|0.25,topology_F1,0.88888888889999995,0.88888888889999995,unitless,identity,n==5; noise_fraction==0.001; practical; fixed replay classifications,37,NA,NA,NA,NA,NA,NA,NA,NA,NA,NA,NA,NA,NA,0.25,True
3,e,raw,results/k9_support_cutoff_replicates.csv,841cf9af54792f20a6208e689a61912e362ff1bd3c7ef926c85821277f6829dd,moderate_redundancy,NA,37,NA,NA,NA,NA,NA,NA,NA,NA,NA,NA,NA,NA,E4,5,0,0,0,0.001,0.10000000000000001,37,fit_complete,True,NA,NA,NA,NA,0.80000000000000004,1,NA,788,E4|5|moderate_redundancy|0.001|0|0|0.3,topology_F1,0.88888888889999995,0.88888888889999995,unitless,identity,n==5; noise_fraction==0.001; practical; fixed replay classifications,37,NA,NA,NA,NA,NA,NA,NA,NA,NA,NA,NA,NA,NA,0.29999999999999999,True
3,e,raw,results/k9_support_cutoff_replicates.csv,841cf9af54792f20a6208e689a61912e362ff1bd3c7ef926c85821277f6829dd,moderate_redundancy,NA,37,NA,NA,NA,NA,NA,NA,NA,NA,NA,NA,NA,NA,E4,5,0,0,0,0.001,0.10000000000000001,37,fit_complete,True,NA,NA,NA,NA,0.80000000000000004,1,NA,789,E4|5|moderate_redundancy|0.001|0|0|0.35,topology_F1,0.88888888889999995,0.88888888889999995,unitless,identity,n==5; noise_fraction==0.001; practical; fixed replay classifications,37,NA,NA,NA,NA,NA,NA,NA,NA,NA,NA,NA,NA,NA,0.34999999999999998,True
3,e,raw,results/k9_support_cutoff_replicates.csv,841cf9af54792f20a6208e689a61912e362ff1bd3c7ef926c85821277f6829dd,high_redundancy,NA,77,NA,NA,NA,NA,NA,NA,NA,NA,NA,NA,NA,NA,E4,5,0,0,0,0.001,0.10000000000000001,77,fit_complete,True,NA,NA,NA,NA,0.80000000000000004,1,NA,790,E4|5|high_redundancy|0.001|0|0|0.15,topology_F1,0.88888888889999995,0.88888888889999995,unitless,identity,n==5; noise_fraction==0.001; practical; fixed replay classifications,77,NA,NA,NA,NA,NA,NA,NA,NA,NA,NA,NA,NA,NA,0.14999999999999999,True
3,e,raw,results/k9_support_cutoff_replicates.csv,841cf9af54792f20a6208e689a61912e362ff1bd3c7ef926c85821277f6829dd,high_redundancy,NA,77,NA,NA,NA,NA,NA,NA,NA,NA,NA,NA,NA,NA,E4,5,0,0,0,0.001,0.10000000000000001,77,fit_complete,True,NA,NA,NA,NA,0.80000000000000004,1,NA,791,E4|5|high_redundancy|0.001|0|0|0.2,topology_F1,0.88888888889999995,0.88888888889999995,unitless,identity,n==5; noise_fraction==0.001; practical; fixed replay classifications,77,NA,NA,NA,NA,NA,NA,NA,NA,NA,NA,NA,NA,NA,0.20000000000000001,True
3,e,raw,results/k9_support_cutoff_replicates.csv,841cf9af54792f20a6208e689a61912e362ff1bd3c7ef926c85821277f6829dd,high_redundancy,NA,77,NA,NA,NA,NA,NA,NA,NA,NA,NA,NA,NA,NA,E4,5,0,0,0,0.001,0.10000000000000001,77,fit_complete,True,NA,NA,NA,NA,0.80000000000000004,1,NA,792,E4|5|high_redundancy|0.001|0|0|0.25,topology_F1,0.88888888889999995,0.88888888889999995,unitless,identity,n==5; noise_fraction==0.001; practical; fixed replay classifications,77,NA,NA,NA,NA,NA,NA,NA,NA,NA,NA,NA,NA,NA,0.25,True
3,e,raw,results/k9_support_cutoff_replicates.csv,841cf9af54792f20a6208e689a61912e362ff1bd3c7ef926c85821277f6829dd,high_redundancy,NA,77,NA,NA,NA,NA,NA,NA,NA,NA,NA,NA,NA,NA,E4,5,0,0,0,0.001,0.10000000000000001,77,fit_complete,True,NA,NA,NA,NA,0.80000000000000004,1,NA,793,E4|5|high_redundancy|0.001|0|0|0.3,topology_F1,0.88888888889999995,0.88888888889999995,unitless,identity,n==5; noise_fraction==0.001; practical; fixed replay classifications,77,NA,NA,NA,NA,NA,NA,NA,NA,NA,NA,NA,NA,NA,0.29999999999999999,True
3,e,raw,results/k9_support_cutoff_replicates.csv,841cf9af54792f20a6208e689a61912e362ff1bd3c7ef926c85821277f6829dd,high_redundancy,NA,77,NA,NA,NA,NA,NA,NA,NA,NA,NA,NA,NA,NA,E4,5,0,0,0,0.001,0.10000000000000001,77,fit_complete,True,NA,NA,NA,NA,1,1,NA,794,E4|5|high_redundancy|0.001|0|0|0.35,topology_F1,1,1,unitless,identity,n==5; noise_fraction==0.001; practical; fixed replay classifications,77,NA,NA,NA,NA,NA,NA,NA,NA,NA,NA,NA,NA,NA,0.34999999999999998,True
3,e,raw,results/k9_support_cutoff_replicates.csv,841cf9af54792f20a6208e689a61912e362ff1bd3c7ef926c85821277f6829dd,moderate_redundancy,NA,37,NA,NA,NA,NA,NA,NA,NA,NA,NA,NA,NA,NA,E4,5,0,0,1,0.001,0.10000000000000001,37,fit_complete,True,NA,NA,NA,NA,0.57142857140000003,1,NA,800,E4|5|moderate_redundancy|0.001|0|1|0.15,topology_F1,0.72727272730000003,0.72727272730000003,unitless,identity,n==5; noise_fraction==0.001; practical; fixed replay classifications,37,NA,NA,NA,NA,NA,NA,NA,NA,NA,NA,NA,NA,NA,0.14999999999999999,True
3,e,raw,results/k9_support_cutoff_replicates.csv,841cf9af54792f20a6208e689a61912e362ff1bd3c7ef926c85821277f6829dd,moderate_redundancy,NA,37,NA,NA,NA,NA,NA,NA,NA,NA,NA,NA,NA,NA,E4,5,0,0,1,0.001,0.10000000000000001,37,fit_complete,True,NA,NA,NA,NA,0.66666666669999997,1,NA,801,E4|5|moderate_redundancy|0.001|0|1|0.2,topology_F1,0.80000000000000004,0.80000000000000004,unitless,identity,n==5; noise_fraction==0.001; practical; fixed replay classifications,37,NA,NA,NA,NA,NA,NA,NA,NA,NA,NA,NA,NA,NA,0.20000000000000001,True
3,e,raw,results/k9_support_cutoff_replicates.csv,841cf9af54792f20a6208e689a61912e362ff1bd3c7ef926c85821277f6829dd,moderate_redundancy,NA,37,NA,NA,NA,NA,NA,NA,NA,NA,NA,NA,NA,NA,E4,5,0,0,1,0.001,0.10000000000000001,37,fit_complete,True,NA,NA,NA,NA,1,1,NA,802,E4|5|moderate_redundancy|0.001|0|1|0.25,topology_F1,1,1,unitless,identity,n==5; noise_fraction==0.001; practical; fixed replay classifications,37,NA,NA,NA,NA,NA,NA,NA,NA,NA,NA,NA,NA,NA,0.25,True
3,e,raw,results/k9_support_cutoff_replicates.csv,841cf9af54792f20a6208e689a61912e362ff1bd3c7ef926c85821277f6829dd,moderate_redundancy,NA,37,NA,NA,NA,NA,NA,NA,NA,NA,NA,NA,NA,NA,E4,5,0,0,1,0.001,0.10000000000000001,37,fit_complete,True,NA,NA,NA,NA,1,1,NA,803,E4|5|moderate_redundancy|0.001|0|1|0.3,topology_F1,1,1,unitless,identity,n==5; noise_fraction==0.001; practical; fixed replay classifications,37,NA,NA,NA,NA,NA,NA,NA,NA,NA,NA,NA,NA,NA,0.29999999999999999,True
3,e,raw,results/k9_support_cutoff_replicates.csv,841cf9af54792f20a6208e689a61912e362ff1bd3c7ef926c85821277f6829dd,moderate_redundancy,NA,37,NA,NA,NA,NA,NA,NA,NA,NA,NA,NA,NA,NA,E4,5,0,0,1,0.001,0.10000000000000001,37,fit_complete,True,NA,NA,NA,NA,1,1,NA,804,E4|5|moderate_redundancy|0.001|0|1|0.35,topology_F1,1,1,unitless,identity,n==5; noise_fraction==0.001; practical; fixed replay classifications,37,NA,NA,NA,NA,NA,NA,NA,NA,NA,NA,NA,NA,NA,0.34999999999999998,True
3,e,raw,results/k9_support_cutoff_replicates.csv,841cf9af54792f20a6208e689a61912e362ff1bd3c7ef926c85821277f6829dd,high_redundancy,NA,77,NA,NA,NA,NA,NA,NA,NA,NA,NA,NA,NA,NA,E4,5,0,0,1,0.001,0.10000000000000001,77,fit_complete,True,NA,NA,NA,NA,0.80000000000000004,1,NA,805,E4|5|high_redundancy|0.001|0|1|0.15,topology_F1,0.88888888889999995,0.88888888889999995,unitless,identity,n==5; noise_fraction==0.001; practical; fixed replay classifications,77,NA,NA,NA,NA,NA,NA,NA,NA,NA,NA,NA,NA,NA,0.14999999999999999,True
3,e,raw,results/k9_support_cutoff_replicates.csv,841cf9af54792f20a6208e689a61912e362ff1bd3c7ef926c85821277f6829dd,high_redundancy,NA,77,NA,NA,NA,NA,NA,NA,NA,NA,NA,NA,NA,NA,E4,5,0,0,1,0.001,0.10000000000000001,77,fit_complete,True,NA,NA,NA,NA,0.80000000000000004,1,NA,806,E4|5|high_redundancy|0.001|0|1|0.2,topology_F1,0.88888888889999995,0.88888888889999995,unitless,identity,n==5; noise_fraction==0.001; practical; fixed replay classifications,77,NA,NA,NA,NA,NA,NA,NA,NA,NA,NA,NA,NA,NA,0.20000000000000001,True
3,e,raw,results/k9_support_cutoff_replicates.csv,841cf9af54792f20a6208e689a61912e362ff1bd3c7ef926c85821277f6829dd,high_redundancy,NA,77,NA,NA,NA,NA,NA,NA,NA,NA,NA,NA,NA,NA,E4,5,0,0,1,0.001,0.10000000000000001,77,fit_complete,True,NA,NA,NA,NA,0.80000000000000004,1,NA,807,E4|5|high_redundancy|0.001|0|1|0.25,topology_F1,0.88888888889999995,0.88888888889999995,unitless,identity,n==5; noise_fraction==0.001; practical; fixed replay classifications,77,NA,NA,NA,NA,NA,NA,NA,NA,NA,NA,NA,NA,NA,0.25,True
3,e,raw,results/k9_support_cutoff_replicates.csv,841cf9af54792f20a6208e689a61912e362ff1bd3c7ef926c85821277f6829dd,high_redundancy,NA,77,NA,NA,NA,NA,NA,NA,NA,NA,NA,NA,NA,NA,E4,5,0,0,1,0.001,0.10000000000000001,77,fit_complete,True,NA,NA,NA,NA,0.80000000000000004,1,NA,808,E4|5|high_redundancy|0.001|0|1|0.3,topology_F1,0.88888888889999995,0.88888888889999995,unitless,identity,n==5; noise_fraction==0.001; practical; fixed replay classifications,77,NA,NA,NA,NA,NA,NA,NA,NA,NA,NA,NA,NA,NA,0.29999999999999999,True
3,e,raw,results/k9_support_cutoff_replicates.csv,841cf9af54792f20a6208e689a61912e362ff1bd3c7ef926c85821277f6829dd,high_redundancy,NA,77,NA,NA,NA,NA,NA,NA,NA,NA,NA,NA,NA,NA,E4,5,0,0,1,0.001,0.10000000000000001,77,fit_complete,True,NA,NA,NA,NA,1,1,NA,809,E4|5|high_redundancy|0.001|0|1|0.35,topology_F1,1,1,unitless,identity,n==5; noise_fraction==0.001; practical; fixed replay classifications,77,NA,NA,NA,NA,NA,NA,NA,NA,NA,NA,NA,NA,NA,0.34999999999999998,True
3,e,raw,results/k9_support_cutoff_replicates.csv,841cf9af54792f20a6208e689a61912e362ff1bd3c7ef926c85821277f6829dd,moderate_redundancy,NA,37,NA,NA,NA,NA,NA,NA,NA,NA,NA,NA,NA,NA,E4,5,0,0,2,0.001,0.10000000000000001,37,fit_complete,True,NA,NA,NA,NA,1,1,NA,815,E4|5|moderate_redundancy|0.001|0|2|0.15,topology_F1,1,1,unitless,identity,n==5; noise_fraction==0.001; practical; fixed replay classifications,37,NA,NA,NA,NA,NA,NA,NA,NA,NA,NA,NA,NA,NA,0.14999999999999999,True
3,e,raw,results/k9_support_cutoff_replicates.csv,841cf9af54792f20a6208e689a61912e362ff1bd3c7ef926c85821277f6829dd,moderate_redundancy,NA,37,NA,NA,NA,NA,NA,NA,NA,NA,NA,NA,NA,NA,E4,5,0,0,2,0.001,0.10000000000000001,37,fit_complete,True,NA,NA,NA,NA,1,1,NA,816,E4|5|moderate_redundancy|0.001|0|2|0.2,topology_F1,1,1,unitless,identity,n==5; noise_fraction==0.001; practical; fixed replay classifications,37,NA,NA,NA,NA,NA,NA,NA,NA,NA,NA,NA,NA,NA,0.20000000000000001,True
3,e,raw,results/k9_support_cutoff_replicates.csv,841cf9af54792f20a6208e689a61912e362ff1bd3c7ef926c85821277f6829dd,moderate_redundancy,NA,37,NA,NA,NA,NA,NA,NA,NA,NA,NA,NA,NA,NA,E4,5,0,0,2,0.001,0.10000000000000001,37,fit_complete,True,NA,NA,NA,NA,1,1,NA,817,E4|5|moderate_redundancy|0.001|0|2|0.25,topology_F1,1,1,unitless,identity,n==5; noise_fraction==0.001; practical; fixed replay classifications,37,NA,NA,NA,NA,NA,NA,NA,NA,NA,NA,NA,NA,NA,0.25,True
3,e,raw,results/k9_support_cutoff_replicates.csv,841cf9af54792f20a6208e689a61912e362ff1bd3c7ef926c85821277f6829dd,moderate_redundancy,NA,37,NA,NA,NA,NA,NA,NA,NA,NA,NA,NA,NA,NA,E4,5,0,0,2,0.001,0.10000000000000001,37,fit_complete,True,NA,NA,NA,NA,1,1,NA,818,E4|5|moderate_redundancy|0.001|0|2|0.3,topology_F1,1,1,unitless,identity,n==5; noise_fraction==0.001; practical; fixed replay classifications,37,NA,NA,NA,NA,NA,NA,NA,NA,NA,NA,NA,NA,NA,0.29999999999999999,True
3,e,raw,results/k9_support_cutoff_replicates.csv,841cf9af54792f20a6208e689a61912e362ff1bd3c7ef926c85821277f6829dd,moderate_redundancy,NA,37,NA,NA,NA,NA,NA,NA,NA,NA,NA,NA,NA,NA,E4,5,0,0,2,0.001,0.10000000000000001,37,fit_complete,True,NA,NA,NA,NA,1,1,NA,819,E4|5|moderate_redundancy|0.001|0|2|0.35,topology_F1,1,1,unitless,identity,n==5; noise_fraction==0.001; practical; fixed replay classifications,37,NA,NA,NA,NA,NA,NA,NA,NA,NA,NA,NA,NA,NA,0.34999999999999998,True
3,e,raw,results/k9_support_cutoff_replicates.csv,841cf9af54792f20a6208e689a61912e362ff1bd3c7ef926c85821277f6829dd,high_redundancy,NA,77,NA,NA,NA,NA,NA,NA,NA,NA,NA,NA,NA,NA,E4,5,0,0,2,0.001,0.10000000000000001,77,fit_complete,True,NA,NA,NA,NA,1,1,NA,820,E4|5|high_redundancy|0.001|0|2|0.15,topology_F1,1,1,unitless,identity,n==5; noise_fraction==0.001; practical; fixed replay classifications,77,NA,NA,NA,NA,NA,NA,NA,NA,NA,NA,NA,NA,NA,0.14999999999999999,True
3,e,raw,results/k9_support_cutoff_replicates.csv,841cf9af54792f20a6208e689a61912e362ff1bd3c7ef926c85821277f6829dd,high_redundancy,NA,77,NA,NA,NA,NA,NA,NA,NA,NA,NA,NA,NA,NA,E4,5,0,0,2,0.001,0.10000000000000001,77,fit_complete,True,NA,NA,NA,NA,1,1,NA,821,E4|5|high_redundancy|0.001|0|2|0.2,topology_F1,1,1,unitless,identity,n==5; noise_fraction==0.001; practical; fixed replay classifications,77,NA,NA,NA,NA,NA,NA,NA,NA,NA,NA,NA,NA,NA,0.20000000000000001,True
3,e,raw,results/k9_support_cutoff_replicates.csv,841cf9af54792f20a6208e689a61912e362ff1bd3c7ef926c85821277f6829dd,high_redundancy,NA,77,NA,NA,NA,NA,NA,NA,NA,NA,NA,NA,NA,NA,E4,5,0,0,2,0.001,0.10000000000000001,77,fit_complete,True,NA,NA,NA,NA,1,1,NA,822,E4|5|high_redundancy|0.001|0|2|0.25,topology_F1,1,1,unitless,identity,n==5; noise_fraction==0.001; practical; fixed replay classifications,77,NA,NA,NA,NA,NA,NA,NA,NA,NA,NA,NA,NA,NA,0.25,True
3,e,raw,results/k9_support_cutoff_replicates.csv,841cf9af54792f20a6208e689a61912e362ff1bd3c7ef926c85821277f6829dd,high_redundancy,NA,77,NA,NA,NA,NA,NA,NA,NA,NA,NA,NA,NA,NA,E4,5,0,0,2,0.001,0.10000000000000001,77,fit_complete,True,NA,NA,NA,NA,1,1,NA,823,E4|5|high_redundancy|0.001|0|2|0.3,topology_F1,1,1,unitless,identity,n==5; noise_fraction==0.001; practical; fixed replay classifications,77,NA,NA,NA,NA,NA,NA,NA,NA,NA,NA,NA,NA,NA,0.29999999999999999,True
3,e,raw,results/k9_support_cutoff_replicates.csv,841cf9af54792f20a6208e689a61912e362ff1bd3c7ef926c85821277f6829dd,high_redundancy,NA,77,NA,NA,NA,NA,NA,NA,NA,NA,NA,NA,NA,NA,E4,5,0,0,2,0.001,0.10000000000000001,77,fit_complete,True,NA,NA,NA,NA,1,1,NA,824,E4|5|high_redundancy|0.001|0|2|0.35,topology_F1,1,1,unitless,identity,n==5; noise_fraction==0.001; practical; fixed replay classifications,77,NA,NA,NA,NA,NA,NA,NA,NA,NA,NA,NA,NA,NA,0.34999999999999998,True
3,e,raw,results/k9_support_cutoff_replicates.csv,841cf9af54792f20a6208e689a61912e362ff1bd3c7ef926c85821277f6829dd,moderate_redundancy,NA,37,NA,NA,NA,NA,NA,NA,NA,NA,NA,NA,NA,NA,E4,5,0,0,3,0.001,0.10000000000000001,37,fit_complete,True,NA,NA,NA,NA,0.5,1,NA,830,E4|5|moderate_redundancy|0.001|0|3|0.15,topology_F1,0.66666666669999997,0.66666666669999997,unitless,identity,n==5; noise_fraction==0.001; practical; fixed replay classifications,37,NA,NA,NA,NA,NA,NA,NA,NA,NA,NA,NA,NA,NA,0.14999999999999999,True
3,e,raw,results/k9_support_cutoff_replicates.csv,841cf9af54792f20a6208e689a61912e362ff1bd3c7ef926c85821277f6829dd,moderate_redundancy,NA,37,NA,NA,NA,NA,NA,NA,NA,NA,NA,NA,NA,NA,E4,5,0,0,3,0.001,0.10000000000000001,37,fit_complete,True,NA,NA,NA,NA,0.5,1,NA,831,E4|5|moderate_redundancy|0.001|0|3|0.2,topology_F1,0.66666666669999997,0.66666666669999997,unitless,identity,n==5; noise_fraction==0.001; practical; fixed replay classifications,37,NA,NA,NA,NA,NA,NA,NA,NA,NA,NA,NA,NA,NA,0.20000000000000001,True
3,e,raw,results/k9_support_cutoff_replicates.csv,841cf9af54792f20a6208e689a61912e362ff1bd3c7ef926c85821277f6829dd,moderate_redundancy,NA,37,NA,NA,NA,NA,NA,NA,NA,NA,NA,NA,NA,NA,E4,5,0,0,3,0.001,0.10000000000000001,37,fit_complete,True,NA,NA,NA,NA,0.5,1,NA,832,E4|5|moderate_redundancy|0.001|0|3|0.25,topology_F1,0.66666666669999997,0.66666666669999997,unitless,identity,n==5; noise_fraction==0.001; practical; fixed replay classifications,37,NA,NA,NA,NA,NA,NA,NA,NA,NA,NA,NA,NA,NA,0.25,True
3,e,raw,results/k9_support_cutoff_replicates.csv,841cf9af54792f20a6208e689a61912e362ff1bd3c7ef926c85821277f6829dd,moderate_redundancy,NA,37,NA,NA,NA,NA,NA,NA,NA,NA,NA,NA,NA,NA,E4,5,0,0,3,0.001,0.10000000000000001,37,fit_complete,True,NA,NA,NA,NA,0.5,1,NA,833,E4|5|moderate_redundancy|0.001|0|3|0.3,topology_F1,0.66666666669999997,0.66666666669999997,unitless,identity,n==5; noise_fraction==0.001; practical; fixed replay classifications,37,NA,NA,NA,NA,NA,NA,NA,NA,NA,NA,NA,NA,NA,0.29999999999999999,True
3,e,raw,results/k9_support_cutoff_replicates.csv,841cf9af54792f20a6208e689a61912e362ff1bd3c7ef926c85821277f6829dd,moderate_redundancy,NA,37,NA,NA,NA,NA,NA,NA,NA,NA,NA,NA,NA,NA,E4,5,0,0,3,0.001,0.10000000000000001,37,fit_complete,True,NA,NA,NA,NA,0.66666666669999997,1,NA,834,E4|5|moderate_redundancy|0.001|0|3|0.35,topology_F1,0.80000000000000004,0.80000000000000004,unitless,identity,n==5; noise_fraction==0.001; practical; fixed replay classifications,37,NA,NA,NA,NA,NA,NA,NA,NA,NA,NA,NA,NA,NA,0.34999999999999998,True
3,e,raw,results/k9_support_cutoff_replicates.csv,841cf9af54792f20a6208e689a61912e362ff1bd3c7ef926c85821277f6829dd,high_redundancy,NA,77,NA,NA,NA,NA,NA,NA,NA,NA,NA,NA,NA,NA,E4,5,0,0,3,0.001,0.10000000000000001,77,fit_complete,True,NA,NA,NA,NA,1,1,NA,835,E4|5|high_redundancy|0.001|0|3|0.15,topology_F1,1,1,unitless,identity,n==5; noise_fraction==0.001; practical; fixed replay classifications,77,NA,NA,NA,NA,NA,NA,NA,NA,NA,NA,NA,NA,NA,0.14999999999999999,True
3,e,raw,results/k9_support_cutoff_replicates.csv,841cf9af54792f20a6208e689a61912e362ff1bd3c7ef926c85821277f6829dd,high_redundancy,NA,77,NA,NA,NA,NA,NA,NA,NA,NA,NA,NA,NA,NA,E4,5,0,0,3,0.001,0.10000000000000001,77,fit_complete,True,NA,NA,NA,NA,1,1,NA,836,E4|5|high_redundancy|0.001|0|3|0.2,topology_F1,1,1,unitless,identity,n==5; noise_fraction==0.001; practical; fixed replay classifications,77,NA,NA,NA,NA,NA,NA,NA,NA,NA,NA,NA,NA,NA,0.20000000000000001,True
3,e,raw,results/k9_support_cutoff_replicates.csv,841cf9af54792f20a6208e689a61912e362ff1bd3c7ef926c85821277f6829dd,high_redundancy,NA,77,NA,NA,NA,NA,NA,NA,NA,NA,NA,NA,NA,NA,E4,5,0,0,3,0.001,0.10000000000000001,77,fit_complete,True,NA,NA,NA,NA,1,1,NA,837,E4|5|high_redundancy|0.001|0|3|0.25,topology_F1,1,1,unitless,identity,n==5; noise_fraction==0.001; practical; fixed replay classifications,77,NA,NA,NA,NA,NA,NA,NA,NA,NA,NA,NA,NA,NA,0.25,True
3,e,raw,results/k9_support_cutoff_replicates.csv,841cf9af54792f20a6208e689a61912e362ff1bd3c7ef926c85821277f6829dd,high_redundancy,NA,77,NA,NA,NA,NA,NA,NA,NA,NA,NA,NA,NA,NA,E4,5,0,0,3,0.001,0.10000000000000001,77,fit_complete,True,NA,NA,NA,NA,1,1,NA,838,E4|5|high_redundancy|0.001|0|3|0.3,topology_F1,1,1,unitless,identity,n==5; noise_fraction==0.001; practical; fixed replay classifications,77,NA,NA,NA,NA,NA,NA,NA,NA,NA,NA,NA,NA,NA,0.29999999999999999,True
3,e,raw,results/k9_support_cutoff_replicates.csv,841cf9af54792f20a6208e689a61912e362ff1bd3c7ef926c85821277f6829dd,high_redundancy,NA,77,NA,NA,NA,NA,NA,NA,NA,NA,NA,NA,NA,NA,E4,5,0,0,3,0.001,0.10000000000000001,77,fit_complete,True,NA,NA,NA,NA,1,1,NA,839,E4|5|high_redundancy|0.001|0|3|0.35,topology_F1,1,1,unitless,identity,n==5; noise_fraction==0.001; practical; fixed replay classifications,77,NA,NA,NA,NA,NA,NA,NA,NA,NA,NA,NA,NA,NA,0.34999999999999998,True
3,e,raw,results/k9_support_cutoff_replicates.csv,841cf9af54792f20a6208e689a61912e362ff1bd3c7ef926c85821277f6829dd,moderate_redundancy,NA,37,NA,NA,NA,NA,NA,NA,NA,NA,NA,NA,NA,NA,E4,5,0,1,0,0.001,0.10000000000000001,37,fit_complete,True,NA,NA,NA,NA,0.57142857140000003,1,NA,1085,E4|5|moderate_redundancy|0.001|1|0|0.15,topology_F1,0.72727272730000003,0.72727272730000003,unitless,identity,n==5; noise_fraction==0.001; practical; fixed replay classifications,37,NA,NA,NA,NA,NA,NA,NA,NA,NA,NA,NA,NA,NA,0.14999999999999999,True
3,e,raw,results/k9_support_cutoff_replicates.csv,841cf9af54792f20a6208e689a61912e362ff1bd3c7ef926c85821277f6829dd,moderate_redundancy,NA,37,NA,NA,NA,NA,NA,NA,NA,NA,NA,NA,NA,NA,E4,5,0,1,0,0.001,0.10000000000000001,37,fit_complete,True,NA,NA,NA,NA,0.57142857140000003,1,NA,1086,E4|5|moderate_redundancy|0.001|1|0|0.2,topology_F1,0.72727272730000003,0.72727272730000003,unitless,identity,n==5; noise_fraction==0.001; practical; fixed replay classifications,37,NA,NA,NA,NA,NA,NA,NA,NA,NA,NA,NA,NA,NA,0.20000000000000001,True
3,e,raw,results/k9_support_cutoff_replicates.csv,841cf9af54792f20a6208e689a61912e362ff1bd3c7ef926c85821277f6829dd,moderate_redundancy,NA,37,NA,NA,NA,NA,NA,NA,NA,NA,NA,NA,NA,NA,E4,5,0,1,0,0.001,0.10000000000000001,37,fit_complete,True,NA,NA,NA,NA,0.66666666669999997,1,NA,1087,E4|5|moderate_redundancy|0.001|1|0|0.25,topology_F1,0.80000000000000004,0.80000000000000004,unitless,identity,n==5; noise_fraction==0.001; practical; fixed replay classifications,37,NA,NA,NA,NA,NA,NA,NA,NA,NA,NA,NA,NA,NA,0.25,True
3,e,raw,results/k9_support_cutoff_replicates.csv,841cf9af54792f20a6208e689a61912e362ff1bd3c7ef926c85821277f6829dd,moderate_redundancy,NA,37,NA,NA,NA,NA,NA,NA,NA,NA,NA,NA,NA,NA,E4,5,0,1,0,0.001,0.10000000000000001,37,fit_complete,True,NA,NA,NA,NA,0.80000000000000004,1,NA,1088,E4|5|moderate_redundancy|0.001|1|0|0.3,topology_F1,0.88888888889999995,0.88888888889999995,unitless,identity,n==5; noise_fraction==0.001; practical; fixed replay classifications,37,NA,NA,NA,NA,NA,NA,NA,NA,NA,NA,NA,NA,NA,0.29999999999999999,True
3,e,raw,results/k9_support_cutoff_replicates.csv,841cf9af54792f20a6208e689a61912e362ff1bd3c7ef926c85821277f6829dd,moderate_redundancy,NA,37,NA,NA,NA,NA,NA,NA,NA,NA,NA,NA,NA,NA,E4,5,0,1,0,0.001,0.10000000000000001,37,fit_complete,True,NA,NA,NA,NA,0.80000000000000004,1,NA,1089,E4|5|moderate_redundancy|0.001|1|0|0.35,topology_F1,0.88888888889999995,0.88888888889999995,unitless,identity,n==5; noise_fraction==0.001; practical; fixed replay classifications,37,NA,NA,NA,NA,NA,NA,NA,NA,NA,NA,NA,NA,NA,0.34999999999999998,True
3,e,raw,results/k9_support_cutoff_replicates.csv,841cf9af54792f20a6208e689a61912e362ff1bd3c7ef926c85821277f6829dd,high_redundancy,NA,77,NA,NA,NA,NA,NA,NA,NA,NA,NA,NA,NA,NA,E4,5,0,1,0,0.001,0.10000000000000001,77,fit_complete,True,NA,NA,NA,NA,0.80000000000000004,1,NA,1090,E4|5|high_redundancy|0.001|1|0|0.15,topology_F1,0.88888888889999995,0.88888888889999995,unitless,identity,n==5; noise_fraction==0.001; practical; fixed replay classifications,77,NA,NA,NA,NA,NA,NA,NA,NA,NA,NA,NA,NA,NA,0.14999999999999999,True
3,e,raw,results/k9_support_cutoff_replicates.csv,841cf9af54792f20a6208e689a61912e362ff1bd3c7ef926c85821277f6829dd,high_redundancy,NA,77,NA,NA,NA,NA,NA,NA,NA,NA,NA,NA,NA,NA,E4,5,0,1,0,0.001,0.10000000000000001,77,fit_complete,True,NA,NA,NA,NA,0.80000000000000004,1,NA,1091,E4|5|high_redundancy|0.001|1|0|0.2,topology_F1,0.88888888889999995,0.88888888889999995,unitless,identity,n==5; noise_fraction==0.001; practical; fixed replay classifications,77,NA,NA,NA,NA,NA,NA,NA,NA,NA,NA,NA,NA,NA,0.20000000000000001,True
3,e,raw,results/k9_support_cutoff_replicates.csv,841cf9af54792f20a6208e689a61912e362ff1bd3c7ef926c85821277f6829dd,high_redundancy,NA,77,NA,NA,NA,NA,NA,NA,NA,NA,NA,NA,NA,NA,E4,5,0,1,0,0.001,0.10000000000000001,77,fit_complete,True,NA,NA,NA,NA,0.80000000000000004,1,NA,1092,E4|5|high_redundancy|0.001|1|0|0.25,topology_F1,0.88888888889999995,0.88888888889999995,unitless,identity,n==5; noise_fraction==0.001; practical; fixed replay classifications,77,NA,NA,NA,NA,NA,NA,NA,NA,NA,NA,NA,NA,NA,0.25,True
3,e,raw,results/k9_support_cutoff_replicates.csv,841cf9af54792f20a6208e689a61912e362ff1bd3c7ef926c85821277f6829dd,high_redundancy,NA,77,NA,NA,NA,NA,NA,NA,NA,NA,NA,NA,NA,NA,E4,5,0,1,0,0.001,0.10000000000000001,77,fit_complete,True,NA,NA,NA,NA,0.80000000000000004,1,NA,1093,E4|5|high_redundancy|0.001|1|0|0.3,topology_F1,0.88888888889999995,0.88888888889999995,unitless,identity,n==5; noise_fraction==0.001; practical; fixed replay classifications,77,NA,NA,NA,NA,NA,NA,NA,NA,NA,NA,NA,NA,NA,0.29999999999999999,True
3,e,raw,results/k9_support_cutoff_replicates.csv,841cf9af54792f20a6208e689a61912e362ff1bd3c7ef926c85821277f6829dd,high_redundancy,NA,77,NA,NA,NA,NA,NA,NA,NA,NA,NA,NA,NA,NA,E4,5,0,1,0,0.001,0.10000000000000001,77,fit_complete,True,NA,NA,NA,NA,0.80000000000000004,1,NA,1094,E4|5|high_redundancy|0.001|1|0|0.35,topology_F1,0.88888888889999995,0.88888888889999995,unitless,identity,n==5; noise_fraction==0.001; practical; fixed replay classifications,77,NA,NA,NA,NA,NA,NA,NA,NA,NA,NA,NA,NA,NA,0.34999999999999998,True
3,e,raw,results/k9_support_cutoff_replicates.csv,841cf9af54792f20a6208e689a61912e362ff1bd3c7ef926c85821277f6829dd,moderate_redundancy,NA,37,NA,NA,NA,NA,NA,NA,NA,NA,NA,NA,NA,NA,E4,5,0,1,1,0.001,0.10000000000000001,37,fit_complete,True,NA,NA,NA,NA,0.66666666669999997,1,NA,1100,E4|5|moderate_redundancy|0.001|1|1|0.15,topology_F1,0.80000000000000004,0.80000000000000004,unitless,identity,n==5; noise_fraction==0.001; practical; fixed replay classifications,37,NA,NA,NA,NA,NA,NA,NA,NA,NA,NA,NA,NA,NA,0.14999999999999999,True
3,e,raw,results/k9_support_cutoff_replicates.csv,841cf9af54792f20a6208e689a61912e362ff1bd3c7ef926c85821277f6829dd,moderate_redundancy,NA,37,NA,NA,NA,NA,NA,NA,NA,NA,NA,NA,NA,NA,E4,5,0,1,1,0.001,0.10000000000000001,37,fit_complete,True,NA,NA,NA,NA,0.66666666669999997,1,NA,1101,E4|5|moderate_redundancy|0.001|1|1|0.2,topology_F1,0.80000000000000004,0.80000000000000004,unitless,identity,n==5; noise_fraction==0.001; practical; fixed replay classifications,37,NA,NA,NA,NA,NA,NA,NA,NA,NA,NA,NA,NA,NA,0.20000000000000001,True
3,e,raw,results/k9_support_cutoff_replicates.csv,841cf9af54792f20a6208e689a61912e362ff1bd3c7ef926c85821277f6829dd,moderate_redundancy,NA,37,NA,NA,NA,NA,NA,NA,NA,NA,NA,NA,NA,NA,E4,5,0,1,1,0.001,0.10000000000000001,37,fit_complete,True,NA,NA,NA,NA,0.66666666669999997,1,NA,1102,E4|5|moderate_redundancy|0.001|1|1|0.25,topology_F1,0.80000000000000004,0.80000000000000004,unitless,identity,n==5; noise_fraction==0.001; practical; fixed replay classifications,37,NA,NA,NA,NA,NA,NA,NA,NA,NA,NA,NA,NA,NA,0.25,True
3,e,raw,results/k9_support_cutoff_replicates.csv,841cf9af54792f20a6208e689a61912e362ff1bd3c7ef926c85821277f6829dd,moderate_redundancy,NA,37,NA,NA,NA,NA,NA,NA,NA,NA,NA,NA,NA,NA,E4,5,0,1,1,0.001,0.10000000000000001,37,fit_complete,True,NA,NA,NA,NA,0.66666666669999997,1,NA,1103,E4|5|moderate_redundancy|0.001|1|1|0.3,topology_F1,0.80000000000000004,0.80000000000000004,unitless,identity,n==5; noise_fraction==0.001; practical; fixed replay classifications,37,NA,NA,NA,NA,NA,NA,NA,NA,NA,NA,NA,NA,NA,0.29999999999999999,True
3,e,raw,results/k9_support_cutoff_replicates.csv,841cf9af54792f20a6208e689a61912e362ff1bd3c7ef926c85821277f6829dd,moderate_redundancy,NA,37,NA,NA,NA,NA,NA,NA,NA,NA,NA,NA,NA,NA,E4,5,0,1,1,0.001,0.10000000000000001,37,fit_complete,True,NA,NA,NA,NA,0.66666666669999997,1,NA,1104,E4|5|moderate_redundancy|0.001|1|1|0.35,topology_F1,0.80000000000000004,0.80000000000000004,unitless,identity,n==5; noise_fraction==0.001; practical; fixed replay classifications,37,NA,NA,NA,NA,NA,NA,NA,NA,NA,NA,NA,NA,NA,0.34999999999999998,True
3,e,raw,results/k9_support_cutoff_replicates.csv,841cf9af54792f20a6208e689a61912e362ff1bd3c7ef926c85821277f6829dd,high_redundancy,NA,77,NA,NA,NA,NA,NA,NA,NA,NA,NA,NA,NA,NA,E4,5,0,1,1,0.001,0.10000000000000001,77,fit_complete,True,NA,NA,NA,NA,0.80000000000000004,1,NA,1105,E4|5|high_redundancy|0.001|1|1|0.15,topology_F1,0.88888888889999995,0.88888888889999995,unitless,identity,n==5; noise_fraction==0.001; practical; fixed replay classifications,77,NA,NA,NA,NA,NA,NA,NA,NA,NA,NA,NA,NA,NA,0.14999999999999999,True
3,e,raw,results/k9_support_cutoff_replicates.csv,841cf9af54792f20a6208e689a61912e362ff1bd3c7ef926c85821277f6829dd,high_redundancy,NA,77,NA,NA,NA,NA,NA,NA,NA,NA,NA,NA,NA,NA,E4,5,0,1,1,0.001,0.10000000000000001,77,fit_complete,True,NA,NA,NA,NA,0.80000000000000004,1,NA,1106,E4|5|high_redundancy|0.001|1|1|0.2,topology_F1,0.88888888889999995,0.88888888889999995,unitless,identity,n==5; noise_fraction==0.001; practical; fixed replay classifications,77,NA,NA,NA,NA,NA,NA,NA,NA,NA,NA,NA,NA,NA,0.20000000000000001,True
3,e,raw,results/k9_support_cutoff_replicates.csv,841cf9af54792f20a6208e689a61912e362ff1bd3c7ef926c85821277f6829dd,high_redundancy,NA,77,NA,NA,NA,NA,NA,NA,NA,NA,NA,NA,NA,NA,E4,5,0,1,1,0.001,0.10000000000000001,77,fit_complete,True,NA,NA,NA,NA,1,1,NA,1107,E4|5|high_redundancy|0.001|1|1|0.25,topology_F1,1,1,unitless,identity,n==5; noise_fraction==0.001; practical; fixed replay classifications,77,NA,NA,NA,NA,NA,NA,NA,NA,NA,NA,NA,NA,NA,0.25,True
3,e,raw,results/k9_support_cutoff_replicates.csv,841cf9af54792f20a6208e689a61912e362ff1bd3c7ef926c85821277f6829dd,high_redundancy,NA,77,NA,NA,NA,NA,NA,NA,NA,NA,NA,NA,NA,NA,E4,5,0,1,1,0.001,0.10000000000000001,77,fit_complete,True,NA,NA,NA,NA,1,1,NA,1108,E4|5|high_redundancy|0.001|1|1|0.3,topology_F1,1,1,unitless,identity,n==5; noise_fraction==0.001; practical; fixed replay classifications,77,NA,NA,NA,NA,NA,NA,NA,NA,NA,NA,NA,NA,NA,0.29999999999999999,True
3,e,raw,results/k9_support_cutoff_replicates.csv,841cf9af54792f20a6208e689a61912e362ff1bd3c7ef926c85821277f6829dd,high_redundancy,NA,77,NA,NA,NA,NA,NA,NA,NA,NA,NA,NA,NA,NA,E4,5,0,1,1,0.001,0.10000000000000001,77,fit_complete,True,NA,NA,NA,NA,1,1,NA,1109,E4|5|high_redundancy|0.001|1|1|0.35,topology_F1,1,1,unitless,identity,n==5; noise_fraction==0.001; practical; fixed replay classifications,77,NA,NA,NA,NA,NA,NA,NA,NA,NA,NA,NA,NA,NA,0.34999999999999998,True
3,e,raw,results/k9_support_cutoff_replicates.csv,841cf9af54792f20a6208e689a61912e362ff1bd3c7ef926c85821277f6829dd,moderate_redundancy,NA,37,NA,NA,NA,NA,NA,NA,NA,NA,NA,NA,NA,NA,E4,5,0,1,2,0.001,0.10000000000000001,37,fit_complete,True,NA,NA,NA,NA,0.57142857140000003,1,NA,1115,E4|5|moderate_redundancy|0.001|1|2|0.15,topology_F1,0.72727272730000003,0.72727272730000003,unitless,identity,n==5; noise_fraction==0.001; practical; fixed replay classifications,37,NA,NA,NA,NA,NA,NA,NA,NA,NA,NA,NA,NA,NA,0.14999999999999999,True
3,e,raw,results/k9_support_cutoff_replicates.csv,841cf9af54792f20a6208e689a61912e362ff1bd3c7ef926c85821277f6829dd,moderate_redundancy,NA,37,NA,NA,NA,NA,NA,NA,NA,NA,NA,NA,NA,NA,E4,5,0,1,2,0.001,0.10000000000000001,37,fit_complete,True,NA,NA,NA,NA,0.66666666669999997,1,NA,1116,E4|5|moderate_redundancy|0.001|1|2|0.2,topology_F1,0.80000000000000004,0.80000000000000004,unitless,identity,n==5; noise_fraction==0.001; practical; fixed replay classifications,37,NA,NA,NA,NA,NA,NA,NA,NA,NA,NA,NA,NA,NA,0.20000000000000001,True
3,e,raw,results/k9_support_cutoff_replicates.csv,841cf9af54792f20a6208e689a61912e362ff1bd3c7ef926c85821277f6829dd,moderate_redundancy,NA,37,NA,NA,NA,NA,NA,NA,NA,NA,NA,NA,NA,NA,E4,5,0,1,2,0.001,0.10000000000000001,37,fit_complete,True,NA,NA,NA,NA,0.66666666669999997,1,NA,1117,E4|5|moderate_redundancy|0.001|1|2|0.25,topology_F1,0.80000000000000004,0.80000000000000004,unitless,identity,n==5; noise_fraction==0.001; practical; fixed replay classifications,37,NA,NA,NA,NA,NA,NA,NA,NA,NA,NA,NA,NA,NA,0.25,True
3,e,raw,results/k9_support_cutoff_replicates.csv,841cf9af54792f20a6208e689a61912e362ff1bd3c7ef926c85821277f6829dd,moderate_redundancy,NA,37,NA,NA,NA,NA,NA,NA,NA,NA,NA,NA,NA,NA,E4,5,0,1,2,0.001,0.10000000000000001,37,fit_complete,True,NA,NA,NA,NA,0.80000000000000004,1,NA,1118,E4|5|moderate_redundancy|0.001|1|2|0.3,topology_F1,0.88888888889999995,0.88888888889999995,unitless,identity,n==5; noise_fraction==0.001; practical; fixed replay classifications,37,NA,NA,NA,NA,NA,NA,NA,NA,NA,NA,NA,NA,NA,0.29999999999999999,True
3,e,raw,results/k9_support_cutoff_replicates.csv,841cf9af54792f20a6208e689a61912e362ff1bd3c7ef926c85821277f6829dd,moderate_redundancy,NA,37,NA,NA,NA,NA,NA,NA,NA,NA,NA,NA,NA,NA,E4,5,0,1,2,0.001,0.10000000000000001,37,fit_complete,True,NA,NA,NA,NA,0.80000000000000004,1,NA,1119,E4|5|moderate_redundancy|0.001|1|2|0.35,topology_F1,0.88888888889999995,0.88888888889999995,unitless,identity,n==5; noise_fraction==0.001; practical; fixed replay classifications,37,NA,NA,NA,NA,NA,NA,NA,NA,NA,NA,NA,NA,NA,0.34999999999999998,True
3,e,raw,results/k9_support_cutoff_replicates.csv,841cf9af54792f20a6208e689a61912e362ff1bd3c7ef926c85821277f6829dd,high_redundancy,NA,77,NA,NA,NA,NA,NA,NA,NA,NA,NA,NA,NA,NA,E4,5,0,1,2,0.001,0.10000000000000001,77,fit_complete,True,NA,NA,NA,NA,1,1,NA,1120,E4|5|high_redundancy|0.001|1|2|0.15,topology_F1,1,1,unitless,identity,n==5; noise_fraction==0.001; practical; fixed replay classifications,77,NA,NA,NA,NA,NA,NA,NA,NA,NA,NA,NA,NA,NA,0.14999999999999999,True
3,e,raw,results/k9_support_cutoff_replicates.csv,841cf9af54792f20a6208e689a61912e362ff1bd3c7ef926c85821277f6829dd,high_redundancy,NA,77,NA,NA,NA,NA,NA,NA,NA,NA,NA,NA,NA,NA,E4,5,0,1,2,0.001,0.10000000000000001,77,fit_complete,True,NA,NA,NA,NA,1,1,NA,1121,E4|5|high_redundancy|0.001|1|2|0.2,topology_F1,1,1,unitless,identity,n==5; noise_fraction==0.001; practical; fixed replay classifications,77,NA,NA,NA,NA,NA,NA,NA,NA,NA,NA,NA,NA,NA,0.20000000000000001,True
3,e,raw,results/k9_support_cutoff_replicates.csv,841cf9af54792f20a6208e689a61912e362ff1bd3c7ef926c85821277f6829dd,high_redundancy,NA,77,NA,NA,NA,NA,NA,NA,NA,NA,NA,NA,NA,NA,E4,5,0,1,2,0.001,0.10000000000000001,77,fit_complete,True,NA,NA,NA,NA,1,1,NA,1122,E4|5|high_redundancy|0.001|1|2|0.25,topology_F1,1,1,unitless,identity,n==5; noise_fraction==0.001; practical; fixed replay classifications,77,NA,NA,NA,NA,NA,NA,NA,NA,NA,NA,NA,NA,NA,0.25,True
3,e,raw,results/k9_support_cutoff_replicates.csv,841cf9af54792f20a6208e689a61912e362ff1bd3c7ef926c85821277f6829dd,high_redundancy,NA,77,NA,NA,NA,NA,NA,NA,NA,NA,NA,NA,NA,NA,E4,5,0,1,2,0.001,0.10000000000000001,77,fit_complete,True,NA,NA,NA,NA,1,1,NA,1123,E4|5|high_redundancy|0.001|1|2|0.3,topology_F1,1,1,unitless,identity,n==5; noise_fraction==0.001; practical; fixed replay classifications,77,NA,NA,NA,NA,NA,NA,NA,NA,NA,NA,NA,NA,NA,0.29999999999999999,True
3,e,raw,results/k9_support_cutoff_replicates.csv,841cf9af54792f20a6208e689a61912e362ff1bd3c7ef926c85821277f6829dd,high_redundancy,NA,77,NA,NA,NA,NA,NA,NA,NA,NA,NA,NA,NA,NA,E4,5,0,1,2,0.001,0.10000000000000001,77,fit_complete,True,NA,NA,NA,NA,1,1,NA,1124,E4|5|high_redundancy|0.001|1|2|0.35,topology_F1,1,1,unitless,identity,n==5; noise_fraction==0.001; practical; fixed replay classifications,77,NA,NA,NA,NA,NA,NA,NA,NA,NA,NA,NA,NA,NA,0.34999999999999998,True
3,e,raw,results/k9_support_cutoff_replicates.csv,841cf9af54792f20a6208e689a61912e362ff1bd3c7ef926c85821277f6829dd,moderate_redundancy,NA,37,NA,NA,NA,NA,NA,NA,NA,NA,NA,NA,NA,NA,E4,5,0,1,3,0.001,0.10000000000000001,37,fit_complete,True,NA,NA,NA,NA,0.80000000000000004,1,NA,1130,E4|5|moderate_redundancy|0.001|1|3|0.15,topology_F1,0.88888888889999995,0.88888888889999995,unitless,identity,n==5; noise_fraction==0.001; practical; fixed replay classifications,37,NA,NA,NA,NA,NA,NA,NA,NA,NA,NA,NA,NA,NA,0.14999999999999999,True
3,e,raw,results/k9_support_cutoff_replicates.csv,841cf9af54792f20a6208e689a61912e362ff1bd3c7ef926c85821277f6829dd,moderate_redundancy,NA,37,NA,NA,NA,NA,NA,NA,NA,NA,NA,NA,NA,NA,E4,5,0,1,3,0.001,0.10000000000000001,37,fit_complete,True,NA,NA,NA,NA,0.80000000000000004,1,NA,1131,E4|5|moderate_redundancy|0.001|1|3|0.2,topology_F1,0.88888888889999995,0.88888888889999995,unitless,identity,n==5; noise_fraction==0.001; practical; fixed replay classifications,37,NA,NA,NA,NA,NA,NA,NA,NA,NA,NA,NA,NA,NA,0.20000000000000001,True
3,e,raw,results/k9_support_cutoff_replicates.csv,841cf9af54792f20a6208e689a61912e362ff1bd3c7ef926c85821277f6829dd,moderate_redundancy,NA,37,NA,NA,NA,NA,NA,NA,NA,NA,NA,NA,NA,NA,E4,5,0,1,3,0.001,0.10000000000000001,37,fit_complete,True,NA,NA,NA,NA,0.80000000000000004,1,NA,1132,E4|5|moderate_redundancy|0.001|1|3|0.25,topology_F1,0.88888888889999995,0.88888888889999995,unitless,identity,n==5; noise_fraction==0.001; practical; fixed replay classifications,37,NA,NA,NA,NA,NA,NA,NA,NA,NA,NA,NA,NA,NA,0.25,True
3,e,raw,results/k9_support_cutoff_replicates.csv,841cf9af54792f20a6208e689a61912e362ff1bd3c7ef926c85821277f6829dd,moderate_redundancy,NA,37,NA,NA,NA,NA,NA,NA,NA,NA,NA,NA,NA,NA,E4,5,0,1,3,0.001,0.10000000000000001,37,fit_complete,True,NA,NA,NA,NA,0.80000000000000004,1,NA,1133,E4|5|moderate_redundancy|0.001|1|3|0.3,topology_F1,0.88888888889999995,0.88888888889999995,unitless,identity,n==5; noise_fraction==0.001; practical; fixed replay classifications,37,NA,NA,NA,NA,NA,NA,NA,NA,NA,NA,NA,NA,NA,0.29999999999999999,True
3,e,raw,results/k9_support_cutoff_replicates.csv,841cf9af54792f20a6208e689a61912e362ff1bd3c7ef926c85821277f6829dd,moderate_redundancy,NA,37,NA,NA,NA,NA,NA,NA,NA,NA,NA,NA,NA,NA,E4,5,0,1,3,0.001,0.10000000000000001,37,fit_complete,True,NA,NA,NA,NA,1,1,NA,1134,E4|5|moderate_redundancy|0.001|1|3|0.35,topology_F1,1,1,unitless,identity,n==5; noise_fraction==0.001; practical; fixed replay classifications,37,NA,NA,NA,NA,NA,NA,NA,NA,NA,NA,NA,NA,NA,0.34999999999999998,True
3,e,raw,results/k9_support_cutoff_replicates.csv,841cf9af54792f20a6208e689a61912e362ff1bd3c7ef926c85821277f6829dd,high_redundancy,NA,77,NA,NA,NA,NA,NA,NA,NA,NA,NA,NA,NA,NA,E4,5,0,1,3,0.001,0.10000000000000001,77,fit_complete,True,NA,NA,NA,NA,1,1,NA,1135,E4|5|high_redundancy|0.001|1|3|0.15,topology_F1,1,1,unitless,identity,n==5; noise_fraction==0.001; practical; fixed replay classifications,77,NA,NA,NA,NA,NA,NA,NA,NA,NA,NA,NA,NA,NA,0.14999999999999999,True
3,e,raw,results/k9_support_cutoff_replicates.csv,841cf9af54792f20a6208e689a61912e362ff1bd3c7ef926c85821277f6829dd,high_redundancy,NA,77,NA,NA,NA,NA,NA,NA,NA,NA,NA,NA,NA,NA,E4,5,0,1,3,0.001,0.10000000000000001,77,fit_complete,True,NA,NA,NA,NA,1,1,NA,1136,E4|5|high_redundancy|0.001|1|3|0.2,topology_F1,1,1,unitless,identity,n==5; noise_fraction==0.001; practical; fixed replay classifications,77,NA,NA,NA,NA,NA,NA,NA,NA,NA,NA,NA,NA,NA,0.20000000000000001,True
3,e,raw,results/k9_support_cutoff_replicates.csv,841cf9af54792f20a6208e689a61912e362ff1bd3c7ef926c85821277f6829dd,high_redundancy,NA,77,NA,NA,NA,NA,NA,NA,NA,NA,NA,NA,NA,NA,E4,5,0,1,3,0.001,0.10000000000000001,77,fit_complete,True,NA,NA,NA,NA,1,1,NA,1137,E4|5|high_redundancy|0.001|1|3|0.25,topology_F1,1,1,unitless,identity,n==5; noise_fraction==0.001; practical; fixed replay classifications,77,NA,NA,NA,NA,NA,NA,NA,NA,NA,NA,NA,NA,NA,0.25,True
3,e,raw,results/k9_support_cutoff_replicates.csv,841cf9af54792f20a6208e689a61912e362ff1bd3c7ef926c85821277f6829dd,high_redundancy,NA,77,NA,NA,NA,NA,NA,NA,NA,NA,NA,NA,NA,NA,E4,5,0,1,3,0.001,0.10000000000000001,77,fit_complete,True,NA,NA,NA,NA,1,1,NA,1138,E4|5|high_redundancy|0.001|1|3|0.3,topology_F1,1,1,unitless,identity,n==5; noise_fraction==0.001; practical; fixed replay classifications,77,NA,NA,NA,NA,NA,NA,NA,NA,NA,NA,NA,NA,NA,0.29999999999999999,True
3,e,raw,results/k9_support_cutoff_replicates.csv,841cf9af54792f20a6208e689a61912e362ff1bd3c7ef926c85821277f6829dd,high_redundancy,NA,77,NA,NA,NA,NA,NA,NA,NA,NA,NA,NA,NA,NA,E4,5,0,1,3,0.001,0.10000000000000001,77,fit_complete,True,NA,NA,NA,NA,1,1,NA,1139,E4|5|high_redundancy|0.001|1|3|0.35,topology_F1,1,1,unitless,identity,n==5; noise_fraction==0.001; practical; fixed replay classifications,77,NA,NA,NA,NA,NA,NA,NA,NA,NA,NA,NA,NA,NA,0.34999999999999998,True
3,e,raw,results/k9_support_cutoff_replicates.csv,841cf9af54792f20a6208e689a61912e362ff1bd3c7ef926c85821277f6829dd,moderate_redundancy,NA,37,NA,NA,NA,NA,NA,NA,NA,NA,NA,NA,NA,NA,E5,5,1,0,0,0.001,0.10000000000000001,37,fit_complete,True,NA,NA,NA,NA,0.83333333330000003,1,NA,1385,E5|5|moderate_redundancy|0.001|0|0|0.15,topology_F1,0.90909090910000001,0.90909090910000001,unitless,identity,n==5; noise_fraction==0.001; practical; fixed replay classifications,37,NA,NA,NA,NA,NA,NA,NA,NA,NA,NA,NA,NA,NA,0.14999999999999999,True
3,e,raw,results/k9_support_cutoff_replicates.csv,841cf9af54792f20a6208e689a61912e362ff1bd3c7ef926c85821277f6829dd,moderate_redundancy,NA,37,NA,NA,NA,NA,NA,NA,NA,NA,NA,NA,NA,NA,E5,5,1,0,0,0.001,0.10000000000000001,37,fit_complete,True,NA,NA,NA,NA,0.83333333330000003,1,NA,1386,E5|5|moderate_redundancy|0.001|0|0|0.2,topology_F1,0.90909090910000001,0.90909090910000001,unitless,identity,n==5; noise_fraction==0.001; practical; fixed replay classifications,37,NA,NA,NA,NA,NA,NA,NA,NA,NA,NA,NA,NA,NA,0.20000000000000001,True
3,e,raw,results/k9_support_cutoff_replicates.csv,841cf9af54792f20a6208e689a61912e362ff1bd3c7ef926c85821277f6829dd,moderate_redundancy,NA,37,NA,NA,NA,NA,NA,NA,NA,NA,NA,NA,NA,NA,E5,5,1,0,0,0.001,0.10000000000000001,37,fit_complete,True,NA,NA,NA,NA,0.83333333330000003,1,NA,1387,E5|5|moderate_redundancy|0.001|0|0|0.25,topology_F1,0.90909090910000001,0.90909090910000001,unitless,identity,n==5; noise_fraction==0.001; practical; fixed replay classifications,37,NA,NA,NA,NA,NA,NA,NA,NA,NA,NA,NA,NA,NA,0.25,True
3,e,raw,results/k9_support_cutoff_replicates.csv,841cf9af54792f20a6208e689a61912e362ff1bd3c7ef926c85821277f6829dd,moderate_redundancy,NA,37,NA,NA,NA,NA,NA,NA,NA,NA,NA,NA,NA,NA,E5,5,1,0,0,0.001,0.10000000000000001,37,fit_complete,True,NA,NA,NA,NA,0.83333333330000003,1,NA,1388,E5|5|moderate_redundancy|0.001|0|0|0.3,topology_F1,0.90909090910000001,0.90909090910000001,unitless,identity,n==5; noise_fraction==0.001; practical; fixed replay classifications,37,NA,NA,NA,NA,NA,NA,NA,NA,NA,NA,NA,NA,NA,0.29999999999999999,True
3,e,raw,results/k9_support_cutoff_replicates.csv,841cf9af54792f20a6208e689a61912e362ff1bd3c7ef926c85821277f6829dd,moderate_redundancy,NA,37,NA,NA,NA,NA,NA,NA,NA,NA,NA,NA,NA,NA,E5,5,1,0,0,0.001,0.10000000000000001,37,fit_complete,True,NA,NA,NA,NA,0.83333333330000003,1,NA,1389,E5|5|moderate_redundancy|0.001|0|0|0.35,topology_F1,0.90909090910000001,0.90909090910000001,unitless,identity,n==5; noise_fraction==0.001; practical; fixed replay classifications,37,NA,NA,NA,NA,NA,NA,NA,NA,NA,NA,NA,NA,NA,0.34999999999999998,True
3,e,raw,results/k9_support_cutoff_replicates.csv,841cf9af54792f20a6208e689a61912e362ff1bd3c7ef926c85821277f6829dd,high_redundancy,NA,77,NA,NA,NA,NA,NA,NA,NA,NA,NA,NA,NA,NA,E5,5,1,0,0,0.001,0.10000000000000001,77,fit_complete,True,NA,NA,NA,NA,1,1,NA,1390,E5|5|high_redundancy|0.001|0|0|0.15,topology_F1,1,1,unitless,identity,n==5; noise_fraction==0.001; practical; fixed replay classifications,77,NA,NA,NA,NA,NA,NA,NA,NA,NA,NA,NA,NA,NA,0.14999999999999999,True
3,e,raw,results/k9_support_cutoff_replicates.csv,841cf9af54792f20a6208e689a61912e362ff1bd3c7ef926c85821277f6829dd,high_redundancy,NA,77,NA,NA,NA,NA,NA,NA,NA,NA,NA,NA,NA,NA,E5,5,1,0,0,0.001,0.10000000000000001,77,fit_complete,True,NA,NA,NA,NA,1,1,NA,1391,E5|5|high_redundancy|0.001|0|0|0.2,topology_F1,1,1,unitless,identity,n==5; noise_fraction==0.001; practical; fixed replay classifications,77,NA,NA,NA,NA,NA,NA,NA,NA,NA,NA,NA,NA,NA,0.20000000000000001,True
3,e,raw,results/k9_support_cutoff_replicates.csv,841cf9af54792f20a6208e689a61912e362ff1bd3c7ef926c85821277f6829dd,high_redundancy,NA,77,NA,NA,NA,NA,NA,NA,NA,NA,NA,NA,NA,NA,E5,5,1,0,0,0.001,0.10000000000000001,77,fit_complete,True,NA,NA,NA,NA,1,1,NA,1392,E5|5|high_redundancy|0.001|0|0|0.25,topology_F1,1,1,unitless,identity,n==5; noise_fraction==0.001; practical; fixed replay classifications,77,NA,NA,NA,NA,NA,NA,NA,NA,NA,NA,NA,NA,NA,0.25,True
3,e,raw,results/k9_support_cutoff_replicates.csv,841cf9af54792f20a6208e689a61912e362ff1bd3c7ef926c85821277f6829dd,high_redundancy,NA,77,NA,NA,NA,NA,NA,NA,NA,NA,NA,NA,NA,NA,E5,5,1,0,0,0.001,0.10000000000000001,77,fit_complete,True,NA,NA,NA,NA,1,1,NA,1393,E5|5|high_redundancy|0.001|0|0|0.3,topology_F1,1,1,unitless,identity,n==5; noise_fraction==0.001; practical; fixed replay classifications,77,NA,NA,NA,NA,NA,NA,NA,NA,NA,NA,NA,NA,NA,0.29999999999999999,True
3,e,raw,results/k9_support_cutoff_replicates.csv,841cf9af54792f20a6208e689a61912e362ff1bd3c7ef926c85821277f6829dd,high_redundancy,NA,77,NA,NA,NA,NA,NA,NA,NA,NA,NA,NA,NA,NA,E5,5,1,0,0,0.001,0.10000000000000001,77,fit_complete,True,NA,NA,NA,NA,1,1,NA,1394,E5|5|high_redundancy|0.001|0|0|0.35,topology_F1,1,1,unitless,identity,n==5; noise_fraction==0.001; practical; fixed replay classifications,77,NA,NA,NA,NA,NA,NA,NA,NA,NA,NA,NA,NA,NA,0.34999999999999998,True
3,e,raw,results/k9_support_cutoff_replicates.csv,841cf9af54792f20a6208e689a61912e362ff1bd3c7ef926c85821277f6829dd,moderate_redundancy,NA,37,NA,NA,NA,NA,NA,NA,NA,NA,NA,NA,NA,NA,E5,5,1,0,1,0.001,0.10000000000000001,37,fit_complete,True,NA,NA,NA,NA,0.71428571429999999,1,NA,1400,E5|5|moderate_redundancy|0.001|0|1|0.15,topology_F1,0.83333333330000003,0.83333333330000003,unitless,identity,n==5; noise_fraction==0.001; practical; fixed replay classifications,37,NA,NA,NA,NA,NA,NA,NA,NA,NA,NA,NA,NA,NA,0.14999999999999999,True
3,e,raw,results/k9_support_cutoff_replicates.csv,841cf9af54792f20a6208e689a61912e362ff1bd3c7ef926c85821277f6829dd,moderate_redundancy,NA,37,NA,NA,NA,NA,NA,NA,NA,NA,NA,NA,NA,NA,E5,5,1,0,1,0.001,0.10000000000000001,37,fit_complete,True,NA,NA,NA,NA,0.71428571429999999,1,NA,1401,E5|5|moderate_redundancy|0.001|0|1|0.2,topology_F1,0.83333333330000003,0.83333333330000003,unitless,identity,n==5; noise_fraction==0.001; practical; fixed replay classifications,37,NA,NA,NA,NA,NA,NA,NA,NA,NA,NA,NA,NA,NA,0.20000000000000001,True
3,e,raw,results/k9_support_cutoff_replicates.csv,841cf9af54792f20a6208e689a61912e362ff1bd3c7ef926c85821277f6829dd,moderate_redundancy,NA,37,NA,NA,NA,NA,NA,NA,NA,NA,NA,NA,NA,NA,E5,5,1,0,1,0.001,0.10000000000000001,37,fit_complete,True,NA,NA,NA,NA,0.71428571429999999,1,NA,1402,E5|5|moderate_redundancy|0.001|0|1|0.25,topology_F1,0.83333333330000003,0.83333333330000003,unitless,identity,n==5; noise_fraction==0.001; practical; fixed replay classifications,37,NA,NA,NA,NA,NA,NA,NA,NA,NA,NA,NA,NA,NA,0.25,True
3,e,raw,results/k9_support_cutoff_replicates.csv,841cf9af54792f20a6208e689a61912e362ff1bd3c7ef926c85821277f6829dd,moderate_redundancy,NA,37,NA,NA,NA,NA,NA,NA,NA,NA,NA,NA,NA,NA,E5,5,1,0,1,0.001,0.10000000000000001,37,fit_complete,True,NA,NA,NA,NA,0.71428571429999999,1,NA,1403,E5|5|moderate_redundancy|0.001|0|1|0.3,topology_F1,0.83333333330000003,0.83333333330000003,unitless,identity,n==5; noise_fraction==0.001; practical; fixed replay classifications,37,NA,NA,NA,NA,NA,NA,NA,NA,NA,NA,NA,NA,NA,0.29999999999999999,True
3,e,raw,results/k9_support_cutoff_replicates.csv,841cf9af54792f20a6208e689a61912e362ff1bd3c7ef926c85821277f6829dd,moderate_redundancy,NA,37,NA,NA,NA,NA,NA,NA,NA,NA,NA,NA,NA,NA,E5,5,1,0,1,0.001,0.10000000000000001,37,fit_complete,True,NA,NA,NA,NA,0.71428571429999999,1,NA,1404,E5|5|moderate_redundancy|0.001|0|1|0.35,topology_F1,0.83333333330000003,0.83333333330000003,unitless,identity,n==5; noise_fraction==0.001; practical; fixed replay classifications,37,NA,NA,NA,NA,NA,NA,NA,NA,NA,NA,NA,NA,NA,0.34999999999999998,True
3,e,raw,results/k9_support_cutoff_replicates.csv,841cf9af54792f20a6208e689a61912e362ff1bd3c7ef926c85821277f6829dd,high_redundancy,NA,77,NA,NA,NA,NA,NA,NA,NA,NA,NA,NA,NA,NA,E5,5,1,0,1,0.001,0.10000000000000001,77,fit_complete,True,NA,NA,NA,NA,1,1,NA,1405,E5|5|high_redundancy|0.001|0|1|0.15,topology_F1,1,1,unitless,identity,n==5; noise_fraction==0.001; practical; fixed replay classifications,77,NA,NA,NA,NA,NA,NA,NA,NA,NA,NA,NA,NA,NA,0.14999999999999999,True
3,e,raw,results/k9_support_cutoff_replicates.csv,841cf9af54792f20a6208e689a61912e362ff1bd3c7ef926c85821277f6829dd,high_redundancy,NA,77,NA,NA,NA,NA,NA,NA,NA,NA,NA,NA,NA,NA,E5,5,1,0,1,0.001,0.10000000000000001,77,fit_complete,True,NA,NA,NA,NA,1,1,NA,1406,E5|5|high_redundancy|0.001|0|1|0.2,topology_F1,1,1,unitless,identity,n==5; noise_fraction==0.001; practical; fixed replay classifications,77,NA,NA,NA,NA,NA,NA,NA,NA,NA,NA,NA,NA,NA,0.20000000000000001,True
3,e,raw,results/k9_support_cutoff_replicates.csv,841cf9af54792f20a6208e689a61912e362ff1bd3c7ef926c85821277f6829dd,high_redundancy,NA,77,NA,NA,NA,NA,NA,NA,NA,NA,NA,NA,NA,NA,E5,5,1,0,1,0.001,0.10000000000000001,77,fit_complete,True,NA,NA,NA,NA,1,1,NA,1407,E5|5|high_redundancy|0.001|0|1|0.25,topology_F1,1,1,unitless,identity,n==5; noise_fraction==0.001; practical; fixed replay classifications,77,NA,NA,NA,NA,NA,NA,NA,NA,NA,NA,NA,NA,NA,0.25,True
3,e,raw,results/k9_support_cutoff_replicates.csv,841cf9af54792f20a6208e689a61912e362ff1bd3c7ef926c85821277f6829dd,high_redundancy,NA,77,NA,NA,NA,NA,NA,NA,NA,NA,NA,NA,NA,NA,E5,5,1,0,1,0.001,0.10000000000000001,77,fit_complete,True,NA,NA,NA,NA,1,1,NA,1408,E5|5|high_redundancy|0.001|0|1|0.3,topology_F1,1,1,unitless,identity,n==5; noise_fraction==0.001; practical; fixed replay classifications,77,NA,NA,NA,NA,NA,NA,NA,NA,NA,NA,NA,NA,NA,0.29999999999999999,True
3,e,raw,results/k9_support_cutoff_replicates.csv,841cf9af54792f20a6208e689a61912e362ff1bd3c7ef926c85821277f6829dd,high_redundancy,NA,77,NA,NA,NA,NA,NA,NA,NA,NA,NA,NA,NA,NA,E5,5,1,0,1,0.001,0.10000000000000001,77,fit_complete,True,NA,NA,NA,NA,1,1,NA,1409,E5|5|high_redundancy|0.001|0|1|0.35,topology_F1,1,1,unitless,identity,n==5; noise_fraction==0.001; practical; fixed replay classifications,77,NA,NA,NA,NA,NA,NA,NA,NA,NA,NA,NA,NA,NA,0.34999999999999998,True
3,e,raw,results/k9_support_cutoff_replicates.csv,841cf9af54792f20a6208e689a61912e362ff1bd3c7ef926c85821277f6829dd,moderate_redundancy,NA,37,NA,NA,NA,NA,NA,NA,NA,NA,NA,NA,NA,NA,E5,5,1,0,2,0.001,0.10000000000000001,37,fit_complete,True,NA,NA,NA,NA,0.71428571429999999,1,NA,1415,E5|5|moderate_redundancy|0.001|0|2|0.15,topology_F1,0.83333333330000003,0.83333333330000003,unitless,identity,n==5; noise_fraction==0.001; practical; fixed replay classifications,37,NA,NA,NA,NA,NA,NA,NA,NA,NA,NA,NA,NA,NA,0.14999999999999999,True
3,e,raw,results/k9_support_cutoff_replicates.csv,841cf9af54792f20a6208e689a61912e362ff1bd3c7ef926c85821277f6829dd,moderate_redundancy,NA,37,NA,NA,NA,NA,NA,NA,NA,NA,NA,NA,NA,NA,E5,5,1,0,2,0.001,0.10000000000000001,37,fit_complete,True,NA,NA,NA,NA,0.71428571429999999,1,NA,1416,E5|5|moderate_redundancy|0.001|0|2|0.2,topology_F1,0.83333333330000003,0.83333333330000003,unitless,identity,n==5; noise_fraction==0.001; practical; fixed replay classifications,37,NA,NA,NA,NA,NA,NA,NA,NA,NA,NA,NA,NA,NA,0.20000000000000001,True
3,e,raw,results/k9_support_cutoff_replicates.csv,841cf9af54792f20a6208e689a61912e362ff1bd3c7ef926c85821277f6829dd,moderate_redundancy,NA,37,NA,NA,NA,NA,NA,NA,NA,NA,NA,NA,NA,NA,E5,5,1,0,2,0.001,0.10000000000000001,37,fit_complete,True,NA,NA,NA,NA,0.71428571429999999,1,NA,1417,E5|5|moderate_redundancy|0.001|0|2|0.25,topology_F1,0.83333333330000003,0.83333333330000003,unitless,identity,n==5; noise_fraction==0.001; practical; fixed replay classifications,37,NA,NA,NA,NA,NA,NA,NA,NA,NA,NA,NA,NA,NA,0.25,True
3,e,raw,results/k9_support_cutoff_replicates.csv,841cf9af54792f20a6208e689a61912e362ff1bd3c7ef926c85821277f6829dd,moderate_redundancy,NA,37,NA,NA,NA,NA,NA,NA,NA,NA,NA,NA,NA,NA,E5,5,1,0,2,0.001,0.10000000000000001,37,fit_complete,True,NA,NA,NA,NA,0.71428571429999999,1,NA,1418,E5|5|moderate_redundancy|0.001|0|2|0.3,topology_F1,0.83333333330000003,0.83333333330000003,unitless,identity,n==5; noise_fraction==0.001; practical; fixed replay classifications,37,NA,NA,NA,NA,NA,NA,NA,NA,NA,NA,NA,NA,NA,0.29999999999999999,True
3,e,raw,results/k9_support_cutoff_replicates.csv,841cf9af54792f20a6208e689a61912e362ff1bd3c7ef926c85821277f6829dd,moderate_redundancy,NA,37,NA,NA,NA,NA,NA,NA,NA,NA,NA,NA,NA,NA,E5,5,1,0,2,0.001,0.10000000000000001,37,fit_complete,True,NA,NA,NA,NA,0.71428571429999999,1,NA,1419,E5|5|moderate_redundancy|0.001|0|2|0.35,topology_F1,0.83333333330000003,0.83333333330000003,unitless,identity,n==5; noise_fraction==0.001; practical; fixed replay classifications,37,NA,NA,NA,NA,NA,NA,NA,NA,NA,NA,NA,NA,NA,0.34999999999999998,True
3,e,raw,results/k9_support_cutoff_replicates.csv,841cf9af54792f20a6208e689a61912e362ff1bd3c7ef926c85821277f6829dd,high_redundancy,NA,77,NA,NA,NA,NA,NA,NA,NA,NA,NA,NA,NA,NA,E5,5,1,0,2,0.001,0.10000000000000001,77,fit_complete,True,NA,NA,NA,NA,1,1,NA,1420,E5|5|high_redundancy|0.001|0|2|0.15,topology_F1,1,1,unitless,identity,n==5; noise_fraction==0.001; practical; fixed replay classifications,77,NA,NA,NA,NA,NA,NA,NA,NA,NA,NA,NA,NA,NA,0.14999999999999999,True
3,e,raw,results/k9_support_cutoff_replicates.csv,841cf9af54792f20a6208e689a61912e362ff1bd3c7ef926c85821277f6829dd,high_redundancy,NA,77,NA,NA,NA,NA,NA,NA,NA,NA,NA,NA,NA,NA,E5,5,1,0,2,0.001,0.10000000000000001,77,fit_complete,True,NA,NA,NA,NA,1,1,NA,1421,E5|5|high_redundancy|0.001|0|2|0.2,topology_F1,1,1,unitless,identity,n==5; noise_fraction==0.001; practical; fixed replay classifications,77,NA,NA,NA,NA,NA,NA,NA,NA,NA,NA,NA,NA,NA,0.20000000000000001,True
3,e,raw,results/k9_support_cutoff_replicates.csv,841cf9af54792f20a6208e689a61912e362ff1bd3c7ef926c85821277f6829dd,high_redundancy,NA,77,NA,NA,NA,NA,NA,NA,NA,NA,NA,NA,NA,NA,E5,5,1,0,2,0.001,0.10000000000000001,77,fit_complete,True,NA,NA,NA,NA,1,1,NA,1422,E5|5|high_redundancy|0.001|0|2|0.25,topology_F1,1,1,unitless,identity,n==5; noise_fraction==0.001; practical; fixed replay classifications,77,NA,NA,NA,NA,NA,NA,NA,NA,NA,NA,NA,NA,NA,0.25,True
3,e,raw,results/k9_support_cutoff_replicates.csv,841cf9af54792f20a6208e689a61912e362ff1bd3c7ef926c85821277f6829dd,high_redundancy,NA,77,NA,NA,NA,NA,NA,NA,NA,NA,NA,NA,NA,NA,E5,5,1,0,2,0.001,0.10000000000000001,77,fit_complete,True,NA,NA,NA,NA,1,1,NA,1423,E5|5|high_redundancy|0.001|0|2|0.3,topology_F1,1,1,unitless,identity,n==5; noise_fraction==0.001; practical; fixed replay classifications,77,NA,NA,NA,NA,NA,NA,NA,NA,NA,NA,NA,NA,NA,0.29999999999999999,True
3,e,raw,results/k9_support_cutoff_replicates.csv,841cf9af54792f20a6208e689a61912e362ff1bd3c7ef926c85821277f6829dd,high_redundancy,NA,77,NA,NA,NA,NA,NA,NA,NA,NA,NA,NA,NA,NA,E5,5,1,0,2,0.001,0.10000000000000001,77,fit_complete,True,NA,NA,NA,NA,1,1,NA,1424,E5|5|high_redundancy|0.001|0|2|0.35,topology_F1,1,1,unitless,identity,n==5; noise_fraction==0.001; practical; fixed replay classifications,77,NA,NA,NA,NA,NA,NA,NA,NA,NA,NA,NA,NA,NA,0.34999999999999998,True
3,e,raw,results/k9_support_cutoff_replicates.csv,841cf9af54792f20a6208e689a61912e362ff1bd3c7ef926c85821277f6829dd,moderate_redundancy,NA,37,NA,NA,NA,NA,NA,NA,NA,NA,NA,NA,NA,NA,E5,5,1,0,3,0.001,0.10000000000000001,37,fit_complete,True,NA,NA,NA,NA,0.83333333330000003,1,NA,1430,E5|5|moderate_redundancy|0.001|0|3|0.15,topology_F1,0.90909090910000001,0.90909090910000001,unitless,identity,n==5; noise_fraction==0.001; practical; fixed replay classifications,37,NA,NA,NA,NA,NA,NA,NA,NA,NA,NA,NA,NA,NA,0.14999999999999999,True
3,e,raw,results/k9_support_cutoff_replicates.csv,841cf9af54792f20a6208e689a61912e362ff1bd3c7ef926c85821277f6829dd,moderate_redundancy,NA,37,NA,NA,NA,NA,NA,NA,NA,NA,NA,NA,NA,NA,E5,5,1,0,3,0.001,0.10000000000000001,37,fit_complete,True,NA,NA,NA,NA,0.83333333330000003,1,NA,1431,E5|5|moderate_redundancy|0.001|0|3|0.2,topology_F1,0.90909090910000001,0.90909090910000001,unitless,identity,n==5; noise_fraction==0.001; practical; fixed replay classifications,37,NA,NA,NA,NA,NA,NA,NA,NA,NA,NA,NA,NA,NA,0.20000000000000001,True
3,e,raw,results/k9_support_cutoff_replicates.csv,841cf9af54792f20a6208e689a61912e362ff1bd3c7ef926c85821277f6829dd,moderate_redundancy,NA,37,NA,NA,NA,NA,NA,NA,NA,NA,NA,NA,NA,NA,E5,5,1,0,3,0.001,0.10000000000000001,37,fit_complete,True,NA,NA,NA,NA,1,1,NA,1432,E5|5|moderate_redundancy|0.001|0|3|0.25,topology_F1,1,1,unitless,identity,n==5; noise_fraction==0.001; practical; fixed replay classifications,37,NA,NA,NA,NA,NA,NA,NA,NA,NA,NA,NA,NA,NA,0.25,True
3,e,raw,results/k9_support_cutoff_replicates.csv,841cf9af54792f20a6208e689a61912e362ff1bd3c7ef926c85821277f6829dd,moderate_redundancy,NA,37,NA,NA,NA,NA,NA,NA,NA,NA,NA,NA,NA,NA,E5,5,1,0,3,0.001,0.10000000000000001,37,fit_complete,True,NA,NA,NA,NA,1,1,NA,1433,E5|5|moderate_redundancy|0.001|0|3|0.3,topology_F1,1,1,unitless,identity,n==5; noise_fraction==0.001; practical; fixed replay classifications,37,NA,NA,NA,NA,NA,NA,NA,NA,NA,NA,NA,NA,NA,0.29999999999999999,True
3,e,raw,results/k9_support_cutoff_replicates.csv,841cf9af54792f20a6208e689a61912e362ff1bd3c7ef926c85821277f6829dd,moderate_redundancy,NA,37,NA,NA,NA,NA,NA,NA,NA,NA,NA,NA,NA,NA,E5,5,1,0,3,0.001,0.10000000000000001,37,fit_complete,True,NA,NA,NA,NA,1,1,NA,1434,E5|5|moderate_redundancy|0.001|0|3|0.35,topology_F1,1,1,unitless,identity,n==5; noise_fraction==0.001; practical; fixed replay classifications,37,NA,NA,NA,NA,NA,NA,NA,NA,NA,NA,NA,NA,NA,0.34999999999999998,True
3,e,raw,results/k9_support_cutoff_replicates.csv,841cf9af54792f20a6208e689a61912e362ff1bd3c7ef926c85821277f6829dd,high_redundancy,NA,77,NA,NA,NA,NA,NA,NA,NA,NA,NA,NA,NA,NA,E5,5,1,0,3,0.001,0.10000000000000001,77,fit_complete,True,NA,NA,NA,NA,1,1,NA,1435,E5|5|high_redundancy|0.001|0|3|0.15,topology_F1,1,1,unitless,identity,n==5; noise_fraction==0.001; practical; fixed replay classifications,77,NA,NA,NA,NA,NA,NA,NA,NA,NA,NA,NA,NA,NA,0.14999999999999999,True
3,e,raw,results/k9_support_cutoff_replicates.csv,841cf9af54792f20a6208e689a61912e362ff1bd3c7ef926c85821277f6829dd,high_redundancy,NA,77,NA,NA,NA,NA,NA,NA,NA,NA,NA,NA,NA,NA,E5,5,1,0,3,0.001,0.10000000000000001,77,fit_complete,True,NA,NA,NA,NA,1,1,NA,1436,E5|5|high_redundancy|0.001|0|3|0.2,topology_F1,1,1,unitless,identity,n==5; noise_fraction==0.001; practical; fixed replay classifications,77,NA,NA,NA,NA,NA,NA,NA,NA,NA,NA,NA,NA,NA,0.20000000000000001,True
3,e,raw,results/k9_support_cutoff_replicates.csv,841cf9af54792f20a6208e689a61912e362ff1bd3c7ef926c85821277f6829dd,high_redundancy,NA,77,NA,NA,NA,NA,NA,NA,NA,NA,NA,NA,NA,NA,E5,5,1,0,3,0.001,0.10000000000000001,77,fit_complete,True,NA,NA,NA,NA,1,1,NA,1437,E5|5|high_redundancy|0.001|0|3|0.25,topology_F1,1,1,unitless,identity,n==5; noise_fraction==0.001; practical; fixed replay classifications,77,NA,NA,NA,NA,NA,NA,NA,NA,NA,NA,NA,NA,NA,0.25,True
3,e,raw,results/k9_support_cutoff_replicates.csv,841cf9af54792f20a6208e689a61912e362ff1bd3c7ef926c85821277f6829dd,high_redundancy,NA,77,NA,NA,NA,NA,NA,NA,NA,NA,NA,NA,NA,NA,E5,5,1,0,3,0.001,0.10000000000000001,77,fit_complete,True,NA,NA,NA,NA,1,1,NA,1438,E5|5|high_redundancy|0.001|0|3|0.3,topology_F1,1,1,unitless,identity,n==5; noise_fraction==0.001; practical; fixed replay classifications,77,NA,NA,NA,NA,NA,NA,NA,NA,NA,NA,NA,NA,NA,0.29999999999999999,True
3,e,raw,results/k9_support_cutoff_replicates.csv,841cf9af54792f20a6208e689a61912e362ff1bd3c7ef926c85821277f6829dd,high_redundancy,NA,77,NA,NA,NA,NA,NA,NA,NA,NA,NA,NA,NA,NA,E5,5,1,0,3,0.001,0.10000000000000001,77,fit_complete,True,NA,NA,NA,NA,1,1,NA,1439,E5|5|high_redundancy|0.001|0|3|0.35,topology_F1,1,1,unitless,identity,n==5; noise_fraction==0.001; practical; fixed replay classifications,77,NA,NA,NA,NA,NA,NA,NA,NA,NA,NA,NA,NA,NA,0.34999999999999998,True
3,e,raw,results/k9_support_cutoff_replicates.csv,841cf9af54792f20a6208e689a61912e362ff1bd3c7ef926c85821277f6829dd,moderate_redundancy,NA,37,NA,NA,NA,NA,NA,NA,NA,NA,NA,NA,NA,NA,E5,5,1,1,0,0.001,0.10000000000000001,37,fit_complete,True,NA,NA,NA,NA,0.83333333330000003,1,NA,1685,E5|5|moderate_redundancy|0.001|1|0|0.15,topology_F1,0.90909090910000001,0.90909090910000001,unitless,identity,n==5; noise_fraction==0.001; practical; fixed replay classifications,37,NA,NA,NA,NA,NA,NA,NA,NA,NA,NA,NA,NA,NA,0.14999999999999999,True
3,e,raw,results/k9_support_cutoff_replicates.csv,841cf9af54792f20a6208e689a61912e362ff1bd3c7ef926c85821277f6829dd,moderate_redundancy,NA,37,NA,NA,NA,NA,NA,NA,NA,NA,NA,NA,NA,NA,E5,5,1,1,0,0.001,0.10000000000000001,37,fit_complete,True,NA,NA,NA,NA,0.83333333330000003,1,NA,1686,E5|5|moderate_redundancy|0.001|1|0|0.2,topology_F1,0.90909090910000001,0.90909090910000001,unitless,identity,n==5; noise_fraction==0.001; practical; fixed replay classifications,37,NA,NA,NA,NA,NA,NA,NA,NA,NA,NA,NA,NA,NA,0.20000000000000001,True
3,e,raw,results/k9_support_cutoff_replicates.csv,841cf9af54792f20a6208e689a61912e362ff1bd3c7ef926c85821277f6829dd,moderate_redundancy,NA,37,NA,NA,NA,NA,NA,NA,NA,NA,NA,NA,NA,NA,E5,5,1,1,0,0.001,0.10000000000000001,37,fit_complete,True,NA,NA,NA,NA,0.83333333330000003,1,NA,1687,E5|5|moderate_redundancy|0.001|1|0|0.25,topology_F1,0.90909090910000001,0.90909090910000001,unitless,identity,n==5; noise_fraction==0.001; practical; fixed replay classifications,37,NA,NA,NA,NA,NA,NA,NA,NA,NA,NA,NA,NA,NA,0.25,True
3,e,raw,results/k9_support_cutoff_replicates.csv,841cf9af54792f20a6208e689a61912e362ff1bd3c7ef926c85821277f6829dd,moderate_redundancy,NA,37,NA,NA,NA,NA,NA,NA,NA,NA,NA,NA,NA,NA,E5,5,1,1,0,0.001,0.10000000000000001,37,fit_complete,True,NA,NA,NA,NA,1,1,NA,1688,E5|5|moderate_redundancy|0.001|1|0|0.3,topology_F1,1,1,unitless,identity,n==5; noise_fraction==0.001; practical; fixed replay classifications,37,NA,NA,NA,NA,NA,NA,NA,NA,NA,NA,NA,NA,NA,0.29999999999999999,True
3,e,raw,results/k9_support_cutoff_replicates.csv,841cf9af54792f20a6208e689a61912e362ff1bd3c7ef926c85821277f6829dd,moderate_redundancy,NA,37,NA,NA,NA,NA,NA,NA,NA,NA,NA,NA,NA,NA,E5,5,1,1,0,0.001,0.10000000000000001,37,fit_complete,True,NA,NA,NA,NA,1,1,NA,1689,E5|5|moderate_redundancy|0.001|1|0|0.35,topology_F1,1,1,unitless,identity,n==5; noise_fraction==0.001; practical; fixed replay classifications,37,NA,NA,NA,NA,NA,NA,NA,NA,NA,NA,NA,NA,NA,0.34999999999999998,True
3,e,raw,results/k9_support_cutoff_replicates.csv,841cf9af54792f20a6208e689a61912e362ff1bd3c7ef926c85821277f6829dd,high_redundancy,NA,77,NA,NA,NA,NA,NA,NA,NA,NA,NA,NA,NA,NA,E5,5,1,1,0,0.001,0.10000000000000001,77,fit_complete,True,NA,NA,NA,NA,1,1,NA,1690,E5|5|high_redundancy|0.001|1|0|0.15,topology_F1,1,1,unitless,identity,n==5; noise_fraction==0.001; practical; fixed replay classifications,77,NA,NA,NA,NA,NA,NA,NA,NA,NA,NA,NA,NA,NA,0.14999999999999999,True
3,e,raw,results/k9_support_cutoff_replicates.csv,841cf9af54792f20a6208e689a61912e362ff1bd3c7ef926c85821277f6829dd,high_redundancy,NA,77,NA,NA,NA,NA,NA,NA,NA,NA,NA,NA,NA,NA,E5,5,1,1,0,0.001,0.10000000000000001,77,fit_complete,True,NA,NA,NA,NA,1,1,NA,1691,E5|5|high_redundancy|0.001|1|0|0.2,topology_F1,1,1,unitless,identity,n==5; noise_fraction==0.001; practical; fixed replay classifications,77,NA,NA,NA,NA,NA,NA,NA,NA,NA,NA,NA,NA,NA,0.20000000000000001,True
3,e,raw,results/k9_support_cutoff_replicates.csv,841cf9af54792f20a6208e689a61912e362ff1bd3c7ef926c85821277f6829dd,high_redundancy,NA,77,NA,NA,NA,NA,NA,NA,NA,NA,NA,NA,NA,NA,E5,5,1,1,0,0.001,0.10000000000000001,77,fit_complete,True,NA,NA,NA,NA,1,1,NA,1692,E5|5|high_redundancy|0.001|1|0|0.25,topology_F1,1,1,unitless,identity,n==5; noise_fraction==0.001; practical; fixed replay classifications,77,NA,NA,NA,NA,NA,NA,NA,NA,NA,NA,NA,NA,NA,0.25,True
3,e,raw,results/k9_support_cutoff_replicates.csv,841cf9af54792f20a6208e689a61912e362ff1bd3c7ef926c85821277f6829dd,high_redundancy,NA,77,NA,NA,NA,NA,NA,NA,NA,NA,NA,NA,NA,NA,E5,5,1,1,0,0.001,0.10000000000000001,77,fit_complete,True,NA,NA,NA,NA,1,1,NA,1693,E5|5|high_redundancy|0.001|1|0|0.3,topology_F1,1,1,unitless,identity,n==5; noise_fraction==0.001; practical; fixed replay classifications,77,NA,NA,NA,NA,NA,NA,NA,NA,NA,NA,NA,NA,NA,0.29999999999999999,True
3,e,raw,results/k9_support_cutoff_replicates.csv,841cf9af54792f20a6208e689a61912e362ff1bd3c7ef926c85821277f6829dd,high_redundancy,NA,77,NA,NA,NA,NA,NA,NA,NA,NA,NA,NA,NA,NA,E5,5,1,1,0,0.001,0.10000000000000001,77,fit_complete,True,NA,NA,NA,NA,1,1,NA,1694,E5|5|high_redundancy|0.001|1|0|0.35,topology_F1,1,1,unitless,identity,n==5; noise_fraction==0.001; practical; fixed replay classifications,77,NA,NA,NA,NA,NA,NA,NA,NA,NA,NA,NA,NA,NA,0.34999999999999998,True
3,e,raw,results/k9_support_cutoff_replicates.csv,841cf9af54792f20a6208e689a61912e362ff1bd3c7ef926c85821277f6829dd,moderate_redundancy,NA,37,NA,NA,NA,NA,NA,NA,NA,NA,NA,NA,NA,NA,E5,5,1,1,1,0.001,0.10000000000000001,37,fit_complete,True,NA,NA,NA,NA,0.625,1,NA,1700,E5|5|moderate_redundancy|0.001|1|1|0.15,topology_F1,0.7692307692,0.7692307692,unitless,identity,n==5; noise_fraction==0.001; practical; fixed replay classifications,37,NA,NA,NA,NA,NA,NA,NA,NA,NA,NA,NA,NA,NA,0.14999999999999999,True
3,e,raw,results/k9_support_cutoff_replicates.csv,841cf9af54792f20a6208e689a61912e362ff1bd3c7ef926c85821277f6829dd,moderate_redundancy,NA,37,NA,NA,NA,NA,NA,NA,NA,NA,NA,NA,NA,NA,E5,5,1,1,1,0.001,0.10000000000000001,37,fit_complete,True,NA,NA,NA,NA,0.625,1,NA,1701,E5|5|moderate_redundancy|0.001|1|1|0.2,topology_F1,0.7692307692,0.7692307692,unitless,identity,n==5; noise_fraction==0.001; practical; fixed replay classifications,37,NA,NA,NA,NA,NA,NA,NA,NA,NA,NA,NA,NA,NA,0.20000000000000001,True
3,e,raw,results/k9_support_cutoff_replicates.csv,841cf9af54792f20a6208e689a61912e362ff1bd3c7ef926c85821277f6829dd,moderate_redundancy,NA,37,NA,NA,NA,NA,NA,NA,NA,NA,NA,NA,NA,NA,E5,5,1,1,1,0.001,0.10000000000000001,37,fit_complete,True,NA,NA,NA,NA,0.71428571429999999,1,NA,1702,E5|5|moderate_redundancy|0.001|1|1|0.25,topology_F1,0.83333333330000003,0.83333333330000003,unitless,identity,n==5; noise_fraction==0.001; practical; fixed replay classifications,37,NA,NA,NA,NA,NA,NA,NA,NA,NA,NA,NA,NA,NA,0.25,True
3,e,raw,results/k9_support_cutoff_replicates.csv,841cf9af54792f20a6208e689a61912e362ff1bd3c7ef926c85821277f6829dd,moderate_redundancy,NA,37,NA,NA,NA,NA,NA,NA,NA,NA,NA,NA,NA,NA,E5,5,1,1,1,0.001,0.10000000000000001,37,fit_complete,True,NA,NA,NA,NA,0.71428571429999999,1,NA,1703,E5|5|moderate_redundancy|0.001|1|1|0.3,topology_F1,0.83333333330000003,0.83333333330000003,unitless,identity,n==5; noise_fraction==0.001; practical; fixed replay classifications,37,NA,NA,NA,NA,NA,NA,NA,NA,NA,NA,NA,NA,NA,0.29999999999999999,True
3,e,raw,results/k9_support_cutoff_replicates.csv,841cf9af54792f20a6208e689a61912e362ff1bd3c7ef926c85821277f6829dd,moderate_redundancy,NA,37,NA,NA,NA,NA,NA,NA,NA,NA,NA,NA,NA,NA,E5,5,1,1,1,0.001,0.10000000000000001,37,fit_complete,True,NA,NA,NA,NA,0.83333333330000003,1,NA,1704,E5|5|moderate_redundancy|0.001|1|1|0.35,topology_F1,0.90909090910000001,0.90909090910000001,unitless,identity,n==5; noise_fraction==0.001; practical; fixed replay classifications,37,NA,NA,NA,NA,NA,NA,NA,NA,NA,NA,NA,NA,NA,0.34999999999999998,True
3,e,raw,results/k9_support_cutoff_replicates.csv,841cf9af54792f20a6208e689a61912e362ff1bd3c7ef926c85821277f6829dd,high_redundancy,NA,77,NA,NA,NA,NA,NA,NA,NA,NA,NA,NA,NA,NA,E5,5,1,1,1,0.001,0.10000000000000001,77,fit_complete,True,NA,NA,NA,NA,1,1,NA,1705,E5|5|high_redundancy|0.001|1|1|0.15,topology_F1,1,1,unitless,identity,n==5; noise_fraction==0.001; practical; fixed replay classifications,77,NA,NA,NA,NA,NA,NA,NA,NA,NA,NA,NA,NA,NA,0.14999999999999999,True
3,e,raw,results/k9_support_cutoff_replicates.csv,841cf9af54792f20a6208e689a61912e362ff1bd3c7ef926c85821277f6829dd,high_redundancy,NA,77,NA,NA,NA,NA,NA,NA,NA,NA,NA,NA,NA,NA,E5,5,1,1,1,0.001,0.10000000000000001,77,fit_complete,True,NA,NA,NA,NA,1,1,NA,1706,E5|5|high_redundancy|0.001|1|1|0.2,topology_F1,1,1,unitless,identity,n==5; noise_fraction==0.001; practical; fixed replay classifications,77,NA,NA,NA,NA,NA,NA,NA,NA,NA,NA,NA,NA,NA,0.20000000000000001,True
3,e,raw,results/k9_support_cutoff_replicates.csv,841cf9af54792f20a6208e689a61912e362ff1bd3c7ef926c85821277f6829dd,high_redundancy,NA,77,NA,NA,NA,NA,NA,NA,NA,NA,NA,NA,NA,NA,E5,5,1,1,1,0.001,0.10000000000000001,77,fit_complete,True,NA,NA,NA,NA,1,1,NA,1707,E5|5|high_redundancy|0.001|1|1|0.25,topology_F1,1,1,unitless,identity,n==5; noise_fraction==0.001; practical; fixed replay classifications,77,NA,NA,NA,NA,NA,NA,NA,NA,NA,NA,NA,NA,NA,0.25,True
3,e,raw,results/k9_support_cutoff_replicates.csv,841cf9af54792f20a6208e689a61912e362ff1bd3c7ef926c85821277f6829dd,high_redundancy,NA,77,NA,NA,NA,NA,NA,NA,NA,NA,NA,NA,NA,NA,E5,5,1,1,1,0.001,0.10000000000000001,77,fit_complete,True,NA,NA,NA,NA,1,1,NA,1708,E5|5|high_redundancy|0.001|1|1|0.3,topology_F1,1,1,unitless,identity,n==5; noise_fraction==0.001; practical; fixed replay classifications,77,NA,NA,NA,NA,NA,NA,NA,NA,NA,NA,NA,NA,NA,0.29999999999999999,True
3,e,raw,results/k9_support_cutoff_replicates.csv,841cf9af54792f20a6208e689a61912e362ff1bd3c7ef926c85821277f6829dd,high_redundancy,NA,77,NA,NA,NA,NA,NA,NA,NA,NA,NA,NA,NA,NA,E5,5,1,1,1,0.001,0.10000000000000001,77,fit_complete,True,NA,NA,NA,NA,1,1,NA,1709,E5|5|high_redundancy|0.001|1|1|0.35,topology_F1,1,1,unitless,identity,n==5; noise_fraction==0.001; practical; fixed replay classifications,77,NA,NA,NA,NA,NA,NA,NA,NA,NA,NA,NA,NA,NA,0.34999999999999998,True
3,e,raw,results/k9_support_cutoff_replicates.csv,841cf9af54792f20a6208e689a61912e362ff1bd3c7ef926c85821277f6829dd,moderate_redundancy,NA,37,NA,NA,NA,NA,NA,NA,NA,NA,NA,NA,NA,NA,E5,5,1,1,2,0.001,0.10000000000000001,37,fit_complete,True,NA,NA,NA,NA,0.83333333330000003,1,NA,1715,E5|5|moderate_redundancy|0.001|1|2|0.15,topology_F1,0.90909090910000001,0.90909090910000001,unitless,identity,n==5; noise_fraction==0.001; practical; fixed replay classifications,37,NA,NA,NA,NA,NA,NA,NA,NA,NA,NA,NA,NA,NA,0.14999999999999999,True
3,e,raw,results/k9_support_cutoff_replicates.csv,841cf9af54792f20a6208e689a61912e362ff1bd3c7ef926c85821277f6829dd,moderate_redundancy,NA,37,NA,NA,NA,NA,NA,NA,NA,NA,NA,NA,NA,NA,E5,5,1,1,2,0.001,0.10000000000000001,37,fit_complete,True,NA,NA,NA,NA,0.83333333330000003,1,NA,1716,E5|5|moderate_redundancy|0.001|1|2|0.2,topology_F1,0.90909090910000001,0.90909090910000001,unitless,identity,n==5; noise_fraction==0.001; practical; fixed replay classifications,37,NA,NA,NA,NA,NA,NA,NA,NA,NA,NA,NA,NA,NA,0.20000000000000001,True
3,e,raw,results/k9_support_cutoff_replicates.csv,841cf9af54792f20a6208e689a61912e362ff1bd3c7ef926c85821277f6829dd,moderate_redundancy,NA,37,NA,NA,NA,NA,NA,NA,NA,NA,NA,NA,NA,NA,E5,5,1,1,2,0.001,0.10000000000000001,37,fit_complete,True,NA,NA,NA,NA,0.83333333330000003,1,NA,1717,E5|5|moderate_redundancy|0.001|1|2|0.25,topology_F1,0.90909090910000001,0.90909090910000001,unitless,identity,n==5; noise_fraction==0.001; practical; fixed replay classifications,37,NA,NA,NA,NA,NA,NA,NA,NA,NA,NA,NA,NA,NA,0.25,True
3,e,raw,results/k9_support_cutoff_replicates.csv,841cf9af54792f20a6208e689a61912e362ff1bd3c7ef926c85821277f6829dd,moderate_redundancy,NA,37,NA,NA,NA,NA,NA,NA,NA,NA,NA,NA,NA,NA,E5,5,1,1,2,0.001,0.10000000000000001,37,fit_complete,True,NA,NA,NA,NA,0.83333333330000003,1,NA,1718,E5|5|moderate_redundancy|0.001|1|2|0.3,topology_F1,0.90909090910000001,0.90909090910000001,unitless,identity,n==5; noise_fraction==0.001; practical; fixed replay classifications,37,NA,NA,NA,NA,NA,NA,NA,NA,NA,NA,NA,NA,NA,0.29999999999999999,True
3,e,raw,results/k9_support_cutoff_replicates.csv,841cf9af54792f20a6208e689a61912e362ff1bd3c7ef926c85821277f6829dd,moderate_redundancy,NA,37,NA,NA,NA,NA,NA,NA,NA,NA,NA,NA,NA,NA,E5,5,1,1,2,0.001,0.10000000000000001,37,fit_complete,True,NA,NA,NA,NA,0.83333333330000003,1,NA,1719,E5|5|moderate_redundancy|0.001|1|2|0.35,topology_F1,0.90909090910000001,0.90909090910000001,unitless,identity,n==5; noise_fraction==0.001; practical; fixed replay classifications,37,NA,NA,NA,NA,NA,NA,NA,NA,NA,NA,NA,NA,NA,0.34999999999999998,True
3,e,raw,results/k9_support_cutoff_replicates.csv,841cf9af54792f20a6208e689a61912e362ff1bd3c7ef926c85821277f6829dd,high_redundancy,NA,77,NA,NA,NA,NA,NA,NA,NA,NA,NA,NA,NA,NA,E5,5,1,1,2,0.001,0.10000000000000001,77,fit_complete,True,NA,NA,NA,NA,1,1,NA,1720,E5|5|high_redundancy|0.001|1|2|0.15,topology_F1,1,1,unitless,identity,n==5; noise_fraction==0.001; practical; fixed replay classifications,77,NA,NA,NA,NA,NA,NA,NA,NA,NA,NA,NA,NA,NA,0.14999999999999999,True
3,e,raw,results/k9_support_cutoff_replicates.csv,841cf9af54792f20a6208e689a61912e362ff1bd3c7ef926c85821277f6829dd,high_redundancy,NA,77,NA,NA,NA,NA,NA,NA,NA,NA,NA,NA,NA,NA,E5,5,1,1,2,0.001,0.10000000000000001,77,fit_complete,True,NA,NA,NA,NA,1,1,NA,1721,E5|5|high_redundancy|0.001|1|2|0.2,topology_F1,1,1,unitless,identity,n==5; noise_fraction==0.001; practical; fixed replay classifications,77,NA,NA,NA,NA,NA,NA,NA,NA,NA,NA,NA,NA,NA,0.20000000000000001,True
3,e,raw,results/k9_support_cutoff_replicates.csv,841cf9af54792f20a6208e689a61912e362ff1bd3c7ef926c85821277f6829dd,high_redundancy,NA,77,NA,NA,NA,NA,NA,NA,NA,NA,NA,NA,NA,NA,E5,5,1,1,2,0.001,0.10000000000000001,77,fit_complete,True,NA,NA,NA,NA,1,1,NA,1722,E5|5|high_redundancy|0.001|1|2|0.25,topology_F1,1,1,unitless,identity,n==5; noise_fraction==0.001; practical; fixed replay classifications,77,NA,NA,NA,NA,NA,NA,NA,NA,NA,NA,NA,NA,NA,0.25,True
3,e,raw,results/k9_support_cutoff_replicates.csv,841cf9af54792f20a6208e689a61912e362ff1bd3c7ef926c85821277f6829dd,high_redundancy,NA,77,NA,NA,NA,NA,NA,NA,NA,NA,NA,NA,NA,NA,E5,5,1,1,2,0.001,0.10000000000000001,77,fit_complete,True,NA,NA,NA,NA,1,1,NA,1723,E5|5|high_redundancy|0.001|1|2|0.3,topology_F1,1,1,unitless,identity,n==5; noise_fraction==0.001; practical; fixed replay classifications,77,NA,NA,NA,NA,NA,NA,NA,NA,NA,NA,NA,NA,NA,0.29999999999999999,True
3,e,raw,results/k9_support_cutoff_replicates.csv,841cf9af54792f20a6208e689a61912e362ff1bd3c7ef926c85821277f6829dd,high_redundancy,NA,77,NA,NA,NA,NA,NA,NA,NA,NA,NA,NA,NA,NA,E5,5,1,1,2,0.001,0.10000000000000001,77,fit_complete,True,NA,NA,NA,NA,1,1,NA,1724,E5|5|high_redundancy|0.001|1|2|0.35,topology_F1,1,1,unitless,identity,n==5; noise_fraction==0.001; practical; fixed replay classifications,77,NA,NA,NA,NA,NA,NA,NA,NA,NA,NA,NA,NA,NA,0.34999999999999998,True
3,e,raw,results/k9_support_cutoff_replicates.csv,841cf9af54792f20a6208e689a61912e362ff1bd3c7ef926c85821277f6829dd,moderate_redundancy,NA,37,NA,NA,NA,NA,NA,NA,NA,NA,NA,NA,NA,NA,E5,5,1,1,3,0.001,0.10000000000000001,37,fit_complete,True,NA,NA,NA,NA,0.71428571429999999,1,NA,1730,E5|5|moderate_redundancy|0.001|1|3|0.15,topology_F1,0.83333333330000003,0.83333333330000003,unitless,identity,n==5; noise_fraction==0.001; practical; fixed replay classifications,37,NA,NA,NA,NA,NA,NA,NA,NA,NA,NA,NA,NA,NA,0.14999999999999999,True
3,e,raw,results/k9_support_cutoff_replicates.csv,841cf9af54792f20a6208e689a61912e362ff1bd3c7ef926c85821277f6829dd,moderate_redundancy,NA,37,NA,NA,NA,NA,NA,NA,NA,NA,NA,NA,NA,NA,E5,5,1,1,3,0.001,0.10000000000000001,37,fit_complete,True,NA,NA,NA,NA,0.71428571429999999,1,NA,1731,E5|5|moderate_redundancy|0.001|1|3|0.2,topology_F1,0.83333333330000003,0.83333333330000003,unitless,identity,n==5; noise_fraction==0.001; practical; fixed replay classifications,37,NA,NA,NA,NA,NA,NA,NA,NA,NA,NA,NA,NA,NA,0.20000000000000001,True
3,e,raw,results/k9_support_cutoff_replicates.csv,841cf9af54792f20a6208e689a61912e362ff1bd3c7ef926c85821277f6829dd,moderate_redundancy,NA,37,NA,NA,NA,NA,NA,NA,NA,NA,NA,NA,NA,NA,E5,5,1,1,3,0.001,0.10000000000000001,37,fit_complete,True,NA,NA,NA,NA,0.71428571429999999,1,NA,1732,E5|5|moderate_redundancy|0.001|1|3|0.25,topology_F1,0.83333333330000003,0.83333333330000003,unitless,identity,n==5; noise_fraction==0.001; practical; fixed replay classifications,37,NA,NA,NA,NA,NA,NA,NA,NA,NA,NA,NA,NA,NA,0.25,True
3,e,raw,results/k9_support_cutoff_replicates.csv,841cf9af54792f20a6208e689a61912e362ff1bd3c7ef926c85821277f6829dd,moderate_redundancy,NA,37,NA,NA,NA,NA,NA,NA,NA,NA,NA,NA,NA,NA,E5,5,1,1,3,0.001,0.10000000000000001,37,fit_complete,True,NA,NA,NA,NA,0.71428571429999999,1,NA,1733,E5|5|moderate_redundancy|0.001|1|3|0.3,topology_F1,0.83333333330000003,0.83333333330000003,unitless,identity,n==5; noise_fraction==0.001; practical; fixed replay classifications,37,NA,NA,NA,NA,NA,NA,NA,NA,NA,NA,NA,NA,NA,0.29999999999999999,True
3,e,raw,results/k9_support_cutoff_replicates.csv,841cf9af54792f20a6208e689a61912e362ff1bd3c7ef926c85821277f6829dd,moderate_redundancy,NA,37,NA,NA,NA,NA,NA,NA,NA,NA,NA,NA,NA,NA,E5,5,1,1,3,0.001,0.10000000000000001,37,fit_complete,True,NA,NA,NA,NA,0.83333333330000003,1,NA,1734,E5|5|moderate_redundancy|0.001|1|3|0.35,topology_F1,0.90909090910000001,0.90909090910000001,unitless,identity,n==5; noise_fraction==0.001; practical; fixed replay classifications,37,NA,NA,NA,NA,NA,NA,NA,NA,NA,NA,NA,NA,NA,0.34999999999999998,True
3,e,raw,results/k9_support_cutoff_replicates.csv,841cf9af54792f20a6208e689a61912e362ff1bd3c7ef926c85821277f6829dd,high_redundancy,NA,77,NA,NA,NA,NA,NA,NA,NA,NA,NA,NA,NA,NA,E5,5,1,1,3,0.001,0.10000000000000001,77,fit_complete,True,NA,NA,NA,NA,1,1,NA,1735,E5|5|high_redundancy|0.001|1|3|0.15,topology_F1,1,1,unitless,identity,n==5; noise_fraction==0.001; practical; fixed replay classifications,77,NA,NA,NA,NA,NA,NA,NA,NA,NA,NA,NA,NA,NA,0.14999999999999999,True
3,e,raw,results/k9_support_cutoff_replicates.csv,841cf9af54792f20a6208e689a61912e362ff1bd3c7ef926c85821277f6829dd,high_redundancy,NA,77,NA,NA,NA,NA,NA,NA,NA,NA,NA,NA,NA,NA,E5,5,1,1,3,0.001,0.10000000000000001,77,fit_complete,True,NA,NA,NA,NA,1,1,NA,1736,E5|5|high_redundancy|0.001|1|3|0.2,topology_F1,1,1,unitless,identity,n==5; noise_fraction==0.001; practical; fixed replay classifications,77,NA,NA,NA,NA,NA,NA,NA,NA,NA,NA,NA,NA,NA,0.20000000000000001,True
3,e,raw,results/k9_support_cutoff_replicates.csv,841cf9af54792f20a6208e689a61912e362ff1bd3c7ef926c85821277f6829dd,high_redundancy,NA,77,NA,NA,NA,NA,NA,NA,NA,NA,NA,NA,NA,NA,E5,5,1,1,3,0.001,0.10000000000000001,77,fit_complete,True,NA,NA,NA,NA,1,1,NA,1737,E5|5|high_redundancy|0.001|1|3|0.25,topology_F1,1,1,unitless,identity,n==5; noise_fraction==0.001; practical; fixed replay classifications,77,NA,NA,NA,NA,NA,NA,NA,NA,NA,NA,NA,NA,NA,0.25,True
3,e,raw,results/k9_support_cutoff_replicates.csv,841cf9af54792f20a6208e689a61912e362ff1bd3c7ef926c85821277f6829dd,high_redundancy,NA,77,NA,NA,NA,NA,NA,NA,NA,NA,NA,NA,NA,NA,E5,5,1,1,3,0.001,0.10000000000000001,77,fit_complete,True,NA,NA,NA,NA,1,1,NA,1738,E5|5|high_redundancy|0.001|1|3|0.3,topology_F1,1,1,unitless,identity,n==5; noise_fraction==0.001; practical; fixed replay classifications,77,NA,NA,NA,NA,NA,NA,NA,NA,NA,NA,NA,NA,NA,0.29999999999999999,True
3,e,raw,results/k9_support_cutoff_replicates.csv,841cf9af54792f20a6208e689a61912e362ff1bd3c7ef926c85821277f6829dd,high_redundancy,NA,77,NA,NA,NA,NA,NA,NA,NA,NA,NA,NA,NA,NA,E5,5,1,1,3,0.001,0.10000000000000001,77,fit_complete,True,NA,NA,NA,NA,1,1,NA,1739,E5|5|high_redundancy|0.001|1|3|0.35,topology_F1,1,1,unitless,identity,n==5; noise_fraction==0.001; practical; fixed replay classifications,77,NA,NA,NA,NA,NA,NA,NA,NA,NA,NA,NA,NA,NA,0.34999999999999998,True
3,e,summary,results/k9_support_cutoff_replicates.csv,841cf9af54792f20a6208e689a61912e362ff1bd3c7ef926c85821277f6829dd,moderate_redundancy,NA,NA,NA,NA,NA,NA,NA,NA,NA,NA,NA,NA,NA,NA,NA,NA,NA,NA,NA,NA,NA,NA,NA,NA,NA,NA,NA,NA,NA,NA,NA,NA,NA,topology_F1,NA,NA,unitless,identity,n==5; noise_fraction==0.001; practical; fixed replay classifications,NA,24,24,24,0.75874125872499998,0.83333333330000003,0.90909090910000001,0.90909090910000001,0.75874125872499998,0.83333333330000003,0.90909090910000001,0.90909090910000001,NA,NA,0.14999999999999999,NA
3,e,summary,results/k9_support_cutoff_replicates.csv,841cf9af54792f20a6208e689a61912e362ff1bd3c7ef926c85821277f6829dd,moderate_redundancy,NA,NA,NA,NA,NA,NA,NA,NA,NA,NA,NA,NA,NA,NA,NA,NA,NA,NA,NA,NA,NA,NA,NA,NA,NA,NA,NA,NA,NA,NA,NA,NA,NA,topology_F1,NA,NA,unitless,identity,n==5; noise_fraction==0.001; practical; fixed replay classifications,NA,24,24,24,0.80000000000000004,0.83333333330000003,0.90909090910000001,0.90909090910000001,0.80000000000000004,0.83333333330000003,0.90909090910000001,0.90909090910000001,NA,NA,0.20000000000000001,NA
3,e,summary,results/k9_support_cutoff_replicates.csv,841cf9af54792f20a6208e689a61912e362ff1bd3c7ef926c85821277f6829dd,moderate_redundancy,NA,NA,NA,NA,NA,NA,NA,NA,NA,NA,NA,NA,NA,NA,NA,NA,NA,NA,NA,NA,NA,NA,NA,NA,NA,NA,NA,NA,NA,NA,NA,NA,NA,topology_F1,NA,NA,unitless,identity,n==5; noise_fraction==0.001; practical; fixed replay classifications,NA,24,24,24,0.82499999997500006,0.88888888889999995,0.90909090910000001,0.97272727272999993,0.82499999997500006,0.88888888889999995,0.90909090910000001,0.97272727272999993,NA,NA,0.25,NA
3,e,summary,results/k9_support_cutoff_replicates.csv,841cf9af54792f20a6208e689a61912e362ff1bd3c7ef926c85821277f6829dd,moderate_redundancy,NA,NA,NA,NA,NA,NA,NA,NA,NA,NA,NA,NA,NA,NA,NA,NA,NA,NA,NA,NA,NA,NA,NA,NA,NA,NA,NA,NA,NA,NA,NA,NA,NA,topology_F1,NA,NA,unitless,identity,n==5; noise_fraction==0.001; practical; fixed replay classifications,NA,24,24,24,0.83333333330000003,0.89898989900000004,0.93181818182499998,1,0.83333333330000003,0.89898989900000004,0.93181818182499998,1,NA,NA,0.29999999999999999,NA
3,e,summary,results/k9_support_cutoff_replicates.csv,841cf9af54792f20a6208e689a61912e362ff1bd3c7ef926c85821277f6829dd,moderate_redundancy,NA,NA,NA,NA,NA,NA,NA,NA,NA,NA,NA,NA,NA,NA,NA,NA,NA,NA,NA,NA,NA,NA,NA,NA,NA,NA,NA,NA,NA,NA,NA,NA,NA,topology_F1,NA,NA,unitless,identity,n==5; noise_fraction==0.001; practical; fixed replay classifications,NA,24,24,24,0.875,0.90909090910000001,1,1,0.875,0.90909090910000001,1,1,NA,NA,0.34999999999999998,NA
3,e,summary,results/k9_support_cutoff_replicates.csv,841cf9af54792f20a6208e689a61912e362ff1bd3c7ef926c85821277f6829dd,high_redundancy,NA,NA,NA,NA,NA,NA,NA,NA,NA,NA,NA,NA,NA,NA,NA,NA,NA,NA,NA,NA,NA,NA,NA,NA,NA,NA,NA,NA,NA,NA,NA,NA,NA,topology_F1,NA,NA,unitless,identity,n==5; noise_fraction==0.001; practical; fixed replay classifications,NA,24,24,24,0.90909090910000001,1,1,1,0.90909090910000001,1,1,1,NA,NA,0.14999999999999999,NA
3,e,summary,results/k9_support_cutoff_replicates.csv,841cf9af54792f20a6208e689a61912e362ff1bd3c7ef926c85821277f6829dd,high_redundancy,NA,NA,NA,NA,NA,NA,NA,NA,NA,NA,NA,NA,NA,NA,NA,NA,NA,NA,NA,NA,NA,NA,NA,NA,NA,NA,NA,NA,NA,NA,NA,NA,NA,topology_F1,NA,NA,unitless,identity,n==5; noise_fraction==0.001; practical; fixed replay classifications,NA,24,24,24,1,1,1,1,1,1,1,1,NA,NA,0.20000000000000001,NA
3,e,summary,results/k9_support_cutoff_replicates.csv,841cf9af54792f20a6208e689a61912e362ff1bd3c7ef926c85821277f6829dd,high_redundancy,NA,NA,NA,NA,NA,NA,NA,NA,NA,NA,NA,NA,NA,NA,NA,NA,NA,NA,NA,NA,NA,NA,NA,NA,NA,NA,NA,NA,NA,NA,NA,NA,NA,topology_F1,NA,NA,unitless,identity,n==5; noise_fraction==0.001; practical; fixed replay classifications,NA,24,24,24,1,1,1,1,1,1,1,1,NA,NA,0.25,NA
3,e,summary,results/k9_support_cutoff_replicates.csv,841cf9af54792f20a6208e689a61912e362ff1bd3c7ef926c85821277f6829dd,high_redundancy,NA,NA,NA,NA,NA,NA,NA,NA,NA,NA,NA,NA,NA,NA,NA,NA,NA,NA,NA,NA,NA,NA,NA,NA,NA,NA,NA,NA,NA,NA,NA,NA,NA,topology_F1,NA,NA,unitless,identity,n==5; noise_fraction==0.001; practical; fixed replay classifications,NA,24,24,24,1,1,1,1,1,1,1,1,NA,NA,0.29999999999999999,NA
3,e,summary,results/k9_support_cutoff_replicates.csv,841cf9af54792f20a6208e689a61912e362ff1bd3c7ef926c85821277f6829dd,high_redundancy,NA,NA,NA,NA,NA,NA,NA,NA,NA,NA,NA,NA,NA,NA,NA,NA,NA,NA,NA,NA,NA,NA,NA,NA,NA,NA,NA,NA,NA,NA,NA,NA,NA,topology_F1,NA,NA,unitless,identity,n==5; noise_fraction==0.001; practical; fixed replay classifications,NA,24,24,24,1,1,1,1,1,1,1,1,NA,NA,0.34999999999999998,NA
