movie,n,draw_id,replicate,noise_fraction,design,query_count,edge_u,edge_v,true_edge,fitted_weight
E3,5,0,0,0,minimal_exact_budget,20,0,1,True,5.184197305
E3,5,0,0,0,minimal_exact_budget,20,0,2,False,-9.883205365e-13
E3,5,0,0,0,minimal_exact_budget,20,0,3,False,-1.058042542e-12
E3,5,0,0,0,minimal_exact_budget,20,0,4,False,5.271338921e-13
E3,5,0,0,0,minimal_exact_budget,20,1,2,True,5.284722575
E3,5,0,0,0,minimal_exact_budget,20,1,3,False,-3.501802572e-12
E3,5,0,0,0,minimal_exact_budget,20,1,4,False,3.091070672e-12
E3,5,0,0,0,minimal_exact_budget,20,2,3,True,16.70218189
E3,5,0,0,0,minimal_exact_budget,20,2,4,True,3.735588887
E3,5,0,0,0,minimal_exact_budget,20,3,4,True,5.048005967
E3,5,0,0,0,moderate_redundancy,37,0,1,True,5.183713493
E3,5,0,0,0,moderate_redundancy,37,0,2,False,0.0007717268759
E3,5,0,0,0,moderate_redundancy,37,0,3,False,0.0002116821722
E3,5,0,0,0,moderate_redundancy,37,0,4,False,1.218002849e-06
E3,5,0,0,0,moderate_redundancy,37,1,2,True,5.27802348
E3,5,0,0,0,moderate_redundancy,37,1,3,False,0.003871803868
E3,5,0,0,0,moderate_redundancy,37,1,4,False,0.0008149192912
E3,5,0,0,0,moderate_redundancy,37,2,3,True,16.67941907
E3,5,0,0,0,moderate_redundancy,37,2,4,True,3.732092786
E3,5,0,0,0,moderate_redundancy,37,3,4,True,5.050080047
E3,5,0,0,0,high_redundancy,77,0,1,True,5.184191814
E3,5,0,0,0,high_redundancy,77,0,2,False,9.796011502e-06
E3,5,0,0,0,high_redundancy,77,0,3,False,1.237356492e-06
E3,5,0,0,0,high_redundancy,77,0,4,False,6.123556992e-08
E3,5,0,0,0,high_redundancy,77,1,2,True,5.284647526
E3,5,0,0,0,high_redundancy,77,1,3,False,3.830216138e-05
E3,5,0,0,0,high_redundancy,77,1,4,False,1.163768071e-05
E3,5,0,0,0,high_redundancy,77,2,3,True,16.70184834
E3,5,0,0,0,high_redundancy,77,2,4,True,3.735512074
E3,5,0,0,0,high_redundancy,77,3,4,True,5.048052672
E3,5,0,1,0,minimal_exact_budget,20,0,1,True,5.184197305
E3,5,0,1,0,minimal_exact_budget,20,0,2,False,-9.883205365e-13
E3,5,0,1,0,minimal_exact_budget,20,0,3,False,-1.058042542e-12
E3,5,0,1,0,minimal_exact_budget,20,0,4,False,5.271338921e-13
E3,5,0,1,0,minimal_exact_budget,20,1,2,True,5.284722575
E3,5,0,1,0,minimal_exact_budget,20,1,3,False,-3.501802572e-12
E3,5,0,1,0,minimal_exact_budget,20,1,4,False,3.091070672e-12
E3,5,0,1,0,minimal_exact_budget,20,2,3,True,16.70218189
E3,5,0,1,0,minimal_exact_budget,20,2,4,True,3.735588887
E3,5,0,1,0,minimal_exact_budget,20,3,4,True,5.048005967
E3,5,0,1,0,moderate_redundancy,37,0,1,True,5.183713493
E3,5,0,1,0,moderate_redundancy,37,0,2,False,0.0007717268759
E3,5,0,1,0,moderate_redundancy,37,0,3,False,0.0002116821722
E3,5,0,1,0,moderate_redundancy,37,0,4,False,1.218002849e-06
E3,5,0,1,0,moderate_redundancy,37,1,2,True,5.27802348
E3,5,0,1,0,moderate_redundancy,37,1,3,False,0.003871803868
E3,5,0,1,0,moderate_redundancy,37,1,4,False,0.0008149192912
E3,5,0,1,0,moderate_redundancy,37,2,3,True,16.67941907
E3,5,0,1,0,moderate_redundancy,37,2,4,True,3.732092786
E3,5,0,1,0,moderate_redundancy,37,3,4,True,5.050080047
E3,5,0,1,0,high_redundancy,77,0,1,True,5.184191814
E3,5,0,1,0,high_redundancy,77,0,2,False,9.796011502e-06
E3,5,0,1,0,high_redundancy,77,0,3,False,1.237356492e-06
E3,5,0,1,0,high_redundancy,77,0,4,False,6.123556992e-08
E3,5,0,1,0,high_redundancy,77,1,2,True,5.284647526
E3,5,0,1,0,high_redundancy,77,1,3,False,3.830216138e-05
E3,5,0,1,0,high_redundancy,77,1,4,False,1.163768071e-05
E3,5,0,1,0,high_redundancy,77,2,3,True,16.70184834
E3,5,0,1,0,high_redundancy,77,2,4,True,3.735512074
E3,5,0,1,0,high_redundancy,77,3,4,True,5.048052672
E3,5,0,2,0,minimal_exact_budget,20,0,1,True,5.184197305
E3,5,0,2,0,minimal_exact_budget,20,0,2,False,-9.883205365e-13
E3,5,0,2,0,minimal_exact_budget,20,0,3,False,-1.058042542e-12
E3,5,0,2,0,minimal_exact_budget,20,0,4,False,5.271338921e-13
E3,5,0,2,0,minimal_exact_budget,20,1,2,True,5.284722575
E3,5,0,2,0,minimal_exact_budget,20,1,3,False,-3.501802572e-12
E3,5,0,2,0,minimal_exact_budget,20,1,4,False,3.091070672e-12
E3,5,0,2,0,minimal_exact_budget,20,2,3,True,16.70218189
E3,5,0,2,0,minimal_exact_budget,20,2,4,True,3.735588887
E3,5,0,2,0,minimal_exact_budget,20,3,4,True,5.048005967
E3,5,0,2,0,moderate_redundancy,37,0,1,True,5.183713493
E3,5,0,2,0,moderate_redundancy,37,0,2,False,0.0007717268759
E3,5,0,2,0,moderate_redundancy,37,0,3,False,0.0002116821722
E3,5,0,2,0,moderate_redundancy,37,0,4,False,1.218002849e-06
E3,5,0,2,0,moderate_redundancy,37,1,2,True,5.27802348
E3,5,0,2,0,moderate_redundancy,37,1,3,False,0.003871803868
E3,5,0,2,0,moderate_redundancy,37,1,4,False,0.0008149192912
E3,5,0,2,0,moderate_redundancy,37,2,3,True,16.67941907
E3,5,0,2,0,moderate_redundancy,37,2,4,True,3.732092786
E3,5,0,2,0,moderate_redundancy,37,3,4,True,5.050080047
E3,5,0,2,0,high_redundancy,77,0,1,True,5.184191814
E3,5,0,2,0,high_redundancy,77,0,2,False,9.796011502e-06
E3,5,0,2,0,high_redundancy,77,0,3,False,1.237356492e-06
E3,5,0,2,0,high_redundancy,77,0,4,False,6.123556992e-08
E3,5,0,2,0,high_redundancy,77,1,2,True,5.284647526
E3,5,0,2,0,high_redundancy,77,1,3,False,3.830216138e-05
E3,5,0,2,0,high_redundancy,77,1,4,False,1.163768071e-05
E3,5,0,2,0,high_redundancy,77,2,3,True,16.70184834
E3,5,0,2,0,high_redundancy,77,2,4,True,3.735512074
E3,5,0,2,0,high_redundancy,77,3,4,True,5.048052672
E3,5,0,3,0,minimal_exact_budget,20,0,1,True,5.184197305
E3,5,0,3,0,minimal_exact_budget,20,0,2,False,-9.883205365e-13
E3,5,0,3,0,minimal_exact_budget,20,0,3,False,-1.058042542e-12
E3,5,0,3,0,minimal_exact_budget,20,0,4,False,5.271338921e-13
E3,5,0,3,0,minimal_exact_budget,20,1,2,True,5.284722575
E3,5,0,3,0,minimal_exact_budget,20,1,3,False,-3.501802572e-12
E3,5,0,3,0,minimal_exact_budget,20,1,4,False,3.091070672e-12
E3,5,0,3,0,minimal_exact_budget,20,2,3,True,16.70218189
E3,5,0,3,0,minimal_exact_budget,20,2,4,True,3.735588887
E3,5,0,3,0,minimal_exact_budget,20,3,4,True,5.048005967
E3,5,0,3,0,moderate_redundancy,37,0,1,True,5.183713493
E3,5,0,3,0,moderate_redundancy,37,0,2,False,0.0007717268759
E3,5,0,3,0,moderate_redundancy,37,0,3,False,0.0002116821722
E3,5,0,3,0,moderate_redundancy,37,0,4,False,1.218002849e-06
E3,5,0,3,0,moderate_redundancy,37,1,2,True,5.27802348
E3,5,0,3,0,moderate_redundancy,37,1,3,False,0.003871803868
E3,5,0,3,0,moderate_redundancy,37,1,4,False,0.0008149192912
E3,5,0,3,0,moderate_redundancy,37,2,3,True,16.67941907
E3,5,0,3,0,moderate_redundancy,37,2,4,True,3.732092786
E3,5,0,3,0,moderate_redundancy,37,3,4,True,5.050080047
E3,5,0,3,0,high_redundancy,77,0,1,True,5.184191814
E3,5,0,3,0,high_redundancy,77,0,2,False,9.796011502e-06
E3,5,0,3,0,high_redundancy,77,0,3,False,1.237356492e-06
E3,5,0,3,0,high_redundancy,77,0,4,False,6.123556992e-08
E3,5,0,3,0,high_redundancy,77,1,2,True,5.284647526
E3,5,0,3,0,high_redundancy,77,1,3,False,3.830216138e-05
E3,5,0,3,0,high_redundancy,77,1,4,False,1.163768071e-05
E3,5,0,3,0,high_redundancy,77,2,3,True,16.70184834
E3,5,0,3,0,high_redundancy,77,2,4,True,3.735512074
E3,5,0,3,0,high_redundancy,77,3,4,True,5.048052672
E3,5,0,0,0.0001,moderate_redundancy,37,0,1,True,5.188324958
E3,5,0,0,0.0001,moderate_redundancy,37,0,2,False,0.002968298192
E3,5,0,0,0.0001,moderate_redundancy,37,0,3,False,1.305275326e-14
E3,5,0,0,0.0001,moderate_redundancy,37,0,4,False,1.592100779e-21
E3,5,0,0,0.0001,moderate_redundancy,37,1,2,True,5.212037784
E3,5,0,0,0.0001,moderate_redundancy,37,1,3,False,0.0818179529
E3,5,0,0,0.0001,moderate_redundancy,37,1,4,False,7.416429879e-26
E3,5,0,0,0.0001,moderate_redundancy,37,2,3,True,15.51558456
E3,5,0,0,0.0001,moderate_redundancy,37,2,4,True,3.814726047
E3,5,0,0,0.0001,moderate_redundancy,37,3,4,True,5.280245975
E3,5,0,0,0.0001,high_redundancy,77,0,1,True,5.182986592
E3,5,0,0,0.0001,high_redundancy,77,0,2,False,4.400632099e-13
E3,5,0,0,0.0001,high_redundancy,77,0,3,False,1.791039533e-13
E3,5,0,0,0.0001,high_redundancy,77,0,4,False,3.722184917e-14
E3,5,0,0,0.0001,high_redundancy,77,1,2,True,5.286525628
E3,5,0,0,0.0001,high_redundancy,77,1,3,False,2.542684459e-10
E3,5,0,0,0.0001,high_redundancy,77,1,4,False,0.003785137476
E3,5,0,0,0.0001,high_redundancy,77,2,3,True,16.73283049
E3,5,0,0,0.0001,high_redundancy,77,2,4,True,3.700070483
E3,5,0,0,0.0001,high_redundancy,77,3,4,True,5.094270776
E3,5,0,1,0.0001,moderate_redundancy,37,0,1,True,5.184109691
E3,5,0,1,0.0001,moderate_redundancy,37,0,2,False,2.132771779e-16
E3,5,0,1,0.0001,moderate_redundancy,37,0,3,False,2.603193686e-14
E3,5,0,1,0.0001,moderate_redundancy,37,0,4,False,3.44991873e-13
E3,5,0,1,0.0001,moderate_redundancy,37,1,2,True,4.960913715
E3,5,0,1,0.0001,moderate_redundancy,37,1,3,False,0.3903407001
E3,5,0,1,0.0001,moderate_redundancy,37,1,4,False,0.009311813419
E3,5,0,1,0.0001,moderate_redundancy,37,2,3,True,13.70739945
E3,5,0,1,0.0001,moderate_redundancy,37,2,4,True,3.931744568
E3,5,0,1,0.0001,moderate_redundancy,37,3,4,True,4.849437318
E3,5,0,1,0.0001,high_redundancy,77,0,1,True,5.183966634
E3,5,0,1,0.0001,high_redundancy,77,0,2,False,0.0002424204637
E3,5,0,1,0.0001,high_redundancy,77,0,3,False,2.542751733e-07
E3,5,0,1,0.0001,high_redundancy,77,0,4,False,2.686212902e-18
E3,5,0,1,0.0001,high_redundancy,77,1,2,True,5.245032501
E3,5,0,1,0.0001,high_redundancy,77,1,3,False,0.05307140903
E3,5,0,1,0.0001,high_redundancy,77,1,4,False,6.130944184e-18
E3,5,0,1,0.0001,high_redundancy,77,2,3,True,16.34567233
E3,5,0,1,0.0001,high_redundancy,77,2,4,True,3.685098157
E3,5,0,1,0.0001,high_redundancy,77,3,4,True,5.111290356
E3,5,0,2,0.0001,moderate_redundancy,37,0,1,True,5.179567123
E3,5,0,2,0.0001,moderate_redundancy,37,0,2,False,0.008048366887
E3,5,0,2,0.0001,moderate_redundancy,37,0,3,False,1.010012673e-10
E3,5,0,2,0.0001,moderate_redundancy,37,0,4,False,8.714246425e-17
E3,5,0,2,0.0001,moderate_redundancy,37,1,2,True,5.157604207
E3,5,0,2,0.0001,moderate_redundancy,37,1,3,False,0.1161794343
E3,5,0,2,0.0001,moderate_redundancy,37,1,4,False,2.774440048e-22
E3,5,0,2,0.0001,moderate_redundancy,37,2,3,True,14.97218415
E3,5,0,2,0.0001,moderate_redundancy,37,2,4,True,3.96721674
E3,5,0,2,0.0001,moderate_redundancy,37,3,4,True,4.438424127
E3,5,0,2,0.0001,high_redundancy,77,0,1,True,5.181915044
E3,5,0,2,0.0001,high_redundancy,77,0,2,False,0.001636389557
E3,5,0,2,0.0001,high_redundancy,77,0,3,False,1.167045691e-09
E3,5,0,2,0.0001,high_redundancy,77,0,4,False,6.5938097e-09
E3,5,0,2,0.0001,high_redundancy,77,1,2,True,5.25695445
E3,5,0,2,0.0001,high_redundancy,77,1,3,False,0.02388414677
E3,5,0,2,0.0001,high_redundancy,77,1,4,False,2.167712135e-06
E3,5,0,2,0.0001,high_redundancy,77,2,3,True,16.56077829
E3,5,0,2,0.0001,high_redundancy,77,2,4,True,3.719317912
E3,5,0,2,0.0001,high_redundancy,77,3,4,True,5.065769387
E3,5,0,3,0.0001,moderate_redundancy,37,0,1,True,5.183496255
E3,5,0,3,0.0001,moderate_redundancy,37,0,2,False,1.963981325e-07
E3,5,0,3,0.0001,moderate_redundancy,37,0,3,False,8.051322972e-06
E3,5,0,3,0.0001,moderate_redundancy,37,0,4,False,3.045233339e-12
E3,5,0,3,0.0001,moderate_redundancy,37,1,2,True,5.215871334
E3,5,0,3,0.0001,moderate_redundancy,37,1,3,False,0.08113939248
E3,5,0,3,0.0001,moderate_redundancy,37,1,4,False,2.492766551e-15
E3,5,0,3,0.0001,moderate_redundancy,37,2,3,True,16.01150375
E3,5,0,3,0.0001,moderate_redundancy,37,2,4,True,3.275147455
E3,5,0,3,0.0001,moderate_redundancy,37,3,4,True,5.376236812
E3,5,0,3,0.0001,high_redundancy,77,0,1,True,5.182926205
E3,5,0,3,0.0001,high_redundancy,77,0,2,False,6.710742773e-08
E3,5,0,3,0.0001,high_redundancy,77,0,3,False,5.616644966e-15
E3,5,0,3,0.0001,high_redundancy,77,0,4,False,2.783356186e-17
E3,5,0,3,0.0001,high_redundancy,77,1,2,True,5.284423817
E3,5,0,3,0.0001,high_redundancy,77,1,3,False,5.063801085e-17
E3,5,0,3,0.0001,high_redundancy,77,1,4,False,9.685798472e-19
E3,5,0,3,0.0001,high_redundancy,77,2,3,True,16.74292079
E3,5,0,3,0.0001,high_redundancy,77,2,4,True,3.782478429
E3,5,0,3,0.0001,high_redundancy,77,3,4,True,4.960474555
E3,5,0,0,0.0003,moderate_redundancy,37,0,1,True,5.12093396
E3,5,0,0,0.0003,moderate_redundancy,37,0,2,False,0.1303372196
E3,5,0,0,0.0003,moderate_redundancy,37,0,3,False,5.509750276e-11
E3,5,0,0,0.0003,moderate_redundancy,37,0,4,False,3.062566432e-11
E3,5,0,0,0.0003,moderate_redundancy,37,1,2,True,4.732903273
E3,5,0,0,0.0003,moderate_redundancy,37,1,3,False,0.1202178202
E3,5,0,0,0.0003,moderate_redundancy,37,1,4,False,0.1652382516
E3,5,0,0,0.0003,moderate_redundancy,37,2,3,True,14.63880941
E3,5,0,0,0.0003,moderate_redundancy,37,2,4,True,1.645995847
E3,5,0,0,0.0003,moderate_redundancy,37,3,4,True,6.859443944
E3,5,0,0,0.0003,high_redundancy,77,0,1,True,5.171541095
E3,5,0,0,0.0003,high_redundancy,77,0,2,False,2.139653006e-14
E3,5,0,0,0.0003,high_redundancy,77,0,3,False,6.671646615e-25
E3,5,0,0,0.0003,high_redundancy,77,0,4,False,0.01953419457
E3,5,0,0,0.0003,high_redundancy,77,1,2,True,5.230647144
E3,5,0,0,0.0003,high_redundancy,77,1,3,False,4.912902714e-11
E3,5,0,0,0.0003,high_redundancy,77,1,4,False,0.01309853557
E3,5,0,0,0.0003,high_redundancy,77,2,3,True,16.54337529
E3,5,0,0,0.0003,high_redundancy,77,2,4,True,3.620247511
E3,5,0,0,0.0003,high_redundancy,77,3,4,True,4.903148001
E3,5,0,1,0.0003,moderate_redundancy,37,0,1,True,5.137066496
E3,5,0,1,0.0003,moderate_redundancy,37,0,2,False,0.09150245618
E3,5,0,1,0.0003,moderate_redundancy,37,0,3,False,4.706197188e-12
E3,5,0,1,0.0003,moderate_redundancy,37,0,4,False,3.738895719e-18
E3,5,0,1,0.0003,moderate_redundancy,37,1,2,True,4.538358612
E3,5,0,1,0.0003,moderate_redundancy,37,1,3,False,0.5477514861
E3,5,0,1,0.0003,moderate_redundancy,37,1,4,False,2.086891286e-12
E3,5,0,1,0.0003,moderate_redundancy,37,2,3,True,14.57826457
E3,5,0,1,0.0003,moderate_redundancy,37,2,4,True,4.235025534
E3,5,0,1,0.0003,moderate_redundancy,37,3,4,True,4.400064542
E3,5,0,1,0.0003,high_redundancy,77,0,1,True,5.172389265
E3,5,0,1,0.0003,high_redundancy,77,0,2,False,0.0268894326
E3,5,0,1,0.0003,high_redundancy,77,0,3,False,5.57473108e-12
E3,5,0,1,0.0003,high_redundancy,77,0,4,False,1.764082099e-17
E3,5,0,1,0.0003,high_redundancy,77,1,2,True,5.153031252
E3,5,0,1,0.0003,high_redundancy,77,1,3,False,0.06427452035
E3,5,0,1,0.0003,high_redundancy,77,1,4,False,0.002056337222
E3,5,0,1,0.0003,high_redundancy,77,2,3,True,16.27496161
E3,5,0,1,0.0003,high_redundancy,77,2,4,True,3.78815815
E3,5,0,1,0.0003,high_redundancy,77,3,4,True,4.918129562
E3,5,0,2,0.0003,moderate_redundancy,37,0,1,True,5.12028297
E3,5,0,2,0.0003,moderate_redundancy,37,0,2,False,0.1286786739
E3,5,0,2,0.0003,moderate_redundancy,37,0,3,False,9.08314022e-11
E3,5,0,2,0.0003,moderate_redundancy,37,0,4,False,3.536237837e-16
E3,5,0,2,0.0003,moderate_redundancy,37,1,2,True,4.681985857
E3,5,0,2,0.0003,moderate_redundancy,37,1,3,False,1.395817923e-09
E3,5,0,2,0.0003,moderate_redundancy,37,1,4,False,0.3904328071
E3,5,0,2,0.0003,moderate_redundancy,37,2,3,True,13.52876253
E3,5,0,2,0.0003,moderate_redundancy,37,2,4,True,2.585914635
E3,5,0,2,0.0003,moderate_redundancy,37,3,4,True,6.80970376
E3,5,0,2,0.0003,high_redundancy,77,0,1,True,5.187199076
E3,5,0,2,0.0003,high_redundancy,77,0,2,False,0.003054142559
E3,5,0,2,0.0003,high_redundancy,77,0,3,False,1.105707127e-13
E3,5,0,2,0.0003,high_redundancy,77,0,4,False,0.003008320262
E3,5,0,2,0.0003,high_redundancy,77,1,2,True,5.301058667
E3,5,0,2,0.0003,high_redundancy,77,1,3,False,1.533841423e-28
E3,5,0,2,0.0003,high_redundancy,77,1,4,False,1.393104008e-14
E3,5,0,2,0.0003,high_redundancy,77,2,3,True,16.72649001
E3,5,0,2,0.0003,high_redundancy,77,2,4,True,3.631911411
E3,5,0,2,0.0003,high_redundancy,77,3,4,True,5.25268107
E3,5,0,3,0.0003,moderate_redundancy,37,0,1,True,5.175253917
E3,5,0,3,0.0003,moderate_redundancy,37,0,2,False,1.095088951e-05
E3,5,0,3,0.0003,moderate_redundancy,37,0,3,False,0.01335857595
E3,5,0,3,0.0003,moderate_redundancy,37,0,4,False,1.705535776e-18
E3,5,0,3,0.0003,moderate_redundancy,37,1,2,True,4.941559246
E3,5,0,3,0.0003,moderate_redundancy,37,1,3,False,0.3143375771
E3,5,0,3,0.0003,moderate_redundancy,37,1,4,False,3.44146308e-14
E3,5,0,3,0.0003,moderate_redundancy,37,2,3,True,12.12080794
E3,5,0,3,0.0003,moderate_redundancy,37,2,4,True,3.692146575
E3,5,0,3,0.0003,moderate_redundancy,37,3,4,True,4.783963118
E3,5,0,3,0.0003,high_redundancy,77,0,1,True,5.186311505
E3,5,0,3,0.0003,high_redundancy,77,0,2,False,1.354663032e-18
E3,5,0,3,0.0003,high_redundancy,77,0,3,False,2.103517151e-39
E3,5,0,3,0.0003,high_redundancy,77,0,4,False,0.009695613434
E3,5,0,3,0.0003,high_redundancy,77,1,2,True,5.25831857
E3,5,0,3,0.0003,high_redundancy,77,1,3,False,1.797258821e-20
E3,5,0,3,0.0003,high_redundancy,77,1,4,False,0.0003963158911
E3,5,0,3,0.0003,high_redundancy,77,2,3,True,16.9590153
E3,5,0,3,0.0003,high_redundancy,77,2,4,True,3.572408652
E3,5,0,3,0.0003,high_redundancy,77,3,4,True,5.103722661
E3,5,0,0,0.001,moderate_redundancy,37,0,1,True,5.179184781
E3,5,0,0,0.001,moderate_redundancy,37,0,2,False,4.349942996e-13
E3,5,0,0,0.001,moderate_redundancy,37,0,3,False,0.04329952066
E3,5,0,0,0.001,moderate_redundancy,37,0,4,False,9.093103516e-17
E3,5,0,0,0.001,moderate_redundancy,37,1,2,True,4.512869671
E3,5,0,0,0.001,moderate_redundancy,37,1,3,False,0.8113176935
E3,5,0,0,0.001,moderate_redundancy,37,1,4,False,1.756641634e-12
E3,5,0,0,0.001,moderate_redundancy,37,2,3,True,5.400000869
E3,5,0,0,0.001,moderate_redundancy,37,2,4,True,3.422362385
E3,5,0,0,0.001,moderate_redundancy,37,3,4,True,6.903523366
E3,5,0,0,0.001,high_redundancy,77,0,1,True,5.168769597
E3,5,0,0,0.001,high_redundancy,77,0,2,False,2.550448057e-08
E3,5,0,0,0.001,high_redundancy,77,0,3,False,1.572149093e-12
E3,5,0,0,0.001,high_redundancy,77,0,4,False,5.605741802e-15
E3,5,0,0,0.001,high_redundancy,77,1,2,True,5.044308207
E3,5,0,0,0.001,high_redundancy,77,1,3,False,0.2843069408
E3,5,0,0,0.001,high_redundancy,77,1,4,False,2.82380327e-18
E3,5,0,0,0.001,high_redundancy,77,2,3,True,14.36871709
E3,5,0,0,0.001,high_redundancy,77,2,4,True,3.830590661
E3,5,0,0,0.001,high_redundancy,77,3,4,True,4.646735327
E3,5,0,1,0.001,moderate_redundancy,37,0,1,True,5.011281332
E3,5,0,1,0.001,moderate_redundancy,37,0,2,False,0.2642267181
E3,5,0,1,0.001,moderate_redundancy,37,0,3,False,0.04454913016
E3,5,0,1,0.001,moderate_redundancy,37,0,4,False,2.43787945e-11
E3,5,0,1,0.001,moderate_redundancy,37,1,2,True,4.103522386
E3,5,0,1,0.001,moderate_redundancy,37,1,3,False,0.118163041
E3,5,0,1,0.001,moderate_redundancy,37,1,4,False,0.2764789952
E3,5,0,1,0.001,moderate_redundancy,37,2,3,True,20
E3,5,0,1,0.001,moderate_redundancy,37,2,4,True,3.624308192
E3,5,0,1,0.001,moderate_redundancy,37,3,4,True,2.744051771
E3,5,0,1,0.001,high_redundancy,77,0,1,True,5.155036124
E3,5,0,1,0.001,high_redundancy,77,0,2,False,0.04491590496
E3,5,0,1,0.001,high_redundancy,77,0,3,False,2.626409662e-07
E3,5,0,1,0.001,high_redundancy,77,0,4,False,5.454954171e-15
E3,5,0,1,0.001,high_redundancy,77,1,2,True,4.989964283
E3,5,0,1,0.001,high_redundancy,77,1,3,False,0.192000695
E3,5,0,1,0.001,high_redundancy,77,1,4,False,3.407620286e-16
E3,5,0,1,0.001,high_redundancy,77,2,3,True,14.19274152
E3,5,0,1,0.001,high_redundancy,77,2,4,True,4.356299138
E3,5,0,1,0.001,high_redundancy,77,3,4,True,4.259173567
E3,5,0,2,0.001,moderate_redundancy,37,0,1,True,5.05192789
E3,5,0,2,0.001,moderate_redundancy,37,0,2,False,0.2368093964
E3,5,0,2,0.001,moderate_redundancy,37,0,3,False,0.07258244184
E3,5,0,2,0.001,moderate_redundancy,37,0,4,False,1.946745967e-19
E3,5,0,2,0.001,moderate_redundancy,37,1,2,True,4.230471445
E3,5,0,2,0.001,moderate_redundancy,37,1,3,False,5.491282996e-18
E3,5,0,2,0.001,moderate_redundancy,37,1,4,False,0.2556117304
E3,5,0,2,0.001,moderate_redundancy,37,2,3,True,10.83670773
E3,5,0,2,0.001,moderate_redundancy,37,2,4,True,1.308397668
E3,5,0,2,0.001,moderate_redundancy,37,3,4,True,6.328431944
E3,5,0,2,0.001,high_redundancy,77,0,1,True,5.146461197
E3,5,0,2,0.001,high_redundancy,77,0,2,False,0.07001565965
E3,5,0,2,0.001,high_redundancy,77,0,3,False,1.879192766e-08
E3,5,0,2,0.001,high_redundancy,77,0,4,False,0.009186716205
E3,5,0,2,0.001,high_redundancy,77,1,2,True,5.108804809
E3,5,0,2,0.001,high_redundancy,77,1,3,False,7.51845604e-14
E3,5,0,2,0.001,high_redundancy,77,1,4,False,2.790211137e-13
E3,5,0,2,0.001,high_redundancy,77,2,3,True,15.88522918
E3,5,0,2,0.001,high_redundancy,77,2,4,True,3.860331908
E3,5,0,2,0.001,high_redundancy,77,3,4,True,5.035814117
E3,5,0,3,0.001,moderate_redundancy,37,0,1,True,5.160618598
E3,5,0,3,0.001,moderate_redundancy,37,0,2,False,0.01026426739
E3,5,0,3,0.001,moderate_redundancy,37,0,3,False,2.429591642e-15
E3,5,0,3,0.001,moderate_redundancy,37,0,4,False,8.460720787e-12
E3,5,0,3,0.001,moderate_redundancy,37,1,2,True,4.849889292
E3,5,0,3,0.001,moderate_redundancy,37,1,3,False,0.5382797686
E3,5,0,3,0.001,moderate_redundancy,37,1,4,False,0.1036351495
E3,5,0,3,0.001,moderate_redundancy,37,2,3,True,8.053343209
E3,5,0,3,0.001,moderate_redundancy,37,2,4,True,6.627401694
E3,5,0,3,0.001,moderate_redundancy,37,3,4,True,1.307342479
E3,5,0,3,0.001,high_redundancy,77,0,1,True,5.170279062
E3,5,0,3,0.001,high_redundancy,77,0,2,False,2.179595079e-10
E3,5,0,3,0.001,high_redundancy,77,0,3,False,4.139005063e-13
E3,5,0,3,0.001,high_redundancy,77,0,4,False,1.112498133e-08
E3,5,0,3,0.001,high_redundancy,77,1,2,True,5.282492235
E3,5,0,3,0.001,high_redundancy,77,1,3,False,5.243979445e-16
E3,5,0,3,0.001,high_redundancy,77,1,4,False,1.970300913e-12
E3,5,0,3,0.001,high_redundancy,77,2,3,True,17.15092373
E3,5,0,3,0.001,high_redundancy,77,2,4,True,4.208239966
E3,5,0,3,0.001,high_redundancy,77,3,4,True,4.225029407
E3,5,0,0,0.003,moderate_redundancy,37,0,1,True,4.475154158
E3,5,0,0,0.003,moderate_redundancy,37,0,2,False,0.6937483978
E3,5,0,0,0.003,moderate_redundancy,37,0,3,False,0.6745889068
E3,5,0,0,0.003,moderate_redundancy,37,0,4,False,3.232264996e-17
E3,5,0,0,0.003,moderate_redundancy,37,1,2,True,1.300326766
E3,5,0,0,0.003,moderate_redundancy,37,1,3,False,0.5858788539
E3,5,0,0,0.003,moderate_redundancy,37,1,4,False,0.0378964314
E3,5,0,0,0.003,moderate_redundancy,37,2,3,True,3.128434623
E3,5,0,0,0.003,moderate_redundancy,37,2,4,True,2.288241598
E3,5,0,0,0.003,moderate_redundancy,37,3,4,True,4.582245914
E3,5,0,0,0.003,high_redundancy,77,0,1,True,5.18262538
E3,5,0,0,0.003,high_redundancy,77,0,2,False,4.236405664e-26
E3,5,0,0,0.003,high_redundancy,77,0,3,False,0.02941106329
E3,5,0,0,0.003,high_redundancy,77,0,4,False,1.5698786e-27
E3,5,0,0,0.003,high_redundancy,77,1,2,True,4.899118638
E3,5,0,0,0.003,high_redundancy,77,1,3,False,0.2234856811
E3,5,0,0,0.003,high_redundancy,77,1,4,False,0.08635962212
E3,5,0,0,0.003,high_redundancy,77,2,3,True,14.98607052
E3,5,0,0,0.003,high_redundancy,77,2,4,True,2.39744274
E3,5,0,0,0.003,high_redundancy,77,3,4,True,7.157969745
E3,5,0,1,0.003,moderate_redundancy,37,0,1,True,5.273147727
E3,5,0,1,0.003,moderate_redundancy,37,0,2,False,2.752221337e-36
E3,5,0,1,0.003,moderate_redundancy,37,0,3,False,0.0005161044845
E3,5,0,1,0.003,moderate_redundancy,37,0,4,False,3.349620895e-35
E3,5,0,1,0.003,moderate_redundancy,37,1,2,True,2.547393298
E3,5,0,1,0.003,moderate_redundancy,37,1,3,False,0.5348254433
E3,5,0,1,0.003,moderate_redundancy,37,1,4,False,3.414921885
E3,5,0,1,0.003,moderate_redundancy,37,2,3,True,5.813644265
E3,5,0,1,0.003,moderate_redundancy,37,2,4,True,2.138319468
E3,5,0,1,0.003,moderate_redundancy,37,3,4,True,3.49535668
E3,5,0,1,0.003,high_redundancy,77,0,1,True,5.235582332
E3,5,0,1,0.003,high_redundancy,77,0,2,False,3.215873916e-15
E3,5,0,1,0.003,high_redundancy,77,0,3,False,3.172902867e-16
E3,5,0,1,0.003,high_redundancy,77,0,4,False,9.512653123e-16
E3,5,0,1,0.003,high_redundancy,77,1,2,True,4.941276841
E3,5,0,1,0.003,high_redundancy,77,1,3,False,2.828246603e-15
E3,5,0,1,0.003,high_redundancy,77,1,4,False,0.4505449185
E3,5,0,1,0.003,high_redundancy,77,2,3,True,16.59291836
E3,5,0,1,0.003,high_redundancy,77,2,4,True,2.752482174
E3,5,0,1,0.003,high_redundancy,77,3,4,True,4.331373977
E3,5,0,2,0.003,moderate_redundancy,37,0,1,True,4.472566349
E3,5,0,2,0.003,moderate_redundancy,37,0,2,False,0.3315780097
E3,5,0,2,0.003,moderate_redundancy,37,0,3,False,0.7663918059
E3,5,0,2,0.003,moderate_redundancy,37,0,4,False,0.7976555191
E3,5,0,2,0.003,moderate_redundancy,37,1,2,True,1.561245398
E3,5,0,2,0.003,moderate_redundancy,37,1,3,False,8.314826315e-15
E3,5,0,2,0.003,moderate_redundancy,37,1,4,False,3.284447923e-31
E3,5,0,2,0.003,moderate_redundancy,37,2,3,True,7.744470614
E3,5,0,2,0.003,moderate_redundancy,37,2,4,True,2.017279723
E3,5,0,2,0.003,moderate_redundancy,37,3,4,True,5.2277099
E3,5,0,2,0.003,high_redundancy,77,0,1,True,5.166971056
E3,5,0,2,0.003,high_redundancy,77,0,2,False,2.739454352e-15
E3,5,0,2,0.003,high_redundancy,77,0,3,False,5.318408695e-22
E3,5,0,2,0.003,high_redundancy,77,0,4,False,0.1159086188
E3,5,0,2,0.003,high_redundancy,77,1,2,True,5.006407874
E3,5,0,2,0.003,high_redundancy,77,1,3,False,3.098972733e-32
E3,5,0,2,0.003,high_redundancy,77,1,4,False,0.1794370186
E3,5,0,2,0.003,high_redundancy,77,2,3,True,16.10047486
E3,5,0,2,0.003,high_redundancy,77,2,4,True,0.6081326954
E3,5,0,2,0.003,high_redundancy,77,3,4,True,8.132789704
E3,5,0,3,0.003,moderate_redundancy,37,0,1,True,4.918073497
E3,5,0,3,0.003,moderate_redundancy,37,0,2,False,0.5136483092
E3,5,0,3,0.003,moderate_redundancy,37,0,3,False,1.277143213e-13
E3,5,0,3,0.003,moderate_redundancy,37,0,4,False,1.705020233e-17
E3,5,0,3,0.003,moderate_redundancy,37,1,2,True,0.3715758362
E3,5,0,3,0.003,moderate_redundancy,37,1,3,False,1.372633103
E3,5,0,3,0.003,moderate_redundancy,37,1,4,False,2.90888905
E3,5,0,3,0.003,moderate_redundancy,37,2,3,True,1.665357729
E3,5,0,3,0.003,moderate_redundancy,37,2,4,True,1.939207235
E3,5,0,3,0.003,moderate_redundancy,37,3,4,True,0.652577607
E3,5,0,3,0.003,high_redundancy,77,0,1,True,5.102496382
E3,5,0,3,0.003,high_redundancy,77,0,2,False,0.08772788456
E3,5,0,3,0.003,high_redundancy,77,0,3,False,4.212634506e-18
E3,5,0,3,0.003,high_redundancy,77,0,4,False,0.03414519116
E3,5,0,3,0.003,high_redundancy,77,1,2,True,4.730399686
E3,5,0,3,0.003,high_redundancy,77,1,3,False,1.793513984e-17
E3,5,0,3,0.003,high_redundancy,77,1,4,False,0.334793551
E3,5,0,3,0.003,high_redundancy,77,2,3,True,16.97093752
E3,5,0,3,0.003,high_redundancy,77,2,4,True,1.446411542
E3,5,0,3,0.003,high_redundancy,77,3,4,True,6.594880734
E3,5,1,0,0,minimal_exact_budget,20,0,1,True,4.69533789
E3,5,1,0,0,minimal_exact_budget,20,0,2,False,3.346434241e-12
E3,5,1,0,0,minimal_exact_budget,20,0,3,False,-4.354294703e-13
E3,5,1,0,0,minimal_exact_budget,20,0,4,False,-1.842082042e-12
E3,5,1,0,0,minimal_exact_budget,20,1,2,True,5.74491846
E3,5,1,0,0,minimal_exact_budget,20,1,3,False,7.53112397e-12
E3,5,1,0,0,minimal_exact_budget,20,1,4,False,2.311742319e-12
E3,5,1,0,0,minimal_exact_budget,20,2,3,True,16.32090559
E3,5,1,0,0,minimal_exact_budget,20,2,4,True,4.369947922
E3,5,1,0,0,minimal_exact_budget,20,3,4,True,4.507361769
E3,5,1,0,0,moderate_redundancy,37,0,1,True,4.69321858
E3,5,1,0,0,moderate_redundancy,37,0,2,False,0.002299700757
E3,5,1,0,0,moderate_redundancy,37,0,3,False,0.001436288846
E3,5,1,0,0,moderate_redundancy,37,0,4,False,0.0007757158276
E3,5,1,0,0,moderate_redundancy,37,1,2,True,5.711477545
E3,5,1,0,0,moderate_redundancy,37,1,3,False,0.02043835048
E3,5,1,0,0,moderate_redundancy,37,1,4,False,0.003093604246
E3,5,1,0,0,moderate_redundancy,37,2,3,True,16.20752363
E3,5,1,0,0,moderate_redundancy,37,2,4,True,4.351926005
E3,5,1,0,0,moderate_redundancy,37,3,4,True,4.518284732
E3,5,1,0,0,high_redundancy,77,0,1,True,4.695330313
E3,5,1,0,0,high_redundancy,77,0,2,False,1.468193982e-05
E3,5,1,0,0,high_redundancy,77,0,3,False,4.962793915e-09
E3,5,1,0,0,high_redundancy,77,0,4,False,2.031202409e-07
E3,5,1,0,0,high_redundancy,77,1,2,True,5.74480149
E3,5,1,0,0,high_redundancy,77,1,3,False,6.245275334e-05
E3,5,1,0,0,high_redundancy,77,1,4,False,1.64591932e-05
E3,5,1,0,0,high_redundancy,77,2,3,True,16.32043666
E3,5,1,0,0,high_redundancy,77,2,4,True,4.369835455
E3,5,1,0,0,high_redundancy,77,3,4,True,4.507431674
E3,5,1,1,0,minimal_exact_budget,20,0,1,True,4.69533789
E3,5,1,1,0,minimal_exact_budget,20,0,2,False,3.346434241e-12
E3,5,1,1,0,minimal_exact_budget,20,0,3,False,-4.354294703e-13
E3,5,1,1,0,minimal_exact_budget,20,0,4,False,-1.842082042e-12
E3,5,1,1,0,minimal_exact_budget,20,1,2,True,5.74491846
E3,5,1,1,0,minimal_exact_budget,20,1,3,False,7.53112397e-12
E3,5,1,1,0,minimal_exact_budget,20,1,4,False,2.311742319e-12
E3,5,1,1,0,minimal_exact_budget,20,2,3,True,16.32090559
E3,5,1,1,0,minimal_exact_budget,20,2,4,True,4.369947922
E3,5,1,1,0,minimal_exact_budget,20,3,4,True,4.507361769
E3,5,1,1,0,moderate_redundancy,37,0,1,True,4.69321858
E3,5,1,1,0,moderate_redundancy,37,0,2,False,0.002299700757
E3,5,1,1,0,moderate_redundancy,37,0,3,False,0.001436288846
E3,5,1,1,0,moderate_redundancy,37,0,4,False,0.0007757158276
E3,5,1,1,0,moderate_redundancy,37,1,2,True,5.711477545
E3,5,1,1,0,moderate_redundancy,37,1,3,False,0.02043835048
E3,5,1,1,0,moderate_redundancy,37,1,4,False,0.003093604246
E3,5,1,1,0,moderate_redundancy,37,2,3,True,16.20752363
E3,5,1,1,0,moderate_redundancy,37,2,4,True,4.351926005
E3,5,1,1,0,moderate_redundancy,37,3,4,True,4.518284732
E3,5,1,1,0,high_redundancy,77,0,1,True,4.695330313
E3,5,1,1,0,high_redundancy,77,0,2,False,1.468193982e-05
E3,5,1,1,0,high_redundancy,77,0,3,False,4.962793915e-09
E3,5,1,1,0,high_redundancy,77,0,4,False,2.031202409e-07
E3,5,1,1,0,high_redundancy,77,1,2,True,5.74480149
E3,5,1,1,0,high_redundancy,77,1,3,False,6.245275334e-05
E3,5,1,1,0,high_redundancy,77,1,4,False,1.64591932e-05
E3,5,1,1,0,high_redundancy,77,2,3,True,16.32043666
E3,5,1,1,0,high_redundancy,77,2,4,True,4.369835455
E3,5,1,1,0,high_redundancy,77,3,4,True,4.507431674
E3,5,1,2,0,minimal_exact_budget,20,0,1,True,4.69533789
E3,5,1,2,0,minimal_exact_budget,20,0,2,False,3.346434241e-12
E3,5,1,2,0,minimal_exact_budget,20,0,3,False,-4.354294703e-13
E3,5,1,2,0,minimal_exact_budget,20,0,4,False,-1.842082042e-12
E3,5,1,2,0,minimal_exact_budget,20,1,2,True,5.74491846
E3,5,1,2,0,minimal_exact_budget,20,1,3,False,7.53112397e-12
E3,5,1,2,0,minimal_exact_budget,20,1,4,False,2.311742319e-12
E3,5,1,2,0,minimal_exact_budget,20,2,3,True,16.32090559
E3,5,1,2,0,minimal_exact_budget,20,2,4,True,4.369947922
E3,5,1,2,0,minimal_exact_budget,20,3,4,True,4.507361769
E3,5,1,2,0,moderate_redundancy,37,0,1,True,4.69321858
E3,5,1,2,0,moderate_redundancy,37,0,2,False,0.002299700757
E3,5,1,2,0,moderate_redundancy,37,0,3,False,0.001436288846
E3,5,1,2,0,moderate_redundancy,37,0,4,False,0.0007757158276
E3,5,1,2,0,moderate_redundancy,37,1,2,True,5.711477545
E3,5,1,2,0,moderate_redundancy,37,1,3,False,0.02043835048
E3,5,1,2,0,moderate_redundancy,37,1,4,False,0.003093604246
E3,5,1,2,0,moderate_redundancy,37,2,3,True,16.20752363
E3,5,1,2,0,moderate_redundancy,37,2,4,True,4.351926005
E3,5,1,2,0,moderate_redundancy,37,3,4,True,4.518284732
E3,5,1,2,0,high_redundancy,77,0,1,True,4.695330313
E3,5,1,2,0,high_redundancy,77,0,2,False,1.468193982e-05
E3,5,1,2,0,high_redundancy,77,0,3,False,4.962793915e-09
E3,5,1,2,0,high_redundancy,77,0,4,False,2.031202409e-07
E3,5,1,2,0,high_redundancy,77,1,2,True,5.74480149
E3,5,1,2,0,high_redundancy,77,1,3,False,6.245275334e-05
E3,5,1,2,0,high_redundancy,77,1,4,False,1.64591932e-05
E3,5,1,2,0,high_redundancy,77,2,3,True,16.32043666
E3,5,1,2,0,high_redundancy,77,2,4,True,4.369835455
E3,5,1,2,0,high_redundancy,77,3,4,True,4.507431674
E3,5,1,3,0,minimal_exact_budget,20,0,1,True,4.69533789
E3,5,1,3,0,minimal_exact_budget,20,0,2,False,3.346434241e-12
E3,5,1,3,0,minimal_exact_budget,20,0,3,False,-4.354294703e-13
E3,5,1,3,0,minimal_exact_budget,20,0,4,False,-1.842082042e-12
E3,5,1,3,0,minimal_exact_budget,20,1,2,True,5.74491846
E3,5,1,3,0,minimal_exact_budget,20,1,3,False,7.53112397e-12
E3,5,1,3,0,minimal_exact_budget,20,1,4,False,2.311742319e-12
E3,5,1,3,0,minimal_exact_budget,20,2,3,True,16.32090559
E3,5,1,3,0,minimal_exact_budget,20,2,4,True,4.369947922
E3,5,1,3,0,minimal_exact_budget,20,3,4,True,4.507361769
E3,5,1,3,0,moderate_redundancy,37,0,1,True,4.69321858
E3,5,1,3,0,moderate_redundancy,37,0,2,False,0.002299700757
E3,5,1,3,0,moderate_redundancy,37,0,3,False,0.001436288846
E3,5,1,3,0,moderate_redundancy,37,0,4,False,0.0007757158276
E3,5,1,3,0,moderate_redundancy,37,1,2,True,5.711477545
E3,5,1,3,0,moderate_redundancy,37,1,3,False,0.02043835048
E3,5,1,3,0,moderate_redundancy,37,1,4,False,0.003093604246
E3,5,1,3,0,moderate_redundancy,37,2,3,True,16.20752363
E3,5,1,3,0,moderate_redundancy,37,2,4,True,4.351926005
E3,5,1,3,0,moderate_redundancy,37,3,4,True,4.518284732
E3,5,1,3,0,high_redundancy,77,0,1,True,4.695330313
E3,5,1,3,0,high_redundancy,77,0,2,False,1.468193982e-05
E3,5,1,3,0,high_redundancy,77,0,3,False,4.962793915e-09
E3,5,1,3,0,high_redundancy,77,0,4,False,2.031202409e-07
E3,5,1,3,0,high_redundancy,77,1,2,True,5.74480149
E3,5,1,3,0,high_redundancy,77,1,3,False,6.245275334e-05
E3,5,1,3,0,high_redundancy,77,1,4,False,1.64591932e-05
E3,5,1,3,0,high_redundancy,77,2,3,True,16.32043666
E3,5,1,3,0,high_redundancy,77,2,4,True,4.369835455
E3,5,1,3,0,high_redundancy,77,3,4,True,4.507431674
E3,5,1,0,0.0001,moderate_redundancy,37,0,1,True,4.680477847
E3,5,1,0,0.0001,moderate_redundancy,37,0,2,False,0.02599385409
E3,5,1,0,0.0001,moderate_redundancy,37,0,3,False,6.707565718e-06
E3,5,1,0,0.0001,moderate_redundancy,37,0,4,False,0.007709389664
E3,5,1,0,0.0001,moderate_redundancy,37,1,2,True,5.491018751
E3,5,1,0,0.0001,moderate_redundancy,37,1,3,False,0.1418874048
E3,5,1,0,0.0001,moderate_redundancy,37,1,4,False,0.04545376865
E3,5,1,0,0.0001,moderate_redundancy,37,2,3,True,14.57227704
E3,5,1,0,0.0001,moderate_redundancy,37,2,4,True,4.071670341
E3,5,1,0,0.0001,moderate_redundancy,37,3,4,True,4.492884829
E3,5,1,0,0.0001,high_redundancy,77,0,1,True,4.689028785
E3,5,1,0,0.0001,high_redundancy,77,0,2,False,0.01144556055
E3,5,1,0,0.0001,high_redundancy,77,0,3,False,5.12516553e-09
E3,5,1,0,0.0001,high_redundancy,77,0,4,False,1.050490743e-14
E3,5,1,0,0.0001,high_redundancy,77,1,2,True,5.681031466
E3,5,1,0,0.0001,high_redundancy,77,1,3,False,0.02737378999
E3,5,1,0,0.0001,high_redundancy,77,1,4,False,4.249540325e-13
E3,5,1,0,0.0001,high_redundancy,77,2,3,True,16.10396297
E3,5,1,0,0.0001,high_redundancy,77,2,4,True,4.302410278
E3,5,1,0,0.0001,high_redundancy,77,3,4,True,4.646630605
E3,5,1,1,0.0001,moderate_redundancy,37,0,1,True,4.695080421
E3,5,1,1,0.0001,moderate_redundancy,37,0,2,False,5.018048184e-17
E3,5,1,1,0.0001,moderate_redundancy,37,0,3,False,1.578412772e-15
E3,5,1,1,0.0001,moderate_redundancy,37,0,4,False,1.519852028e-16
E3,5,1,1,0.0001,moderate_redundancy,37,1,2,True,5.610790387
E3,5,1,1,0.0001,moderate_redundancy,37,1,3,False,5.084464532e-10
E3,5,1,1,0.0001,moderate_redundancy,37,1,4,False,0.1683279843
E3,5,1,1,0.0001,moderate_redundancy,37,2,3,True,17.66728476
E3,5,1,1,0.0001,moderate_redundancy,37,2,4,True,3.37772296
E3,5,1,1,0.0001,moderate_redundancy,37,3,4,True,5.13677312
E3,5,1,1,0.0001,high_redundancy,77,0,1,True,4.694168646
E3,5,1,1,0.0001,high_redundancy,77,0,2,False,0.003685525855
E3,5,1,1,0.0001,high_redundancy,77,0,3,False,1.676420156e-07
E3,5,1,1,0.0001,high_redundancy,77,0,4,False,4.450713665e-13
E3,5,1,1,0.0001,high_redundancy,77,1,2,True,5.702203091
E3,5,1,1,0.0001,high_redundancy,77,1,3,False,0.03668343848
E3,5,1,1,0.0001,high_redundancy,77,1,4,False,6.289178861e-13
E3,5,1,1,0.0001,high_redundancy,77,2,3,True,16.00748992
E3,5,1,1,0.0001,high_redundancy,77,2,4,True,4.325843055
E3,5,1,1,0.0001,high_redundancy,77,3,4,True,4.550746136
E3,5,1,2,0.0001,moderate_redundancy,37,0,1,True,4.674006956
E3,5,1,2,0.0001,moderate_redundancy,37,0,2,False,7.885420364e-15
E3,5,1,2,0.0001,moderate_redundancy,37,0,3,False,0.04209468247
E3,5,1,2,0.0001,moderate_redundancy,37,0,4,False,3.771468632e-11
E3,5,1,2,0.0001,moderate_redundancy,37,1,2,True,5.599952935
E3,5,1,2,0.0001,moderate_redundancy,37,1,3,False,0.02211866631
E3,5,1,2,0.0001,moderate_redundancy,37,1,4,False,2.434081269e-13
E3,5,1,2,0.0001,moderate_redundancy,37,2,3,True,17.10430375
E3,5,1,2,0.0001,moderate_redundancy,37,2,4,True,3.97990916
E3,5,1,2,0.0001,moderate_redundancy,37,3,4,True,4.830004093
E3,5,1,2,0.0001,high_redundancy,77,0,1,True,4.695466203
E3,5,1,2,0.0001,high_redundancy,77,0,2,False,0.003138324115
E3,5,1,2,0.0001,high_redundancy,77,0,3,False,1.596701706e-09
E3,5,1,2,0.0001,high_redundancy,77,0,4,False,3.104678671e-09
E3,5,1,2,0.0001,high_redundancy,77,1,2,True,5.74113289
E3,5,1,2,0.0001,high_redundancy,77,1,3,False,5.094984995e-07
E3,5,1,2,0.0001,high_redundancy,77,1,4,False,9.131459461e-11
E3,5,1,2,0.0001,high_redundancy,77,2,3,True,16.32992355
E3,5,1,2,0.0001,high_redundancy,77,2,4,True,4.332820929
E3,5,1,2,0.0001,high_redundancy,77,3,4,True,4.541079732
E3,5,1,3,0.0001,moderate_redundancy,37,0,1,True,4.692080477
E3,5,1,3,0.0001,moderate_redundancy,37,0,2,False,4.862203638e-06
E3,5,1,3,0.0001,moderate_redundancy,37,0,3,False,3.158921589e-05
E3,5,1,3,0.0001,moderate_redundancy,37,0,4,False,6.610923823e-05
E3,5,1,3,0.0001,moderate_redundancy,37,1,2,True,5.606532228
E3,5,1,3,0.0001,moderate_redundancy,37,1,3,False,5.239124101e-05
E3,5,1,3,0.0001,moderate_redundancy,37,1,4,False,0.1573979275
E3,5,1,3,0.0001,moderate_redundancy,37,2,3,True,16.40399978
E3,5,1,3,0.0001,moderate_redundancy,37,2,4,True,3.837616515
E3,5,1,3,0.0001,moderate_redundancy,37,3,4,True,5.137236672
E3,5,1,3,0.0001,high_redundancy,77,0,1,True,4.694724219
E3,5,1,3,0.0001,high_redundancy,77,0,2,False,1.671735741e-14
E3,5,1,3,0.0001,high_redundancy,77,0,3,False,5.324743638e-17
E3,5,1,3,0.0001,high_redundancy,77,0,4,False,4.356150151e-16
E3,5,1,3,0.0001,high_redundancy,77,1,2,True,5.748763198
E3,5,1,3,0.0001,high_redundancy,77,1,3,False,1.14500473e-08
E3,5,1,3,0.0001,high_redundancy,77,1,4,False,1.278014956e-13
E3,5,1,3,0.0001,high_redundancy,77,2,3,True,16.29922524
E3,5,1,3,0.0001,high_redundancy,77,2,4,True,4.327917681
E3,5,1,3,0.0001,high_redundancy,77,3,4,True,4.56296953
E3,5,1,0,0.0003,moderate_redundancy,37,0,1,True,4.694022205
E3,5,1,0,0.0003,moderate_redundancy,37,0,2,False,9.352930802e-11
E3,5,1,0,0.0003,moderate_redundancy,37,0,3,False,9.721714008e-11
E3,5,1,0,0.0003,moderate_redundancy,37,0,4,False,5.82870003e-12
E3,5,1,0,0.0003,moderate_redundancy,37,1,2,True,5.405563582
E3,5,1,0,0.0003,moderate_redundancy,37,1,3,False,0.300503567
E3,5,1,0,0.0003,moderate_redundancy,37,1,4,False,6.935051183e-10
E3,5,1,0,0.0003,moderate_redundancy,37,2,3,True,11.108667
E3,5,1,0,0.0003,moderate_redundancy,37,2,4,True,5.254171849
E3,5,1,0,0.0003,moderate_redundancy,37,3,4,True,3.02280111
E3,5,1,0,0.0003,high_redundancy,77,0,1,True,4.696414547
E3,5,1,0,0.0003,high_redundancy,77,0,2,False,0.002671087966
E3,5,1,0,0.0003,high_redundancy,77,0,3,False,9.922898084e-17
E3,5,1,0,0.0003,high_redundancy,77,0,4,False,2.078047283e-12
E3,5,1,0,0.0003,high_redundancy,77,1,2,True,5.740642369
E3,5,1,0,0.0003,high_redundancy,77,1,3,False,5.549792598e-11
E3,5,1,0,0.0003,high_redundancy,77,1,4,False,2.487397328e-07
E3,5,1,0,0.0003,high_redundancy,77,2,3,True,16.50833311
E3,5,1,0,0.0003,high_redundancy,77,2,4,True,4.209870864
E3,5,1,0,0.0003,high_redundancy,77,3,4,True,4.778158962
E3,5,1,1,0.0003,moderate_redundancy,37,0,1,True,4.574765499
E3,5,1,1,0.0003,moderate_redundancy,37,0,2,False,1.961418547e-09
E3,5,1,1,0.0003,moderate_redundancy,37,0,3,False,0.248457587
E3,5,1,1,0.0003,moderate_redundancy,37,0,4,False,0.02810240447
E3,5,1,1,0.0003,moderate_redundancy,37,1,2,True,4.496379831
E3,5,1,1,0.0003,moderate_redundancy,37,1,3,False,0.5208193375
E3,5,1,1,0.0003,moderate_redundancy,37,1,4,False,3.953660351e-13
E3,5,1,1,0.0003,moderate_redundancy,37,2,3,True,16.38700711
E3,5,1,1,0.0003,moderate_redundancy,37,2,4,True,4.184557108
E3,5,1,1,0.0003,moderate_redundancy,37,3,4,True,3.534535811
E3,5,1,1,0.0003,high_redundancy,77,0,1,True,4.683364033
E3,5,1,1,0.0003,high_redundancy,77,0,2,False,4.875281445e-07
E3,5,1,1,0.0003,high_redundancy,77,0,3,False,3.34866209e-10
E3,5,1,1,0.0003,high_redundancy,77,0,4,False,0.02069019023
E3,5,1,1,0.0003,high_redundancy,77,1,2,True,5.627930246
E3,5,1,1,0.0003,high_redundancy,77,1,3,False,0.07881169964
E3,5,1,1,0.0003,high_redundancy,77,1,4,False,3.003381358e-10
E3,5,1,1,0.0003,high_redundancy,77,2,3,True,15.60742804
E3,5,1,1,0.0003,high_redundancy,77,2,4,True,3.994175626
E3,5,1,1,0.0003,high_redundancy,77,3,4,True,4.940782044
E3,5,1,2,0.0003,moderate_redundancy,37,0,1,True,4.616140479
E3,5,1,2,0.0003,moderate_redundancy,37,0,2,False,0.02231235181
E3,5,1,2,0.0003,moderate_redundancy,37,0,3,False,0.1818380596
E3,5,1,2,0.0003,moderate_redundancy,37,0,4,False,1.375611888e-14
E3,5,1,2,0.0003,moderate_redundancy,37,1,2,True,4.119712913
E3,5,1,2,0.0003,moderate_redundancy,37,1,3,False,1.192830484
E3,5,1,2,0.0003,moderate_redundancy,37,1,4,False,0.008285009915
E3,5,1,2,0.0003,moderate_redundancy,37,2,3,True,9.428110497
E3,5,1,2,0.0003,moderate_redundancy,37,2,4,True,3.033017844
E3,5,1,2,0.0003,moderate_redundancy,37,3,4,True,6.024743411
E3,5,1,2,0.0003,high_redundancy,77,0,1,True,4.689623878
E3,5,1,2,0.0003,high_redundancy,77,0,2,False,0.01265153611
E3,5,1,2,0.0003,high_redundancy,77,0,3,False,1.670009664e-11
E3,5,1,2,0.0003,high_redundancy,77,0,4,False,3.836731221e-10
E3,5,1,2,0.0003,high_redundancy,77,1,2,True,5.628479617
E3,5,1,2,0.0003,high_redundancy,77,1,3,False,0.02803894349
E3,5,1,2,0.0003,high_redundancy,77,1,4,False,0.05987013499
E3,5,1,2,0.0003,high_redundancy,77,2,3,True,16.21699104
E3,5,1,2,0.0003,high_redundancy,77,2,4,True,3.927221577
E3,5,1,2,0.0003,high_redundancy,77,3,4,True,4.91775942
E3,5,1,3,0.0003,moderate_redundancy,37,0,1,True,4.691302166
E3,5,1,3,0.0003,moderate_redundancy,37,0,2,False,1.329784708e-05
E3,5,1,3,0.0003,moderate_redundancy,37,0,3,False,1.116256526e-06
E3,5,1,3,0.0003,moderate_redundancy,37,0,4,False,1.387056607e-07
E3,5,1,3,0.0003,moderate_redundancy,37,1,2,True,5.752601944
E3,5,1,3,0.0003,moderate_redundancy,37,1,3,False,2.488983582e-07
E3,5,1,3,0.0003,moderate_redundancy,37,1,4,False,3.579011559e-05
E3,5,1,3,0.0003,moderate_redundancy,37,2,3,True,17.60180183
E3,5,1,3,0.0003,moderate_redundancy,37,2,4,True,4.806478168
E3,5,1,3,0.0003,moderate_redundancy,37,3,4,True,3.391724077
E3,5,1,3,0.0003,high_redundancy,77,0,1,True,4.696175277
E3,5,1,3,0.0003,high_redundancy,77,0,2,False,6.235891105e-12
E3,5,1,3,0.0003,high_redundancy,77,0,3,False,2.495522793e-14
E3,5,1,3,0.0003,high_redundancy,77,0,4,False,1.634746928e-14
E3,5,1,3,0.0003,high_redundancy,77,1,2,True,5.717887973
E3,5,1,3,0.0003,high_redundancy,77,1,3,False,1.214040994e-12
E3,5,1,3,0.0003,high_redundancy,77,1,4,False,0.005998254477
E3,5,1,3,0.0003,high_redundancy,77,2,3,True,16.36199818
E3,5,1,3,0.0003,high_redundancy,77,2,4,True,4.238642935
E3,5,1,3,0.0003,high_redundancy,77,3,4,True,4.573445349
E3,5,1,0,0.001,moderate_redundancy,37,0,1,True,4.671735738
E3,5,1,0,0.001,moderate_redundancy,37,0,2,False,2.517308165e-15
E3,5,1,0,0.001,moderate_redundancy,37,0,3,False,1.684528285e-14
E3,5,1,0,0.001,moderate_redundancy,37,0,4,False,5.471368366e-16
E3,5,1,0,0.001,moderate_redundancy,37,1,2,True,4.159008822
E3,5,1,0,0.001,moderate_redundancy,37,1,3,False,1.691411366
E3,5,1,0,0.001,moderate_redundancy,37,1,4,False,0.213078337
E3,5,1,0,0.001,moderate_redundancy,37,2,3,True,9.17815245
E3,5,1,0,0.001,moderate_redundancy,37,2,4,True,5.081931487
E3,5,1,0,0.001,moderate_redundancy,37,3,4,True,2.368157518
E3,5,1,0,0.001,high_redundancy,77,0,1,True,4.686320669
E3,5,1,0,0.001,high_redundancy,77,0,2,False,5.063392361e-28
E3,5,1,0,0.001,high_redundancy,77,0,3,False,4.964986848e-28
E3,5,1,0,0.001,high_redundancy,77,0,4,False,0.009591975131
E3,5,1,0,0.001,high_redundancy,77,1,2,True,5.648793592
E3,5,1,0,0.001,high_redundancy,77,1,3,False,5.84896998e-16
E3,5,1,0,0.001,high_redundancy,77,1,4,False,0.1066533855
E3,5,1,0,0.001,high_redundancy,77,2,3,True,15.77634205
E3,5,1,0,0.001,high_redundancy,77,2,4,True,3.444844514
E3,5,1,0,0.001,high_redundancy,77,3,4,True,5.132730944
E3,5,1,1,0.001,moderate_redundancy,37,0,1,True,4.408011538
E3,5,1,1,0.001,moderate_redundancy,37,0,2,False,0.06540085645
E3,5,1,1,0.001,moderate_redundancy,37,0,3,False,0.367488132
E3,5,1,1,0.001,moderate_redundancy,37,0,4,False,0.1063688243
E3,5,1,1,0.001,moderate_redundancy,37,1,2,True,3.636279747
E3,5,1,1,0.001,moderate_redundancy,37,1,3,False,0.1776259129
E3,5,1,1,0.001,moderate_redundancy,37,1,4,False,0.3497403825
E3,5,1,1,0.001,moderate_redundancy,37,2,3,True,7.009708147
E3,5,1,1,0.001,moderate_redundancy,37,2,4,True,1.688964503e-26
E3,5,1,1,0.001,moderate_redundancy,37,3,4,True,7.420201524
E3,5,1,1,0.001,high_redundancy,77,0,1,True,4.678172915
E3,5,1,1,0.001,high_redundancy,77,0,2,False,4.347606575e-19
E3,5,1,1,0.001,high_redundancy,77,0,3,False,1.715983813e-17
E3,5,1,1,0.001,high_redundancy,77,0,4,False,0.02398145844
E3,5,1,1,0.001,high_redundancy,77,1,2,True,5.703778097
E3,5,1,1,0.001,high_redundancy,77,1,3,False,2.116543359e-17
E3,5,1,1,0.001,high_redundancy,77,1,4,False,7.306743923e-22
E3,5,1,1,0.001,high_redundancy,77,2,3,True,16.33605925
E3,5,1,1,0.001,high_redundancy,77,2,4,True,3.892796313
E3,5,1,1,0.001,high_redundancy,77,3,4,True,4.801149193
E3,5,1,2,0.001,moderate_redundancy,37,0,1,True,4.640539375
E3,5,1,2,0.001,moderate_redundancy,37,0,2,False,3.895143175e-11
E3,5,1,2,0.001,moderate_redundancy,37,0,3,False,0.153621858
E3,5,1,2,0.001,moderate_redundancy,37,0,4,False,0.01625289522
E3,5,1,2,0.001,moderate_redundancy,37,1,2,True,3.839129189
E3,5,1,2,0.001,moderate_redundancy,37,1,3,False,9.222137971e-21
E3,5,1,2,0.001,moderate_redundancy,37,1,4,False,2.198720228
E3,5,1,2,0.001,moderate_redundancy,37,2,3,True,9.511313582
E3,5,1,2,0.001,moderate_redundancy,37,2,4,True,0.7339372946
E3,5,1,2,0.001,moderate_redundancy,37,3,4,True,5.555430669
E3,5,1,2,0.001,high_redundancy,77,0,1,True,4.658073295
E3,5,1,2,0.001,high_redundancy,77,0,2,False,0.03664010796
E3,5,1,2,0.001,high_redundancy,77,0,3,False,5.547837609e-10
E3,5,1,2,0.001,high_redundancy,77,0,4,False,8.492208623e-18
E3,5,1,2,0.001,high_redundancy,77,1,2,True,5.534601259
E3,5,1,2,0.001,high_redundancy,77,1,3,False,0.1947337076
E3,5,1,2,0.001,high_redundancy,77,1,4,False,5.988821943e-17
E3,5,1,2,0.001,high_redundancy,77,2,3,True,14.66344489
E3,5,1,2,0.001,high_redundancy,77,2,4,True,4.267037435
E3,5,1,2,0.001,high_redundancy,77,3,4,True,4.714157074
E3,5,1,3,0.001,moderate_redundancy,37,0,1,True,4.469268949
E3,5,1,3,0.001,moderate_redundancy,37,0,2,False,0.4989305017
E3,5,1,3,0.001,moderate_redundancy,37,0,3,False,1.052803771e-09
E3,5,1,3,0.001,moderate_redundancy,37,0,4,False,1.470896143e-12
E3,5,1,3,0.001,moderate_redundancy,37,1,2,True,3.759195262
E3,5,1,3,0.001,moderate_redundancy,37,1,3,False,0.487030813
E3,5,1,3,0.001,moderate_redundancy,37,1,4,False,0.1444823626
E3,5,1,3,0.001,moderate_redundancy,37,2,3,True,15.22847079
E3,5,1,3,0.001,moderate_redundancy,37,2,4,True,8.705605983
E3,5,1,3,0.001,moderate_redundancy,37,3,4,True,8.220547341e-29
E3,5,1,3,0.001,high_redundancy,77,0,1,True,4.708619909
E3,5,1,3,0.001,high_redundancy,77,0,2,False,0.01768019425
E3,5,1,3,0.001,high_redundancy,77,0,3,False,1.856476783e-11
E3,5,1,3,0.001,high_redundancy,77,0,4,False,2.685580865e-12
E3,5,1,3,0.001,high_redundancy,77,1,2,True,5.703440438
E3,5,1,3,0.001,high_redundancy,77,1,3,False,1.588717555e-16
E3,5,1,3,0.001,high_redundancy,77,1,4,False,2.603916965e-17
E3,5,1,3,0.001,high_redundancy,77,2,3,True,16.54238767
E3,5,1,3,0.001,high_redundancy,77,2,4,True,4.188893471
E3,5,1,3,0.001,high_redundancy,77,3,4,True,4.474394197
E3,5,1,0,0.003,moderate_redundancy,37,0,1,True,4.684486603
E3,5,1,0,0.003,moderate_redundancy,37,0,2,False,3.920197833e-26
E3,5,1,0,0.003,moderate_redundancy,37,0,3,False,3.292924462e-24
E3,5,1,0,0.003,moderate_redundancy,37,0,4,False,9.442583572e-32
E3,5,1,0,0.003,moderate_redundancy,37,1,2,True,6.167271272
E3,5,1,0,0.003,moderate_redundancy,37,1,3,False,7.93282229e-08
E3,5,1,0,0.003,moderate_redundancy,37,1,4,False,6.266287926e-45
E3,5,1,0,0.003,moderate_redundancy,37,2,3,True,18.85352378
E3,5,1,0,0.003,moderate_redundancy,37,2,4,True,4.77663487e-32
E3,5,1,0,0.003,moderate_redundancy,37,3,4,True,9.30717395
E3,5,1,0,0.003,high_redundancy,77,0,1,True,4.700997104
E3,5,1,0,0.003,high_redundancy,77,0,2,False,6.317191291e-19
E3,5,1,0,0.003,high_redundancy,77,0,3,False,8.98630534e-19
E3,5,1,0,0.003,high_redundancy,77,0,4,False,3.216430846e-22
E3,5,1,0,0.003,high_redundancy,77,1,2,True,5.83763089
E3,5,1,0,0.003,high_redundancy,77,1,3,False,4.333189169e-13
E3,5,1,0,0.003,high_redundancy,77,1,4,False,4.82536793e-20
E3,5,1,0,0.003,high_redundancy,77,2,3,True,17.1041596
E3,5,1,0,0.003,high_redundancy,77,2,4,True,4.531226252
E3,5,1,0,0.003,high_redundancy,77,3,4,True,4.283055225
E3,5,1,1,0.003,moderate_redundancy,37,0,1,True,4.668061116
E3,5,1,1,0.003,moderate_redundancy,37,0,2,False,1.915775388e-14
E3,5,1,1,0.003,moderate_redundancy,37,0,3,False,3.355574477e-24
E3,5,1,1,0.003,moderate_redundancy,37,0,4,False,3.098155361e-16
E3,5,1,1,0.003,moderate_redundancy,37,1,2,True,5.426899018
E3,5,1,1,0.003,moderate_redundancy,37,1,3,False,3.103297107e-15
E3,5,1,1,0.003,moderate_redundancy,37,1,4,False,5.081684669e-15
E3,5,1,1,0.003,moderate_redundancy,37,2,3,True,20
E3,5,1,1,0.003,moderate_redundancy,37,2,4,True,3.53772432
E3,5,1,1,0.003,moderate_redundancy,37,3,4,True,6.864245439
E3,5,1,1,0.003,high_redundancy,77,0,1,True,4.716192782
E3,5,1,1,0.003,high_redundancy,77,0,2,False,1.699513456e-18
E3,5,1,1,0.003,high_redundancy,77,0,3,False,2.524554652e-21
E3,5,1,1,0.003,high_redundancy,77,0,4,False,5.843107366e-20
E3,5,1,1,0.003,high_redundancy,77,1,2,True,5.677697424
E3,5,1,1,0.003,high_redundancy,77,1,3,False,3.765728694e-11
E3,5,1,1,0.003,high_redundancy,77,1,4,False,3.03410835e-21
E3,5,1,1,0.003,high_redundancy,77,2,3,True,16.15809388
E3,5,1,1,0.003,high_redundancy,77,2,4,True,4.619963244
E3,5,1,1,0.003,high_redundancy,77,3,4,True,3.764377845
E3,5,1,2,0.003,moderate_redundancy,37,0,1,True,4.681919643
E3,5,1,2,0.003,moderate_redundancy,37,0,2,False,3.295095713e-15
E3,5,1,2,0.003,moderate_redundancy,37,0,3,False,3.425278385e-18
E3,5,1,2,0.003,moderate_redundancy,37,0,4,False,1.318171766e-11
E3,5,1,2,0.003,moderate_redundancy,37,1,2,True,3.810654704
E3,5,1,2,0.003,moderate_redundancy,37,1,3,False,1.071469106
E3,5,1,2,0.003,moderate_redundancy,37,1,4,False,1.116332022
E3,5,1,2,0.003,moderate_redundancy,37,2,3,True,4.350329118
E3,5,1,2,0.003,moderate_redundancy,37,2,4,True,2.179404688
E3,5,1,2,0.003,moderate_redundancy,37,3,4,True,0.6261523746
E3,5,1,2,0.003,high_redundancy,77,0,1,True,4.688194924
E3,5,1,2,0.003,high_redundancy,77,0,2,False,4.361714952e-12
E3,5,1,2,0.003,high_redundancy,77,0,3,False,1.132476582e-10
E3,5,1,2,0.003,high_redundancy,77,0,4,False,1.336890711e-14
E3,5,1,2,0.003,high_redundancy,77,1,2,True,5.61551586
E3,5,1,2,0.003,high_redundancy,77,1,3,False,0.01563337981
E3,5,1,2,0.003,high_redundancy,77,1,4,False,0.3305536623
E3,5,1,2,0.003,high_redundancy,77,2,3,True,18.07469107
E3,5,1,2,0.003,high_redundancy,77,2,4,True,1.250682431e-45
E3,5,1,2,0.003,high_redundancy,77,3,4,True,9.536297007
E3,5,1,3,0.003,moderate_redundancy,37,0,1,True,4.650379159
E3,5,1,3,0.003,moderate_redundancy,37,0,2,False,0.1683361947
E3,5,1,3,0.003,moderate_redundancy,37,0,3,False,0.01380962062
E3,5,1,3,0.003,moderate_redundancy,37,0,4,False,0.04748976629
E3,5,1,3,0.003,moderate_redundancy,37,1,2,True,4.406629088
E3,5,1,3,0.003,moderate_redundancy,37,1,3,False,1.47180712e-19
E3,5,1,3,0.003,moderate_redundancy,37,1,4,False,1.711070138
E3,5,1,3,0.003,moderate_redundancy,37,2,3,True,9.567028397
E3,5,1,3,0.003,moderate_redundancy,37,2,4,True,1.412163628
E3,5,1,3,0.003,moderate_redundancy,37,3,4,True,2.164409093
E3,5,1,3,0.003,high_redundancy,77,0,1,True,4.547447432
E3,5,1,3,0.003,high_redundancy,77,0,2,False,0.3054803278
E3,5,1,3,0.003,high_redundancy,77,0,3,False,1.238079976e-17
E3,5,1,3,0.003,high_redundancy,77,0,4,False,3.115352142e-21
E3,5,1,3,0.003,high_redundancy,77,1,2,True,4.783507053
E3,5,1,3,0.003,high_redundancy,77,1,3,False,5.512502088e-16
E3,5,1,3,0.003,high_redundancy,77,1,4,False,5.183699396e-21
E3,5,1,3,0.003,high_redundancy,77,2,3,True,16.17844513
E3,5,1,3,0.003,high_redundancy,77,2,4,True,4.843485146
E3,5,1,3,0.003,high_redundancy,77,3,4,True,4.152637759
E4,5,0,0,0,minimal_exact_budget,20,0,1,True,3.879571883
E4,5,0,0,0,minimal_exact_budget,20,0,2,False,-3.987921104e-13
E4,5,0,0,0,minimal_exact_budget,20,0,3,False,1.795313928e-12
E4,5,0,0,0,minimal_exact_budget,20,0,4,False,-1.075584066e-12
E4,5,0,0,0,minimal_exact_budget,20,1,2,True,5.608799552
E4,5,0,0,0,minimal_exact_budget,20,1,3,False,-9.353829135e-12
E4,5,0,0,0,minimal_exact_budget,20,1,4,False,1.626621804e-12
E4,5,0,0,0,minimal_exact_budget,20,2,3,True,4.599624148
E4,5,0,0,0,minimal_exact_budget,20,2,4,True,6.343033084
E4,5,0,0,0,minimal_exact_budget,20,3,4,False,-3.640469564e-12
E4,5,0,0,0,moderate_redundancy,37,0,1,True,3.877821329
E4,5,0,0,0,moderate_redundancy,37,0,2,False,0.002661391009
E4,5,0,0,0,moderate_redundancy,37,0,3,False,0.000350056088
E4,5,0,0,0,moderate_redundancy,37,0,4,False,0.0006464636641
E4,5,0,0,0,moderate_redundancy,37,1,2,True,5.58844186
E4,5,0,0,0,moderate_redundancy,37,1,3,False,0.004981678692
E4,5,0,0,0,moderate_redundancy,37,1,4,False,0.006145117237
E4,5,0,0,0,moderate_redundancy,37,2,3,True,4.584520352
E4,5,0,0,0,moderate_redundancy,37,2,4,True,6.322514394
E4,5,0,0,0,moderate_redundancy,37,3,4,False,0.004906748934
E4,5,0,0,0,high_redundancy,77,0,1,True,3.879565825
E4,5,0,0,0,high_redundancy,77,0,2,False,1.126677924e-05
E4,5,0,0,0,high_redundancy,77,0,3,False,2.308005443e-07
E4,5,0,0,0,high_redundancy,77,0,4,False,3.562469723e-09
E4,5,0,0,0,high_redundancy,77,1,2,True,5.608728597
E4,5,0,0,0,high_redundancy,77,1,3,False,1.833978525e-05
E4,5,0,0,0,high_redundancy,77,1,4,False,2.110775795e-05
E4,5,0,0,0,high_redundancy,77,2,3,True,4.599544788
E4,5,0,0,0,high_redundancy,77,2,4,True,6.342937922
E4,5,0,0,0,high_redundancy,77,3,4,False,3.498624531e-05
E4,5,0,1,0,minimal_exact_budget,20,0,1,True,3.879571883
E4,5,0,1,0,minimal_exact_budget,20,0,2,False,-3.987921104e-13
E4,5,0,1,0,minimal_exact_budget,20,0,3,False,1.795313928e-12
E4,5,0,1,0,minimal_exact_budget,20,0,4,False,-1.075584066e-12
E4,5,0,1,0,minimal_exact_budget,20,1,2,True,5.608799552
E4,5,0,1,0,minimal_exact_budget,20,1,3,False,-9.353829135e-12
E4,5,0,1,0,minimal_exact_budget,20,1,4,False,1.626621804e-12
E4,5,0,1,0,minimal_exact_budget,20,2,3,True,4.599624148
E4,5,0,1,0,minimal_exact_budget,20,2,4,True,6.343033084
E4,5,0,1,0,minimal_exact_budget,20,3,4,False,-3.640469564e-12
E4,5,0,1,0,moderate_redundancy,37,0,1,True,3.877821329
E4,5,0,1,0,moderate_redundancy,37,0,2,False,0.002661391009
E4,5,0,1,0,moderate_redundancy,37,0,3,False,0.000350056088
E4,5,0,1,0,moderate_redundancy,37,0,4,False,0.0006464636641
E4,5,0,1,0,moderate_redundancy,37,1,2,True,5.58844186
E4,5,0,1,0,moderate_redundancy,37,1,3,False,0.004981678692
E4,5,0,1,0,moderate_redundancy,37,1,4,False,0.006145117237
E4,5,0,1,0,moderate_redundancy,37,2,3,True,4.584520352
E4,5,0,1,0,moderate_redundancy,37,2,4,True,6.322514394
E4,5,0,1,0,moderate_redundancy,37,3,4,False,0.004906748934
E4,5,0,1,0,high_redundancy,77,0,1,True,3.879565825
E4,5,0,1,0,high_redundancy,77,0,2,False,1.126677924e-05
E4,5,0,1,0,high_redundancy,77,0,3,False,2.308005443e-07
E4,5,0,1,0,high_redundancy,77,0,4,False,3.562469723e-09
E4,5,0,1,0,high_redundancy,77,1,2,True,5.608728597
E4,5,0,1,0,high_redundancy,77,1,3,False,1.833978525e-05
E4,5,0,1,0,high_redundancy,77,1,4,False,2.110775795e-05
E4,5,0,1,0,high_redundancy,77,2,3,True,4.599544788
E4,5,0,1,0,high_redundancy,77,2,4,True,6.342937922
E4,5,0,1,0,high_redundancy,77,3,4,False,3.498624531e-05
E4,5,0,2,0,minimal_exact_budget,20,0,1,True,3.879571883
E4,5,0,2,0,minimal_exact_budget,20,0,2,False,-3.987921104e-13
E4,5,0,2,0,minimal_exact_budget,20,0,3,False,1.795313928e-12
E4,5,0,2,0,minimal_exact_budget,20,0,4,False,-1.075584066e-12
E4,5,0,2,0,minimal_exact_budget,20,1,2,True,5.608799552
E4,5,0,2,0,minimal_exact_budget,20,1,3,False,-9.353829135e-12
E4,5,0,2,0,minimal_exact_budget,20,1,4,False,1.626621804e-12
E4,5,0,2,0,minimal_exact_budget,20,2,3,True,4.599624148
E4,5,0,2,0,minimal_exact_budget,20,2,4,True,6.343033084
E4,5,0,2,0,minimal_exact_budget,20,3,4,False,-3.640469564e-12
E4,5,0,2,0,moderate_redundancy,37,0,1,True,3.877821329
E4,5,0,2,0,moderate_redundancy,37,0,2,False,0.002661391009
E4,5,0,2,0,moderate_redundancy,37,0,3,False,0.000350056088
E4,5,0,2,0,moderate_redundancy,37,0,4,False,0.0006464636641
E4,5,0,2,0,moderate_redundancy,37,1,2,True,5.58844186
E4,5,0,2,0,moderate_redundancy,37,1,3,False,0.004981678692
E4,5,0,2,0,moderate_redundancy,37,1,4,False,0.006145117237
E4,5,0,2,0,moderate_redundancy,37,2,3,True,4.584520352
E4,5,0,2,0,moderate_redundancy,37,2,4,True,6.322514394
E4,5,0,2,0,moderate_redundancy,37,3,4,False,0.004906748934
E4,5,0,2,0,high_redundancy,77,0,1,True,3.879565825
E4,5,0,2,0,high_redundancy,77,0,2,False,1.126677924e-05
E4,5,0,2,0,high_redundancy,77,0,3,False,2.308005443e-07
E4,5,0,2,0,high_redundancy,77,0,4,False,3.562469723e-09
E4,5,0,2,0,high_redundancy,77,1,2,True,5.608728597
E4,5,0,2,0,high_redundancy,77,1,3,False,1.833978525e-05
E4,5,0,2,0,high_redundancy,77,1,4,False,2.110775795e-05
E4,5,0,2,0,high_redundancy,77,2,3,True,4.599544788
E4,5,0,2,0,high_redundancy,77,2,4,True,6.342937922
E4,5,0,2,0,high_redundancy,77,3,4,False,3.498624531e-05
E4,5,0,3,0,minimal_exact_budget,20,0,1,True,3.879571883
E4,5,0,3,0,minimal_exact_budget,20,0,2,False,-3.987921104e-13
E4,5,0,3,0,minimal_exact_budget,20,0,3,False,1.795313928e-12
E4,5,0,3,0,minimal_exact_budget,20,0,4,False,-1.075584066e-12
E4,5,0,3,0,minimal_exact_budget,20,1,2,True,5.608799552
E4,5,0,3,0,minimal_exact_budget,20,1,3,False,-9.353829135e-12
E4,5,0,3,0,minimal_exact_budget,20,1,4,False,1.626621804e-12
E4,5,0,3,0,minimal_exact_budget,20,2,3,True,4.599624148
E4,5,0,3,0,minimal_exact_budget,20,2,4,True,6.343033084
E4,5,0,3,0,minimal_exact_budget,20,3,4,False,-3.640469564e-12
E4,5,0,3,0,moderate_redundancy,37,0,1,True,3.877821329
E4,5,0,3,0,moderate_redundancy,37,0,2,False,0.002661391009
E4,5,0,3,0,moderate_redundancy,37,0,3,False,0.000350056088
E4,5,0,3,0,moderate_redundancy,37,0,4,False,0.0006464636641
E4,5,0,3,0,moderate_redundancy,37,1,2,True,5.58844186
E4,5,0,3,0,moderate_redundancy,37,1,3,False,0.004981678692
E4,5,0,3,0,moderate_redundancy,37,1,4,False,0.006145117237
E4,5,0,3,0,moderate_redundancy,37,2,3,True,4.584520352
E4,5,0,3,0,moderate_redundancy,37,2,4,True,6.322514394
E4,5,0,3,0,moderate_redundancy,37,3,4,False,0.004906748934
E4,5,0,3,0,high_redundancy,77,0,1,True,3.879565825
E4,5,0,3,0,high_redundancy,77,0,2,False,1.126677924e-05
E4,5,0,3,0,high_redundancy,77,0,3,False,2.308005443e-07
E4,5,0,3,0,high_redundancy,77,0,4,False,3.562469723e-09
E4,5,0,3,0,high_redundancy,77,1,2,True,5.608728597
E4,5,0,3,0,high_redundancy,77,1,3,False,1.833978525e-05
E4,5,0,3,0,high_redundancy,77,1,4,False,2.110775795e-05
E4,5,0,3,0,high_redundancy,77,2,3,True,4.599544788
E4,5,0,3,0,high_redundancy,77,2,4,True,6.342937922
E4,5,0,3,0,high_redundancy,77,3,4,False,3.498624531e-05
E4,5,0,0,0.0001,moderate_redundancy,37,0,1,True,3.873570632
E4,5,0,0,0.0001,moderate_redundancy,37,0,2,False,8.338212115e-07
E4,5,0,0,0.0001,moderate_redundancy,37,0,3,False,2.521917024e-12
E4,5,0,0,0.0001,moderate_redundancy,37,0,4,False,0.02170550624
E4,5,0,0,0.0001,moderate_redundancy,37,1,2,True,5.519934848
E4,5,0,0,0.0001,moderate_redundancy,37,1,3,False,0.03899324009
E4,5,0,0,0.0001,moderate_redundancy,37,1,4,False,0.03798206021
E4,5,0,0,0.0001,moderate_redundancy,37,2,3,True,4.489622535
E4,5,0,0,0.0001,moderate_redundancy,37,2,4,True,6.200774241
E4,5,0,0,0.0001,moderate_redundancy,37,3,4,False,5.99439813e-16
E4,5,0,0,0.0001,high_redundancy,77,0,1,True,3.877987461
E4,5,0,0,0.0001,high_redundancy,77,0,2,False,5.147244132e-08
E4,5,0,0,0.0001,high_redundancy,77,0,3,False,2.710265517e-07
E4,5,0,0,0.0001,high_redundancy,77,0,4,False,2.370223306e-14
E4,5,0,0,0.0001,high_redundancy,77,1,2,True,5.584815644
E4,5,0,0,0.0001,high_redundancy,77,1,3,False,0.01187070369
E4,5,0,0,0.0001,high_redundancy,77,1,4,False,0.01656926104
E4,5,0,0,0.0001,high_redundancy,77,2,3,True,4.568601812
E4,5,0,0,0.0001,high_redundancy,77,2,4,True,6.296760679
E4,5,0,0,0.0001,high_redundancy,77,3,4,False,0.003247981156
E4,5,0,1,0.0001,moderate_redundancy,37,0,1,True,3.880967142
E4,5,0,1,0.0001,moderate_redundancy,37,0,2,False,2.301121447e-25
E4,5,0,1,0.0001,moderate_redundancy,37,0,3,False,1.07661336e-10
E4,5,0,1,0.0001,moderate_redundancy,37,0,4,False,6.372469591e-10
E4,5,0,1,0.0001,moderate_redundancy,37,1,2,True,5.47150711
E4,5,0,1,0.0001,moderate_redundancy,37,1,3,False,0.1616850047
E4,5,0,1,0.0001,moderate_redundancy,37,1,4,False,0.02728800756
E4,5,0,1,0.0001,moderate_redundancy,37,2,3,True,4.225069054
E4,5,0,1,0.0001,moderate_redundancy,37,2,4,True,6.168051002
E4,5,0,1,0.0001,moderate_redundancy,37,3,4,False,4.539163956e-19
E4,5,0,1,0.0001,high_redundancy,77,0,1,True,3.87848945
E4,5,0,1,0.0001,high_redundancy,77,0,2,False,0.001184118514
E4,5,0,1,0.0001,high_redundancy,77,0,3,False,0.001103870356
E4,5,0,1,0.0001,high_redundancy,77,0,4,False,8.118152717e-19
E4,5,0,1,0.0001,high_redundancy,77,1,2,True,5.576205122
E4,5,0,1,0.0001,high_redundancy,77,1,3,False,0.008753667081
E4,5,0,1,0.0001,high_redundancy,77,1,4,False,0.02199167906
E4,5,0,1,0.0001,high_redundancy,77,2,3,True,4.542965406
E4,5,0,1,0.0001,high_redundancy,77,2,4,True,6.228900252
E4,5,0,1,0.0001,high_redundancy,77,3,4,False,0.03733977018
E4,5,0,2,0.0001,moderate_redundancy,37,0,1,True,3.878717264
E4,5,0,2,0.0001,moderate_redundancy,37,0,2,False,1.980253885e-30
E4,5,0,2,0.0001,moderate_redundancy,37,0,3,False,1.991532327e-09
E4,5,0,2,0.0001,moderate_redundancy,37,0,4,False,5.185591369e-15
E4,5,0,2,0.0001,moderate_redundancy,37,1,2,True,5.601647217
E4,5,0,2,0.0001,moderate_redundancy,37,1,3,False,0.006604143312
E4,5,0,2,0.0001,moderate_redundancy,37,1,4,False,8.185991125e-07
E4,5,0,2,0.0001,moderate_redundancy,37,2,3,True,4.619145174
E4,5,0,2,0.0001,moderate_redundancy,37,2,4,True,6.3075014
E4,5,0,2,0.0001,moderate_redundancy,37,3,4,False,5.101367718e-33
E4,5,0,2,0.0001,high_redundancy,77,0,1,True,3.874540913
E4,5,0,2,0.0001,high_redundancy,77,0,2,False,0.01030107585
E4,5,0,2,0.0001,high_redundancy,77,0,3,False,1.738172419e-10
E4,5,0,2,0.0001,high_redundancy,77,0,4,False,1.331043614e-15
E4,5,0,2,0.0001,high_redundancy,77,1,2,True,5.577731655
E4,5,0,2,0.0001,high_redundancy,77,1,3,False,0.003588260461
E4,5,0,2,0.0001,high_redundancy,77,1,4,False,7.38159249e-15
E4,5,0,2,0.0001,high_redundancy,77,2,3,True,4.574240073
E4,5,0,2,0.0001,high_redundancy,77,2,4,True,6.320840953
E4,5,0,2,0.0001,high_redundancy,77,3,4,False,0.01405440256
E4,5,0,3,0.0001,moderate_redundancy,37,0,1,True,3.830069209
E4,5,0,3,0.0001,moderate_redundancy,37,0,2,False,0.09591359252
E4,5,0,3,0.0001,moderate_redundancy,37,0,3,False,1.892855626e-07
E4,5,0,3,0.0001,moderate_redundancy,37,0,4,False,6.430762526e-10
E4,5,0,3,0.0001,moderate_redundancy,37,1,2,True,5.098569092
E4,5,0,3,0.0001,moderate_redundancy,37,1,3,False,2.797681232e-11
E4,5,0,3,0.0001,moderate_redundancy,37,1,4,False,0.2225945301
E4,5,0,3,0.0001,moderate_redundancy,37,2,3,True,4.643660328
E4,5,0,3,0.0001,moderate_redundancy,37,2,4,True,5.62233149
E4,5,0,3,0.0001,moderate_redundancy,37,3,4,False,0.01996361755
E4,5,0,3,0.0001,high_redundancy,77,0,1,True,3.879079535
E4,5,0,3,0.0001,high_redundancy,77,0,2,False,1.167102266e-21
E4,5,0,3,0.0001,high_redundancy,77,0,3,False,0.002526279225
E4,5,0,3,0.0001,high_redundancy,77,0,4,False,1.058818867e-23
E4,5,0,3,0.0001,high_redundancy,77,1,2,True,5.594801628
E4,5,0,3,0.0001,high_redundancy,77,1,3,False,1.832803422e-07
E4,5,0,3,0.0001,high_redundancy,77,1,4,False,0.01491170221
E4,5,0,3,0.0001,high_redundancy,77,2,3,True,4.563644074
E4,5,0,3,0.0001,high_redundancy,77,2,4,True,6.30645297
E4,5,0,3,0.0001,high_redundancy,77,3,4,False,7.562479555e-24
E4,5,0,0,0.0003,moderate_redundancy,37,0,1,True,3.88061294
E4,5,0,0,0.0003,moderate_redundancy,37,0,2,False,3.131909077e-11
E4,5,0,0,0.0003,moderate_redundancy,37,0,3,False,6.102183528e-14
E4,5,0,0,0.0003,moderate_redundancy,37,0,4,False,5.059299088e-12
E4,5,0,0,0.0003,moderate_redundancy,37,1,2,True,5.318578882
E4,5,0,0,0.0003,moderate_redundancy,37,1,3,False,0.1117035524
E4,5,0,0,0.0003,moderate_redundancy,37,1,4,False,0.3153375398
E4,5,0,0,0.0003,moderate_redundancy,37,2,3,True,4.689531345
E4,5,0,0,0.0003,moderate_redundancy,37,2,4,True,6.673553383
E4,5,0,0,0.0003,moderate_redundancy,37,3,4,False,1.895467629e-17
E4,5,0,0,0.0003,high_redundancy,77,0,1,True,3.875382183
E4,5,0,0,0.0003,high_redundancy,77,0,2,False,1.031009987e-14
E4,5,0,0,0.0003,high_redundancy,77,0,3,False,5.997410531e-20
E4,5,0,0,0.0003,high_redundancy,77,0,4,False,0.007228204551
E4,5,0,0,0.0003,high_redundancy,77,1,2,True,5.583012827
E4,5,0,0,0.0003,high_redundancy,77,1,3,False,0.01600198325
E4,5,0,0,0.0003,high_redundancy,77,1,4,False,0.01669393951
E4,5,0,0,0.0003,high_redundancy,77,2,3,True,4.552219083
E4,5,0,0,0.0003,high_redundancy,77,2,4,True,6.176337138
E4,5,0,0,0.0003,high_redundancy,77,3,4,False,0.02759832796
E4,5,0,1,0.0003,moderate_redundancy,37,0,1,True,3.866671298
E4,5,0,1,0.0003,moderate_redundancy,37,0,2,False,4.43772701e-09
E4,5,0,1,0.0003,moderate_redundancy,37,0,3,False,3.951596307e-32
E4,5,0,1,0.0003,moderate_redundancy,37,0,4,False,0.02472332796
E4,5,0,1,0.0003,moderate_redundancy,37,1,2,True,5.449307437
E4,5,0,1,0.0003,moderate_redundancy,37,1,3,False,3.461810468e-34
E4,5,0,1,0.0003,moderate_redundancy,37,1,4,False,0.1577592696
E4,5,0,1,0.0003,moderate_redundancy,37,2,3,True,4.352168577
E4,5,0,1,0.0003,moderate_redundancy,37,2,4,True,4.795542765
E4,5,0,1,0.0003,moderate_redundancy,37,3,4,False,0.6238760271
E4,5,0,1,0.0003,high_redundancy,77,0,1,True,3.874537913
E4,5,0,1,0.0003,high_redundancy,77,0,2,False,1.905210446e-07
E4,5,0,1,0.0003,high_redundancy,77,0,3,False,1.864840541e-12
E4,5,0,1,0.0003,high_redundancy,77,0,4,False,1.227291069e-17
E4,5,0,1,0.0003,high_redundancy,77,1,2,True,5.588543902
E4,5,0,1,0.0003,high_redundancy,77,1,3,False,3.170952165e-13
E4,5,0,1,0.0003,high_redundancy,77,1,4,False,8.682352963e-16
E4,5,0,1,0.0003,high_redundancy,77,2,3,True,4.572633185
E4,5,0,1,0.0003,high_redundancy,77,2,4,True,6.358733736
E4,5,0,1,0.0003,high_redundancy,77,3,4,False,0.0171448125
E4,5,0,2,0.0003,moderate_redundancy,37,0,1,True,3.831952506
E4,5,0,2,0.0003,moderate_redundancy,37,0,2,False,0.007003258878
E4,5,0,2,0.0003,moderate_redundancy,37,0,3,False,2.239732421e-10
E4,5,0,2,0.0003,moderate_redundancy,37,0,4,False,0.1139306544
E4,5,0,2,0.0003,moderate_redundancy,37,1,2,True,5.300540806
E4,5,0,2,0.0003,moderate_redundancy,37,1,3,False,1.51896631e-15
E4,5,0,2,0.0003,moderate_redundancy,37,1,4,False,2.808274176e-11
E4,5,0,2,0.0003,moderate_redundancy,37,2,3,True,3.523931797
E4,5,0,2,0.0003,moderate_redundancy,37,2,4,True,5.64507319
E4,5,0,2,0.0003,moderate_redundancy,37,3,4,False,0.7835595488
E4,5,0,2,0.0003,high_redundancy,77,0,1,True,3.877934689
E4,5,0,2,0.0003,high_redundancy,77,0,2,False,3.128329206e-10
E4,5,0,2,0.0003,high_redundancy,77,0,3,False,2.946445857e-15
E4,5,0,2,0.0003,high_redundancy,77,0,4,False,4.339373876e-14
E4,5,0,2,0.0003,high_redundancy,77,1,2,True,5.564623028
E4,5,0,2,0.0003,high_redundancy,77,1,3,False,1.304618064e-19
E4,5,0,2,0.0003,high_redundancy,77,1,4,False,0.06247166652
E4,5,0,2,0.0003,high_redundancy,77,2,3,True,4.464322286
E4,5,0,2,0.0003,high_redundancy,77,2,4,True,6.072464085
E4,5,0,2,0.0003,high_redundancy,77,3,4,False,0.08891832103
E4,5,0,3,0.0003,moderate_redundancy,37,0,1,True,3.809546326
E4,5,0,3,0.0003,moderate_redundancy,37,0,2,False,0.1354938779
E4,5,0,3,0.0003,moderate_redundancy,37,0,3,False,2.656877184e-10
E4,5,0,3,0.0003,moderate_redundancy,37,0,4,False,1.635981258e-16
E4,5,0,3,0.0003,moderate_redundancy,37,1,2,True,4.814895342
E4,5,0,3,0.0003,moderate_redundancy,37,1,3,False,0.3495567066
E4,5,0,3,0.0003,moderate_redundancy,37,1,4,False,0.02353537557
E4,5,0,3,0.0003,moderate_redundancy,37,2,3,True,4.078002766
E4,5,0,3,0.0003,moderate_redundancy,37,2,4,True,6.270144125
E4,5,0,3,0.0003,moderate_redundancy,37,3,4,False,1.497029866e-36
E4,5,0,3,0.0003,high_redundancy,77,0,1,True,3.885641284
E4,5,0,3,0.0003,high_redundancy,77,0,2,False,5.601398312e-10
E4,5,0,3,0.0003,high_redundancy,77,0,3,False,6.17942948e-14
E4,5,0,3,0.0003,high_redundancy,77,0,4,False,3.203564701e-13
E4,5,0,3,0.0003,high_redundancy,77,1,2,True,5.622549545
E4,5,0,3,0.0003,high_redundancy,77,1,3,False,4.590036155e-11
E4,5,0,3,0.0003,high_redundancy,77,1,4,False,8.699797326e-15
E4,5,0,3,0.0003,high_redundancy,77,2,3,True,4.600011359
E4,5,0,3,0.0003,high_redundancy,77,2,4,True,6.390469577
E4,5,0,3,0.0003,high_redundancy,77,3,4,False,0.04747092445
E4,5,0,0,0.001,moderate_redundancy,37,0,1,True,3.832865651
E4,5,0,0,0.001,moderate_redundancy,37,0,2,False,1.45882432e-15
E4,5,0,0,0.001,moderate_redundancy,37,0,3,False,0.1402927019
E4,5,0,0,0.001,moderate_redundancy,37,0,4,False,6.705554362e-17
E4,5,0,0,0.001,moderate_redundancy,37,1,2,True,5.213348078
E4,5,0,0,0.001,moderate_redundancy,37,1,3,False,0.2453512358
E4,5,0,0,0.001,moderate_redundancy,37,1,4,False,2.715203651e-19
E4,5,0,0,0.001,moderate_redundancy,37,2,3,True,2.791163767
E4,5,0,0,0.001,moderate_redundancy,37,2,4,True,3.575881076
E4,5,0,0,0.001,moderate_redundancy,37,3,4,False,1.900530171
E4,5,0,0,0.001,high_redundancy,77,0,1,True,3.873257412
E4,5,0,0,0.001,high_redundancy,77,0,2,False,2.120615472e-10
E4,5,0,0,0.001,high_redundancy,77,0,3,False,6.234639463e-18
E4,5,0,0,0.001,high_redundancy,77,0,4,False,3.126324722e-15
E4,5,0,0,0.001,high_redundancy,77,1,2,True,5.635680291
E4,5,0,0,0.001,high_redundancy,77,1,3,False,1.160647644e-21
E4,5,0,0,0.001,high_redundancy,77,1,4,False,4.771297832e-22
E4,5,0,0,0.001,high_redundancy,77,2,3,True,4.350921821
E4,5,0,0,0.001,high_redundancy,77,2,4,True,6.023943252
E4,5,0,0,0.001,high_redundancy,77,3,4,False,0.3499869504
E4,5,0,1,0.001,moderate_redundancy,37,0,1,True,3.664666053
E4,5,0,1,0.001,moderate_redundancy,37,0,2,False,0.1551727613
E4,5,0,1,0.001,moderate_redundancy,37,0,3,False,0.2296322265
E4,5,0,1,0.001,moderate_redundancy,37,0,4,False,0.2249646391
E4,5,0,1,0.001,moderate_redundancy,37,1,2,True,3.963880963
E4,5,0,1,0.001,moderate_redundancy,37,1,3,False,0.1301154104
E4,5,0,1,0.001,moderate_redundancy,37,1,4,False,0.1034720476
E4,5,0,1,0.001,moderate_redundancy,37,2,3,True,3.528043858
E4,5,0,1,0.001,moderate_redundancy,37,2,4,True,4.941231356
E4,5,0,1,0.001,moderate_redundancy,37,3,4,False,1.574321417e-36
E4,5,0,1,0.001,high_redundancy,77,0,1,True,3.819490721
E4,5,0,1,0.001,high_redundancy,77,0,2,False,0.08690558861
E4,5,0,1,0.001,high_redundancy,77,0,3,False,0.02421151363
E4,5,0,1,0.001,high_redundancy,77,0,4,False,1.218479555e-17
E4,5,0,1,0.001,high_redundancy,77,1,2,True,5.239414591
E4,5,0,1,0.001,high_redundancy,77,1,3,False,8.274344131e-19
E4,5,0,1,0.001,high_redundancy,77,1,4,False,3.133611954e-17
E4,5,0,1,0.001,high_redundancy,77,2,3,True,4.121384489
E4,5,0,1,0.001,high_redundancy,77,2,4,True,6.258063144
E4,5,0,1,0.001,high_redundancy,77,3,4,False,0.3279798238
E4,5,0,2,0.001,moderate_redundancy,37,0,1,True,3.816712916
E4,5,0,2,0.001,moderate_redundancy,37,0,2,False,0.1266157407
E4,5,0,2,0.001,moderate_redundancy,37,0,3,False,0.01804907675
E4,5,0,2,0.001,moderate_redundancy,37,0,4,False,3.728317756e-17
E4,5,0,2,0.001,moderate_redundancy,37,1,2,True,5.295365468
E4,5,0,2,0.001,moderate_redundancy,37,1,3,False,7.768197795e-11
E4,5,0,2,0.001,moderate_redundancy,37,1,4,False,1.082967586e-28
E4,5,0,2,0.001,moderate_redundancy,37,2,3,True,6.54841488
E4,5,0,2,0.001,moderate_redundancy,37,2,4,True,4.872176739
E4,5,0,2,0.001,moderate_redundancy,37,3,4,False,4.66922762e-37
E4,5,0,2,0.001,high_redundancy,77,0,1,True,3.879066977
E4,5,0,2,0.001,high_redundancy,77,0,2,False,0.03779432219
E4,5,0,2,0.001,high_redundancy,77,0,3,False,3.665046712e-16
E4,5,0,2,0.001,high_redundancy,77,0,4,False,5.366993064e-17
E4,5,0,2,0.001,high_redundancy,77,1,2,True,5.339944165
E4,5,0,2,0.001,high_redundancy,77,1,3,False,2.982749271e-12
E4,5,0,2,0.001,high_redundancy,77,1,4,False,0.05509252904
E4,5,0,2,0.001,high_redundancy,77,2,3,True,4.596509003
E4,5,0,2,0.001,high_redundancy,77,2,4,True,6.172888226
E4,5,0,2,0.001,high_redundancy,77,3,4,False,1.432587218e-18
E4,5,0,3,0.001,moderate_redundancy,37,0,1,True,3.587016246
E4,5,0,3,0.001,moderate_redundancy,37,0,2,False,0.301155203
E4,5,0,3,0.001,moderate_redundancy,37,0,3,False,1.261396601e-17
E4,5,0,3,0.001,moderate_redundancy,37,0,4,False,0.3350908957
E4,5,0,3,0.001,moderate_redundancy,37,1,2,True,2.516498901
E4,5,0,3,0.001,moderate_redundancy,37,1,3,False,1.127691079
E4,5,0,3,0.001,moderate_redundancy,37,1,4,False,0.8343040056
E4,5,0,3,0.001,moderate_redundancy,37,2,3,True,3.246450877
E4,5,0,3,0.001,moderate_redundancy,37,2,4,True,4.66207802
E4,5,0,3,0.001,moderate_redundancy,37,3,4,False,0.1453311963
E4,5,0,3,0.001,high_redundancy,77,0,1,True,3.88894309
E4,5,0,3,0.001,high_redundancy,77,0,2,False,1.709132065e-18
E4,5,0,3,0.001,high_redundancy,77,0,3,False,1.858752045e-19
E4,5,0,3,0.001,high_redundancy,77,0,4,False,0.01126424193
E4,5,0,3,0.001,high_redundancy,77,1,2,True,5.46632105
E4,5,0,3,0.001,high_redundancy,77,1,3,False,0.1068920176
E4,5,0,3,0.001,high_redundancy,77,1,4,False,0.1190580348
E4,5,0,3,0.001,high_redundancy,77,2,3,True,4.394730396
E4,5,0,3,0.001,high_redundancy,77,2,4,True,6.118803048
E4,5,0,3,0.001,high_redundancy,77,3,4,False,8.220414916e-18
E4,5,0,0,0.003,moderate_redundancy,37,0,1,True,3.677254002
E4,5,0,0,0.003,moderate_redundancy,37,0,2,False,0.08740013574
E4,5,0,0,0.003,moderate_redundancy,37,0,3,False,0.01715965337
E4,5,0,0,0.003,moderate_redundancy,37,0,4,False,0.3331627503
E4,5,0,0,0.003,moderate_redundancy,37,1,2,True,4.384061046
E4,5,0,0,0.003,moderate_redundancy,37,1,3,False,2.201769139e-36
E4,5,0,0,0.003,moderate_redundancy,37,1,4,False,2.842008593e-08
E4,5,0,0,0.003,moderate_redundancy,37,2,3,True,2.036933821
E4,5,0,0,0.003,moderate_redundancy,37,2,4,True,1.806077261
E4,5,0,0,0.003,moderate_redundancy,37,3,4,False,1.352175369
E4,5,0,0,0.003,high_redundancy,77,0,1,True,3.789422124
E4,5,0,0,0.003,high_redundancy,77,0,2,False,0.2232759969
E4,5,0,0,0.003,high_redundancy,77,0,3,False,2.475214462e-14
E4,5,0,0,0.003,high_redundancy,77,0,4,False,2.745602469e-18
E4,5,0,0,0.003,high_redundancy,77,1,2,True,4.832299278
E4,5,0,0,0.003,high_redundancy,77,1,3,False,0.07337208102
E4,5,0,0,0.003,high_redundancy,77,1,4,False,0.121683324
E4,5,0,0,0.003,high_redundancy,77,2,3,True,3.863945383
E4,5,0,0,0.003,high_redundancy,77,2,4,True,5.682069167
E4,5,0,0,0.003,high_redundancy,77,3,4,False,2.175778573e-25
E4,5,0,1,0.003,moderate_redundancy,37,0,1,True,3.912522676
E4,5,0,1,0.003,moderate_redundancy,37,0,2,False,1.360057382e-19
E4,5,0,1,0.003,moderate_redundancy,37,0,3,False,1.143104221e-18
E4,5,0,1,0.003,moderate_redundancy,37,0,4,False,6.159484386e-31
E4,5,0,1,0.003,moderate_redundancy,37,1,2,True,5.400555073
E4,5,0,1,0.003,moderate_redundancy,37,1,3,False,1.498045152e-06
E4,5,0,1,0.003,moderate_redundancy,37,1,4,False,0.7305193686
E4,5,0,1,0.003,moderate_redundancy,37,2,3,True,3.964052642
E4,5,0,1,0.003,moderate_redundancy,37,2,4,True,2.250090102
E4,5,0,1,0.003,moderate_redundancy,37,3,4,False,3.384056608
E4,5,0,1,0.003,high_redundancy,77,0,1,True,3.876816504
E4,5,0,1,0.003,high_redundancy,77,0,2,False,3.617602137e-22
E4,5,0,1,0.003,high_redundancy,77,0,3,False,5.576128218e-13
E4,5,0,1,0.003,high_redundancy,77,0,4,False,2.317652342e-23
E4,5,0,1,0.003,high_redundancy,77,1,2,True,5.89937005
E4,5,0,1,0.003,high_redundancy,77,1,3,False,9.785857363e-17
E4,5,0,1,0.003,high_redundancy,77,1,4,False,1.976856923e-23
E4,5,0,1,0.003,high_redundancy,77,2,3,True,4.716114881
E4,5,0,1,0.003,high_redundancy,77,2,4,True,6.440228516
E4,5,0,1,0.003,high_redundancy,77,3,4,False,0.2019332321
E4,5,0,2,0.003,moderate_redundancy,37,0,1,True,4.129084002
E4,5,0,2,0.003,moderate_redundancy,37,0,2,False,4.107678105e-24
E4,5,0,2,0.003,moderate_redundancy,37,0,3,False,1.459429817e-36
E4,5,0,2,0.003,moderate_redundancy,37,0,4,False,0.1649292783
E4,5,0,2,0.003,moderate_redundancy,37,1,2,True,3.766207441
E4,5,0,2,0.003,moderate_redundancy,37,1,3,False,5.07611318e-24
E4,5,0,2,0.003,moderate_redundancy,37,1,4,False,3.992814409
E4,5,0,2,0.003,moderate_redundancy,37,2,3,True,3.959790217
E4,5,0,2,0.003,moderate_redundancy,37,2,4,True,0.1048100878
E4,5,0,2,0.003,moderate_redundancy,37,3,4,False,2.01701862e-43
E4,5,0,2,0.003,high_redundancy,77,0,1,True,3.81488811
E4,5,0,2,0.003,high_redundancy,77,0,2,False,6.716721243e-19
E4,5,0,2,0.003,high_redundancy,77,0,3,False,0.1689225444
E4,5,0,2,0.003,high_redundancy,77,0,4,False,9.284886488e-24
E4,5,0,2,0.003,high_redundancy,77,1,2,True,4.562246524
E4,5,0,2,0.003,high_redundancy,77,1,3,False,0.09795584331
E4,5,0,2,0.003,high_redundancy,77,1,4,False,0.5112719003
E4,5,0,2,0.003,high_redundancy,77,2,3,True,3.444770392
E4,5,0,2,0.003,high_redundancy,77,2,4,True,4.821661663
E4,5,0,2,0.003,high_redundancy,77,3,4,False,0.3494340902
E4,5,0,3,0.003,moderate_redundancy,37,0,1,True,3.488773102
E4,5,0,3,0.003,moderate_redundancy,37,0,2,False,0.05648122606
E4,5,0,3,0.003,moderate_redundancy,37,0,3,False,0.4775372266
E4,5,0,3,0.003,moderate_redundancy,37,0,4,False,0.7998230281
E4,5,0,3,0.003,moderate_redundancy,37,1,2,True,2.529039574
E4,5,0,3,0.003,moderate_redundancy,37,1,3,False,3.016760769e-12
E4,5,0,3,0.003,moderate_redundancy,37,1,4,False,9.02093596e-31
E4,5,0,3,0.003,moderate_redundancy,37,2,3,True,2.387515902
E4,5,0,3,0.003,moderate_redundancy,37,2,4,True,4.040512781
E4,5,0,3,0.003,moderate_redundancy,37,3,4,False,2.180189668
E4,5,0,3,0.003,high_redundancy,77,0,1,True,3.864122695
E4,5,0,3,0.003,high_redundancy,77,0,2,False,0.04896396821
E4,5,0,3,0.003,high_redundancy,77,0,3,False,1.990373141e-12
E4,5,0,3,0.003,high_redundancy,77,0,4,False,2.643505638e-18
E4,5,0,3,0.003,high_redundancy,77,1,2,True,5.671947398
E4,5,0,3,0.003,high_redundancy,77,1,3,False,1.59349848e-20
E4,5,0,3,0.003,high_redundancy,77,1,4,False,0.1538632946
E4,5,0,3,0.003,high_redundancy,77,2,3,True,4.01092008
E4,5,0,3,0.003,high_redundancy,77,2,4,True,5.121102533
E4,5,0,3,0.003,high_redundancy,77,3,4,False,0.5990658665
E4,5,1,0,0,minimal_exact_budget,20,0,1,True,4.614725565
E4,5,1,0,0,minimal_exact_budget,20,0,2,False,2.119637799e-12
E4,5,1,0,0,minimal_exact_budget,20,0,3,False,7.537612976e-13
E4,5,1,0,0,minimal_exact_budget,20,0,4,False,-3.064215548e-12
E4,5,1,0,0,minimal_exact_budget,20,1,2,True,5.00894517
E4,5,1,0,0,minimal_exact_budget,20,1,3,False,-3.033026351e-12
E4,5,1,0,0,minimal_exact_budget,20,1,4,False,7.34342103e-12
E4,5,1,0,0,minimal_exact_budget,20,2,3,True,4.648909943
E4,5,1,0,0,minimal_exact_budget,20,2,4,True,6.571370261
E4,5,1,0,0,minimal_exact_budget,20,3,4,False,-1.114986577e-11
E4,5,1,0,0,moderate_redundancy,37,0,1,True,4.612559207
E4,5,1,0,0,moderate_redundancy,37,0,2,False,0.002750971658
E4,5,1,0,0,moderate_redundancy,37,0,3,False,0.001047819882
E4,5,1,0,0,moderate_redundancy,37,0,4,False,0.001232531804
E4,5,1,0,0,moderate_redundancy,37,1,2,True,4.987846333
E4,5,1,0,0,moderate_redundancy,37,1,3,False,0.004150994732
E4,5,1,0,0,moderate_redundancy,37,1,4,False,0.006436266279
E4,5,1,0,0,moderate_redundancy,37,2,3,True,4.631760041
E4,5,1,0,0,moderate_redundancy,37,2,4,True,6.545634664
E4,5,1,0,0,moderate_redundancy,37,3,4,False,0.006127823358
E4,5,1,0,0,high_redundancy,77,0,1,True,4.614720654
E4,5,1,0,0,high_redundancy,77,0,2,False,9.684557221e-06
E4,5,1,0,0,high_redundancy,77,0,3,False,1.823660456e-07
E4,5,1,0,0,high_redundancy,77,0,4,False,8.263185971e-08
E4,5,1,0,0,high_redundancy,77,1,2,True,5.008889937
E4,5,1,0,0,high_redundancy,77,1,3,False,1.515126956e-05
E4,5,1,0,0,high_redundancy,77,1,4,False,1.828431909e-05
E4,5,1,0,0,high_redundancy,77,2,3,True,4.648836514
E4,5,1,0,0,high_redundancy,77,2,4,True,6.571277465
E4,5,1,0,0,high_redundancy,77,3,4,False,3.399885587e-05
E4,5,1,1,0,minimal_exact_budget,20,0,1,True,4.614725565
E4,5,1,1,0,minimal_exact_budget,20,0,2,False,2.119637799e-12
E4,5,1,1,0,minimal_exact_budget,20,0,3,False,7.537612976e-13
E4,5,1,1,0,minimal_exact_budget,20,0,4,False,-3.064215548e-12
E4,5,1,1,0,minimal_exact_budget,20,1,2,True,5.00894517
E4,5,1,1,0,minimal_exact_budget,20,1,3,False,-3.033026351e-12
E4,5,1,1,0,minimal_exact_budget,20,1,4,False,7.34342103e-12
E4,5,1,1,0,minimal_exact_budget,20,2,3,True,4.648909943
E4,5,1,1,0,minimal_exact_budget,20,2,4,True,6.571370261
E4,5,1,1,0,minimal_exact_budget,20,3,4,False,-1.114986577e-11
E4,5,1,1,0,moderate_redundancy,37,0,1,True,4.612559207
E4,5,1,1,0,moderate_redundancy,37,0,2,False,0.002750971658
E4,5,1,1,0,moderate_redundancy,37,0,3,False,0.001047819882
E4,5,1,1,0,moderate_redundancy,37,0,4,False,0.001232531804
E4,5,1,1,0,moderate_redundancy,37,1,2,True,4.987846333
E4,5,1,1,0,moderate_redundancy,37,1,3,False,0.004150994732
E4,5,1,1,0,moderate_redundancy,37,1,4,False,0.006436266279
E4,5,1,1,0,moderate_redundancy,37,2,3,True,4.631760041
E4,5,1,1,0,moderate_redundancy,37,2,4,True,6.545634664
E4,5,1,1,0,moderate_redundancy,37,3,4,False,0.006127823358
E4,5,1,1,0,high_redundancy,77,0,1,True,4.614720654
E4,5,1,1,0,high_redundancy,77,0,2,False,9.684557221e-06
E4,5,1,1,0,high_redundancy,77,0,3,False,1.823660456e-07
E4,5,1,1,0,high_redundancy,77,0,4,False,8.263185971e-08
E4,5,1,1,0,high_redundancy,77,1,2,True,5.008889937
E4,5,1,1,0,high_redundancy,77,1,3,False,1.515126956e-05
E4,5,1,1,0,high_redundancy,77,1,4,False,1.828431909e-05
E4,5,1,1,0,high_redundancy,77,2,3,True,4.648836514
E4,5,1,1,0,high_redundancy,77,2,4,True,6.571277465
E4,5,1,1,0,high_redundancy,77,3,4,False,3.399885587e-05
E4,5,1,2,0,minimal_exact_budget,20,0,1,True,4.614725565
E4,5,1,2,0,minimal_exact_budget,20,0,2,False,2.119637799e-12
E4,5,1,2,0,minimal_exact_budget,20,0,3,False,7.537612976e-13
E4,5,1,2,0,minimal_exact_budget,20,0,4,False,-3.064215548e-12
E4,5,1,2,0,minimal_exact_budget,20,1,2,True,5.00894517
E4,5,1,2,0,minimal_exact_budget,20,1,3,False,-3.033026351e-12
E4,5,1,2,0,minimal_exact_budget,20,1,4,False,7.34342103e-12
E4,5,1,2,0,minimal_exact_budget,20,2,3,True,4.648909943
E4,5,1,2,0,minimal_exact_budget,20,2,4,True,6.571370261
E4,5,1,2,0,minimal_exact_budget,20,3,4,False,-1.114986577e-11
E4,5,1,2,0,moderate_redundancy,37,0,1,True,4.612559207
E4,5,1,2,0,moderate_redundancy,37,0,2,False,0.002750971658
E4,5,1,2,0,moderate_redundancy,37,0,3,False,0.001047819882
E4,5,1,2,0,moderate_redundancy,37,0,4,False,0.001232531804
E4,5,1,2,0,moderate_redundancy,37,1,2,True,4.987846333
E4,5,1,2,0,moderate_redundancy,37,1,3,False,0.004150994732
E4,5,1,2,0,moderate_redundancy,37,1,4,False,0.006436266279
E4,5,1,2,0,moderate_redundancy,37,2,3,True,4.631760041
E4,5,1,2,0,moderate_redundancy,37,2,4,True,6.545634664
E4,5,1,2,0,moderate_redundancy,37,3,4,False,0.006127823358
E4,5,1,2,0,high_redundancy,77,0,1,True,4.614720654
E4,5,1,2,0,high_redundancy,77,0,2,False,9.684557221e-06
E4,5,1,2,0,high_redundancy,77,0,3,False,1.823660456e-07
E4,5,1,2,0,high_redundancy,77,0,4,False,8.263185971e-08
E4,5,1,2,0,high_redundancy,77,1,2,True,5.008889937
E4,5,1,2,0,high_redundancy,77,1,3,False,1.515126956e-05
E4,5,1,2,0,high_redundancy,77,1,4,False,1.828431909e-05
E4,5,1,2,0,high_redundancy,77,2,3,True,4.648836514
E4,5,1,2,0,high_redundancy,77,2,4,True,6.571277465
E4,5,1,2,0,high_redundancy,77,3,4,False,3.399885587e-05
E4,5,1,3,0,minimal_exact_budget,20,0,1,True,4.614725565
E4,5,1,3,0,minimal_exact_budget,20,0,2,False,2.119637799e-12
E4,5,1,3,0,minimal_exact_budget,20,0,3,False,7.537612976e-13
E4,5,1,3,0,minimal_exact_budget,20,0,4,False,-3.064215548e-12
E4,5,1,3,0,minimal_exact_budget,20,1,2,True,5.00894517
E4,5,1,3,0,minimal_exact_budget,20,1,3,False,-3.033026351e-12
E4,5,1,3,0,minimal_exact_budget,20,1,4,False,7.34342103e-12
E4,5,1,3,0,minimal_exact_budget,20,2,3,True,4.648909943
E4,5,1,3,0,minimal_exact_budget,20,2,4,True,6.571370261
E4,5,1,3,0,minimal_exact_budget,20,3,4,False,-1.114986577e-11
E4,5,1,3,0,moderate_redundancy,37,0,1,True,4.612559207
E4,5,1,3,0,moderate_redundancy,37,0,2,False,0.002750971658
E4,5,1,3,0,moderate_redundancy,37,0,3,False,0.001047819882
E4,5,1,3,0,moderate_redundancy,37,0,4,False,0.001232531804
E4,5,1,3,0,moderate_redundancy,37,1,2,True,4.987846333
E4,5,1,3,0,moderate_redundancy,37,1,3,False,0.004150994732
E4,5,1,3,0,moderate_redundancy,37,1,4,False,0.006436266279
E4,5,1,3,0,moderate_redundancy,37,2,3,True,4.631760041
E4,5,1,3,0,moderate_redundancy,37,2,4,True,6.545634664
E4,5,1,3,0,moderate_redundancy,37,3,4,False,0.006127823358
E4,5,1,3,0,high_redundancy,77,0,1,True,4.614720654
E4,5,1,3,0,high_redundancy,77,0,2,False,9.684557221e-06
E4,5,1,3,0,high_redundancy,77,0,3,False,1.823660456e-07
E4,5,1,3,0,high_redundancy,77,0,4,False,8.263185971e-08
E4,5,1,3,0,high_redundancy,77,1,2,True,5.008889937
E4,5,1,3,0,high_redundancy,77,1,3,False,1.515126956e-05
E4,5,1,3,0,high_redundancy,77,1,4,False,1.828431909e-05
E4,5,1,3,0,high_redundancy,77,2,3,True,4.648836514
E4,5,1,3,0,high_redundancy,77,2,4,True,6.571277465
E4,5,1,3,0,high_redundancy,77,3,4,False,3.399885587e-05
E4,5,1,0,0.0001,moderate_redundancy,37,0,1,True,4.613217574
E4,5,1,0,0.0001,moderate_redundancy,37,0,2,False,2.126017868e-14
E4,5,1,0,0.0001,moderate_redundancy,37,0,3,False,0.005887432472
E4,5,1,0,0.0001,moderate_redundancy,37,0,4,False,1.971582146e-15
E4,5,1,0,0.0001,moderate_redundancy,37,1,2,True,4.989054781
E4,5,1,0,0.0001,moderate_redundancy,37,1,3,False,1.958778286e-09
E4,5,1,0,0.0001,moderate_redundancy,37,1,4,False,2.517415308e-17
E4,5,1,0,0.0001,moderate_redundancy,37,2,3,True,4.397181918
E4,5,1,0,0.0001,moderate_redundancy,37,2,4,True,6.730724498
E4,5,1,0,0.0001,moderate_redundancy,37,3,4,False,0.1696915899
E4,5,1,0,0.0001,high_redundancy,77,0,1,True,4.614171822
E4,5,1,0,0.0001,high_redundancy,77,0,2,False,1.010588217e-14
E4,5,1,0,0.0001,high_redundancy,77,0,3,False,0.0004909860382
E4,5,1,0,0.0001,high_redundancy,77,0,4,False,2.129357379e-14
E4,5,1,0,0.0001,high_redundancy,77,1,2,True,4.998523231
E4,5,1,0,0.0001,high_redundancy,77,1,3,False,0.005454557449
E4,5,1,0,0.0001,high_redundancy,77,1,4,False,0.01180456396
E4,5,1,0,0.0001,high_redundancy,77,2,3,True,4.604013099
E4,5,1,0,0.0001,high_redundancy,77,2,4,True,6.51320642
E4,5,1,0,0.0001,high_redundancy,77,3,4,False,0.01828767444
E4,5,1,1,0.0001,moderate_redundancy,37,0,1,True,4.617495362
E4,5,1,1,0.0001,moderate_redundancy,37,0,2,False,2.922799629e-08
E4,5,1,1,0.0001,moderate_redundancy,37,0,3,False,2.508383479e-11
E4,5,1,1,0.0001,moderate_redundancy,37,0,4,False,1.597195068e-07
E4,5,1,1,0.0001,moderate_redundancy,37,1,2,True,4.912875473
E4,5,1,1,0.0001,moderate_redundancy,37,1,3,False,0.03911306079
E4,5,1,1,0.0001,moderate_redundancy,37,1,4,False,0.0909775506
E4,5,1,1,0.0001,moderate_redundancy,37,2,3,True,4.520685082
E4,5,1,1,0.0001,moderate_redundancy,37,2,4,True,5.851401379
E4,5,1,1,0.0001,moderate_redundancy,37,3,4,False,0.1287390125
E4,5,1,1,0.0001,high_redundancy,77,0,1,True,4.614445417
E4,5,1,1,0.0001,high_redundancy,77,0,2,False,0.002071732169
E4,5,1,1,0.0001,high_redundancy,77,0,3,False,0.0001721932421
E4,5,1,1,0.0001,high_redundancy,77,0,4,False,1.596476337e-15
E4,5,1,1,0.0001,high_redundancy,77,1,2,True,5.003637725
E4,5,1,1,0.0001,high_redundancy,77,1,3,False,4.963498659e-14
E4,5,1,1,0.0001,high_redundancy,77,1,4,False,3.891145983e-15
E4,5,1,1,0.0001,high_redundancy,77,2,3,True,4.660456716
E4,5,1,1,0.0001,high_redundancy,77,2,4,True,6.574534115
E4,5,1,1,0.0001,high_redundancy,77,3,4,False,0.001043819927
E4,5,1,2,0.0001,moderate_redundancy,37,0,1,True,4.612878486
E4,5,1,2,0.0001,moderate_redundancy,37,0,2,False,1.199256608e-13
E4,5,1,2,0.0001,moderate_redundancy,37,0,3,False,1.208155421e-10
E4,5,1,2,0.0001,moderate_redundancy,37,0,4,False,7.96968147e-11
E4,5,1,2,0.0001,moderate_redundancy,37,1,2,True,4.999550224
E4,5,1,2,0.0001,moderate_redundancy,37,1,3,False,0.007304539738
E4,5,1,2,0.0001,moderate_redundancy,37,1,4,False,0.0279086076
E4,5,1,2,0.0001,moderate_redundancy,37,2,3,True,4.520707598
E4,5,1,2,0.0001,moderate_redundancy,37,2,4,True,6.137254905
E4,5,1,2,0.0001,moderate_redundancy,37,3,4,False,0.06655054708
E4,5,1,2,0.0001,high_redundancy,77,0,1,True,4.613539357
E4,5,1,2,0.0001,high_redundancy,77,0,2,False,2.214969899e-32
E4,5,1,2,0.0001,high_redundancy,77,0,3,False,3.708336503e-19
E4,5,1,2,0.0001,high_redundancy,77,0,4,False,1.830175128e-16
E4,5,1,2,0.0001,high_redundancy,77,1,2,True,4.993340828
E4,5,1,2,0.0001,high_redundancy,77,1,3,False,0.005802928044
E4,5,1,2,0.0001,high_redundancy,77,1,4,False,6.138308286e-06
E4,5,1,2,0.0001,high_redundancy,77,2,3,True,4.627118137
E4,5,1,2,0.0001,high_redundancy,77,2,4,True,6.557439277
E4,5,1,2,0.0001,high_redundancy,77,3,4,False,3.212291617e-14
E4,5,1,3,0.0001,moderate_redundancy,37,0,1,True,4.613758763
E4,5,1,3,0.0001,moderate_redundancy,37,0,2,False,6.25468191e-05
E4,5,1,3,0.0001,moderate_redundancy,37,0,3,False,0.002549313688
E4,5,1,3,0.0001,moderate_redundancy,37,0,4,False,9.671604508e-07
E4,5,1,3,0.0001,moderate_redundancy,37,1,2,True,4.850160244
E4,5,1,3,0.0001,moderate_redundancy,37,1,3,False,0.03543604978
E4,5,1,3,0.0001,moderate_redundancy,37,1,4,False,0.1748022856
E4,5,1,3,0.0001,moderate_redundancy,37,2,3,True,4.604282207
E4,5,1,3,0.0001,moderate_redundancy,37,2,4,True,6.118929053
E4,5,1,3,0.0001,moderate_redundancy,37,3,4,False,1.61750418e-33
E4,5,1,3,0.0001,high_redundancy,77,0,1,True,4.611526586
E4,5,1,3,0.0001,high_redundancy,77,0,2,False,0.00441357982
E4,5,1,3,0.0001,high_redundancy,77,0,3,False,0.001254752201
E4,5,1,3,0.0001,high_redundancy,77,0,4,False,8.280770487e-10
E4,5,1,3,0.0001,high_redundancy,77,1,2,True,4.991704545
E4,5,1,3,0.0001,high_redundancy,77,1,3,False,0.001455396198
E4,5,1,3,0.0001,high_redundancy,77,1,4,False,0.007695106896
E4,5,1,3,0.0001,high_redundancy,77,2,3,True,4.632876767
E4,5,1,3,0.0001,high_redundancy,77,2,4,True,6.522276865
E4,5,1,3,0.0001,high_redundancy,77,3,4,False,6.314769681e-16
E4,5,1,0,0.0003,moderate_redundancy,37,0,1,True,4.598495973
E4,5,1,0,0.0003,moderate_redundancy,37,0,2,False,3.119709483e-05
E4,5,1,0,0.0003,moderate_redundancy,37,0,3,False,4.77024051e-07
E4,5,1,0,0.0003,moderate_redundancy,37,0,4,False,6.322088224e-07
E4,5,1,0,0.0003,moderate_redundancy,37,1,2,True,4.514722125
E4,5,1,0,0.0003,moderate_redundancy,37,1,3,False,0.2973492528
E4,5,1,0,0.0003,moderate_redundancy,37,1,4,False,0.2826919767
E4,5,1,0,0.0003,moderate_redundancy,37,2,3,True,5.196945215
E4,5,1,0,0.0003,moderate_redundancy,37,2,4,True,6.404402742
E4,5,1,0,0.0003,moderate_redundancy,37,3,4,False,2.389727926e-36
E4,5,1,0,0.0003,high_redundancy,77,0,1,True,4.617063487
E4,5,1,0,0.0003,high_redundancy,77,0,2,False,2.974594693e-17
E4,5,1,0,0.0003,high_redundancy,77,0,3,False,1.401533598e-20
E4,5,1,0,0.0003,high_redundancy,77,0,4,False,0.00835929742
E4,5,1,0,0.0003,high_redundancy,77,1,2,True,4.930044146
E4,5,1,0,0.0003,high_redundancy,77,1,3,False,0.07490918347
E4,5,1,0,0.0003,high_redundancy,77,1,4,False,0.009189705813
E4,5,1,0,0.0003,high_redundancy,77,2,3,True,4.39600433
E4,5,1,0,0.0003,high_redundancy,77,2,4,True,6.387246214
E4,5,1,0,0.0003,high_redundancy,77,3,4,False,0.04237239108
E4,5,1,1,0.0003,moderate_redundancy,37,0,1,True,4.612764613
E4,5,1,1,0.0003,moderate_redundancy,37,0,2,False,2.230669393e-31
E4,5,1,1,0.0003,moderate_redundancy,37,0,3,False,1.088588758e-31
E4,5,1,1,0.0003,moderate_redundancy,37,0,4,False,0.02730739384
E4,5,1,1,0.0003,moderate_redundancy,37,1,2,True,4.64068415
E4,5,1,1,0.0003,moderate_redundancy,37,1,3,False,0.2560870985
E4,5,1,1,0.0003,moderate_redundancy,37,1,4,False,0.1878412557
E4,5,1,1,0.0003,moderate_redundancy,37,2,3,True,3.840949875
E4,5,1,1,0.0003,moderate_redundancy,37,2,4,True,5.471417397
E4,5,1,1,0.0003,moderate_redundancy,37,3,4,False,0.2827001025
E4,5,1,1,0.0003,high_redundancy,77,0,1,True,4.607887796
E4,5,1,1,0.0003,high_redundancy,77,0,2,False,1.604365533e-08
E4,5,1,1,0.0003,high_redundancy,77,0,3,False,1.155714079e-12
E4,5,1,1,0.0003,high_redundancy,77,0,4,False,1.046715571e-16
E4,5,1,1,0.0003,high_redundancy,77,1,2,True,5.005159026
E4,5,1,1,0.0003,high_redundancy,77,1,3,False,6.704736268e-19
E4,5,1,1,0.0003,high_redundancy,77,1,4,False,0.0172932495
E4,5,1,1,0.0003,high_redundancy,77,2,3,True,4.593215111
E4,5,1,1,0.0003,high_redundancy,77,2,4,True,6.459288357
E4,5,1,1,0.0003,high_redundancy,77,3,4,False,0.06235881947
E4,5,1,2,0.0003,moderate_redundancy,37,0,1,True,4.574146923
E4,5,1,2,0.0003,moderate_redundancy,37,0,2,False,0.06705494664
E4,5,1,2,0.0003,moderate_redundancy,37,0,3,False,0.008603105491
E4,5,1,2,0.0003,moderate_redundancy,37,0,4,False,1.002311609e-13
E4,5,1,2,0.0003,moderate_redundancy,37,1,2,True,4.511660751
E4,5,1,2,0.0003,moderate_redundancy,37,1,3,False,7.752039948e-10
E4,5,1,2,0.0003,moderate_redundancy,37,1,4,False,0.38625647
E4,5,1,2,0.0003,moderate_redundancy,37,2,3,True,4.675076667
E4,5,1,2,0.0003,moderate_redundancy,37,2,4,True,4.439185711
E4,5,1,2,0.0003,moderate_redundancy,37,3,4,False,0.07205018823
E4,5,1,2,0.0003,high_redundancy,77,0,1,True,4.615537431
E4,5,1,2,0.0003,high_redundancy,77,0,2,False,2.578729802e-08
E4,5,1,2,0.0003,high_redundancy,77,0,3,False,1.780361047e-13
E4,5,1,2,0.0003,high_redundancy,77,0,4,False,7.729573433e-10
E4,5,1,2,0.0003,high_redundancy,77,1,2,True,4.97636463
E4,5,1,2,0.0003,high_redundancy,77,1,3,False,0.01274746436
E4,5,1,2,0.0003,high_redundancy,77,1,4,False,0.01276607029
E4,5,1,2,0.0003,high_redundancy,77,2,3,True,4.582883476
E4,5,1,2,0.0003,high_redundancy,77,2,4,True,6.461181213
E4,5,1,2,0.0003,high_redundancy,77,3,4,False,0.01034294619
E4,5,1,3,0.0003,moderate_redundancy,37,0,1,True,4.574441158
E4,5,1,3,0.0003,moderate_redundancy,37,0,2,False,0.02456447574
E4,5,1,3,0.0003,moderate_redundancy,37,0,3,False,0.07736854535
E4,5,1,3,0.0003,moderate_redundancy,37,0,4,False,5.509147122e-30
E4,5,1,3,0.0003,moderate_redundancy,37,1,2,True,4.645160007
E4,5,1,3,0.0003,moderate_redundancy,37,1,3,False,3.27259011e-33
E4,5,1,3,0.0003,moderate_redundancy,37,1,4,False,0.175079841
E4,5,1,3,0.0003,moderate_redundancy,37,2,3,True,4.179930823
E4,5,1,3,0.0003,moderate_redundancy,37,2,4,True,4.987449746
E4,5,1,3,0.0003,moderate_redundancy,37,3,4,False,0.4434825683
E4,5,1,3,0.0003,high_redundancy,77,0,1,True,4.611421548
E4,5,1,3,0.0003,high_redundancy,77,0,2,False,0.01492641796
E4,5,1,3,0.0003,high_redundancy,77,0,3,False,4.806940237e-11
E4,5,1,3,0.0003,high_redundancy,77,0,4,False,3.196990137e-07
E4,5,1,3,0.0003,high_redundancy,77,1,2,True,4.924983633
E4,5,1,3,0.0003,high_redundancy,77,1,3,False,9.211456906e-13
E4,5,1,3,0.0003,high_redundancy,77,1,4,False,0.02399107226
E4,5,1,3,0.0003,high_redundancy,77,2,3,True,4.619974856
E4,5,1,3,0.0003,high_redundancy,77,2,4,True,6.460578223
E4,5,1,3,0.0003,high_redundancy,77,3,4,False,0.02835414122
E4,5,1,0,0.001,moderate_redundancy,37,0,1,True,4.543598495
E4,5,1,0,0.001,moderate_redundancy,37,0,2,False,5.628658222e-17
E4,5,1,0,0.001,moderate_redundancy,37,0,3,False,0.2811729636
E4,5,1,0,0.001,moderate_redundancy,37,0,4,False,4.034258402e-18
E4,5,1,0,0.001,moderate_redundancy,37,1,2,True,4.296060387
E4,5,1,0,0.001,moderate_redundancy,37,1,3,False,0.2464637812
E4,5,1,0,0.001,moderate_redundancy,37,1,4,False,9.81951475e-24
E4,5,1,0,0.001,moderate_redundancy,37,2,3,True,2.206196903
E4,5,1,0,0.001,moderate_redundancy,37,2,4,True,4.28330355
E4,5,1,0,0.001,moderate_redundancy,37,3,4,False,0.9584767036
E4,5,1,0,0.001,high_redundancy,77,0,1,True,4.595003006
E4,5,1,0,0.001,high_redundancy,77,0,2,False,0.01679463015
E4,5,1,0,0.001,high_redundancy,77,0,3,False,5.371395448e-17
E4,5,1,0,0.001,high_redundancy,77,0,4,False,0.02256806837
E4,5,1,0,0.001,high_redundancy,77,1,2,True,4.822653705
E4,5,1,0,0.001,high_redundancy,77,1,3,False,1.135969338e-17
E4,5,1,0,0.001,high_redundancy,77,1,4,False,0.08870895255
E4,5,1,0,0.001,high_redundancy,77,2,3,True,4.58536291
E4,5,1,0,0.001,high_redundancy,77,2,4,True,5.72915915
E4,5,1,0,0.001,high_redundancy,77,3,4,False,0.3578025123
E4,5,1,1,0.001,moderate_redundancy,37,0,1,True,4.610558642
E4,5,1,1,0.001,moderate_redundancy,37,0,2,False,1.706260549e-14
E4,5,1,1,0.001,moderate_redundancy,37,0,3,False,2.541214829e-16
E4,5,1,1,0.001,moderate_redundancy,37,0,4,False,1.128471754e-14
E4,5,1,1,0.001,moderate_redundancy,37,1,2,True,3.699067803
E4,5,1,1,0.001,moderate_redundancy,37,1,3,False,0.9938783888
E4,5,1,1,0.001,moderate_redundancy,37,1,4,False,0.780961132
E4,5,1,1,0.001,moderate_redundancy,37,2,3,True,2.471982333
E4,5,1,1,0.001,moderate_redundancy,37,2,4,True,4.057060975
E4,5,1,1,0.001,moderate_redundancy,37,3,4,False,6.559190616e-37
E4,5,1,1,0.001,high_redundancy,77,0,1,True,4.614322456
E4,5,1,1,0.001,high_redundancy,77,0,2,False,1.451677969e-16
E4,5,1,1,0.001,high_redundancy,77,0,3,False,1.649116718e-16
E4,5,1,1,0.001,high_redundancy,77,0,4,False,0.007737339737
E4,5,1,1,0.001,high_redundancy,77,1,2,True,4.905032096
E4,5,1,1,0.001,high_redundancy,77,1,3,False,2.538577336e-15
E4,5,1,1,0.001,high_redundancy,77,1,4,False,0.138987002
E4,5,1,1,0.001,high_redundancy,77,2,3,True,4.524008368
E4,5,1,1,0.001,high_redundancy,77,2,4,True,5.78770694
E4,5,1,1,0.001,high_redundancy,77,3,4,False,0.2265135422
E4,5,1,2,0.001,moderate_redundancy,37,0,1,True,4.555690359
E4,5,1,2,0.001,moderate_redundancy,37,0,2,False,4.691870118e-37
E4,5,1,2,0.001,moderate_redundancy,37,0,3,False,0.1949446791
E4,5,1,2,0.001,moderate_redundancy,37,0,4,False,1.615599906e-29
E4,5,1,2,0.001,moderate_redundancy,37,1,2,True,3.705426183
E4,5,1,2,0.001,moderate_redundancy,37,1,3,False,0.2542336997
E4,5,1,2,0.001,moderate_redundancy,37,1,4,False,0.9738305678
E4,5,1,2,0.001,moderate_redundancy,37,2,3,True,5.966651427
E4,5,1,2,0.001,moderate_redundancy,37,2,4,True,3.604752644
E4,5,1,2,0.001,moderate_redundancy,37,3,4,False,1.000011989e-34
E4,5,1,2,0.001,high_redundancy,77,0,1,True,4.607563804
E4,5,1,2,0.001,high_redundancy,77,0,2,False,0.03535881383
E4,5,1,2,0.001,high_redundancy,77,0,3,False,1.460067058e-17
E4,5,1,2,0.001,high_redundancy,77,0,4,False,2.516538913e-14
E4,5,1,2,0.001,high_redundancy,77,1,2,True,4.802085457
E4,5,1,2,0.001,high_redundancy,77,1,3,False,2.818888725e-24
E4,5,1,2,0.001,high_redundancy,77,1,4,False,0.08383906138
E4,5,1,2,0.001,high_redundancy,77,2,3,True,4.611005824
E4,5,1,2,0.001,high_redundancy,77,2,4,True,6.283127854
E4,5,1,2,0.001,high_redundancy,77,3,4,False,0.1311973992
E4,5,1,3,0.001,moderate_redundancy,37,0,1,True,4.604593569
E4,5,1,3,0.001,moderate_redundancy,37,0,2,False,3.511721e-12
E4,5,1,3,0.001,moderate_redundancy,37,0,3,False,2.613198207e-12
E4,5,1,3,0.001,moderate_redundancy,37,0,4,False,1.062093771e-08
E4,5,1,3,0.001,moderate_redundancy,37,1,2,True,4.734586462
E4,5,1,3,0.001,moderate_redundancy,37,1,3,False,6.13922598e-15
E4,5,1,3,0.001,moderate_redundancy,37,1,4,False,0.3453203028
E4,5,1,3,0.001,moderate_redundancy,37,2,3,True,6.820477299
E4,5,1,3,0.001,moderate_redundancy,37,2,4,True,4.204655745
E4,5,1,3,0.001,moderate_redundancy,37,3,4,False,7.043447518e-31
E4,5,1,3,0.001,high_redundancy,77,0,1,True,4.61964545
E4,5,1,3,0.001,high_redundancy,77,0,2,False,5.819386849e-09
E4,5,1,3,0.001,high_redundancy,77,0,3,False,0.01572002207
E4,5,1,3,0.001,high_redundancy,77,0,4,False,9.710653623e-12
E4,5,1,3,0.001,high_redundancy,77,1,2,True,4.763841483
E4,5,1,3,0.001,high_redundancy,77,1,3,False,5.286263202e-13
E4,5,1,3,0.001,high_redundancy,77,1,4,False,0.0428631497
E4,5,1,3,0.001,high_redundancy,77,2,3,True,4.491277647
E4,5,1,3,0.001,high_redundancy,77,2,4,True,6.462380534
E4,5,1,3,0.001,high_redundancy,77,3,4,False,0.06392311482
E4,5,1,0,0.003,moderate_redundancy,37,0,1,True,4.464920377
E4,5,1,0,0.003,moderate_redundancy,37,0,2,False,4.293385209e-16
E4,5,1,0,0.003,moderate_redundancy,37,0,3,False,1.727654466e-18
E4,5,1,0,0.003,moderate_redundancy,37,0,4,False,0.6058350569
E4,5,1,0,0.003,moderate_redundancy,37,1,2,True,3.7952324
E4,5,1,0,0.003,moderate_redundancy,37,1,3,False,1.920716076e-17
E4,5,1,0,0.003,moderate_redundancy,37,1,4,False,2.155863519e-15
E4,5,1,0,0.003,moderate_redundancy,37,2,3,True,2.294141313
E4,5,1,0,0.003,moderate_redundancy,37,2,4,True,11.93592839
E4,5,1,0,0.003,moderate_redundancy,37,3,4,False,2.947424787
E4,5,1,0,0.003,high_redundancy,77,0,1,True,4.669849897
E4,5,1,0,0.003,high_redundancy,77,0,2,False,1.15430481e-16
E4,5,1,0,0.003,high_redundancy,77,0,3,False,2.693038406e-13
E4,5,1,0,0.003,high_redundancy,77,0,4,False,9.976168556e-20
E4,5,1,0,0.003,high_redundancy,77,1,2,True,4.792309515
E4,5,1,0,0.003,high_redundancy,77,1,3,False,0.3102126708
E4,5,1,0,0.003,high_redundancy,77,1,4,False,1.483367483e-22
E4,5,1,0,0.003,high_redundancy,77,2,3,True,3.320311521
E4,5,1,0,0.003,high_redundancy,77,2,4,True,5.986073485
E4,5,1,0,0.003,high_redundancy,77,3,4,False,2.055840486e-21
E4,5,1,1,0.003,moderate_redundancy,37,0,1,True,4.533826711
E4,5,1,1,0.003,moderate_redundancy,37,0,2,False,0.04700692911
E4,5,1,1,0.003,moderate_redundancy,37,0,3,False,2.196126007e-10
E4,5,1,1,0.003,moderate_redundancy,37,0,4,False,0.4410263679
E4,5,1,1,0.003,moderate_redundancy,37,1,2,True,2.927139477
E4,5,1,1,0.003,moderate_redundancy,37,1,3,False,2.129566693
E4,5,1,1,0.003,moderate_redundancy,37,1,4,False,1.074016308e-07
E4,5,1,1,0.003,moderate_redundancy,37,2,3,True,5.407008152
E4,5,1,1,0.003,moderate_redundancy,37,2,4,True,0.9897795864
E4,5,1,1,0.003,moderate_redundancy,37,3,4,False,6.631620418
E4,5,1,1,0.003,high_redundancy,77,0,1,True,4.528856534
E4,5,1,1,0.003,high_redundancy,77,0,2,False,0.05591492798
E4,5,1,1,0.003,high_redundancy,77,0,3,False,0.02296737488
E4,5,1,1,0.003,high_redundancy,77,0,4,False,1.170697006e-15
E4,5,1,1,0.003,high_redundancy,77,1,2,True,4.459626716
E4,5,1,1,0.003,high_redundancy,77,1,3,False,0.2432001543
E4,5,1,1,0.003,high_redundancy,77,1,4,False,0.009278600283
E4,5,1,1,0.003,high_redundancy,77,2,3,True,3.710334689
E4,5,1,1,0.003,high_redundancy,77,2,4,True,6.688089099
E4,5,1,1,0.003,high_redundancy,77,3,4,False,2.801553879e-32
E4,5,1,2,0.003,moderate_redundancy,37,0,1,True,4.457119507
E4,5,1,2,0.003,moderate_redundancy,37,0,2,False,5.360064558e-17
E4,5,1,2,0.003,moderate_redundancy,37,0,3,False,0.5169703619
E4,5,1,2,0.003,moderate_redundancy,37,0,4,False,1.309945594e-17
E4,5,1,2,0.003,moderate_redundancy,37,1,2,True,3.912682125
E4,5,1,2,0.003,moderate_redundancy,37,1,3,False,1.154141699e-11
E4,5,1,2,0.003,moderate_redundancy,37,1,4,False,0.9588852456
E4,5,1,2,0.003,moderate_redundancy,37,2,3,True,1.962473534
E4,5,1,2,0.003,moderate_redundancy,37,2,4,True,8.215634568
E4,5,1,2,0.003,moderate_redundancy,37,3,4,False,7.821654101e-34
E4,5,1,2,0.003,high_redundancy,77,0,1,True,4.547997329
E4,5,1,2,0.003,high_redundancy,77,0,2,False,6.447129386e-33
E4,5,1,2,0.003,high_redundancy,77,0,3,False,1.238182741e-31
E4,5,1,2,0.003,high_redundancy,77,0,4,False,0.110321888
E4,5,1,2,0.003,high_redundancy,77,1,2,True,4.874269826
E4,5,1,2,0.003,high_redundancy,77,1,3,False,4.508340073e-28
E4,5,1,2,0.003,high_redundancy,77,1,4,False,0.09122284723
E4,5,1,2,0.003,high_redundancy,77,2,3,True,4.205355848
E4,5,1,2,0.003,high_redundancy,77,2,4,True,5.460906226
E4,5,1,2,0.003,high_redundancy,77,3,4,False,0.2302159212
E4,5,1,3,0.003,moderate_redundancy,37,0,1,True,4.416262765
E4,5,1,3,0.003,moderate_redundancy,37,0,2,False,0.4779699843
E4,5,1,3,0.003,moderate_redundancy,37,0,3,False,1.705133183e-19
E4,5,1,3,0.003,moderate_redundancy,37,0,4,False,8.449062554e-24
E4,5,1,3,0.003,moderate_redundancy,37,1,2,True,4.148539436
E4,5,1,3,0.003,moderate_redundancy,37,1,3,False,0.1140058518
E4,5,1,3,0.003,moderate_redundancy,37,1,4,False,4.510124171e-25
E4,5,1,3,0.003,moderate_redundancy,37,2,3,True,1.694248488
E4,5,1,3,0.003,moderate_redundancy,37,2,4,True,2.636305867
E4,5,1,3,0.003,moderate_redundancy,37,3,4,False,1.06894723
E4,5,1,3,0.003,high_redundancy,77,0,1,True,4.611886243
E4,5,1,3,0.003,high_redundancy,77,0,2,False,1.403870667e-15
E4,5,1,3,0.003,high_redundancy,77,0,3,False,0.01966480161
E4,5,1,3,0.003,high_redundancy,77,0,4,False,1.720836706e-21
E4,5,1,3,0.003,high_redundancy,77,1,2,True,4.877182553
E4,5,1,3,0.003,high_redundancy,77,1,3,False,1.08955735e-13
E4,5,1,3,0.003,high_redundancy,77,1,4,False,3.455108136e-25
E4,5,1,3,0.003,high_redundancy,77,2,3,True,4.271242286
E4,5,1,3,0.003,high_redundancy,77,2,4,True,5.926529634
E4,5,1,3,0.003,high_redundancy,77,3,4,False,0.0607168518
E5,5,0,0,0,minimal_exact_budget,20,0,1,True,5.755938272
E5,5,0,0,0,minimal_exact_budget,20,0,2,True,4.432284407
E5,5,0,0,0,minimal_exact_budget,20,0,3,False,-7.110820836e-13
E5,5,0,0,0,minimal_exact_budget,20,0,4,False,1.757705093e-12
E5,5,0,0,0,minimal_exact_budget,20,1,2,False,2.434751746e-12
E5,5,0,0,0,minimal_exact_budget,20,1,3,True,3.989475848
E5,5,0,0,0,minimal_exact_budget,20,1,4,True,6.189769371
E5,5,0,0,0,minimal_exact_budget,20,2,3,False,7.734208628e-14
E5,5,0,0,0,minimal_exact_budget,20,2,4,True,4.158224301
E5,5,0,0,0,minimal_exact_budget,20,3,4,False,3.835949928e-12
E5,5,0,0,0,moderate_redundancy,37,0,1,True,5.755873098
E5,5,0,0,0,moderate_redundancy,37,0,2,True,4.432274122
E5,5,0,0,0,moderate_redundancy,37,0,3,False,4.816968526e-05
E5,5,0,0,0,moderate_redundancy,37,0,4,False,5.072589912e-05
E5,5,0,0,0,moderate_redundancy,37,1,2,False,1.346450981e-07
E5,5,0,0,0,moderate_redundancy,37,1,3,True,3.989305095
E5,5,0,0,0,moderate_redundancy,37,1,4,True,6.189561967
E5,5,0,0,0,moderate_redundancy,37,2,3,False,1.141906907e-06
E5,5,0,0,0,moderate_redundancy,37,2,4,True,4.158185003
E5,5,0,0,0,moderate_redundancy,37,3,4,False,6.815965173e-05
E5,5,0,0,0,high_redundancy,77,0,1,True,5.755911009
E5,5,0,0,0,high_redundancy,77,0,2,True,4.432278215
E5,5,0,0,0,high_redundancy,77,0,3,False,2.351826808e-05
E5,5,0,0,0,high_redundancy,77,0,4,False,2.152977216e-05
E5,5,0,0,0,high_redundancy,77,1,2,False,1.482059508e-05
E5,5,0,0,0,high_redundancy,77,1,3,True,3.989391187
E5,5,0,0,0,high_redundancy,77,1,4,True,6.189698617
E5,5,0,0,0,high_redundancy,77,2,3,False,2.184902846e-07
E5,5,0,0,0,high_redundancy,77,2,4,True,4.158202482
E5,5,0,0,0,high_redundancy,77,3,4,False,2.914919633e-05
E5,5,0,1,0,minimal_exact_budget,20,0,1,True,5.755938272
E5,5,0,1,0,minimal_exact_budget,20,0,2,True,4.432284407
E5,5,0,1,0,minimal_exact_budget,20,0,3,False,-7.110820836e-13
E5,5,0,1,0,minimal_exact_budget,20,0,4,False,1.757705093e-12
E5,5,0,1,0,minimal_exact_budget,20,1,2,False,2.434751746e-12
E5,5,0,1,0,minimal_exact_budget,20,1,3,True,3.989475848
E5,5,0,1,0,minimal_exact_budget,20,1,4,True,6.189769371
E5,5,0,1,0,minimal_exact_budget,20,2,3,False,7.734208628e-14
E5,5,0,1,0,minimal_exact_budget,20,2,4,True,4.158224301
E5,5,0,1,0,minimal_exact_budget,20,3,4,False,3.835949928e-12
E5,5,0,1,0,moderate_redundancy,37,0,1,True,5.755873098
E5,5,0,1,0,moderate_redundancy,37,0,2,True,4.432274122
E5,5,0,1,0,moderate_redundancy,37,0,3,False,4.816968526e-05
E5,5,0,1,0,moderate_redundancy,37,0,4,False,5.072589912e-05
E5,5,0,1,0,moderate_redundancy,37,1,2,False,1.346450981e-07
E5,5,0,1,0,moderate_redundancy,37,1,3,True,3.989305095
E5,5,0,1,0,moderate_redundancy,37,1,4,True,6.189561967
E5,5,0,1,0,moderate_redundancy,37,2,3,False,1.141906907e-06
E5,5,0,1,0,moderate_redundancy,37,2,4,True,4.158185003
E5,5,0,1,0,moderate_redundancy,37,3,4,False,6.815965173e-05
E5,5,0,1,0,high_redundancy,77,0,1,True,5.755911009
E5,5,0,1,0,high_redundancy,77,0,2,True,4.432278215
E5,5,0,1,0,high_redundancy,77,0,3,False,2.351826808e-05
E5,5,0,1,0,high_redundancy,77,0,4,False,2.152977216e-05
E5,5,0,1,0,high_redundancy,77,1,2,False,1.482059508e-05
E5,5,0,1,0,high_redundancy,77,1,3,True,3.989391187
E5,5,0,1,0,high_redundancy,77,1,4,True,6.189698617
E5,5,0,1,0,high_redundancy,77,2,3,False,2.184902846e-07
E5,5,0,1,0,high_redundancy,77,2,4,True,4.158202482
E5,5,0,1,0,high_redundancy,77,3,4,False,2.914919633e-05
E5,5,0,2,0,minimal_exact_budget,20,0,1,True,5.755938272
E5,5,0,2,0,minimal_exact_budget,20,0,2,True,4.432284407
E5,5,0,2,0,minimal_exact_budget,20,0,3,False,-7.110820836e-13
E5,5,0,2,0,minimal_exact_budget,20,0,4,False,1.757705093e-12
E5,5,0,2,0,minimal_exact_budget,20,1,2,False,2.434751746e-12
E5,5,0,2,0,minimal_exact_budget,20,1,3,True,3.989475848
E5,5,0,2,0,minimal_exact_budget,20,1,4,True,6.189769371
E5,5,0,2,0,minimal_exact_budget,20,2,3,False,7.734208628e-14
E5,5,0,2,0,minimal_exact_budget,20,2,4,True,4.158224301
E5,5,0,2,0,minimal_exact_budget,20,3,4,False,3.835949928e-12
E5,5,0,2,0,moderate_redundancy,37,0,1,True,5.755873098
E5,5,0,2,0,moderate_redundancy,37,0,2,True,4.432274122
E5,5,0,2,0,moderate_redundancy,37,0,3,False,4.816968526e-05
E5,5,0,2,0,moderate_redundancy,37,0,4,False,5.072589912e-05
E5,5,0,2,0,moderate_redundancy,37,1,2,False,1.346450981e-07
E5,5,0,2,0,moderate_redundancy,37,1,3,True,3.989305095
E5,5,0,2,0,moderate_redundancy,37,1,4,True,6.189561967
E5,5,0,2,0,moderate_redundancy,37,2,3,False,1.141906907e-06
E5,5,0,2,0,moderate_redundancy,37,2,4,True,4.158185003
E5,5,0,2,0,moderate_redundancy,37,3,4,False,6.815965173e-05
E5,5,0,2,0,high_redundancy,77,0,1,True,5.755911009
E5,5,0,2,0,high_redundancy,77,0,2,True,4.432278215
E5,5,0,2,0,high_redundancy,77,0,3,False,2.351826808e-05
E5,5,0,2,0,high_redundancy,77,0,4,False,2.152977216e-05
E5,5,0,2,0,high_redundancy,77,1,2,False,1.482059508e-05
E5,5,0,2,0,high_redundancy,77,1,3,True,3.989391187
E5,5,0,2,0,high_redundancy,77,1,4,True,6.189698617
E5,5,0,2,0,high_redundancy,77,2,3,False,2.184902846e-07
E5,5,0,2,0,high_redundancy,77,2,4,True,4.158202482
E5,5,0,2,0,high_redundancy,77,3,4,False,2.914919633e-05
E5,5,0,3,0,minimal_exact_budget,20,0,1,True,5.755938272
E5,5,0,3,0,minimal_exact_budget,20,0,2,True,4.432284407
E5,5,0,3,0,minimal_exact_budget,20,0,3,False,-7.110820836e-13
E5,5,0,3,0,minimal_exact_budget,20,0,4,False,1.757705093e-12
E5,5,0,3,0,minimal_exact_budget,20,1,2,False,2.434751746e-12
E5,5,0,3,0,minimal_exact_budget,20,1,3,True,3.989475848
E5,5,0,3,0,minimal_exact_budget,20,1,4,True,6.189769371
E5,5,0,3,0,minimal_exact_budget,20,2,3,False,7.734208628e-14
E5,5,0,3,0,minimal_exact_budget,20,2,4,True,4.158224301
E5,5,0,3,0,minimal_exact_budget,20,3,4,False,3.835949928e-12
E5,5,0,3,0,moderate_redundancy,37,0,1,True,5.755873098
E5,5,0,3,0,moderate_redundancy,37,0,2,True,4.432274122
E5,5,0,3,0,moderate_redundancy,37,0,3,False,4.816968526e-05
E5,5,0,3,0,moderate_redundancy,37,0,4,False,5.072589912e-05
E5,5,0,3,0,moderate_redundancy,37,1,2,False,1.346450981e-07
E5,5,0,3,0,moderate_redundancy,37,1,3,True,3.989305095
E5,5,0,3,0,moderate_redundancy,37,1,4,True,6.189561967
E5,5,0,3,0,moderate_redundancy,37,2,3,False,1.141906907e-06
E5,5,0,3,0,moderate_redundancy,37,2,4,True,4.158185003
E5,5,0,3,0,moderate_redundancy,37,3,4,False,6.815965173e-05
E5,5,0,3,0,high_redundancy,77,0,1,True,5.755911009
E5,5,0,3,0,high_redundancy,77,0,2,True,4.432278215
E5,5,0,3,0,high_redundancy,77,0,3,False,2.351826808e-05
E5,5,0,3,0,high_redundancy,77,0,4,False,2.152977216e-05
E5,5,0,3,0,high_redundancy,77,1,2,False,1.482059508e-05
E5,5,0,3,0,high_redundancy,77,1,3,True,3.989391187
E5,5,0,3,0,high_redundancy,77,1,4,True,6.189698617
E5,5,0,3,0,high_redundancy,77,2,3,False,2.184902846e-07
E5,5,0,3,0,high_redundancy,77,2,4,True,4.158202482
E5,5,0,3,0,high_redundancy,77,3,4,False,2.914919633e-05
E5,5,0,0,0.0001,moderate_redundancy,37,0,1,True,5.696028661
E5,5,0,0,0.0001,moderate_redundancy,37,0,2,True,4.432364327
E5,5,0,0,0.0001,moderate_redundancy,37,0,3,False,4.977629021e-06
E5,5,0,0,0.0001,moderate_redundancy,37,0,4,False,0.06709796128
E5,5,0,0,0.0001,moderate_redundancy,37,1,2,False,0.0029082869
E5,5,0,0,0.0001,moderate_redundancy,37,1,3,True,3.857970992
E5,5,0,0,0.0001,moderate_redundancy,37,1,4,True,5.979103417
E5,5,0,0,0.0001,moderate_redundancy,37,2,3,False,2.030038358e-09
E5,5,0,0,0.0001,moderate_redundancy,37,2,4,True,4.150205677
E5,5,0,0,0.0001,moderate_redundancy,37,3,4,False,0.1066343146
E5,5,0,0,0.0001,high_redundancy,77,0,1,True,5.753593502
E5,5,0,0,0.0001,high_redundancy,77,0,2,True,4.430094577
E5,5,0,0,0.0001,high_redundancy,77,0,3,False,0.0003332210735
E5,5,0,0,0.0001,high_redundancy,77,0,4,False,0.005644498798
E5,5,0,0,0.0001,high_redundancy,77,1,2,False,1.385451315e-17
E5,5,0,0,0.0001,high_redundancy,77,1,3,True,3.978596501
E5,5,0,0,0.0001,high_redundancy,77,1,4,True,6.181901603
E5,5,0,0,0.0001,high_redundancy,77,2,3,False,0.0049532533
E5,5,0,0,0.0001,high_redundancy,77,2,4,True,4.149010926
E5,5,0,0,0.0001,high_redundancy,77,3,4,False,0.003170263709
E5,5,0,1,0.0001,moderate_redundancy,37,0,1,True,5.735567935
E5,5,0,1,0.0001,moderate_redundancy,37,0,2,True,4.435254499
E5,5,0,1,0.0001,moderate_redundancy,37,0,3,False,0.03202932113
E5,5,0,1,0.0001,moderate_redundancy,37,0,4,False,2.517187685e-07
E5,5,0,1,0.0001,moderate_redundancy,37,1,2,False,0.03337065188
E5,5,0,1,0.0001,moderate_redundancy,37,1,3,True,3.968038913
E5,5,0,1,0.0001,moderate_redundancy,37,1,4,True,6.067303849
E5,5,0,1,0.0001,moderate_redundancy,37,2,3,False,0.0008166972989
E5,5,0,1,0.0001,moderate_redundancy,37,2,4,True,4.126645067
E5,5,0,1,0.0001,moderate_redundancy,37,3,4,False,0.01787650949
E5,5,0,1,0.0001,high_redundancy,77,0,1,True,5.756094408
E5,5,0,1,0.0001,high_redundancy,77,0,2,True,4.431510782
E5,5,0,1,0.0001,high_redundancy,77,0,3,False,0.0006853423895
E5,5,0,1,0.0001,high_redundancy,77,0,4,False,5.137968724e-13
E5,5,0,1,0.0001,high_redundancy,77,1,2,False,1.513605445e-14
E5,5,0,1,0.0001,high_redundancy,77,1,3,True,3.977702849
E5,5,0,1,0.0001,high_redundancy,77,1,4,True,6.195615018
E5,5,0,1,0.0001,high_redundancy,77,2,3,False,0.003847931407
E5,5,0,1,0.0001,high_redundancy,77,2,4,True,4.151579261
E5,5,0,1,0.0001,high_redundancy,77,3,4,False,1.786966857e-05
E5,5,0,2,0.0001,moderate_redundancy,37,0,1,True,5.730383265
E5,5,0,2,0.0001,moderate_redundancy,37,0,2,True,4.436081866
E5,5,0,2,0.0001,moderate_redundancy,37,0,3,False,0.02154498479
E5,5,0,2,0.0001,moderate_redundancy,37,0,4,False,0.003296162553
E5,5,0,2,0.0001,moderate_redundancy,37,1,2,False,0.0004624690939
E5,5,0,2,0.0001,moderate_redundancy,37,1,3,True,3.917948673
E5,5,0,2,0.0001,moderate_redundancy,37,1,4,True,6.127766993
E5,5,0,2,0.0001,moderate_redundancy,37,2,3,False,3.150893573e-23
E5,5,0,2,0.0001,moderate_redundancy,37,2,4,True,4.176120982
E5,5,0,2,0.0001,moderate_redundancy,37,3,4,False,0.03574442423
E5,5,0,2,0.0001,high_redundancy,77,0,1,True,5.754687971
E5,5,0,2,0.0001,high_redundancy,77,0,2,True,4.431779283
E5,5,0,2,0.0001,high_redundancy,77,0,3,False,2.457396755e-08
E5,5,0,2,0.0001,high_redundancy,77,0,4,False,0.002482228817
E5,5,0,2,0.0001,high_redundancy,77,1,2,False,1.097939116e-16
E5,5,0,2,0.0001,high_redundancy,77,1,3,True,3.9844366
E5,5,0,2,0.0001,high_redundancy,77,1,4,True,6.186507527
E5,5,0,2,0.0001,high_redundancy,77,2,3,False,1.041583097e-14
E5,5,0,2,0.0001,high_redundancy,77,2,4,True,4.161182087
E5,5,0,2,0.0001,high_redundancy,77,3,4,False,0.001525504004
E5,5,0,3,0.0001,moderate_redundancy,37,0,1,True,5.717908429
E5,5,0,3,0.0001,moderate_redundancy,37,0,2,True,4.424579864
E5,5,0,3,0.0001,moderate_redundancy,37,0,3,False,0.02831291666
E5,5,0,3,0.0001,moderate_redundancy,37,0,4,False,0.03729395532
E5,5,0,3,0.0001,moderate_redundancy,37,1,2,False,2.153642708e-25
E5,5,0,3,0.0001,moderate_redundancy,37,1,3,True,3.966049619
E5,5,0,3,0.0001,moderate_redundancy,37,1,4,True,6.020645672
E5,5,0,3,0.0001,moderate_redundancy,37,2,3,False,7.058912514e-13
E5,5,0,3,0.0001,moderate_redundancy,37,2,4,True,4.133290593
E5,5,0,3,0.0001,moderate_redundancy,37,3,4,False,0.005458446846
E5,5,0,3,0.0001,high_redundancy,77,0,1,True,5.753662973
E5,5,0,3,0.0001,high_redundancy,77,0,2,True,4.432919701
E5,5,0,3,0.0001,high_redundancy,77,0,3,False,0.002240469755
E5,5,0,3,0.0001,high_redundancy,77,0,4,False,0.000504362365
E5,5,0,3,0.0001,high_redundancy,77,1,2,False,1.012358291e-28
E5,5,0,3,0.0001,high_redundancy,77,1,3,True,3.981821265
E5,5,0,3,0.0001,high_redundancy,77,1,4,True,6.191454397
E5,5,0,3,0.0001,high_redundancy,77,2,3,False,1.202439389e-15
E5,5,0,3,0.0001,high_redundancy,77,2,4,True,4.168236205
E5,5,0,3,0.0001,high_redundancy,77,3,4,False,1.306151274e-19
E5,5,0,0,0.0003,moderate_redundancy,37,0,1,True,5.73224216
E5,5,0,0,0.0003,moderate_redundancy,37,0,2,True,4.39254936
E5,5,0,0,0.0003,moderate_redundancy,37,0,3,False,2.114084221e-17
E5,5,0,0,0.0003,moderate_redundancy,37,0,4,False,0.06529957188
E5,5,0,0,0.0003,moderate_redundancy,37,1,2,False,1.229989249e-21
E5,5,0,0,0.0003,moderate_redundancy,37,1,3,True,3.881237201
E5,5,0,0,0.0003,moderate_redundancy,37,1,4,True,6.223335836
E5,5,0,0,0.0003,moderate_redundancy,37,2,3,False,1.752347262e-30
E5,5,0,0,0.0003,moderate_redundancy,37,2,4,True,4.061472684
E5,5,0,0,0.0003,moderate_redundancy,37,3,4,False,0.0887351992
E5,5,0,0,0.0003,high_redundancy,77,0,1,True,5.745566095
E5,5,0,0,0.0003,high_redundancy,77,0,2,True,4.430367635
E5,5,0,0,0.0003,high_redundancy,77,0,3,False,0.002894396769
E5,5,0,0,0.0003,high_redundancy,77,0,4,False,0.02044411341
E5,5,0,0,0.0003,high_redundancy,77,1,2,False,0.01430395546
E5,5,0,0,0.0003,high_redundancy,77,1,3,True,3.98638969
E5,5,0,0,0.0003,high_redundancy,77,1,4,True,6.146859506
E5,5,0,0,0.0003,high_redundancy,77,2,3,False,9.985205983e-21
E5,5,0,0,0.0003,high_redundancy,77,2,4,True,4.134868818
E5,5,0,0,0.0003,high_redundancy,77,3,4,False,0.007507368916
E5,5,0,1,0.0003,moderate_redundancy,37,0,1,True,5.733707179
E5,5,0,1,0.0003,moderate_redundancy,37,0,2,True,4.448446346
E5,5,0,1,0.0003,moderate_redundancy,37,0,3,False,2.444971773e-19
E5,5,0,1,0.0003,moderate_redundancy,37,0,4,False,0.007197783358
E5,5,0,1,0.0003,moderate_redundancy,37,1,2,False,1.388504609e-40
E5,5,0,1,0.0003,moderate_redundancy,37,1,3,True,4.061111647
E5,5,0,1,0.0003,moderate_redundancy,37,1,4,True,6.035600457
E5,5,0,1,0.0003,moderate_redundancy,37,2,3,False,6.907621682e-37
E5,5,0,1,0.0003,moderate_redundancy,37,2,4,True,4.212795743
E5,5,0,1,0.0003,moderate_redundancy,37,3,4,False,3.259028583e-25
E5,5,0,1,0.0003,high_redundancy,77,0,1,True,5.736539116
E5,5,0,1,0.0003,high_redundancy,77,0,2,True,4.430628022
E5,5,0,1,0.0003,high_redundancy,77,0,3,False,6.610702241e-11
E5,5,0,1,0.0003,high_redundancy,77,0,4,False,0.01940701061
E5,5,0,1,0.0003,high_redundancy,77,1,2,False,0.0009345972718
E5,5,0,1,0.0003,high_redundancy,77,1,3,True,3.976221004
E5,5,0,1,0.0003,high_redundancy,77,1,4,True,6.144648039
E5,5,0,1,0.0003,high_redundancy,77,2,3,False,0.009131354686
E5,5,0,1,0.0003,high_redundancy,77,2,4,True,4.155641036
E5,5,0,1,0.0003,high_redundancy,77,3,4,False,0.005884946874
E5,5,0,2,0.0003,moderate_redundancy,37,0,1,True,5.67400658
E5,5,0,2,0.0003,moderate_redundancy,37,0,2,True,4.399746034
E5,5,0,2,0.0003,moderate_redundancy,37,0,3,False,0.1448984015
E5,5,0,2,0.0003,moderate_redundancy,37,0,4,False,1.150497818e-27
E5,5,0,2,0.0003,moderate_redundancy,37,1,2,False,0.1117420517
E5,5,0,2,0.0003,moderate_redundancy,37,1,3,True,3.721406088
E5,5,0,2,0.0003,moderate_redundancy,37,1,4,True,5.889799708
E5,5,0,2,0.0003,moderate_redundancy,37,2,3,False,2.711835313e-32
E5,5,0,2,0.0003,moderate_redundancy,37,2,4,True,3.943858973
E5,5,0,2,0.0003,moderate_redundancy,37,3,4,False,4.113015171e-28
E5,5,0,2,0.0003,high_redundancy,77,0,1,True,5.75611602
E5,5,0,2,0.0003,high_redundancy,77,0,2,True,4.433254537
E5,5,0,2,0.0003,high_redundancy,77,0,3,False,8.229392449e-09
E5,5,0,2,0.0003,high_redundancy,77,0,4,False,7.541892e-08
E5,5,0,2,0.0003,high_redundancy,77,1,2,False,2.949736545e-08
E5,5,0,2,0.0003,high_redundancy,77,1,3,True,3.95355033
E5,5,0,2,0.0003,high_redundancy,77,1,4,True,6.176853073
E5,5,0,2,0.0003,high_redundancy,77,2,3,False,3.70855593e-16
E5,5,0,2,0.0003,high_redundancy,77,2,4,True,4.157919418
E5,5,0,2,0.0003,high_redundancy,77,3,4,False,0.03840220851
E5,5,0,3,0.0003,moderate_redundancy,37,0,1,True,5.677196725
E5,5,0,3,0.0003,moderate_redundancy,37,0,2,True,4.358034376
E5,5,0,3,0.0003,moderate_redundancy,37,0,3,False,3.514009752e-08
E5,5,0,3,0.0003,moderate_redundancy,37,0,4,False,0.17921345
E5,5,0,3,0.0003,moderate_redundancy,37,1,2,False,0.07352071202
E5,5,0,3,0.0003,moderate_redundancy,37,1,3,True,3.749850605
E5,5,0,3,0.0003,moderate_redundancy,37,1,4,True,5.883777927
E5,5,0,3,0.0003,moderate_redundancy,37,2,3,False,0.004934752964
E5,5,0,3,0.0003,moderate_redundancy,37,2,4,True,3.775970288
E5,5,0,3,0.0003,moderate_redundancy,37,3,4,False,0.1356285822
E5,5,0,3,0.0003,high_redundancy,77,0,1,True,5.74527112
E5,5,0,3,0.0003,high_redundancy,77,0,2,True,4.430394459
E5,5,0,3,0.0003,high_redundancy,77,0,3,False,0.003331849787
E5,5,0,3,0.0003,high_redundancy,77,0,4,False,0.003943406526
E5,5,0,3,0.0003,high_redundancy,77,1,2,False,7.373185341e-16
E5,5,0,3,0.0003,high_redundancy,77,1,3,True,3.96315012
E5,5,0,3,0.0003,high_redundancy,77,1,4,True,6.18514328
E5,5,0,3,0.0003,high_redundancy,77,2,3,False,5.416369134e-15
E5,5,0,3,0.0003,high_redundancy,77,2,4,True,4.1571821
E5,5,0,3,0.0003,high_redundancy,77,3,4,False,0.01045599842
E5,5,0,0,0.001,moderate_redundancy,37,0,1,True,5.408987729
E5,5,0,0,0.001,moderate_redundancy,37,0,2,True,4.485126333
E5,5,0,0,0.001,moderate_redundancy,37,0,3,False,0.01404750462
E5,5,0,0,0.001,moderate_redundancy,37,0,4,False,0.3578749125
E5,5,0,0,0.001,moderate_redundancy,37,1,2,False,1.939959569e-17
E5,5,0,0,0.001,moderate_redundancy,37,1,3,True,3.301742901
E5,5,0,0,0.001,moderate_redundancy,37,1,4,True,4.740423986
E5,5,0,0,0.001,moderate_redundancy,37,2,3,False,0.03593639385
E5,5,0,0,0.001,moderate_redundancy,37,2,4,True,4.240610885
E5,5,0,0,0.001,moderate_redundancy,37,3,4,False,2.095597066e-14
E5,5,0,0,0.001,high_redundancy,77,0,1,True,5.745914641
E5,5,0,0,0.001,high_redundancy,77,0,2,True,4.444914409
E5,5,0,0,0.001,high_redundancy,77,0,3,False,0.02764468868
E5,5,0,0,0.001,high_redundancy,77,0,4,False,0.01233635798
E5,5,0,0,0.001,high_redundancy,77,1,2,False,2.186198576e-25
E5,5,0,0,0.001,high_redundancy,77,1,3,True,3.945609349
E5,5,0,0,0.001,high_redundancy,77,1,4,True,6.17865568
E5,5,0,0,0.001,high_redundancy,77,2,3,False,4.37536799e-33
E5,5,0,0,0.001,high_redundancy,77,2,4,True,4.09253283
E5,5,0,0,0.001,high_redundancy,77,3,4,False,7.214380426e-22
E5,5,0,1,0.001,moderate_redundancy,37,0,1,True,5.334808308
E5,5,0,1,0.001,moderate_redundancy,37,0,2,True,4.953212438
E5,5,0,1,0.001,moderate_redundancy,37,0,3,False,0.007449332319
E5,5,0,1,0.001,moderate_redundancy,37,0,4,False,3.522558383e-09
E5,5,0,1,0.001,moderate_redundancy,37,1,2,False,1.0073156
E5,5,0,1,0.001,moderate_redundancy,37,1,3,True,2.897617039
E5,5,0,1,0.001,moderate_redundancy,37,1,4,True,3.630109185
E5,5,0,1,0.001,moderate_redundancy,37,2,3,False,3.841451522e-21
E5,5,0,1,0.001,moderate_redundancy,37,2,4,True,4.829102315
E5,5,0,1,0.001,moderate_redundancy,37,3,4,False,0.3613256902
E5,5,0,1,0.001,high_redundancy,77,0,1,True,5.785141951
E5,5,0,1,0.001,high_redundancy,77,0,2,True,4.401196441
E5,5,0,1,0.001,high_redundancy,77,0,3,False,2.613704116e-17
E5,5,0,1,0.001,high_redundancy,77,0,4,False,7.537292688e-23
E5,5,0,1,0.001,high_redundancy,77,1,2,False,0.0005399633585
E5,5,0,1,0.001,high_redundancy,77,1,3,True,3.98941557
E5,5,0,1,0.001,high_redundancy,77,1,4,True,6.142044126
E5,5,0,1,0.001,high_redundancy,77,2,3,False,4.043300508e-09
E5,5,0,1,0.001,high_redundancy,77,2,4,True,4.156148028
E5,5,0,1,0.001,high_redundancy,77,3,4,False,0.03813818223
E5,5,0,2,0.001,moderate_redundancy,37,0,1,True,5.96705595
E5,5,0,2,0.001,moderate_redundancy,37,0,2,True,4.21548566
E5,5,0,2,0.001,moderate_redundancy,37,0,3,False,3.969887656e-08
E5,5,0,2,0.001,moderate_redundancy,37,0,4,False,1.131247402e-08
E5,5,0,2,0.001,moderate_redundancy,37,1,2,False,0.6198947986
E5,5,0,2,0.001,moderate_redundancy,37,1,3,True,3.616396878
E5,5,0,2,0.001,moderate_redundancy,37,1,4,True,6.94960613
E5,5,0,2,0.001,moderate_redundancy,37,2,3,False,5.872955785e-12
E5,5,0,2,0.001,moderate_redundancy,37,2,4,True,2.802106238
E5,5,0,2,0.001,moderate_redundancy,37,3,4,False,0.5082718005
E5,5,0,2,0.001,high_redundancy,77,0,1,True,5.725745535
E5,5,0,2,0.001,high_redundancy,77,0,2,True,4.44253891
E5,5,0,2,0.001,high_redundancy,77,0,3,False,0.0258847202
E5,5,0,2,0.001,high_redundancy,77,0,4,False,5.079634579e-09
E5,5,0,2,0.001,high_redundancy,77,1,2,False,2.439227589e-29
E5,5,0,2,0.001,high_redundancy,77,1,3,True,3.959731319
E5,5,0,2,0.001,high_redundancy,77,1,4,True,6.162454208
E5,5,0,2,0.001,high_redundancy,77,2,3,False,5.409197483e-19
E5,5,0,2,0.001,high_redundancy,77,2,4,True,4.20392
E5,5,0,2,0.001,high_redundancy,77,3,4,False,1.711186761e-36
E5,5,0,3,0.001,moderate_redundancy,37,0,1,True,5.616055098
E5,5,0,3,0.001,moderate_redundancy,37,0,2,True,4.443475834
E5,5,0,3,0.001,moderate_redundancy,37,0,3,False,2.175764157e-10
E5,5,0,3,0.001,moderate_redundancy,37,0,4,False,0.2049589111
E5,5,0,3,0.001,moderate_redundancy,37,1,2,False,0.1431718016
E5,5,0,3,0.001,moderate_redundancy,37,1,3,True,4.080576785
E5,5,0,3,0.001,moderate_redundancy,37,1,4,True,5.211311449
E5,5,0,3,0.001,moderate_redundancy,37,2,3,False,1.618749481e-16
E5,5,0,3,0.001,moderate_redundancy,37,2,4,True,4.037549693
E5,5,0,3,0.001,moderate_redundancy,37,3,4,False,1.520339356e-28
E5,5,0,3,0.001,high_redundancy,77,0,1,True,5.738394161
E5,5,0,3,0.001,high_redundancy,77,0,2,True,4.400483271
E5,5,0,3,0.001,high_redundancy,77,0,3,False,0.008185487728
E5,5,0,3,0.001,high_redundancy,77,0,4,False,0.02518951236
E5,5,0,3,0.001,high_redundancy,77,1,2,False,0.02678636938
E5,5,0,3,0.001,high_redundancy,77,1,3,True,3.963772823
E5,5,0,3,0.001,high_redundancy,77,1,4,True,6.216760975
E5,5,0,3,0.001,high_redundancy,77,2,3,False,1.165692305e-19
E5,5,0,3,0.001,high_redundancy,77,2,4,True,4.137501338
E5,5,0,3,0.001,high_redundancy,77,3,4,False,0.01593063531
E5,5,0,0,0.003,moderate_redundancy,37,0,1,True,5.524550216
E5,5,0,0,0.003,moderate_redundancy,37,0,2,True,4.467505917
E5,5,0,0,0.003,moderate_redundancy,37,0,3,False,2.168460002e-17
E5,5,0,0,0.003,moderate_redundancy,37,0,4,False,0.2829070766
E5,5,0,0,0.003,moderate_redundancy,37,1,2,False,1.768208683e-32
E5,5,0,0,0.003,moderate_redundancy,37,1,3,True,1.995379874
E5,5,0,0,0.003,moderate_redundancy,37,1,4,True,7.111176186
E5,5,0,0,0.003,moderate_redundancy,37,2,3,False,3.83370654e-32
E5,5,0,0,0.003,moderate_redundancy,37,2,4,True,4.358598097
E5,5,0,0,0.003,moderate_redundancy,37,3,4,False,0.9775302019
E5,5,0,0,0.003,high_redundancy,77,0,1,True,5.657904887
E5,5,0,0,0.003,high_redundancy,77,0,2,True,4.487835923
E5,5,0,0,0.003,high_redundancy,77,0,3,False,0.01800812398
E5,5,0,0,0.003,high_redundancy,77,0,4,False,0.1125517548
E5,5,0,0,0.003,high_redundancy,77,1,2,False,5.650992545e-30
E5,5,0,0,0.003,high_redundancy,77,1,3,True,3.655969712
E5,5,0,0,0.003,high_redundancy,77,1,4,True,5.59348581
E5,5,0,0,0.003,high_redundancy,77,2,3,False,0.0870424462
E5,5,0,0,0.003,high_redundancy,77,2,4,True,4.380302343
E5,5,0,0,0.003,high_redundancy,77,3,4,False,0.1740856604
E5,5,0,1,0.003,moderate_redundancy,37,0,1,True,4.681924686
E5,5,0,1,0.003,moderate_redundancy,37,0,2,True,5.007945577
E5,5,0,1,0.003,moderate_redundancy,37,0,3,False,0.1368256062
E5,5,0,1,0.003,moderate_redundancy,37,0,4,False,0.2627228702
E5,5,0,1,0.003,moderate_redundancy,37,1,2,False,0.8491153355
E5,5,0,1,0.003,moderate_redundancy,37,1,3,True,1.945963237
E5,5,0,1,0.003,moderate_redundancy,37,1,4,True,2.280188483
E5,5,0,1,0.003,moderate_redundancy,37,2,3,False,0.8112500629
E5,5,0,1,0.003,moderate_redundancy,37,2,4,True,4.761442727
E5,5,0,1,0.003,moderate_redundancy,37,3,4,False,2.659151592e-36
E5,5,0,1,0.003,high_redundancy,77,0,1,True,5.809407794
E5,5,0,1,0.003,high_redundancy,77,0,2,True,4.390016981
E5,5,0,1,0.003,high_redundancy,77,0,3,False,2.26902946e-22
E5,5,0,1,0.003,high_redundancy,77,0,4,False,0.06942157071
E5,5,0,1,0.003,high_redundancy,77,1,2,False,0.08976292294
E5,5,0,1,0.003,high_redundancy,77,1,3,True,3.867461685
E5,5,0,1,0.003,high_redundancy,77,1,4,True,5.859985355
E5,5,0,1,0.003,high_redundancy,77,2,3,False,4.709050625e-32
E5,5,0,1,0.003,high_redundancy,77,2,4,True,4.05209582
E5,5,0,1,0.003,high_redundancy,77,3,4,False,6.637051752e-38
E5,5,0,2,0.003,moderate_redundancy,37,0,1,True,5.369127823
E5,5,0,2,0.003,moderate_redundancy,37,0,2,True,4.703091915
E5,5,0,2,0.003,moderate_redundancy,37,0,3,False,0.32400276
E5,5,0,2,0.003,moderate_redundancy,37,0,4,False,0.01736293808
E5,5,0,2,0.003,moderate_redundancy,37,1,2,False,1.953830961
E5,5,0,2,0.003,moderate_redundancy,37,1,3,True,1.085676513
E5,5,0,2,0.003,moderate_redundancy,37,1,4,True,4.478884766
E5,5,0,2,0.003,moderate_redundancy,37,2,3,False,0.006733429975
E5,5,0,2,0.003,moderate_redundancy,37,2,4,True,3.60266765
E5,5,0,2,0.003,moderate_redundancy,37,3,4,False,1.371999548
E5,5,0,2,0.003,high_redundancy,77,0,1,True,5.782372391
E5,5,0,2,0.003,high_redundancy,77,0,2,True,4.408258863
E5,5,0,2,0.003,high_redundancy,77,0,3,False,3.690931475e-16
E5,5,0,2,0.003,high_redundancy,77,0,4,False,0.008366587977
E5,5,0,2,0.003,high_redundancy,77,1,2,False,1.886619224e-23
E5,5,0,2,0.003,high_redundancy,77,1,3,True,3.687955345
E5,5,0,2,0.003,high_redundancy,77,1,4,True,5.835858502
E5,5,0,2,0.003,high_redundancy,77,2,3,False,3.908259137e-34
E5,5,0,2,0.003,high_redundancy,77,2,4,True,4.243985667
E5,5,0,2,0.003,high_redundancy,77,3,4,False,0.1756188272
E5,5,0,3,0.003,moderate_redundancy,37,0,1,True,5.754181289
E5,5,0,3,0.003,moderate_redundancy,37,0,2,True,4.265536912
E5,5,0,3,0.003,moderate_redundancy,37,0,3,False,8.757337198e-14
E5,5,0,3,0.003,moderate_redundancy,37,0,4,False,0.3207389558
E5,5,0,3,0.003,moderate_redundancy,37,1,2,False,1.774362577
E5,5,0,3,0.003,moderate_redundancy,37,1,3,True,2.227806284
E5,5,0,3,0.003,moderate_redundancy,37,1,4,True,5.267069379
E5,5,0,3,0.003,moderate_redundancy,37,2,3,False,1.083593649e-15
E5,5,0,3,0.003,moderate_redundancy,37,2,4,True,1.054373161
E5,5,0,3,0.003,moderate_redundancy,37,3,4,False,1.665961654
E5,5,0,3,0.003,high_redundancy,77,0,1,True,5.707411376
E5,5,0,3,0.003,high_redundancy,77,0,2,True,4.436134791
E5,5,0,3,0.003,high_redundancy,77,0,3,False,0.01624206173
E5,5,0,3,0.003,high_redundancy,77,0,4,False,0.1410892823
E5,5,0,3,0.003,high_redundancy,77,1,2,False,0.07027208587
E5,5,0,3,0.003,high_redundancy,77,1,3,True,3.91935894
E5,5,0,3,0.003,high_redundancy,77,1,4,True,5.797747779
E5,5,0,3,0.003,high_redundancy,77,2,3,False,1.189594221e-13
E5,5,0,3,0.003,high_redundancy,77,2,4,True,4.171720043
E5,5,0,3,0.003,high_redundancy,77,3,4,False,0.03130797169
E5,5,1,0,0,minimal_exact_budget,20,0,1,True,5.498539289
E5,5,1,0,0,minimal_exact_budget,20,0,2,True,5.457695676
E5,5,1,0,0,minimal_exact_budget,20,0,3,False,1.662963865e-13
E5,5,1,0,0,minimal_exact_budget,20,0,4,False,2.566835633e-12
E5,5,1,0,0,minimal_exact_budget,20,1,2,False,5.444025131e-12
E5,5,1,0,0,minimal_exact_budget,20,1,3,True,4.687956887
E5,5,1,0,0,minimal_exact_budget,20,1,4,True,6.633772353
E5,5,1,0,0,minimal_exact_budget,20,2,3,False,-1.092362465e-12
E5,5,1,0,0,minimal_exact_budget,20,2,4,True,4.643635495
E5,5,1,0,0,minimal_exact_budget,20,3,4,False,2.673844275e-12
E5,5,1,0,0,moderate_redundancy,37,0,1,True,5.49845766
E5,5,1,0,0,moderate_redundancy,37,0,2,True,5.457675249
E5,5,1,0,0,moderate_redundancy,37,0,3,False,5.606877543e-05
E5,5,1,0,0,moderate_redundancy,37,0,4,False,7.296295841e-05
E5,5,1,0,0,moderate_redundancy,37,1,2,False,1.224571793e-07
E5,5,1,0,0,moderate_redundancy,37,1,3,True,4.68771622
E5,5,1,0,0,moderate_redundancy,37,1,4,True,6.633498867
E5,5,1,0,0,moderate_redundancy,37,2,3,False,1.24005454e-05
E5,5,1,0,0,moderate_redundancy,37,2,4,True,4.64355354
E5,5,1,0,0,moderate_redundancy,37,3,4,False,8.828195921e-05
E5,5,1,0,0,high_redundancy,77,0,1,True,5.498512701
E5,5,1,0,0,high_redundancy,77,0,2,True,5.457688067
E5,5,1,0,0,high_redundancy,77,0,3,False,2.046405021e-05
E5,5,1,0,0,high_redundancy,77,0,4,False,2.335884184e-05
E5,5,1,0,0,high_redundancy,77,1,2,False,1.772348189e-05
E5,5,1,0,0,high_redundancy,77,1,3,True,4.68787266
E5,5,1,0,0,high_redundancy,77,1,4,True,6.633702254
E5,5,1,0,0,high_redundancy,77,2,3,False,6.521606746e-07
E5,5,1,0,0,high_redundancy,77,2,4,True,4.643606485
E5,5,1,0,0,high_redundancy,77,3,4,False,2.880579554e-05
E5,5,1,1,0,minimal_exact_budget,20,0,1,True,5.498539289
E5,5,1,1,0,minimal_exact_budget,20,0,2,True,5.457695676
E5,5,1,1,0,minimal_exact_budget,20,0,3,False,1.662963865e-13
E5,5,1,1,0,minimal_exact_budget,20,0,4,False,2.566835633e-12
E5,5,1,1,0,minimal_exact_budget,20,1,2,False,5.444025131e-12
E5,5,1,1,0,minimal_exact_budget,20,1,3,True,4.687956887
E5,5,1,1,0,minimal_exact_budget,20,1,4,True,6.633772353
E5,5,1,1,0,minimal_exact_budget,20,2,3,False,-1.092362465e-12
E5,5,1,1,0,minimal_exact_budget,20,2,4,True,4.643635495
E5,5,1,1,0,minimal_exact_budget,20,3,4,False,2.673844275e-12
E5,5,1,1,0,moderate_redundancy,37,0,1,True,5.49845766
E5,5,1,1,0,moderate_redundancy,37,0,2,True,5.457675249
E5,5,1,1,0,moderate_redundancy,37,0,3,False,5.606877543e-05
E5,5,1,1,0,moderate_redundancy,37,0,4,False,7.296295841e-05
E5,5,1,1,0,moderate_redundancy,37,1,2,False,1.224571793e-07
E5,5,1,1,0,moderate_redundancy,37,1,3,True,4.68771622
E5,5,1,1,0,moderate_redundancy,37,1,4,True,6.633498867
E5,5,1,1,0,moderate_redundancy,37,2,3,False,1.24005454e-05
E5,5,1,1,0,moderate_redundancy,37,2,4,True,4.64355354
E5,5,1,1,0,moderate_redundancy,37,3,4,False,8.828195921e-05
E5,5,1,1,0,high_redundancy,77,0,1,True,5.498512701
E5,5,1,1,0,high_redundancy,77,0,2,True,5.457688067
E5,5,1,1,0,high_redundancy,77,0,3,False,2.046405021e-05
E5,5,1,1,0,high_redundancy,77,0,4,False,2.335884184e-05
E5,5,1,1,0,high_redundancy,77,1,2,False,1.772348189e-05
E5,5,1,1,0,high_redundancy,77,1,3,True,4.68787266
E5,5,1,1,0,high_redundancy,77,1,4,True,6.633702254
E5,5,1,1,0,high_redundancy,77,2,3,False,6.521606746e-07
E5,5,1,1,0,high_redundancy,77,2,4,True,4.643606485
E5,5,1,1,0,high_redundancy,77,3,4,False,2.880579554e-05
E5,5,1,2,0,minimal_exact_budget,20,0,1,True,5.498539289
E5,5,1,2,0,minimal_exact_budget,20,0,2,True,5.457695676
E5,5,1,2,0,minimal_exact_budget,20,0,3,False,1.662963865e-13
E5,5,1,2,0,minimal_exact_budget,20,0,4,False,2.566835633e-12
E5,5,1,2,0,minimal_exact_budget,20,1,2,False,5.444025131e-12
E5,5,1,2,0,minimal_exact_budget,20,1,3,True,4.687956887
E5,5,1,2,0,minimal_exact_budget,20,1,4,True,6.633772353
E5,5,1,2,0,minimal_exact_budget,20,2,3,False,-1.092362465e-12
E5,5,1,2,0,minimal_exact_budget,20,2,4,True,4.643635495
E5,5,1,2,0,minimal_exact_budget,20,3,4,False,2.673844275e-12
E5,5,1,2,0,moderate_redundancy,37,0,1,True,5.49845766
E5,5,1,2,0,moderate_redundancy,37,0,2,True,5.457675249
E5,5,1,2,0,moderate_redundancy,37,0,3,False,5.606877543e-05
E5,5,1,2,0,moderate_redundancy,37,0,4,False,7.296295841e-05
E5,5,1,2,0,moderate_redundancy,37,1,2,False,1.224571793e-07
E5,5,1,2,0,moderate_redundancy,37,1,3,True,4.68771622
E5,5,1,2,0,moderate_redundancy,37,1,4,True,6.633498867
E5,5,1,2,0,moderate_redundancy,37,2,3,False,1.24005454e-05
E5,5,1,2,0,moderate_redundancy,37,2,4,True,4.64355354
E5,5,1,2,0,moderate_redundancy,37,3,4,False,8.828195921e-05
E5,5,1,2,0,high_redundancy,77,0,1,True,5.498512701
E5,5,1,2,0,high_redundancy,77,0,2,True,5.457688067
E5,5,1,2,0,high_redundancy,77,0,3,False,2.046405021e-05
E5,5,1,2,0,high_redundancy,77,0,4,False,2.335884184e-05
E5,5,1,2,0,high_redundancy,77,1,2,False,1.772348189e-05
E5,5,1,2,0,high_redundancy,77,1,3,True,4.68787266
E5,5,1,2,0,high_redundancy,77,1,4,True,6.633702254
E5,5,1,2,0,high_redundancy,77,2,3,False,6.521606746e-07
E5,5,1,2,0,high_redundancy,77,2,4,True,4.643606485
E5,5,1,2,0,high_redundancy,77,3,4,False,2.880579554e-05
E5,5,1,3,0,minimal_exact_budget,20,0,1,True,5.498539289
E5,5,1,3,0,minimal_exact_budget,20,0,2,True,5.457695676
E5,5,1,3,0,minimal_exact_budget,20,0,3,False,1.662963865e-13
E5,5,1,3,0,minimal_exact_budget,20,0,4,False,2.566835633e-12
E5,5,1,3,0,minimal_exact_budget,20,1,2,False,5.444025131e-12
E5,5,1,3,0,minimal_exact_budget,20,1,3,True,4.687956887
E5,5,1,3,0,minimal_exact_budget,20,1,4,True,6.633772353
E5,5,1,3,0,minimal_exact_budget,20,2,3,False,-1.092362465e-12
E5,5,1,3,0,minimal_exact_budget,20,2,4,True,4.643635495
E5,5,1,3,0,minimal_exact_budget,20,3,4,False,2.673844275e-12
E5,5,1,3,0,moderate_redundancy,37,0,1,True,5.49845766
E5,5,1,3,0,moderate_redundancy,37,0,2,True,5.457675249
E5,5,1,3,0,moderate_redundancy,37,0,3,False,5.606877543e-05
E5,5,1,3,0,moderate_redundancy,37,0,4,False,7.296295841e-05
E5,5,1,3,0,moderate_redundancy,37,1,2,False,1.224571793e-07
E5,5,1,3,0,moderate_redundancy,37,1,3,True,4.68771622
E5,5,1,3,0,moderate_redundancy,37,1,4,True,6.633498867
E5,5,1,3,0,moderate_redundancy,37,2,3,False,1.24005454e-05
E5,5,1,3,0,moderate_redundancy,37,2,4,True,4.64355354
E5,5,1,3,0,moderate_redundancy,37,3,4,False,8.828195921e-05
E5,5,1,3,0,high_redundancy,77,0,1,True,5.498512701
E5,5,1,3,0,high_redundancy,77,0,2,True,5.457688067
E5,5,1,3,0,high_redundancy,77,0,3,False,2.046405021e-05
E5,5,1,3,0,high_redundancy,77,0,4,False,2.335884184e-05
E5,5,1,3,0,high_redundancy,77,1,2,False,1.772348189e-05
E5,5,1,3,0,high_redundancy,77,1,3,True,4.68787266
E5,5,1,3,0,high_redundancy,77,1,4,True,6.633702254
E5,5,1,3,0,high_redundancy,77,2,3,False,6.521606746e-07
E5,5,1,3,0,high_redundancy,77,2,4,True,4.643606485
E5,5,1,3,0,high_redundancy,77,3,4,False,2.880579554e-05
E5,5,1,0,0.0001,moderate_redundancy,37,0,1,True,5.501887126
E5,5,1,0,0.0001,moderate_redundancy,37,0,2,True,5.459194336
E5,5,1,0,0.0001,moderate_redundancy,37,0,3,False,2.46344447e-07
E5,5,1,0,0.0001,moderate_redundancy,37,0,4,False,1.652706806e-08
E5,5,1,0,0.0001,moderate_redundancy,37,1,2,False,1.593913332e-11
E5,5,1,0,0.0001,moderate_redundancy,37,1,3,True,4.704603819
E5,5,1,0,0.0001,moderate_redundancy,37,1,4,True,6.613797006
E5,5,1,0,0.0001,moderate_redundancy,37,2,3,False,0.003526115807
E5,5,1,0,0.0001,moderate_redundancy,37,2,4,True,4.619791755
E5,5,1,0,0.0001,moderate_redundancy,37,3,4,False,0.00322529803
E5,5,1,0,0.0001,high_redundancy,77,0,1,True,5.499682914
E5,5,1,0,0.0001,high_redundancy,77,0,2,True,5.456787127
E5,5,1,0,0.0001,high_redundancy,77,0,3,False,4.419355557e-08
E5,5,1,0,0.0001,high_redundancy,77,0,4,False,0.0006952023735
E5,5,1,0,0.0001,high_redundancy,77,1,2,False,2.59495334e-14
E5,5,1,0,0.0001,high_redundancy,77,1,3,True,4.681837338
E5,5,1,0,0.0001,high_redundancy,77,1,4,True,6.635296699
E5,5,1,0,0.0001,high_redundancy,77,2,3,False,0.002087577995
E5,5,1,0,0.0001,high_redundancy,77,2,4,True,4.635840922
E5,5,1,0,0.0001,high_redundancy,77,3,4,False,0.0002646730366
E5,5,1,1,0.0001,moderate_redundancy,37,0,1,True,5.485280228
E5,5,1,1,0.0001,moderate_redundancy,37,0,2,True,5.455552739
E5,5,1,1,0.0001,moderate_redundancy,37,0,3,False,1.743414495e-05
E5,5,1,1,0.0001,moderate_redundancy,37,0,4,False,0.01683352387
E5,5,1,1,0.0001,moderate_redundancy,37,1,2,False,0.002534069956
E5,5,1,1,0.0001,moderate_redundancy,37,1,3,True,4.620859943
E5,5,1,1,0.0001,moderate_redundancy,37,1,4,True,6.578386917
E5,5,1,1,0.0001,moderate_redundancy,37,2,3,False,0.002146765512
E5,5,1,1,0.0001,moderate_redundancy,37,2,4,True,4.622420895
E5,5,1,1,0.0001,moderate_redundancy,37,3,4,False,0.0354778814
E5,5,1,1,0.0001,high_redundancy,77,0,1,True,5.497146303
E5,5,1,1,0.0001,high_redundancy,77,0,2,True,5.455700519
E5,5,1,1,0.0001,high_redundancy,77,0,3,False,0.0006796274082
E5,5,1,1,0.0001,high_redundancy,77,0,4,False,0.003171268211
E5,5,1,1,0.0001,high_redundancy,77,1,2,False,0.000515030571
E5,5,1,1,0.0001,high_redundancy,77,1,3,True,4.677691632
E5,5,1,1,0.0001,high_redundancy,77,1,4,True,6.624757562
E5,5,1,1,0.0001,high_redundancy,77,2,3,False,0.0005173003289
E5,5,1,1,0.0001,high_redundancy,77,2,4,True,4.639543443
E5,5,1,1,0.0001,high_redundancy,77,3,4,False,0.003694283203
E5,5,1,2,0.0001,moderate_redundancy,37,0,1,True,5.508971181
E5,5,1,2,0.0001,moderate_redundancy,37,0,2,True,5.42588136
E5,5,1,2,0.0001,moderate_redundancy,37,0,3,False,2.141524289e-10
E5,5,1,2,0.0001,moderate_redundancy,37,0,4,False,0.03845011668
E5,5,1,2,0.0001,moderate_redundancy,37,1,2,False,0.05859889441
E5,5,1,2,0.0001,moderate_redundancy,37,1,3,True,4.653278556
E5,5,1,2,0.0001,moderate_redundancy,37,1,4,True,6.605640996
E5,5,1,2,0.0001,moderate_redundancy,37,2,3,False,0.0008566686601
E5,5,1,2,0.0001,moderate_redundancy,37,2,4,True,4.454577247
E5,5,1,2,0.0001,moderate_redundancy,37,3,4,False,2.275144596e-09
E5,5,1,2,0.0001,high_redundancy,77,0,1,True,5.497792968
E5,5,1,2,0.0001,high_redundancy,77,0,2,True,5.456227579
E5,5,1,2,0.0001,high_redundancy,77,0,3,False,0.003736200905
E5,5,1,2,0.0001,high_redundancy,77,0,4,False,0.00208729168
E5,5,1,2,0.0001,high_redundancy,77,1,2,False,1.197965442e-10
E5,5,1,2,0.0001,high_redundancy,77,1,3,True,4.684736989
E5,5,1,2,0.0001,high_redundancy,77,1,4,True,6.622638352
E5,5,1,2,0.0001,high_redundancy,77,2,3,False,0.0002291546083
E5,5,1,2,0.0001,high_redundancy,77,2,4,True,4.638541615
E5,5,1,2,0.0001,high_redundancy,77,3,4,False,9.892520074e-17
E5,5,1,3,0.0001,moderate_redundancy,37,0,1,True,5.501745128
E5,5,1,3,0.0001,moderate_redundancy,37,0,2,True,5.458382935
E5,5,1,3,0.0001,moderate_redundancy,37,0,3,False,5.208829409e-14
E5,5,1,3,0.0001,moderate_redundancy,37,0,4,False,0.0020232077
E5,5,1,3,0.0001,moderate_redundancy,37,1,2,False,5.061161741e-28
E5,5,1,3,0.0001,moderate_redundancy,37,1,3,True,4.565814477
E5,5,1,3,0.0001,moderate_redundancy,37,1,4,True,6.741536613
E5,5,1,3,0.0001,moderate_redundancy,37,2,3,False,0.06241012809
E5,5,1,3,0.0001,moderate_redundancy,37,2,4,True,4.597941875
E5,5,1,3,0.0001,moderate_redundancy,37,3,4,False,0.03205796965
E5,5,1,3,0.0001,high_redundancy,77,0,1,True,5.496709501
E5,5,1,3,0.0001,high_redundancy,77,0,2,True,5.457707622
E5,5,1,3,0.0001,high_redundancy,77,0,3,False,0.003196059212
E5,5,1,3,0.0001,high_redundancy,77,0,4,False,0.001622459346
E5,5,1,3,0.0001,high_redundancy,77,1,2,False,7.242854655e-18
E5,5,1,3,0.0001,high_redundancy,77,1,3,True,4.673034413
E5,5,1,3,0.0001,high_redundancy,77,1,4,True,6.636969996
E5,5,1,3,0.0001,high_redundancy,77,2,3,False,6.507082773e-21
E5,5,1,3,0.0001,high_redundancy,77,2,4,True,4.64188405
E5,5,1,3,0.0001,high_redundancy,77,3,4,False,0.002812649066
E5,5,1,0,0.0003,moderate_redundancy,37,0,1,True,5.358006638
E5,5,1,0,0.0003,moderate_redundancy,37,0,2,True,5.472483998
E5,5,1,0,0.0003,moderate_redundancy,37,0,3,False,0.01073544804
E5,5,1,0,0.0003,moderate_redundancy,37,0,4,False,0.1102945664
E5,5,1,0,0.0003,moderate_redundancy,37,1,2,False,0.03021068024
E5,5,1,0,0.0003,moderate_redundancy,37,1,3,True,4.583325863
E5,5,1,0,0.0003,moderate_redundancy,37,1,4,True,5.99749588
E5,5,1,0,0.0003,moderate_redundancy,37,2,3,False,0.03736261229
E5,5,1,0,0.0003,moderate_redundancy,37,2,4,True,4.643574138
E5,5,1,0,0.0003,moderate_redundancy,37,3,4,False,3.399747411e-14
E5,5,1,0,0.0003,high_redundancy,77,0,1,True,5.487410472
E5,5,1,0,0.0003,high_redundancy,77,0,2,True,5.45714814
E5,5,1,0,0.0003,high_redundancy,77,0,3,False,7.231262049e-17
E5,5,1,0,0.0003,high_redundancy,77,0,4,False,1.124940942e-16
E5,5,1,0,0.0003,high_redundancy,77,1,2,False,0.01140789565
E5,5,1,0,0.0003,high_redundancy,77,1,3,True,4.668560272
E5,5,1,0,0.0003,high_redundancy,77,1,4,True,6.6283191
E5,5,1,0,0.0003,high_redundancy,77,2,3,False,4.743668715e-13
E5,5,1,0,0.0003,high_redundancy,77,2,4,True,4.63168766
E5,5,1,0,0.0003,high_redundancy,77,3,4,False,0.002480304366
E5,5,1,1,0.0003,moderate_redundancy,37,0,1,True,5.369438677
E5,5,1,1,0.0003,moderate_redundancy,37,0,2,True,5.537879659
E5,5,1,1,0.0003,moderate_redundancy,37,0,3,False,6.89270825e-09
E5,5,1,1,0.0003,moderate_redundancy,37,0,4,False,0.0520939776
E5,5,1,1,0.0003,moderate_redundancy,37,1,2,False,0.3534463277
E5,5,1,1,0.0003,moderate_redundancy,37,1,3,True,4.078072557
E5,5,1,1,0.0003,moderate_redundancy,37,1,4,True,5.811609698
E5,5,1,1,0.0003,moderate_redundancy,37,2,3,False,3.602230176e-22
E5,5,1,1,0.0003,moderate_redundancy,37,2,4,True,4.508832297
E5,5,1,1,0.0003,moderate_redundancy,37,3,4,False,0.2258538581
E5,5,1,1,0.0003,high_redundancy,77,0,1,True,5.509565966
E5,5,1,1,0.0003,high_redundancy,77,0,2,True,5.456257917
E5,5,1,1,0.0003,high_redundancy,77,0,3,False,1.322096847e-20
E5,5,1,1,0.0003,high_redundancy,77,0,4,False,0.0001106733841
E5,5,1,1,0.0003,high_redundancy,77,1,2,False,1.280479569e-35
E5,5,1,1,0.0003,high_redundancy,77,1,3,True,4.670472119
E5,5,1,1,0.0003,high_redundancy,77,1,4,True,6.666863834
E5,5,1,1,0.0003,high_redundancy,77,2,3,False,2.126396658e-24
E5,5,1,1,0.0003,high_redundancy,77,2,4,True,4.603145482
E5,5,1,1,0.0003,high_redundancy,77,3,4,False,0.0101653616
E5,5,1,2,0.0003,moderate_redundancy,37,0,1,True,5.422715667
E5,5,1,2,0.0003,moderate_redundancy,37,0,2,True,5.377592224
E5,5,1,2,0.0003,moderate_redundancy,37,0,3,False,0.1517680711
E5,5,1,2,0.0003,moderate_redundancy,37,0,4,False,0.07954951384
E5,5,1,2,0.0003,moderate_redundancy,37,1,2,False,5.556537288e-22
E5,5,1,2,0.0003,moderate_redundancy,37,1,3,True,4.508513652
E5,5,1,2,0.0003,moderate_redundancy,37,1,4,True,6.282261983
E5,5,1,2,0.0003,moderate_redundancy,37,2,3,False,7.760409387e-26
E5,5,1,2,0.0003,moderate_redundancy,37,2,4,True,4.357475621
E5,5,1,2,0.0003,moderate_redundancy,37,3,4,False,2.917819392e-14
E5,5,1,2,0.0003,high_redundancy,77,0,1,True,5.487220458
E5,5,1,2,0.0003,high_redundancy,77,0,2,True,5.449709015
E5,5,1,2,0.0003,high_redundancy,77,0,3,False,8.731982552e-09
E5,5,1,2,0.0003,high_redundancy,77,0,4,False,0.01287927003
E5,5,1,2,0.0003,high_redundancy,77,1,2,False,2.898640332e-09
E5,5,1,2,0.0003,high_redundancy,77,1,3,True,4.685848615
E5,5,1,2,0.0003,high_redundancy,77,1,4,True,6.598775874
E5,5,1,2,0.0003,high_redundancy,77,2,3,False,3.132226871e-11
E5,5,1,2,0.0003,high_redundancy,77,2,4,True,4.631399775
E5,5,1,2,0.0003,high_redundancy,77,3,4,False,0.01369305537
E5,5,1,3,0.0003,moderate_redundancy,37,0,1,True,5.436390424
E5,5,1,3,0.0003,moderate_redundancy,37,0,2,True,5.51194888
E5,5,1,3,0.0003,moderate_redundancy,37,0,3,False,1.860194513e-06
E5,5,1,3,0.0003,moderate_redundancy,37,0,4,False,0.00319393077
E5,5,1,3,0.0003,moderate_redundancy,37,1,2,False,4.859085124e-09
E5,5,1,3,0.0003,moderate_redundancy,37,1,3,True,4.486359996
E5,5,1,3,0.0003,moderate_redundancy,37,1,4,True,6.463071957
E5,5,1,3,0.0003,moderate_redundancy,37,2,3,False,1.383650696e-12
E5,5,1,3,0.0003,moderate_redundancy,37,2,4,True,4.835943458
E5,5,1,3,0.0003,moderate_redundancy,37,3,4,False,1.795444038e-15
E5,5,1,3,0.0003,high_redundancy,77,0,1,True,5.494154704
E5,5,1,3,0.0003,high_redundancy,77,0,2,True,5.4548839
E5,5,1,3,0.0003,high_redundancy,77,0,3,False,3.121567362e-13
E5,5,1,3,0.0003,high_redundancy,77,0,4,False,6.945787004e-06
E5,5,1,3,0.0003,high_redundancy,77,1,2,False,0.0009340280176
E5,5,1,3,0.0003,high_redundancy,77,1,3,True,4.657317162
E5,5,1,3,0.0003,high_redundancy,77,1,4,True,6.602641003
E5,5,1,3,0.0003,high_redundancy,77,2,3,False,4.459022654e-13
E5,5,1,3,0.0003,high_redundancy,77,2,4,True,4.652203361
E5,5,1,3,0.0003,high_redundancy,77,3,4,False,0.0261243483
E5,5,1,0,0.001,moderate_redundancy,37,0,1,True,5.608110425
E5,5,1,0,0.001,moderate_redundancy,37,0,2,True,5.314382029
E5,5,1,0,0.001,moderate_redundancy,37,0,3,False,1.345494459e-09
E5,5,1,0,0.001,moderate_redundancy,37,0,4,False,2.487691552e-06
E5,5,1,0,0.001,moderate_redundancy,37,1,2,False,1.094194332e-06
E5,5,1,0,0.001,moderate_redundancy,37,1,3,True,4.096882321
E5,5,1,0,0.001,moderate_redundancy,37,1,4,True,8.117462386
E5,5,1,0,0.001,moderate_redundancy,37,2,3,False,1.23437232e-14
E5,5,1,0,0.001,moderate_redundancy,37,2,4,True,4.208507039
E5,5,1,0,0.001,moderate_redundancy,37,3,4,False,0.2570504771
E5,5,1,0,0.001,high_redundancy,77,0,1,True,5.487866883
E5,5,1,0,0.001,high_redundancy,77,0,2,True,5.456607732
E5,5,1,0,0.001,high_redundancy,77,0,3,False,1.826617902e-09
E5,5,1,0,0.001,high_redundancy,77,0,4,False,0.02419415052
E5,5,1,0,0.001,high_redundancy,77,1,2,False,5.072676925e-18
E5,5,1,0,0.001,high_redundancy,77,1,3,True,4.700187001
E5,5,1,0,0.001,high_redundancy,77,1,4,True,6.430676935
E5,5,1,0,0.001,high_redundancy,77,2,3,False,7.880503824e-15
E5,5,1,0,0.001,high_redundancy,77,2,4,True,4.689881069
E5,5,1,0,0.001,high_redundancy,77,3,4,False,0.01906665546
E5,5,1,1,0.001,moderate_redundancy,37,0,1,True,5.178175879
E5,5,1,1,0.001,moderate_redundancy,37,0,2,True,5.295357424
E5,5,1,1,0.001,moderate_redundancy,37,0,3,False,0.2239142867
E5,5,1,1,0.001,moderate_redundancy,37,0,4,False,0.3061768867
E5,5,1,1,0.001,moderate_redundancy,37,1,2,False,0.6737520245
E5,5,1,1,0.001,moderate_redundancy,37,1,3,True,4.576777318
E5,5,1,1,0.001,moderate_redundancy,37,1,4,True,4.467166411
E5,5,1,1,0.001,moderate_redundancy,37,2,3,False,6.486127083e-45
E5,5,1,1,0.001,moderate_redundancy,37,2,4,True,3.290924023
E5,5,1,1,0.001,moderate_redundancy,37,3,4,False,7.664788037e-37
E5,5,1,1,0.001,high_redundancy,77,0,1,True,5.452063687
E5,5,1,1,0.001,high_redundancy,77,0,2,True,5.457446347
E5,5,1,1,0.001,high_redundancy,77,0,3,False,0.0127413829
E5,5,1,1,0.001,high_redundancy,77,0,4,False,0.005533262232
E5,5,1,1,0.001,high_redundancy,77,1,2,False,1.432007213e-12
E5,5,1,1,0.001,high_redundancy,77,1,3,True,4.629181764
E5,5,1,1,0.001,high_redundancy,77,1,4,True,6.489257179
E5,5,1,1,0.001,high_redundancy,77,2,3,False,2.331428817e-38
E5,5,1,1,0.001,high_redundancy,77,2,4,True,4.741489184
E5,5,1,1,0.001,high_redundancy,77,3,4,False,0.0235613182
E5,5,1,2,0.001,moderate_redundancy,37,0,1,True,5.477441792
E5,5,1,2,0.001,moderate_redundancy,37,0,2,True,5.364008142
E5,5,1,2,0.001,moderate_redundancy,37,0,3,False,0.05979503054
E5,5,1,2,0.001,moderate_redundancy,37,0,4,False,7.770917446e-16
E5,5,1,2,0.001,moderate_redundancy,37,1,2,False,6.89698412e-37
E5,5,1,2,0.001,moderate_redundancy,37,1,3,True,3.550846182
E5,5,1,2,0.001,moderate_redundancy,37,1,4,True,7.200752541
E5,5,1,2,0.001,moderate_redundancy,37,2,3,False,1.551186138e-35
E5,5,1,2,0.001,moderate_redundancy,37,2,4,True,4.49471113
E5,5,1,2,0.001,moderate_redundancy,37,3,4,False,0.4289633243
E5,5,1,2,0.001,high_redundancy,77,0,1,True,5.511925458
E5,5,1,2,0.001,high_redundancy,77,0,2,True,5.460529061
E5,5,1,2,0.001,high_redundancy,77,0,3,False,1.31081474e-11
E5,5,1,2,0.001,high_redundancy,77,0,4,False,1.938439008e-14
E5,5,1,2,0.001,high_redundancy,77,1,2,False,0.0201239105
E5,5,1,2,0.001,high_redundancy,77,1,3,True,4.716993111
E5,5,1,2,0.001,high_redundancy,77,1,4,True,6.581278596
E5,5,1,2,0.001,high_redundancy,77,2,3,False,0.005757172598
E5,5,1,2,0.001,high_redundancy,77,2,4,True,4.660445572
E5,5,1,2,0.001,high_redundancy,77,3,4,False,7.015595932e-13
E5,5,1,3,0.001,moderate_redundancy,37,0,1,True,5.044383766
E5,5,1,3,0.001,moderate_redundancy,37,0,2,True,5.545290674
E5,5,1,3,0.001,moderate_redundancy,37,0,3,False,0.3480684608
E5,5,1,3,0.001,moderate_redundancy,37,0,4,False,0.1381918065
E5,5,1,3,0.001,moderate_redundancy,37,1,2,False,2.176670774e-13
E5,5,1,3,0.001,moderate_redundancy,37,1,3,True,2.96811369
E5,5,1,3,0.001,moderate_redundancy,37,1,4,True,5.347722831
E5,5,1,3,0.001,moderate_redundancy,37,2,3,False,2.573426418e-22
E5,5,1,3,0.001,moderate_redundancy,37,2,4,True,4.801201787
E5,5,1,3,0.001,moderate_redundancy,37,3,4,False,0.8291188983
E5,5,1,3,0.001,high_redundancy,77,0,1,True,5.463977371
E5,5,1,3,0.001,high_redundancy,77,0,2,True,5.420129629
E5,5,1,3,0.001,high_redundancy,77,0,3,False,0.02661504983
E5,5,1,3,0.001,high_redundancy,77,0,4,False,0.04456467757
E5,5,1,3,0.001,high_redundancy,77,1,2,False,0.05788307504
E5,5,1,3,0.001,high_redundancy,77,1,3,True,4.627745547
E5,5,1,3,0.001,high_redundancy,77,1,4,True,6.621110801
E5,5,1,3,0.001,high_redundancy,77,2,3,False,8.277425127e-14
E5,5,1,3,0.001,high_redundancy,77,2,4,True,4.564893207
E5,5,1,3,0.001,high_redundancy,77,3,4,False,0.04140252867
E5,5,1,0,0.003,moderate_redundancy,37,0,1,True,5.5181949
E5,5,1,0,0.003,moderate_redundancy,37,0,2,True,5.363867599
E5,5,1,0,0.003,moderate_redundancy,37,0,3,False,4.353079913e-13
E5,5,1,0,0.003,moderate_redundancy,37,0,4,False,2.377167896e-09
E5,5,1,0,0.003,moderate_redundancy,37,1,2,False,0.2687569419
E5,5,1,0,0.003,moderate_redundancy,37,1,3,True,8.295200813e-13
E5,5,1,0,0.003,moderate_redundancy,37,1,4,True,10.49018418
E5,5,1,0,0.003,moderate_redundancy,37,2,3,False,1.701962689
E5,5,1,0,0.003,moderate_redundancy,37,2,4,True,3.158510148
E5,5,1,0,0.003,moderate_redundancy,37,3,4,False,1.773558756
E5,5,1,0,0.003,high_redundancy,77,0,1,True,5.514349066
E5,5,1,0,0.003,high_redundancy,77,0,2,True,5.434430803
E5,5,1,0,0.003,high_redundancy,77,0,3,False,1.255535994e-11
E5,5,1,0,0.003,high_redundancy,77,0,4,False,5.296479431e-15
E5,5,1,0,0.003,high_redundancy,77,1,2,False,0.1099366424
E5,5,1,0,0.003,high_redundancy,77,1,3,True,4.426614379
E5,5,1,0,0.003,high_redundancy,77,1,4,True,6.755498637
E5,5,1,0,0.003,high_redundancy,77,2,3,False,1.401445454e-19
E5,5,1,0,0.003,high_redundancy,77,2,4,True,4.431345355
E5,5,1,0,0.003,high_redundancy,77,3,4,False,1.932549607e-18
E5,5,1,1,0.003,moderate_redundancy,37,0,1,True,4.944949928
E5,5,1,1,0.003,moderate_redundancy,37,0,2,True,5.588507217
E5,5,1,1,0.003,moderate_redundancy,37,0,3,False,0.0255322857
E5,5,1,1,0.003,moderate_redundancy,37,0,4,False,0.5839613538
E5,5,1,1,0.003,moderate_redundancy,37,1,2,False,1.045125566
E5,5,1,1,0.003,moderate_redundancy,37,1,3,True,3.435551542
E5,5,1,1,0.003,moderate_redundancy,37,1,4,True,2.945131341
E5,5,1,1,0.003,moderate_redundancy,37,2,3,False,9.843929092e-17
E5,5,1,1,0.003,moderate_redundancy,37,2,4,True,3.337505547
E5,5,1,1,0.003,moderate_redundancy,37,3,4,False,2.244648494e-26
E5,5,1,1,0.003,high_redundancy,77,0,1,True,5.521215429
E5,5,1,1,0.003,high_redundancy,77,0,2,True,5.384897322
E5,5,1,1,0.003,high_redundancy,77,0,3,False,7.463099698e-18
E5,5,1,1,0.003,high_redundancy,77,0,4,False,0.07143370514
E5,5,1,1,0.003,high_redundancy,77,1,2,False,1.745157145e-22
E5,5,1,1,0.003,high_redundancy,77,1,3,True,4.952942686
E5,5,1,1,0.003,high_redundancy,77,1,4,True,6.813126761
E5,5,1,1,0.003,high_redundancy,77,2,3,False,6.156555846e-24
E5,5,1,1,0.003,high_redundancy,77,2,4,True,4.442853817
E5,5,1,1,0.003,high_redundancy,77,3,4,False,6.93055967e-25
E5,5,1,2,0.003,moderate_redundancy,37,0,1,True,5.513936091
E5,5,1,2,0.003,moderate_redundancy,37,0,2,True,5.143043042
E5,5,1,2,0.003,moderate_redundancy,37,0,3,False,3.831424664e-09
E5,5,1,2,0.003,moderate_redundancy,37,0,4,False,0.4703166983
E5,5,1,2,0.003,moderate_redundancy,37,1,2,False,0.2116063523
E5,5,1,2,0.003,moderate_redundancy,37,1,3,True,8.031226411
E5,5,1,2,0.003,moderate_redundancy,37,1,4,True,4.203632856
E5,5,1,2,0.003,moderate_redundancy,37,2,3,False,0.3782377526
E5,5,1,2,0.003,moderate_redundancy,37,2,4,True,2.664979083
E5,5,1,2,0.003,moderate_redundancy,37,3,4,False,7.385894125e-11
E5,5,1,2,0.003,high_redundancy,77,0,1,True,5.341657247
E5,5,1,2,0.003,high_redundancy,77,0,2,True,5.410730686
E5,5,1,2,0.003,high_redundancy,77,0,3,False,0.1125722246
E5,5,1,2,0.003,high_redundancy,77,0,4,False,6.598134712e-14
E5,5,1,2,0.003,high_redundancy,77,1,2,False,1.430333019e-18
E5,5,1,2,0.003,high_redundancy,77,1,3,True,4.357266967
E5,5,1,2,0.003,high_redundancy,77,1,4,True,7.011879649
E5,5,1,2,0.003,high_redundancy,77,2,3,False,4.154836589e-36
E5,5,1,2,0.003,high_redundancy,77,2,4,True,4.65991386
E5,5,1,2,0.003,high_redundancy,77,3,4,False,7.073023153e-29
E5,5,1,3,0.003,moderate_redundancy,37,0,1,True,5.193980952
E5,5,1,3,0.003,moderate_redundancy,37,0,2,True,4.717091856
E5,5,1,3,0.003,moderate_redundancy,37,0,3,False,0.7420089422
E5,5,1,3,0.003,moderate_redundancy,37,0,4,False,0.7832118828
E5,5,1,3,0.003,moderate_redundancy,37,1,2,False,0.638711097
E5,5,1,3,0.003,moderate_redundancy,37,1,3,True,1.918405675
E5,5,1,3,0.003,moderate_redundancy,37,1,4,True,6.196074086
E5,5,1,3,0.003,moderate_redundancy,37,2,3,False,0.0581349039
E5,5,1,3,0.003,moderate_redundancy,37,2,4,True,1.671949975
E5,5,1,3,0.003,moderate_redundancy,37,3,4,False,0.4246077757
E5,5,1,3,0.003,high_redundancy,77,0,1,True,5.438707126
E5,5,1,3,0.003,high_redundancy,77,0,2,True,5.446497106
E5,5,1,3,0.003,high_redundancy,77,0,3,False,6.407752483e-16
E5,5,1,3,0.003,high_redundancy,77,0,4,False,0.1519134872
E5,5,1,3,0.003,high_redundancy,77,1,2,False,0.1710580742
E5,5,1,3,0.003,high_redundancy,77,1,3,True,4.580868797
E5,5,1,3,0.003,high_redundancy,77,1,4,True,6.393840661
E5,5,1,3,0.003,high_redundancy,77,2,3,False,1.924674899e-16
E5,5,1,3,0.003,high_redundancy,77,2,4,True,4.203314971
E5,5,1,3,0.003,high_redundancy,77,3,4,False,0.107231942
