movie,n,cycle_rank,draw_id,replicate,noise_fraction,noise_percent,design,query_count,cutoff,fit_success,status,prediction_available,topology_precision,topology_recall,topology_F1
E3,5,1,0,0,0,0,minimal_exact_budget,20,0.15,True,recovered,True,1,1,1
E3,5,1,0,0,0,0,minimal_exact_budget,20,0.2,True,recovered,True,1,1,1
E3,5,1,0,0,0,0,minimal_exact_budget,20,0.25,True,recovered,True,1,1,1
E3,5,1,0,0,0,0,minimal_exact_budget,20,0.3,True,recovered,True,1,1,1
E3,5,1,0,0,0,0,minimal_exact_budget,20,0.35,True,recovered,True,1,1,1
E3,5,1,0,0,0,0,moderate_redundancy,37,0.15,True,fit_complete,True,1,1,1
E3,5,1,0,0,0,0,moderate_redundancy,37,0.2,True,fit_complete,True,1,1,1
E3,5,1,0,0,0,0,moderate_redundancy,37,0.25,True,fit_complete,True,1,1,1
E3,5,1,0,0,0,0,moderate_redundancy,37,0.3,True,fit_complete,True,1,1,1
E3,5,1,0,0,0,0,moderate_redundancy,37,0.35,True,fit_complete,True,1,1,1
E3,5,1,0,0,0,0,high_redundancy,77,0.15,True,fit_complete,True,1,1,1
E3,5,1,0,0,0,0,high_redundancy,77,0.2,True,fit_complete,True,1,1,1
E3,5,1,0,0,0,0,high_redundancy,77,0.25,True,fit_complete,True,1,1,1
E3,5,1,0,0,0,0,high_redundancy,77,0.3,True,fit_complete,True,1,1,1
E3,5,1,0,0,0,0,high_redundancy,77,0.35,True,fit_complete,True,1,1,1
E3,5,1,0,1,0,0,minimal_exact_budget,20,0.15,True,recovered,True,1,1,1
E3,5,1,0,1,0,0,minimal_exact_budget,20,0.2,True,recovered,True,1,1,1
E3,5,1,0,1,0,0,minimal_exact_budget,20,0.25,True,recovered,True,1,1,1
E3,5,1,0,1,0,0,minimal_exact_budget,20,0.3,True,recovered,True,1,1,1
E3,5,1,0,1,0,0,minimal_exact_budget,20,0.35,True,recovered,True,1,1,1
E3,5,1,0,1,0,0,moderate_redundancy,37,0.15,True,fit_complete,True,1,1,1
E3,5,1,0,1,0,0,moderate_redundancy,37,0.2,True,fit_complete,True,1,1,1
E3,5,1,0,1,0,0,moderate_redundancy,37,0.25,True,fit_complete,True,1,1,1
E3,5,1,0,1,0,0,moderate_redundancy,37,0.3,True,fit_complete,True,1,1,1
E3,5,1,0,1,0,0,moderate_redundancy,37,0.35,True,fit_complete,True,1,1,1
E3,5,1,0,1,0,0,high_redundancy,77,0.15,True,fit_complete,True,1,1,1
E3,5,1,0,1,0,0,high_redundancy,77,0.2,True,fit_complete,True,1,1,1
E3,5,1,0,1,0,0,high_redundancy,77,0.25,True,fit_complete,True,1,1,1
E3,5,1,0,1,0,0,high_redundancy,77,0.3,True,fit_complete,True,1,1,1
E3,5,1,0,1,0,0,high_redundancy,77,0.35,True,fit_complete,True,1,1,1
E3,5,1,0,2,0,0,minimal_exact_budget,20,0.15,True,recovered,True,1,1,1
E3,5,1,0,2,0,0,minimal_exact_budget,20,0.2,True,recovered,True,1,1,1
E3,5,1,0,2,0,0,minimal_exact_budget,20,0.25,True,recovered,True,1,1,1
E3,5,1,0,2,0,0,minimal_exact_budget,20,0.3,True,recovered,True,1,1,1
E3,5,1,0,2,0,0,minimal_exact_budget,20,0.35,True,recovered,True,1,1,1
E3,5,1,0,2,0,0,moderate_redundancy,37,0.15,True,fit_complete,True,1,1,1
E3,5,1,0,2,0,0,moderate_redundancy,37,0.2,True,fit_complete,True,1,1,1
E3,5,1,0,2,0,0,moderate_redundancy,37,0.25,True,fit_complete,True,1,1,1
E3,5,1,0,2,0,0,moderate_redundancy,37,0.3,True,fit_complete,True,1,1,1
E3,5,1,0,2,0,0,moderate_redundancy,37,0.35,True,fit_complete,True,1,1,1
E3,5,1,0,2,0,0,high_redundancy,77,0.15,True,fit_complete,True,1,1,1
E3,5,1,0,2,0,0,high_redundancy,77,0.2,True,fit_complete,True,1,1,1
E3,5,1,0,2,0,0,high_redundancy,77,0.25,True,fit_complete,True,1,1,1
E3,5,1,0,2,0,0,high_redundancy,77,0.3,True,fit_complete,True,1,1,1
E3,5,1,0,2,0,0,high_redundancy,77,0.35,True,fit_complete,True,1,1,1
E3,5,1,0,3,0,0,minimal_exact_budget,20,0.15,True,recovered,True,1,1,1
E3,5,1,0,3,0,0,minimal_exact_budget,20,0.2,True,recovered,True,1,1,1
E3,5,1,0,3,0,0,minimal_exact_budget,20,0.25,True,recovered,True,1,1,1
E3,5,1,0,3,0,0,minimal_exact_budget,20,0.3,True,recovered,True,1,1,1
E3,5,1,0,3,0,0,minimal_exact_budget,20,0.35,True,recovered,True,1,1,1
E3,5,1,0,3,0,0,moderate_redundancy,37,0.15,True,fit_complete,True,1,1,1
E3,5,1,0,3,0,0,moderate_redundancy,37,0.2,True,fit_complete,True,1,1,1
E3,5,1,0,3,0,0,moderate_redundancy,37,0.25,True,fit_complete,True,1,1,1
E3,5,1,0,3,0,0,moderate_redundancy,37,0.3,True,fit_complete,True,1,1,1
E3,5,1,0,3,0,0,moderate_redundancy,37,0.35,True,fit_complete,True,1,1,1
E3,5,1,0,3,0,0,high_redundancy,77,0.15,True,fit_complete,True,1,1,1
E3,5,1,0,3,0,0,high_redundancy,77,0.2,True,fit_complete,True,1,1,1
E3,5,1,0,3,0,0,high_redundancy,77,0.25,True,fit_complete,True,1,1,1
E3,5,1,0,3,0,0,high_redundancy,77,0.3,True,fit_complete,True,1,1,1
E3,5,1,0,3,0,0,high_redundancy,77,0.35,True,fit_complete,True,1,1,1
E3,5,1,0,0,0.0001,0.01,minimal_exact_budget,15,0.15,False,PrecisionFailure: K9 reconstructed root-coupling vector has a negative entry.,False,,,
E3,5,1,0,0,0.0001,0.01,minimal_exact_budget,15,0.2,False,PrecisionFailure: K9 reconstructed root-coupling vector has a negative entry.,False,,,
E3,5,1,0,0,0.0001,0.01,minimal_exact_budget,15,0.25,False,PrecisionFailure: K9 reconstructed root-coupling vector has a negative entry.,False,,,
E3,5,1,0,0,0.0001,0.01,minimal_exact_budget,15,0.3,False,PrecisionFailure: K9 reconstructed root-coupling vector has a negative entry.,False,,,
E3,5,1,0,0,0.0001,0.01,minimal_exact_budget,15,0.35,False,PrecisionFailure: K9 reconstructed root-coupling vector has a negative entry.,False,,,
E3,5,1,0,0,0.0001,0.01,moderate_redundancy,37,0.15,True,fit_complete,True,1,1,1
E3,5,1,0,0,0.0001,0.01,moderate_redundancy,37,0.2,True,fit_complete,True,1,1,1
E3,5,1,0,0,0.0001,0.01,moderate_redundancy,37,0.25,True,fit_complete,True,1,1,1
E3,5,1,0,0,0.0001,0.01,moderate_redundancy,37,0.3,True,fit_complete,True,1,1,1
E3,5,1,0,0,0.0001,0.01,moderate_redundancy,37,0.35,True,fit_complete,True,1,1,1
E3,5,1,0,0,0.0001,0.01,high_redundancy,77,0.15,True,fit_complete,True,1,1,1
E3,5,1,0,0,0.0001,0.01,high_redundancy,77,0.2,True,fit_complete,True,1,1,1
E3,5,1,0,0,0.0001,0.01,high_redundancy,77,0.25,True,fit_complete,True,1,1,1
E3,5,1,0,0,0.0001,0.01,high_redundancy,77,0.3,True,fit_complete,True,1,1,1
E3,5,1,0,0,0.0001,0.01,high_redundancy,77,0.35,True,fit_complete,True,1,1,1
E3,5,1,0,1,0.0001,0.01,minimal_exact_budget,15,0.15,False,PrecisionFailure: K9 reconstructed root-coupling vector has a negative entry.,False,,,
E3,5,1,0,1,0.0001,0.01,minimal_exact_budget,15,0.2,False,PrecisionFailure: K9 reconstructed root-coupling vector has a negative entry.,False,,,
E3,5,1,0,1,0.0001,0.01,minimal_exact_budget,15,0.25,False,PrecisionFailure: K9 reconstructed root-coupling vector has a negative entry.,False,,,
E3,5,1,0,1,0.0001,0.01,minimal_exact_budget,15,0.3,False,PrecisionFailure: K9 reconstructed root-coupling vector has a negative entry.,False,,,
E3,5,1,0,1,0.0001,0.01,minimal_exact_budget,15,0.35,False,PrecisionFailure: K9 reconstructed root-coupling vector has a negative entry.,False,,,
E3,5,1,0,1,0.0001,0.01,moderate_redundancy,37,0.15,True,fit_complete,True,0.8333333333,1,0.9090909091
E3,5,1,0,1,0.0001,0.01,moderate_redundancy,37,0.2,True,fit_complete,True,0.8333333333,1,0.9090909091
E3,5,1,0,1,0.0001,0.01,moderate_redundancy,37,0.25,True,fit_complete,True,0.8333333333,1,0.9090909091
E3,5,1,0,1,0.0001,0.01,moderate_redundancy,37,0.3,True,fit_complete,True,0.8333333333,1,0.9090909091
E3,5,1,0,1,0.0001,0.01,moderate_redundancy,37,0.35,True,fit_complete,True,0.8333333333,1,0.9090909091
E3,5,1,0,1,0.0001,0.01,high_redundancy,77,0.15,True,fit_complete,True,1,1,1
E3,5,1,0,1,0.0001,0.01,high_redundancy,77,0.2,True,fit_complete,True,1,1,1
E3,5,1,0,1,0.0001,0.01,high_redundancy,77,0.25,True,fit_complete,True,1,1,1
E3,5,1,0,1,0.0001,0.01,high_redundancy,77,0.3,True,fit_complete,True,1,1,1
E3,5,1,0,1,0.0001,0.01,high_redundancy,77,0.35,True,fit_complete,True,1,1,1
E3,5,1,0,2,0.0001,0.01,minimal_exact_budget,15,0.15,False,PrecisionFailure: K9 reconstructed root-coupling vector has a negative entry.,False,,,
E3,5,1,0,2,0.0001,0.01,minimal_exact_budget,15,0.2,False,PrecisionFailure: K9 reconstructed root-coupling vector has a negative entry.,False,,,
E3,5,1,0,2,0.0001,0.01,minimal_exact_budget,15,0.25,False,PrecisionFailure: K9 reconstructed root-coupling vector has a negative entry.,False,,,
E3,5,1,0,2,0.0001,0.01,minimal_exact_budget,15,0.3,False,PrecisionFailure: K9 reconstructed root-coupling vector has a negative entry.,False,,,
E3,5,1,0,2,0.0001,0.01,minimal_exact_budget,15,0.35,False,PrecisionFailure: K9 reconstructed root-coupling vector has a negative entry.,False,,,
E3,5,1,0,2,0.0001,0.01,moderate_redundancy,37,0.15,True,fit_complete,True,1,1,1
E3,5,1,0,2,0.0001,0.01,moderate_redundancy,37,0.2,True,fit_complete,True,1,1,1
E3,5,1,0,2,0.0001,0.01,moderate_redundancy,37,0.25,True,fit_complete,True,1,1,1
E3,5,1,0,2,0.0001,0.01,moderate_redundancy,37,0.3,True,fit_complete,True,1,1,1
E3,5,1,0,2,0.0001,0.01,moderate_redundancy,37,0.35,True,fit_complete,True,1,1,1
E3,5,1,0,2,0.0001,0.01,high_redundancy,77,0.15,True,fit_complete,True,1,1,1
E3,5,1,0,2,0.0001,0.01,high_redundancy,77,0.2,True,fit_complete,True,1,1,1
E3,5,1,0,2,0.0001,0.01,high_redundancy,77,0.25,True,fit_complete,True,1,1,1
E3,5,1,0,2,0.0001,0.01,high_redundancy,77,0.3,True,fit_complete,True,1,1,1
E3,5,1,0,2,0.0001,0.01,high_redundancy,77,0.35,True,fit_complete,True,1,1,1
E3,5,1,0,3,0.0001,0.01,minimal_exact_budget,15,0.15,False,PrecisionFailure: K9 reconstructed root-coupling vector has a negative entry.,False,,,
E3,5,1,0,3,0.0001,0.01,minimal_exact_budget,15,0.2,False,PrecisionFailure: K9 reconstructed root-coupling vector has a negative entry.,False,,,
E3,5,1,0,3,0.0001,0.01,minimal_exact_budget,15,0.25,False,PrecisionFailure: K9 reconstructed root-coupling vector has a negative entry.,False,,,
E3,5,1,0,3,0.0001,0.01,minimal_exact_budget,15,0.3,False,PrecisionFailure: K9 reconstructed root-coupling vector has a negative entry.,False,,,
E3,5,1,0,3,0.0001,0.01,minimal_exact_budget,15,0.35,False,PrecisionFailure: K9 reconstructed root-coupling vector has a negative entry.,False,,,
E3,5,1,0,3,0.0001,0.01,moderate_redundancy,37,0.15,True,fit_complete,True,1,1,1
E3,5,1,0,3,0.0001,0.01,moderate_redundancy,37,0.2,True,fit_complete,True,1,1,1
E3,5,1,0,3,0.0001,0.01,moderate_redundancy,37,0.25,True,fit_complete,True,1,1,1
E3,5,1,0,3,0.0001,0.01,moderate_redundancy,37,0.3,True,fit_complete,True,1,1,1
E3,5,1,0,3,0.0001,0.01,moderate_redundancy,37,0.35,True,fit_complete,True,1,1,1
E3,5,1,0,3,0.0001,0.01,high_redundancy,77,0.15,True,fit_complete,True,1,1,1
E3,5,1,0,3,0.0001,0.01,high_redundancy,77,0.2,True,fit_complete,True,1,1,1
E3,5,1,0,3,0.0001,0.01,high_redundancy,77,0.25,True,fit_complete,True,1,1,1
E3,5,1,0,3,0.0001,0.01,high_redundancy,77,0.3,True,fit_complete,True,1,1,1
E3,5,1,0,3,0.0001,0.01,high_redundancy,77,0.35,True,fit_complete,True,1,1,1
E3,5,1,0,0,0.0003,0.03,minimal_exact_budget,11,0.15,False,PrecisionFailure: K9 paired threshold is outside its unique admissible Green interval.,False,,,
E3,5,1,0,0,0.0003,0.03,minimal_exact_budget,11,0.2,False,PrecisionFailure: K9 paired threshold is outside its unique admissible Green interval.,False,,,
E3,5,1,0,0,0.0003,0.03,minimal_exact_budget,11,0.25,False,PrecisionFailure: K9 paired threshold is outside its unique admissible Green interval.,False,,,
E3,5,1,0,0,0.0003,0.03,minimal_exact_budget,11,0.3,False,PrecisionFailure: K9 paired threshold is outside its unique admissible Green interval.,False,,,
E3,5,1,0,0,0.0003,0.03,minimal_exact_budget,11,0.35,False,PrecisionFailure: K9 paired threshold is outside its unique admissible Green interval.,False,,,
E3,5,1,0,0,0.0003,0.03,moderate_redundancy,37,0.15,True,fit_complete,True,0.8333333333,1,0.9090909091
E3,5,1,0,0,0.0003,0.03,moderate_redundancy,37,0.2,True,fit_complete,True,1,1,1
E3,5,1,0,0,0.0003,0.03,moderate_redundancy,37,0.25,True,fit_complete,True,1,1,1
E3,5,1,0,0,0.0003,0.03,moderate_redundancy,37,0.3,True,fit_complete,True,1,1,1
E3,5,1,0,0,0.0003,0.03,moderate_redundancy,37,0.35,True,fit_complete,True,1,1,1
E3,5,1,0,0,0.0003,0.03,high_redundancy,77,0.15,True,fit_complete,True,1,1,1
E3,5,1,0,0,0.0003,0.03,high_redundancy,77,0.2,True,fit_complete,True,1,1,1
E3,5,1,0,0,0.0003,0.03,high_redundancy,77,0.25,True,fit_complete,True,1,1,1
E3,5,1,0,0,0.0003,0.03,high_redundancy,77,0.3,True,fit_complete,True,1,1,1
E3,5,1,0,0,0.0003,0.03,high_redundancy,77,0.35,True,fit_complete,True,1,1,1
E3,5,1,0,1,0.0003,0.03,minimal_exact_budget,12,0.15,False,PrecisionFailure: K9 paired threshold is outside its unique admissible Green interval.,False,,,
E3,5,1,0,1,0.0003,0.03,minimal_exact_budget,12,0.2,False,PrecisionFailure: K9 paired threshold is outside its unique admissible Green interval.,False,,,
E3,5,1,0,1,0.0003,0.03,minimal_exact_budget,12,0.25,False,PrecisionFailure: K9 paired threshold is outside its unique admissible Green interval.,False,,,
E3,5,1,0,1,0.0003,0.03,minimal_exact_budget,12,0.3,False,PrecisionFailure: K9 paired threshold is outside its unique admissible Green interval.,False,,,
E3,5,1,0,1,0.0003,0.03,minimal_exact_budget,12,0.35,False,PrecisionFailure: K9 paired threshold is outside its unique admissible Green interval.,False,,,
E3,5,1,0,1,0.0003,0.03,moderate_redundancy,37,0.15,True,fit_complete,True,0.8333333333,1,0.9090909091
E3,5,1,0,1,0.0003,0.03,moderate_redundancy,37,0.2,True,fit_complete,True,0.8333333333,1,0.9090909091
E3,5,1,0,1,0.0003,0.03,moderate_redundancy,37,0.25,True,fit_complete,True,0.8333333333,1,0.9090909091
E3,5,1,0,1,0.0003,0.03,moderate_redundancy,37,0.3,True,fit_complete,True,0.8333333333,1,0.9090909091
E3,5,1,0,1,0.0003,0.03,moderate_redundancy,37,0.35,True,fit_complete,True,0.8333333333,1,0.9090909091
E3,5,1,0,1,0.0003,0.03,high_redundancy,77,0.15,True,fit_complete,True,1,1,1
E3,5,1,0,1,0.0003,0.03,high_redundancy,77,0.2,True,fit_complete,True,1,1,1
E3,5,1,0,1,0.0003,0.03,high_redundancy,77,0.25,True,fit_complete,True,1,1,1
E3,5,1,0,1,0.0003,0.03,high_redundancy,77,0.3,True,fit_complete,True,1,1,1
E3,5,1,0,1,0.0003,0.03,high_redundancy,77,0.35,True,fit_complete,True,1,1,1
E3,5,1,0,2,0.0003,0.03,minimal_exact_budget,10,0.15,False,PrecisionFailure: K9 paired threshold is outside its unique admissible Green interval.,False,,,
E3,5,1,0,2,0.0003,0.03,minimal_exact_budget,10,0.2,False,PrecisionFailure: K9 paired threshold is outside its unique admissible Green interval.,False,,,
E3,5,1,0,2,0.0003,0.03,minimal_exact_budget,10,0.25,False,PrecisionFailure: K9 paired threshold is outside its unique admissible Green interval.,False,,,
E3,5,1,0,2,0.0003,0.03,minimal_exact_budget,10,0.3,False,PrecisionFailure: K9 paired threshold is outside its unique admissible Green interval.,False,,,
E3,5,1,0,2,0.0003,0.03,minimal_exact_budget,10,0.35,False,PrecisionFailure: K9 paired threshold is outside its unique admissible Green interval.,False,,,
E3,5,1,0,2,0.0003,0.03,moderate_redundancy,37,0.15,True,fit_complete,True,0.8333333333,1,0.9090909091
E3,5,1,0,2,0.0003,0.03,moderate_redundancy,37,0.2,True,fit_complete,True,0.8333333333,1,0.9090909091
E3,5,1,0,2,0.0003,0.03,moderate_redundancy,37,0.25,True,fit_complete,True,0.8333333333,1,0.9090909091
E3,5,1,0,2,0.0003,0.03,moderate_redundancy,37,0.3,True,fit_complete,True,0.8333333333,1,0.9090909091
E3,5,1,0,2,0.0003,0.03,moderate_redundancy,37,0.35,True,fit_complete,True,0.8333333333,1,0.9090909091
E3,5,1,0,2,0.0003,0.03,high_redundancy,77,0.15,True,fit_complete,True,1,1,1
E3,5,1,0,2,0.0003,0.03,high_redundancy,77,0.2,True,fit_complete,True,1,1,1
E3,5,1,0,2,0.0003,0.03,high_redundancy,77,0.25,True,fit_complete,True,1,1,1
E3,5,1,0,2,0.0003,0.03,high_redundancy,77,0.3,True,fit_complete,True,1,1,1
E3,5,1,0,2,0.0003,0.03,high_redundancy,77,0.35,True,fit_complete,True,1,1,1
E3,5,1,0,3,0.0003,0.03,minimal_exact_budget,13,0.15,False,PrecisionFailure: K9 paired threshold is outside its unique admissible Green interval.,False,,,
E3,5,1,0,3,0.0003,0.03,minimal_exact_budget,13,0.2,False,PrecisionFailure: K9 paired threshold is outside its unique admissible Green interval.,False,,,
E3,5,1,0,3,0.0003,0.03,minimal_exact_budget,13,0.25,False,PrecisionFailure: K9 paired threshold is outside its unique admissible Green interval.,False,,,
E3,5,1,0,3,0.0003,0.03,minimal_exact_budget,13,0.3,False,PrecisionFailure: K9 paired threshold is outside its unique admissible Green interval.,False,,,
E3,5,1,0,3,0.0003,0.03,minimal_exact_budget,13,0.35,False,PrecisionFailure: K9 paired threshold is outside its unique admissible Green interval.,False,,,
E3,5,1,0,3,0.0003,0.03,moderate_redundancy,37,0.15,True,fit_complete,True,0.8333333333,1,0.9090909091
E3,5,1,0,3,0.0003,0.03,moderate_redundancy,37,0.2,True,fit_complete,True,0.8333333333,1,0.9090909091
E3,5,1,0,3,0.0003,0.03,moderate_redundancy,37,0.25,True,fit_complete,True,0.8333333333,1,0.9090909091
E3,5,1,0,3,0.0003,0.03,moderate_redundancy,37,0.3,True,fit_complete,True,0.8333333333,1,0.9090909091
E3,5,1,0,3,0.0003,0.03,moderate_redundancy,37,0.35,True,fit_complete,True,1,1,1
E3,5,1,0,3,0.0003,0.03,high_redundancy,77,0.15,True,fit_complete,True,1,1,1
E3,5,1,0,3,0.0003,0.03,high_redundancy,77,0.2,True,fit_complete,True,1,1,1
E3,5,1,0,3,0.0003,0.03,high_redundancy,77,0.25,True,fit_complete,True,1,1,1
E3,5,1,0,3,0.0003,0.03,high_redundancy,77,0.3,True,fit_complete,True,1,1,1
E3,5,1,0,3,0.0003,0.03,high_redundancy,77,0.35,True,fit_complete,True,1,1,1
E3,5,1,0,0,0.001,0.1,minimal_exact_budget,11,0.15,False,PrecisionFailure: K9 paired threshold is outside its unique admissible Green interval.,False,,,
E3,5,1,0,0,0.001,0.1,minimal_exact_budget,11,0.2,False,PrecisionFailure: K9 paired threshold is outside its unique admissible Green interval.,False,,,
E3,5,1,0,0,0.001,0.1,minimal_exact_budget,11,0.25,False,PrecisionFailure: K9 paired threshold is outside its unique admissible Green interval.,False,,,
E3,5,1,0,0,0.001,0.1,minimal_exact_budget,11,0.3,False,PrecisionFailure: K9 paired threshold is outside its unique admissible Green interval.,False,,,
E3,5,1,0,0,0.001,0.1,minimal_exact_budget,11,0.35,False,PrecisionFailure: K9 paired threshold is outside its unique admissible Green interval.,False,,,
E3,5,1,0,0,0.001,0.1,moderate_redundancy,37,0.15,True,fit_complete,True,0.8333333333,1,0.9090909091
E3,5,1,0,0,0.001,0.1,moderate_redundancy,37,0.2,True,fit_complete,True,0.8333333333,1,0.9090909091
E3,5,1,0,0,0.001,0.1,moderate_redundancy,37,0.25,True,fit_complete,True,0.8333333333,1,0.9090909091
E3,5,1,0,0,0.001,0.1,moderate_redundancy,37,0.3,True,fit_complete,True,0.8333333333,1,0.9090909091
E3,5,1,0,0,0.001,0.1,moderate_redundancy,37,0.35,True,fit_complete,True,0.8333333333,1,0.9090909091
E3,5,1,0,0,0.001,0.1,high_redundancy,77,0.15,True,fit_complete,True,0.8333333333,1,0.9090909091
E3,5,1,0,0,0.001,0.1,high_redundancy,77,0.2,True,fit_complete,True,0.8333333333,1,0.9090909091
E3,5,1,0,0,0.001,0.1,high_redundancy,77,0.25,True,fit_complete,True,0.8333333333,1,0.9090909091
E3,5,1,0,0,0.001,0.1,high_redundancy,77,0.3,True,fit_complete,True,1,1,1
E3,5,1,0,0,0.001,0.1,high_redundancy,77,0.35,True,fit_complete,True,1,1,1
E3,5,1,0,1,0.001,0.1,minimal_exact_budget,10,0.15,False,PrecisionFailure: K9 paired threshold is outside its unique admissible Green interval.,False,,,
E3,5,1,0,1,0.001,0.1,minimal_exact_budget,10,0.2,False,PrecisionFailure: K9 paired threshold is outside its unique admissible Green interval.,False,,,
E3,5,1,0,1,0.001,0.1,minimal_exact_budget,10,0.25,False,PrecisionFailure: K9 paired threshold is outside its unique admissible Green interval.,False,,,
E3,5,1,0,1,0.001,0.1,minimal_exact_budget,10,0.3,False,PrecisionFailure: K9 paired threshold is outside its unique admissible Green interval.,False,,,
E3,5,1,0,1,0.001,0.1,minimal_exact_budget,10,0.35,False,PrecisionFailure: K9 paired threshold is outside its unique admissible Green interval.,False,,,
E3,5,1,0,1,0.001,0.1,moderate_redundancy,37,0.15,True,fit_complete,True,0.7142857143,1,0.8333333333
E3,5,1,0,1,0.001,0.1,moderate_redundancy,37,0.2,True,fit_complete,True,0.7142857143,1,0.8333333333
E3,5,1,0,1,0.001,0.1,moderate_redundancy,37,0.25,True,fit_complete,True,0.7142857143,1,0.8333333333
E3,5,1,0,1,0.001,0.1,moderate_redundancy,37,0.3,True,fit_complete,True,1,1,1
E3,5,1,0,1,0.001,0.1,moderate_redundancy,37,0.35,True,fit_complete,True,1,1,1
E3,5,1,0,1,0.001,0.1,high_redundancy,77,0.15,True,fit_complete,True,0.8333333333,1,0.9090909091
E3,5,1,0,1,0.001,0.1,high_redundancy,77,0.2,True,fit_complete,True,1,1,1
E3,5,1,0,1,0.001,0.1,high_redundancy,77,0.25,True,fit_complete,True,1,1,1
E3,5,1,0,1,0.001,0.1,high_redundancy,77,0.3,True,fit_complete,True,1,1,1
E3,5,1,0,1,0.001,0.1,high_redundancy,77,0.35,True,fit_complete,True,1,1,1
E3,5,1,0,2,0.001,0.1,minimal_exact_budget,12,0.15,False,PrecisionFailure: K9 paired threshold is outside its unique admissible Green interval.,False,,,
E3,5,1,0,2,0.001,0.1,minimal_exact_budget,12,0.2,False,PrecisionFailure: K9 paired threshold is outside its unique admissible Green interval.,False,,,
E3,5,1,0,2,0.001,0.1,minimal_exact_budget,12,0.25,False,PrecisionFailure: K9 paired threshold is outside its unique admissible Green interval.,False,,,
E3,5,1,0,2,0.001,0.1,minimal_exact_budget,12,0.3,False,PrecisionFailure: K9 paired threshold is outside its unique admissible Green interval.,False,,,
E3,5,1,0,2,0.001,0.1,minimal_exact_budget,12,0.35,False,PrecisionFailure: K9 paired threshold is outside its unique admissible Green interval.,False,,,
E3,5,1,0,2,0.001,0.1,moderate_redundancy,37,0.15,True,fit_complete,True,0.7142857143,1,0.8333333333
E3,5,1,0,2,0.001,0.1,moderate_redundancy,37,0.2,True,fit_complete,True,0.7142857143,1,0.8333333333
E3,5,1,0,2,0.001,0.1,moderate_redundancy,37,0.25,True,fit_complete,True,0.8333333333,1,0.9090909091
E3,5,1,0,2,0.001,0.1,moderate_redundancy,37,0.3,True,fit_complete,True,1,1,1
E3,5,1,0,2,0.001,0.1,moderate_redundancy,37,0.35,True,fit_complete,True,1,1,1
E3,5,1,0,2,0.001,0.1,high_redundancy,77,0.15,True,fit_complete,True,1,1,1
E3,5,1,0,2,0.001,0.1,high_redundancy,77,0.2,True,fit_complete,True,1,1,1
E3,5,1,0,2,0.001,0.1,high_redundancy,77,0.25,True,fit_complete,True,1,1,1
E3,5,1,0,2,0.001,0.1,high_redundancy,77,0.3,True,fit_complete,True,1,1,1
E3,5,1,0,2,0.001,0.1,high_redundancy,77,0.35,True,fit_complete,True,1,1,1
E3,5,1,0,3,0.001,0.1,minimal_exact_budget,10,0.15,False,PrecisionFailure: K9 paired threshold is outside its unique admissible Green interval.,False,,,
E3,5,1,0,3,0.001,0.1,minimal_exact_budget,10,0.2,False,PrecisionFailure: K9 paired threshold is outside its unique admissible Green interval.,False,,,
E3,5,1,0,3,0.001,0.1,minimal_exact_budget,10,0.25,False,PrecisionFailure: K9 paired threshold is outside its unique admissible Green interval.,False,,,
E3,5,1,0,3,0.001,0.1,minimal_exact_budget,10,0.3,False,PrecisionFailure: K9 paired threshold is outside its unique admissible Green interval.,False,,,
E3,5,1,0,3,0.001,0.1,minimal_exact_budget,10,0.35,False,PrecisionFailure: K9 paired threshold is outside its unique admissible Green interval.,False,,,
E3,5,1,0,3,0.001,0.1,moderate_redundancy,37,0.15,True,fit_complete,True,0.8333333333,1,0.9090909091
E3,5,1,0,3,0.001,0.1,moderate_redundancy,37,0.2,True,fit_complete,True,0.8333333333,1,0.9090909091
E3,5,1,0,3,0.001,0.1,moderate_redundancy,37,0.25,True,fit_complete,True,0.8333333333,1,0.9090909091
E3,5,1,0,3,0.001,0.1,moderate_redundancy,37,0.3,True,fit_complete,True,0.8333333333,1,0.9090909091
E3,5,1,0,3,0.001,0.1,moderate_redundancy,37,0.35,True,fit_complete,True,0.8333333333,1,0.9090909091
E3,5,1,0,3,0.001,0.1,high_redundancy,77,0.15,True,fit_complete,True,1,1,1
E3,5,1,0,3,0.001,0.1,high_redundancy,77,0.2,True,fit_complete,True,1,1,1
E3,5,1,0,3,0.001,0.1,high_redundancy,77,0.25,True,fit_complete,True,1,1,1
E3,5,1,0,3,0.001,0.1,high_redundancy,77,0.3,True,fit_complete,True,1,1,1
E3,5,1,0,3,0.001,0.1,high_redundancy,77,0.35,True,fit_complete,True,1,1,1
E3,5,1,0,0,0.003,0.3,minimal_exact_budget,10,0.15,False,PrecisionFailure: K9 paired threshold is outside its unique admissible Green interval.,False,,,
E3,5,1,0,0,0.003,0.3,minimal_exact_budget,10,0.2,False,PrecisionFailure: K9 paired threshold is outside its unique admissible Green interval.,False,,,
E3,5,1,0,0,0.003,0.3,minimal_exact_budget,10,0.25,False,PrecisionFailure: K9 paired threshold is outside its unique admissible Green interval.,False,,,
E3,5,1,0,0,0.003,0.3,minimal_exact_budget,10,0.3,False,PrecisionFailure: K9 paired threshold is outside its unique admissible Green interval.,False,,,
E3,5,1,0,0,0.003,0.3,minimal_exact_budget,10,0.35,False,PrecisionFailure: K9 paired threshold is outside its unique admissible Green interval.,False,,,
E3,5,1,0,0,0.003,0.3,moderate_redundancy,37,0.15,True,fit_complete,True,0.625,1,0.7692307692
E3,5,1,0,0,0.003,0.3,moderate_redundancy,37,0.2,True,fit_complete,True,0.625,1,0.7692307692
E3,5,1,0,0,0.003,0.3,moderate_redundancy,37,0.25,True,fit_complete,True,0.625,1,0.7692307692
E3,5,1,0,0,0.003,0.3,moderate_redundancy,37,0.3,True,fit_complete,True,0.625,1,0.7692307692
E3,5,1,0,0,0.003,0.3,moderate_redundancy,37,0.35,True,fit_complete,True,0.625,1,0.7692307692
E3,5,1,0,0,0.003,0.3,high_redundancy,77,0.15,True,fit_complete,True,0.8333333333,1,0.9090909091
E3,5,1,0,0,0.003,0.3,high_redundancy,77,0.2,True,fit_complete,True,0.8333333333,1,0.9090909091
E3,5,1,0,0,0.003,0.3,high_redundancy,77,0.25,True,fit_complete,True,1,1,1
E3,5,1,0,0,0.003,0.3,high_redundancy,77,0.3,True,fit_complete,True,1,1,1
E3,5,1,0,0,0.003,0.3,high_redundancy,77,0.35,True,fit_complete,True,1,1,1
E3,5,1,0,1,0.003,0.3,minimal_exact_budget,10,0.15,False,PrecisionFailure: K9 paired threshold is outside its unique admissible Green interval.,False,,,
E3,5,1,0,1,0.003,0.3,minimal_exact_budget,10,0.2,False,PrecisionFailure: K9 paired threshold is outside its unique admissible Green interval.,False,,,
E3,5,1,0,1,0.003,0.3,minimal_exact_budget,10,0.25,False,PrecisionFailure: K9 paired threshold is outside its unique admissible Green interval.,False,,,
E3,5,1,0,1,0.003,0.3,minimal_exact_budget,10,0.3,False,PrecisionFailure: K9 paired threshold is outside its unique admissible Green interval.,False,,,
E3,5,1,0,1,0.003,0.3,minimal_exact_budget,10,0.35,False,PrecisionFailure: K9 paired threshold is outside its unique admissible Green interval.,False,,,
E3,5,1,0,1,0.003,0.3,moderate_redundancy,37,0.15,True,fit_complete,True,0.7142857143,1,0.8333333333
E3,5,1,0,1,0.003,0.3,moderate_redundancy,37,0.2,True,fit_complete,True,0.7142857143,1,0.8333333333
E3,5,1,0,1,0.003,0.3,moderate_redundancy,37,0.25,True,fit_complete,True,0.7142857143,1,0.8333333333
E3,5,1,0,1,0.003,0.3,moderate_redundancy,37,0.3,True,fit_complete,True,0.7142857143,1,0.8333333333
E3,5,1,0,1,0.003,0.3,moderate_redundancy,37,0.35,True,fit_complete,True,0.7142857143,1,0.8333333333
E3,5,1,0,1,0.003,0.3,high_redundancy,77,0.15,True,fit_complete,True,0.8333333333,1,0.9090909091
E3,5,1,0,1,0.003,0.3,high_redundancy,77,0.2,True,fit_complete,True,0.8333333333,1,0.9090909091
E3,5,1,0,1,0.003,0.3,high_redundancy,77,0.25,True,fit_complete,True,0.8333333333,1,0.9090909091
E3,5,1,0,1,0.003,0.3,high_redundancy,77,0.3,True,fit_complete,True,0.8333333333,1,0.9090909091
E3,5,1,0,1,0.003,0.3,high_redundancy,77,0.35,True,fit_complete,True,0.8333333333,1,0.9090909091
E3,5,1,0,2,0.003,0.3,minimal_exact_budget,11,0.15,False,PrecisionFailure: K9 paired threshold is outside its unique admissible Green interval.,False,,,
E3,5,1,0,2,0.003,0.3,minimal_exact_budget,11,0.2,False,PrecisionFailure: K9 paired threshold is outside its unique admissible Green interval.,False,,,
E3,5,1,0,2,0.003,0.3,minimal_exact_budget,11,0.25,False,PrecisionFailure: K9 paired threshold is outside its unique admissible Green interval.,False,,,
E3,5,1,0,2,0.003,0.3,minimal_exact_budget,11,0.3,False,PrecisionFailure: K9 paired threshold is outside its unique admissible Green interval.,False,,,
E3,5,1,0,2,0.003,0.3,minimal_exact_budget,11,0.35,False,PrecisionFailure: K9 paired threshold is outside its unique admissible Green interval.,False,,,
E3,5,1,0,2,0.003,0.3,moderate_redundancy,37,0.15,True,fit_complete,True,0.625,1,0.7692307692
E3,5,1,0,2,0.003,0.3,moderate_redundancy,37,0.2,True,fit_complete,True,0.625,1,0.7692307692
E3,5,1,0,2,0.003,0.3,moderate_redundancy,37,0.25,True,fit_complete,True,0.625,1,0.7692307692
E3,5,1,0,2,0.003,0.3,moderate_redundancy,37,0.3,True,fit_complete,True,0.625,1,0.7692307692
E3,5,1,0,2,0.003,0.3,moderate_redundancy,37,0.35,True,fit_complete,True,0.7142857143,1,0.8333333333
E3,5,1,0,2,0.003,0.3,high_redundancy,77,0.15,True,fit_complete,True,0.8333333333,1,0.9090909091
E3,5,1,0,2,0.003,0.3,high_redundancy,77,0.2,True,fit_complete,True,1,1,1
E3,5,1,0,2,0.003,0.3,high_redundancy,77,0.25,True,fit_complete,True,1,1,1
E3,5,1,0,2,0.003,0.3,high_redundancy,77,0.3,True,fit_complete,True,1,1,1
E3,5,1,0,2,0.003,0.3,high_redundancy,77,0.35,True,fit_complete,True,1,1,1
E3,5,1,0,3,0.003,0.3,minimal_exact_budget,11,0.15,False,PrecisionFailure: K9 paired threshold is outside its unique admissible Green interval.,False,,,
E3,5,1,0,3,0.003,0.3,minimal_exact_budget,11,0.2,False,PrecisionFailure: K9 paired threshold is outside its unique admissible Green interval.,False,,,
E3,5,1,0,3,0.003,0.3,minimal_exact_budget,11,0.25,False,PrecisionFailure: K9 paired threshold is outside its unique admissible Green interval.,False,,,
E3,5,1,0,3,0.003,0.3,minimal_exact_budget,11,0.3,False,PrecisionFailure: K9 paired threshold is outside its unique admissible Green interval.,False,,,
E3,5,1,0,3,0.003,0.3,minimal_exact_budget,11,0.35,False,PrecisionFailure: K9 paired threshold is outside its unique admissible Green interval.,False,,,
E3,5,1,0,3,0.003,0.3,moderate_redundancy,37,0.15,True,fit_complete,True,0.625,1,0.7692307692
E3,5,1,0,3,0.003,0.3,moderate_redundancy,37,0.2,True,fit_complete,True,0.625,1,0.7692307692
E3,5,1,0,3,0.003,0.3,moderate_redundancy,37,0.25,True,fit_complete,True,0.625,1,0.7692307692
E3,5,1,0,3,0.003,0.3,moderate_redundancy,37,0.3,True,fit_complete,True,0.625,1,0.7692307692
E3,5,1,0,3,0.003,0.3,moderate_redundancy,37,0.35,True,fit_complete,True,0.625,1,0.7692307692
E3,5,1,0,3,0.003,0.3,high_redundancy,77,0.15,True,fit_complete,True,0.8333333333,1,0.9090909091
E3,5,1,0,3,0.003,0.3,high_redundancy,77,0.2,True,fit_complete,True,0.8333333333,1,0.9090909091
E3,5,1,0,3,0.003,0.3,high_redundancy,77,0.25,True,fit_complete,True,0.8333333333,1,0.9090909091
E3,5,1,0,3,0.003,0.3,high_redundancy,77,0.3,True,fit_complete,True,0.8333333333,1,0.9090909091
E3,5,1,0,3,0.003,0.3,high_redundancy,77,0.35,True,fit_complete,True,1,1,1
E3,5,1,1,0,0,0,minimal_exact_budget,20,0.15,True,recovered,True,1,1,1
E3,5,1,1,0,0,0,minimal_exact_budget,20,0.2,True,recovered,True,1,1,1
E3,5,1,1,0,0,0,minimal_exact_budget,20,0.25,True,recovered,True,1,1,1
E3,5,1,1,0,0,0,minimal_exact_budget,20,0.3,True,recovered,True,1,1,1
E3,5,1,1,0,0,0,minimal_exact_budget,20,0.35,True,recovered,True,1,1,1
E3,5,1,1,0,0,0,moderate_redundancy,37,0.15,True,fit_complete,True,1,1,1
E3,5,1,1,0,0,0,moderate_redundancy,37,0.2,True,fit_complete,True,1,1,1
E3,5,1,1,0,0,0,moderate_redundancy,37,0.25,True,fit_complete,True,1,1,1
E3,5,1,1,0,0,0,moderate_redundancy,37,0.3,True,fit_complete,True,1,1,1
E3,5,1,1,0,0,0,moderate_redundancy,37,0.35,True,fit_complete,True,1,1,1
E3,5,1,1,0,0,0,high_redundancy,77,0.15,True,fit_complete,True,1,1,1
E3,5,1,1,0,0,0,high_redundancy,77,0.2,True,fit_complete,True,1,1,1
E3,5,1,1,0,0,0,high_redundancy,77,0.25,True,fit_complete,True,1,1,1
E3,5,1,1,0,0,0,high_redundancy,77,0.3,True,fit_complete,True,1,1,1
E3,5,1,1,0,0,0,high_redundancy,77,0.35,True,fit_complete,True,1,1,1
E3,5,1,1,1,0,0,minimal_exact_budget,20,0.15,True,recovered,True,1,1,1
E3,5,1,1,1,0,0,minimal_exact_budget,20,0.2,True,recovered,True,1,1,1
E3,5,1,1,1,0,0,minimal_exact_budget,20,0.25,True,recovered,True,1,1,1
E3,5,1,1,1,0,0,minimal_exact_budget,20,0.3,True,recovered,True,1,1,1
E3,5,1,1,1,0,0,minimal_exact_budget,20,0.35,True,recovered,True,1,1,1
E3,5,1,1,1,0,0,moderate_redundancy,37,0.15,True,fit_complete,True,1,1,1
E3,5,1,1,1,0,0,moderate_redundancy,37,0.2,True,fit_complete,True,1,1,1
E3,5,1,1,1,0,0,moderate_redundancy,37,0.25,True,fit_complete,True,1,1,1
E3,5,1,1,1,0,0,moderate_redundancy,37,0.3,True,fit_complete,True,1,1,1
E3,5,1,1,1,0,0,moderate_redundancy,37,0.35,True,fit_complete,True,1,1,1
E3,5,1,1,1,0,0,high_redundancy,77,0.15,True,fit_complete,True,1,1,1
E3,5,1,1,1,0,0,high_redundancy,77,0.2,True,fit_complete,True,1,1,1
E3,5,1,1,1,0,0,high_redundancy,77,0.25,True,fit_complete,True,1,1,1
E3,5,1,1,1,0,0,high_redundancy,77,0.3,True,fit_complete,True,1,1,1
E3,5,1,1,1,0,0,high_redundancy,77,0.35,True,fit_complete,True,1,1,1
E3,5,1,1,2,0,0,minimal_exact_budget,20,0.15,True,recovered,True,1,1,1
E3,5,1,1,2,0,0,minimal_exact_budget,20,0.2,True,recovered,True,1,1,1
E3,5,1,1,2,0,0,minimal_exact_budget,20,0.25,True,recovered,True,1,1,1
E3,5,1,1,2,0,0,minimal_exact_budget,20,0.3,True,recovered,True,1,1,1
E3,5,1,1,2,0,0,minimal_exact_budget,20,0.35,True,recovered,True,1,1,1
E3,5,1,1,2,0,0,moderate_redundancy,37,0.15,True,fit_complete,True,1,1,1
E3,5,1,1,2,0,0,moderate_redundancy,37,0.2,True,fit_complete,True,1,1,1
E3,5,1,1,2,0,0,moderate_redundancy,37,0.25,True,fit_complete,True,1,1,1
E3,5,1,1,2,0,0,moderate_redundancy,37,0.3,True,fit_complete,True,1,1,1
E3,5,1,1,2,0,0,moderate_redundancy,37,0.35,True,fit_complete,True,1,1,1
E3,5,1,1,2,0,0,high_redundancy,77,0.15,True,fit_complete,True,1,1,1
E3,5,1,1,2,0,0,high_redundancy,77,0.2,True,fit_complete,True,1,1,1
E3,5,1,1,2,0,0,high_redundancy,77,0.25,True,fit_complete,True,1,1,1
E3,5,1,1,2,0,0,high_redundancy,77,0.3,True,fit_complete,True,1,1,1
E3,5,1,1,2,0,0,high_redundancy,77,0.35,True,fit_complete,True,1,1,1
E3,5,1,1,3,0,0,minimal_exact_budget,20,0.15,True,recovered,True,1,1,1
E3,5,1,1,3,0,0,minimal_exact_budget,20,0.2,True,recovered,True,1,1,1
E3,5,1,1,3,0,0,minimal_exact_budget,20,0.25,True,recovered,True,1,1,1
E3,5,1,1,3,0,0,minimal_exact_budget,20,0.3,True,recovered,True,1,1,1
E3,5,1,1,3,0,0,minimal_exact_budget,20,0.35,True,recovered,True,1,1,1
E3,5,1,1,3,0,0,moderate_redundancy,37,0.15,True,fit_complete,True,1,1,1
E3,5,1,1,3,0,0,moderate_redundancy,37,0.2,True,fit_complete,True,1,1,1
E3,5,1,1,3,0,0,moderate_redundancy,37,0.25,True,fit_complete,True,1,1,1
E3,5,1,1,3,0,0,moderate_redundancy,37,0.3,True,fit_complete,True,1,1,1
E3,5,1,1,3,0,0,moderate_redundancy,37,0.35,True,fit_complete,True,1,1,1
E3,5,1,1,3,0,0,high_redundancy,77,0.15,True,fit_complete,True,1,1,1
E3,5,1,1,3,0,0,high_redundancy,77,0.2,True,fit_complete,True,1,1,1
E3,5,1,1,3,0,0,high_redundancy,77,0.25,True,fit_complete,True,1,1,1
E3,5,1,1,3,0,0,high_redundancy,77,0.3,True,fit_complete,True,1,1,1
E3,5,1,1,3,0,0,high_redundancy,77,0.35,True,fit_complete,True,1,1,1
E3,5,1,1,0,0.0001,0.01,minimal_exact_budget,15,0.15,False,PrecisionFailure: K9 reconstructed root-coupling vector has a negative entry.,False,,,
E3,5,1,1,0,0.0001,0.01,minimal_exact_budget,15,0.2,False,PrecisionFailure: K9 reconstructed root-coupling vector has a negative entry.,False,,,
E3,5,1,1,0,0.0001,0.01,minimal_exact_budget,15,0.25,False,PrecisionFailure: K9 reconstructed root-coupling vector has a negative entry.,False,,,
E3,5,1,1,0,0.0001,0.01,minimal_exact_budget,15,0.3,False,PrecisionFailure: K9 reconstructed root-coupling vector has a negative entry.,False,,,
E3,5,1,1,0,0.0001,0.01,minimal_exact_budget,15,0.35,False,PrecisionFailure: K9 reconstructed root-coupling vector has a negative entry.,False,,,
E3,5,1,1,0,0.0001,0.01,moderate_redundancy,37,0.15,True,fit_complete,True,1,1,1
E3,5,1,1,0,0.0001,0.01,moderate_redundancy,37,0.2,True,fit_complete,True,1,1,1
E3,5,1,1,0,0.0001,0.01,moderate_redundancy,37,0.25,True,fit_complete,True,1,1,1
E3,5,1,1,0,0.0001,0.01,moderate_redundancy,37,0.3,True,fit_complete,True,1,1,1
E3,5,1,1,0,0.0001,0.01,moderate_redundancy,37,0.35,True,fit_complete,True,1,1,1
E3,5,1,1,0,0.0001,0.01,high_redundancy,77,0.15,True,fit_complete,True,1,1,1
E3,5,1,1,0,0.0001,0.01,high_redundancy,77,0.2,True,fit_complete,True,1,1,1
E3,5,1,1,0,0.0001,0.01,high_redundancy,77,0.25,True,fit_complete,True,1,1,1
E3,5,1,1,0,0.0001,0.01,high_redundancy,77,0.3,True,fit_complete,True,1,1,1
E3,5,1,1,0,0.0001,0.01,high_redundancy,77,0.35,True,fit_complete,True,1,1,1
E3,5,1,1,1,0.0001,0.01,minimal_exact_budget,13,0.15,False,PrecisionFailure: K9 paired threshold is outside its unique admissible Green interval.,False,,,
E3,5,1,1,1,0.0001,0.01,minimal_exact_budget,13,0.2,False,PrecisionFailure: K9 paired threshold is outside its unique admissible Green interval.,False,,,
E3,5,1,1,1,0.0001,0.01,minimal_exact_budget,13,0.25,False,PrecisionFailure: K9 paired threshold is outside its unique admissible Green interval.,False,,,
E3,5,1,1,1,0.0001,0.01,minimal_exact_budget,13,0.3,False,PrecisionFailure: K9 paired threshold is outside its unique admissible Green interval.,False,,,
E3,5,1,1,1,0.0001,0.01,minimal_exact_budget,13,0.35,False,PrecisionFailure: K9 paired threshold is outside its unique admissible Green interval.,False,,,
E3,5,1,1,1,0.0001,0.01,moderate_redundancy,37,0.15,True,fit_complete,True,0.8333333333,1,0.9090909091
E3,5,1,1,1,0.0001,0.01,moderate_redundancy,37,0.2,True,fit_complete,True,1,1,1
E3,5,1,1,1,0.0001,0.01,moderate_redundancy,37,0.25,True,fit_complete,True,1,1,1
E3,5,1,1,1,0.0001,0.01,moderate_redundancy,37,0.3,True,fit_complete,True,1,1,1
E3,5,1,1,1,0.0001,0.01,moderate_redundancy,37,0.35,True,fit_complete,True,1,1,1
E3,5,1,1,1,0.0001,0.01,high_redundancy,77,0.15,True,fit_complete,True,1,1,1
E3,5,1,1,1,0.0001,0.01,high_redundancy,77,0.2,True,fit_complete,True,1,1,1
E3,5,1,1,1,0.0001,0.01,high_redundancy,77,0.25,True,fit_complete,True,1,1,1
E3,5,1,1,1,0.0001,0.01,high_redundancy,77,0.3,True,fit_complete,True,1,1,1
E3,5,1,1,1,0.0001,0.01,high_redundancy,77,0.35,True,fit_complete,True,1,1,1
E3,5,1,1,2,0.0001,0.01,minimal_exact_budget,15,0.15,False,PrecisionFailure: K9 reconstructed root-coupling vector has a negative entry.,False,,,
E3,5,1,1,2,0.0001,0.01,minimal_exact_budget,15,0.2,False,PrecisionFailure: K9 reconstructed root-coupling vector has a negative entry.,False,,,
E3,5,1,1,2,0.0001,0.01,minimal_exact_budget,15,0.25,False,PrecisionFailure: K9 reconstructed root-coupling vector has a negative entry.,False,,,
E3,5,1,1,2,0.0001,0.01,minimal_exact_budget,15,0.3,False,PrecisionFailure: K9 reconstructed root-coupling vector has a negative entry.,False,,,
E3,5,1,1,2,0.0001,0.01,minimal_exact_budget,15,0.35,False,PrecisionFailure: K9 reconstructed root-coupling vector has a negative entry.,False,,,
E3,5,1,1,2,0.0001,0.01,moderate_redundancy,37,0.15,True,fit_complete,True,1,1,1
E3,5,1,1,2,0.0001,0.01,moderate_redundancy,37,0.2,True,fit_complete,True,1,1,1
E3,5,1,1,2,0.0001,0.01,moderate_redundancy,37,0.25,True,fit_complete,True,1,1,1
E3,5,1,1,2,0.0001,0.01,moderate_redundancy,37,0.3,True,fit_complete,True,1,1,1
E3,5,1,1,2,0.0001,0.01,moderate_redundancy,37,0.35,True,fit_complete,True,1,1,1
E3,5,1,1,2,0.0001,0.01,high_redundancy,77,0.15,True,fit_complete,True,1,1,1
E3,5,1,1,2,0.0001,0.01,high_redundancy,77,0.2,True,fit_complete,True,1,1,1
E3,5,1,1,2,0.0001,0.01,high_redundancy,77,0.25,True,fit_complete,True,1,1,1
E3,5,1,1,2,0.0001,0.01,high_redundancy,77,0.3,True,fit_complete,True,1,1,1
E3,5,1,1,2,0.0001,0.01,high_redundancy,77,0.35,True,fit_complete,True,1,1,1
E3,5,1,1,3,0.0001,0.01,minimal_exact_budget,14,0.15,False,PrecisionFailure: K9 paired threshold is outside its unique admissible Green interval.,False,,,
E3,5,1,1,3,0.0001,0.01,minimal_exact_budget,14,0.2,False,PrecisionFailure: K9 paired threshold is outside its unique admissible Green interval.,False,,,
E3,5,1,1,3,0.0001,0.01,minimal_exact_budget,14,0.25,False,PrecisionFailure: K9 paired threshold is outside its unique admissible Green interval.,False,,,
E3,5,1,1,3,0.0001,0.01,minimal_exact_budget,14,0.3,False,PrecisionFailure: K9 paired threshold is outside its unique admissible Green interval.,False,,,
E3,5,1,1,3,0.0001,0.01,minimal_exact_budget,14,0.35,False,PrecisionFailure: K9 paired threshold is outside its unique admissible Green interval.,False,,,
E3,5,1,1,3,0.0001,0.01,moderate_redundancy,37,0.15,True,fit_complete,True,0.8333333333,1,0.9090909091
E3,5,1,1,3,0.0001,0.01,moderate_redundancy,37,0.2,True,fit_complete,True,1,1,1
E3,5,1,1,3,0.0001,0.01,moderate_redundancy,37,0.25,True,fit_complete,True,1,1,1
E3,5,1,1,3,0.0001,0.01,moderate_redundancy,37,0.3,True,fit_complete,True,1,1,1
E3,5,1,1,3,0.0001,0.01,moderate_redundancy,37,0.35,True,fit_complete,True,1,1,1
E3,5,1,1,3,0.0001,0.01,high_redundancy,77,0.15,True,fit_complete,True,1,1,1
E3,5,1,1,3,0.0001,0.01,high_redundancy,77,0.2,True,fit_complete,True,1,1,1
E3,5,1,1,3,0.0001,0.01,high_redundancy,77,0.25,True,fit_complete,True,1,1,1
E3,5,1,1,3,0.0001,0.01,high_redundancy,77,0.3,True,fit_complete,True,1,1,1
E3,5,1,1,3,0.0001,0.01,high_redundancy,77,0.35,True,fit_complete,True,1,1,1
E3,5,1,1,0,0.0003,0.03,minimal_exact_budget,11,0.15,False,PrecisionFailure: K9 paired threshold is outside its unique admissible Green interval.,False,,,
E3,5,1,1,0,0.0003,0.03,minimal_exact_budget,11,0.2,False,PrecisionFailure: K9 paired threshold is outside its unique admissible Green interval.,False,,,
E3,5,1,1,0,0.0003,0.03,minimal_exact_budget,11,0.25,False,PrecisionFailure: K9 paired threshold is outside its unique admissible Green interval.,False,,,
E3,5,1,1,0,0.0003,0.03,minimal_exact_budget,11,0.3,False,PrecisionFailure: K9 paired threshold is outside its unique admissible Green interval.,False,,,
E3,5,1,1,0,0.0003,0.03,minimal_exact_budget,11,0.35,False,PrecisionFailure: K9 paired threshold is outside its unique admissible Green interval.,False,,,
E3,5,1,1,0,0.0003,0.03,moderate_redundancy,37,0.15,True,fit_complete,True,0.8333333333,1,0.9090909091
E3,5,1,1,0,0.0003,0.03,moderate_redundancy,37,0.2,True,fit_complete,True,0.8333333333,1,0.9090909091
E3,5,1,1,0,0.0003,0.03,moderate_redundancy,37,0.25,True,fit_complete,True,0.8333333333,1,0.9090909091
E3,5,1,1,0,0.0003,0.03,moderate_redundancy,37,0.3,True,fit_complete,True,0.8333333333,1,0.9090909091
E3,5,1,1,0,0.0003,0.03,moderate_redundancy,37,0.35,True,fit_complete,True,1,1,1
E3,5,1,1,0,0.0003,0.03,high_redundancy,77,0.15,True,fit_complete,True,1,1,1
E3,5,1,1,0,0.0003,0.03,high_redundancy,77,0.2,True,fit_complete,True,1,1,1
E3,5,1,1,0,0.0003,0.03,high_redundancy,77,0.25,True,fit_complete,True,1,1,1
E3,5,1,1,0,0.0003,0.03,high_redundancy,77,0.3,True,fit_complete,True,1,1,1
E3,5,1,1,0,0.0003,0.03,high_redundancy,77,0.35,True,fit_complete,True,1,1,1
E3,5,1,1,1,0.0003,0.03,minimal_exact_budget,11,0.15,False,PrecisionFailure: K9 paired threshold is outside its unique admissible Green interval.,False,,,
E3,5,1,1,1,0.0003,0.03,minimal_exact_budget,11,0.2,False,PrecisionFailure: K9 paired threshold is outside its unique admissible Green interval.,False,,,
E3,5,1,1,1,0.0003,0.03,minimal_exact_budget,11,0.25,False,PrecisionFailure: K9 paired threshold is outside its unique admissible Green interval.,False,,,
E3,5,1,1,1,0.0003,0.03,minimal_exact_budget,11,0.3,False,PrecisionFailure: K9 paired threshold is outside its unique admissible Green interval.,False,,,
E3,5,1,1,1,0.0003,0.03,minimal_exact_budget,11,0.35,False,PrecisionFailure: K9 paired threshold is outside its unique admissible Green interval.,False,,,
E3,5,1,1,1,0.0003,0.03,moderate_redundancy,37,0.15,True,fit_complete,True,0.7142857143,1,0.8333333333
E3,5,1,1,1,0.0003,0.03,moderate_redundancy,37,0.2,True,fit_complete,True,0.7142857143,1,0.8333333333
E3,5,1,1,1,0.0003,0.03,moderate_redundancy,37,0.25,True,fit_complete,True,0.8333333333,1,0.9090909091
E3,5,1,1,1,0.0003,0.03,moderate_redundancy,37,0.3,True,fit_complete,True,0.8333333333,1,0.9090909091
E3,5,1,1,1,0.0003,0.03,moderate_redundancy,37,0.35,True,fit_complete,True,0.8333333333,1,0.9090909091
E3,5,1,1,1,0.0003,0.03,high_redundancy,77,0.15,True,fit_complete,True,1,1,1
E3,5,1,1,1,0.0003,0.03,high_redundancy,77,0.2,True,fit_complete,True,1,1,1
E3,5,1,1,1,0.0003,0.03,high_redundancy,77,0.25,True,fit_complete,True,1,1,1
E3,5,1,1,1,0.0003,0.03,high_redundancy,77,0.3,True,fit_complete,True,1,1,1
E3,5,1,1,1,0.0003,0.03,high_redundancy,77,0.35,True,fit_complete,True,1,1,1
E3,5,1,1,2,0.0003,0.03,minimal_exact_budget,11,0.15,False,PrecisionFailure: K9 paired threshold is outside its unique admissible Green interval.,False,,,
E3,5,1,1,2,0.0003,0.03,minimal_exact_budget,11,0.2,False,PrecisionFailure: K9 paired threshold is outside its unique admissible Green interval.,False,,,
E3,5,1,1,2,0.0003,0.03,minimal_exact_budget,11,0.25,False,PrecisionFailure: K9 paired threshold is outside its unique admissible Green interval.,False,,,
E3,5,1,1,2,0.0003,0.03,minimal_exact_budget,11,0.3,False,PrecisionFailure: K9 paired threshold is outside its unique admissible Green interval.,False,,,
E3,5,1,1,2,0.0003,0.03,minimal_exact_budget,11,0.35,False,PrecisionFailure: K9 paired threshold is outside its unique admissible Green interval.,False,,,
E3,5,1,1,2,0.0003,0.03,moderate_redundancy,37,0.15,True,fit_complete,True,0.7142857143,1,0.8333333333
E3,5,1,1,2,0.0003,0.03,moderate_redundancy,37,0.2,True,fit_complete,True,0.8333333333,1,0.9090909091
E3,5,1,1,2,0.0003,0.03,moderate_redundancy,37,0.25,True,fit_complete,True,0.8333333333,1,0.9090909091
E3,5,1,1,2,0.0003,0.03,moderate_redundancy,37,0.3,True,fit_complete,True,0.8333333333,1,0.9090909091
E3,5,1,1,2,0.0003,0.03,moderate_redundancy,37,0.35,True,fit_complete,True,0.8333333333,1,0.9090909091
E3,5,1,1,2,0.0003,0.03,high_redundancy,77,0.15,True,fit_complete,True,1,1,1
E3,5,1,1,2,0.0003,0.03,high_redundancy,77,0.2,True,fit_complete,True,1,1,1
E3,5,1,1,2,0.0003,0.03,high_redundancy,77,0.25,True,fit_complete,True,1,1,1
E3,5,1,1,2,0.0003,0.03,high_redundancy,77,0.3,True,fit_complete,True,1,1,1
E3,5,1,1,2,0.0003,0.03,high_redundancy,77,0.35,True,fit_complete,True,1,1,1
E3,5,1,1,3,0.0003,0.03,minimal_exact_budget,14,0.15,False,PrecisionFailure: K9 paired threshold is outside its unique admissible Green interval.,False,,,
E3,5,1,1,3,0.0003,0.03,minimal_exact_budget,14,0.2,False,PrecisionFailure: K9 paired threshold is outside its unique admissible Green interval.,False,,,
E3,5,1,1,3,0.0003,0.03,minimal_exact_budget,14,0.25,False,PrecisionFailure: K9 paired threshold is outside its unique admissible Green interval.,False,,,
E3,5,1,1,3,0.0003,0.03,minimal_exact_budget,14,0.3,False,PrecisionFailure: K9 paired threshold is outside its unique admissible Green interval.,False,,,
E3,5,1,1,3,0.0003,0.03,minimal_exact_budget,14,0.35,False,PrecisionFailure: K9 paired threshold is outside its unique admissible Green interval.,False,,,
E3,5,1,1,3,0.0003,0.03,moderate_redundancy,37,0.15,True,fit_complete,True,1,1,1
E3,5,1,1,3,0.0003,0.03,moderate_redundancy,37,0.2,True,fit_complete,True,1,1,1
E3,5,1,1,3,0.0003,0.03,moderate_redundancy,37,0.25,True,fit_complete,True,1,1,1
E3,5,1,1,3,0.0003,0.03,moderate_redundancy,37,0.3,True,fit_complete,True,1,1,1
E3,5,1,1,3,0.0003,0.03,moderate_redundancy,37,0.35,True,fit_complete,True,1,1,1
E3,5,1,1,3,0.0003,0.03,high_redundancy,77,0.15,True,fit_complete,True,1,1,1
E3,5,1,1,3,0.0003,0.03,high_redundancy,77,0.2,True,fit_complete,True,1,1,1
E3,5,1,1,3,0.0003,0.03,high_redundancy,77,0.25,True,fit_complete,True,1,1,1
E3,5,1,1,3,0.0003,0.03,high_redundancy,77,0.3,True,fit_complete,True,1,1,1
E3,5,1,1,3,0.0003,0.03,high_redundancy,77,0.35,True,fit_complete,True,1,1,1
E3,5,1,1,0,0.001,0.1,minimal_exact_budget,11,0.15,False,PrecisionFailure: K9 paired threshold is outside its unique admissible Green interval.,False,,,
E3,5,1,1,0,0.001,0.1,minimal_exact_budget,11,0.2,False,PrecisionFailure: K9 paired threshold is outside its unique admissible Green interval.,False,,,
E3,5,1,1,0,0.001,0.1,minimal_exact_budget,11,0.25,False,PrecisionFailure: K9 paired threshold is outside its unique admissible Green interval.,False,,,
E3,5,1,1,0,0.001,0.1,minimal_exact_budget,11,0.3,False,PrecisionFailure: K9 paired threshold is outside its unique admissible Green interval.,False,,,
E3,5,1,1,0,0.001,0.1,minimal_exact_budget,11,0.35,False,PrecisionFailure: K9 paired threshold is outside its unique admissible Green interval.,False,,,
E3,5,1,1,0,0.001,0.1,moderate_redundancy,37,0.15,True,fit_complete,True,0.7142857143,1,0.8333333333
E3,5,1,1,0,0.001,0.1,moderate_redundancy,37,0.2,True,fit_complete,True,0.7142857143,1,0.8333333333
E3,5,1,1,0,0.001,0.1,moderate_redundancy,37,0.25,True,fit_complete,True,0.8333333333,1,0.9090909091
E3,5,1,1,0,0.001,0.1,moderate_redundancy,37,0.3,True,fit_complete,True,0.8333333333,1,0.9090909091
E3,5,1,1,0,0.001,0.1,moderate_redundancy,37,0.35,True,fit_complete,True,0.8333333333,1,0.9090909091
E3,5,1,1,0,0.001,0.1,high_redundancy,77,0.15,True,fit_complete,True,1,1,1
E3,5,1,1,0,0.001,0.1,high_redundancy,77,0.2,True,fit_complete,True,1,1,1
E3,5,1,1,0,0.001,0.1,high_redundancy,77,0.25,True,fit_complete,True,1,1,1
E3,5,1,1,0,0.001,0.1,high_redundancy,77,0.3,True,fit_complete,True,1,1,1
E3,5,1,1,0,0.001,0.1,high_redundancy,77,0.35,True,fit_complete,True,1,1,1
E3,5,1,1,1,0.001,0.1,minimal_exact_budget,11,0.15,False,PrecisionFailure: K9 paired threshold is outside its unique admissible Green interval.,False,,,
E3,5,1,1,1,0.001,0.1,minimal_exact_budget,11,0.2,False,PrecisionFailure: K9 paired threshold is outside its unique admissible Green interval.,False,,,
E3,5,1,1,1,0.001,0.1,minimal_exact_budget,11,0.25,False,PrecisionFailure: K9 paired threshold is outside its unique admissible Green interval.,False,,,
E3,5,1,1,1,0.001,0.1,minimal_exact_budget,11,0.3,False,PrecisionFailure: K9 paired threshold is outside its unique admissible Green interval.,False,,,
E3,5,1,1,1,0.001,0.1,minimal_exact_budget,11,0.35,False,PrecisionFailure: K9 paired threshold is outside its unique admissible Green interval.,False,,,
E3,5,1,1,1,0.001,0.1,moderate_redundancy,37,0.15,True,fit_complete,True,0.5714285714,0.8,0.6666666667
E3,5,1,1,1,0.001,0.1,moderate_redundancy,37,0.2,True,fit_complete,True,0.6666666667,0.8,0.7272727273
E3,5,1,1,1,0.001,0.1,moderate_redundancy,37,0.25,True,fit_complete,True,0.6666666667,0.8,0.7272727273
E3,5,1,1,1,0.001,0.1,moderate_redundancy,37,0.3,True,fit_complete,True,0.6666666667,0.8,0.7272727273
E3,5,1,1,1,0.001,0.1,moderate_redundancy,37,0.35,True,fit_complete,True,0.8,0.8,0.8
E3,5,1,1,1,0.001,0.1,high_redundancy,77,0.15,True,fit_complete,True,1,1,1
E3,5,1,1,1,0.001,0.1,high_redundancy,77,0.2,True,fit_complete,True,1,1,1
E3,5,1,1,1,0.001,0.1,high_redundancy,77,0.25,True,fit_complete,True,1,1,1
E3,5,1,1,1,0.001,0.1,high_redundancy,77,0.3,True,fit_complete,True,1,1,1
E3,5,1,1,1,0.001,0.1,high_redundancy,77,0.35,True,fit_complete,True,1,1,1
E3,5,1,1,2,0.001,0.1,minimal_exact_budget,10,0.15,False,PrecisionFailure: K9 paired threshold is outside its unique admissible Green interval.,False,,,
E3,5,1,1,2,0.001,0.1,minimal_exact_budget,10,0.2,False,PrecisionFailure: K9 paired threshold is outside its unique admissible Green interval.,False,,,
E3,5,1,1,2,0.001,0.1,minimal_exact_budget,10,0.25,False,PrecisionFailure: K9 paired threshold is outside its unique admissible Green interval.,False,,,
E3,5,1,1,2,0.001,0.1,minimal_exact_budget,10,0.3,False,PrecisionFailure: K9 paired threshold is outside its unique admissible Green interval.,False,,,
E3,5,1,1,2,0.001,0.1,minimal_exact_budget,10,0.35,False,PrecisionFailure: K9 paired threshold is outside its unique admissible Green interval.,False,,,
E3,5,1,1,2,0.001,0.1,moderate_redundancy,37,0.15,True,fit_complete,True,0.7142857143,1,0.8333333333
E3,5,1,1,2,0.001,0.1,moderate_redundancy,37,0.2,True,fit_complete,True,0.8333333333,1,0.9090909091
E3,5,1,1,2,0.001,0.1,moderate_redundancy,37,0.25,True,fit_complete,True,0.8333333333,1,0.9090909091
E3,5,1,1,2,0.001,0.1,moderate_redundancy,37,0.3,True,fit_complete,True,0.8333333333,1,0.9090909091
E3,5,1,1,2,0.001,0.1,moderate_redundancy,37,0.35,True,fit_complete,True,0.8333333333,1,0.9090909091
E3,5,1,1,2,0.001,0.1,high_redundancy,77,0.15,True,fit_complete,True,0.8333333333,1,0.9090909091
E3,5,1,1,2,0.001,0.1,high_redundancy,77,0.2,True,fit_complete,True,1,1,1
E3,5,1,1,2,0.001,0.1,high_redundancy,77,0.25,True,fit_complete,True,1,1,1
E3,5,1,1,2,0.001,0.1,high_redundancy,77,0.3,True,fit_complete,True,1,1,1
E3,5,1,1,2,0.001,0.1,high_redundancy,77,0.35,True,fit_complete,True,1,1,1
E3,5,1,1,3,0.001,0.1,minimal_exact_budget,10,0.15,False,PrecisionFailure: K9 paired threshold is outside its unique admissible Green interval.,False,,,
E3,5,1,1,3,0.001,0.1,minimal_exact_budget,10,0.2,False,PrecisionFailure: K9 paired threshold is outside its unique admissible Green interval.,False,,,
E3,5,1,1,3,0.001,0.1,minimal_exact_budget,10,0.25,False,PrecisionFailure: K9 paired threshold is outside its unique admissible Green interval.,False,,,
E3,5,1,1,3,0.001,0.1,minimal_exact_budget,10,0.3,False,PrecisionFailure: K9 paired threshold is outside its unique admissible Green interval.,False,,,
E3,5,1,1,3,0.001,0.1,minimal_exact_budget,10,0.35,False,PrecisionFailure: K9 paired threshold is outside its unique admissible Green interval.,False,,,
E3,5,1,1,3,0.001,0.1,moderate_redundancy,37,0.15,True,fit_complete,True,0.6666666667,0.8,0.7272727273
E3,5,1,1,3,0.001,0.1,moderate_redundancy,37,0.2,True,fit_complete,True,0.6666666667,0.8,0.7272727273
E3,5,1,1,3,0.001,0.1,moderate_redundancy,37,0.25,True,fit_complete,True,0.6666666667,0.8,0.7272727273
E3,5,1,1,3,0.001,0.1,moderate_redundancy,37,0.3,True,fit_complete,True,0.6666666667,0.8,0.7272727273
E3,5,1,1,3,0.001,0.1,moderate_redundancy,37,0.35,True,fit_complete,True,0.6666666667,0.8,0.7272727273
E3,5,1,1,3,0.001,0.1,high_redundancy,77,0.15,True,fit_complete,True,1,1,1
E3,5,1,1,3,0.001,0.1,high_redundancy,77,0.2,True,fit_complete,True,1,1,1
E3,5,1,1,3,0.001,0.1,high_redundancy,77,0.25,True,fit_complete,True,1,1,1
E3,5,1,1,3,0.001,0.1,high_redundancy,77,0.3,True,fit_complete,True,1,1,1
E3,5,1,1,3,0.001,0.1,high_redundancy,77,0.35,True,fit_complete,True,1,1,1
E3,5,1,1,0,0.003,0.3,minimal_exact_budget,10,0.15,False,PrecisionFailure: K9 paired threshold is outside its unique admissible Green interval.,False,,,
E3,5,1,1,0,0.003,0.3,minimal_exact_budget,10,0.2,False,PrecisionFailure: K9 paired threshold is outside its unique admissible Green interval.,False,,,
E3,5,1,1,0,0.003,0.3,minimal_exact_budget,10,0.25,False,PrecisionFailure: K9 paired threshold is outside its unique admissible Green interval.,False,,,
E3,5,1,1,0,0.003,0.3,minimal_exact_budget,10,0.3,False,PrecisionFailure: K9 paired threshold is outside its unique admissible Green interval.,False,,,
E3,5,1,1,0,0.003,0.3,minimal_exact_budget,10,0.35,False,PrecisionFailure: K9 paired threshold is outside its unique admissible Green interval.,False,,,
E3,5,1,1,0,0.003,0.3,moderate_redundancy,37,0.15,True,fit_complete,True,1,0.8,0.8888888889
E3,5,1,1,0,0.003,0.3,moderate_redundancy,37,0.2,True,fit_complete,True,1,0.8,0.8888888889
E3,5,1,1,0,0.003,0.3,moderate_redundancy,37,0.25,True,fit_complete,True,1,0.8,0.8888888889
E3,5,1,1,0,0.003,0.3,moderate_redundancy,37,0.3,True,fit_complete,True,1,0.8,0.8888888889
E3,5,1,1,0,0.003,0.3,moderate_redundancy,37,0.35,True,fit_complete,True,1,0.8,0.8888888889
E3,5,1,1,0,0.003,0.3,high_redundancy,77,0.15,True,fit_complete,True,1,1,1
E3,5,1,1,0,0.003,0.3,high_redundancy,77,0.2,True,fit_complete,True,1,1,1
E3,5,1,1,0,0.003,0.3,high_redundancy,77,0.25,True,fit_complete,True,1,1,1
E3,5,1,1,0,0.003,0.3,high_redundancy,77,0.3,True,fit_complete,True,1,1,1
E3,5,1,1,0,0.003,0.3,high_redundancy,77,0.35,True,fit_complete,True,1,1,1
E3,5,1,1,1,0.003,0.3,minimal_exact_budget,10,0.15,False,PrecisionFailure: K9 paired threshold is outside its unique admissible Green interval.,False,,,
E3,5,1,1,1,0.003,0.3,minimal_exact_budget,10,0.2,False,PrecisionFailure: K9 paired threshold is outside its unique admissible Green interval.,False,,,
E3,5,1,1,1,0.003,0.3,minimal_exact_budget,10,0.25,False,PrecisionFailure: K9 paired threshold is outside its unique admissible Green interval.,False,,,
E3,5,1,1,1,0.003,0.3,minimal_exact_budget,10,0.3,False,PrecisionFailure: K9 paired threshold is outside its unique admissible Green interval.,False,,,
E3,5,1,1,1,0.003,0.3,minimal_exact_budget,10,0.35,False,PrecisionFailure: K9 paired threshold is outside its unique admissible Green interval.,False,,,
E3,5,1,1,1,0.003,0.3,moderate_redundancy,37,0.15,True,fit_complete,True,1,1,1
E3,5,1,1,1,0.003,0.3,moderate_redundancy,37,0.2,True,fit_complete,True,1,1,1
E3,5,1,1,1,0.003,0.3,moderate_redundancy,37,0.25,True,fit_complete,True,1,1,1
E3,5,1,1,1,0.003,0.3,moderate_redundancy,37,0.3,True,fit_complete,True,1,1,1
E3,5,1,1,1,0.003,0.3,moderate_redundancy,37,0.35,True,fit_complete,True,1,1,1
E3,5,1,1,1,0.003,0.3,high_redundancy,77,0.15,True,fit_complete,True,1,1,1
E3,5,1,1,1,0.003,0.3,high_redundancy,77,0.2,True,fit_complete,True,1,1,1
E3,5,1,1,1,0.003,0.3,high_redundancy,77,0.25,True,fit_complete,True,1,1,1
E3,5,1,1,1,0.003,0.3,high_redundancy,77,0.3,True,fit_complete,True,1,1,1
E3,5,1,1,1,0.003,0.3,high_redundancy,77,0.35,True,fit_complete,True,1,1,1
E3,5,1,1,2,0.003,0.3,minimal_exact_budget,10,0.15,False,PrecisionFailure: K9 paired threshold is outside its unique admissible Green interval.,False,,,
E3,5,1,1,2,0.003,0.3,minimal_exact_budget,10,0.2,False,PrecisionFailure: K9 paired threshold is outside its unique admissible Green interval.,False,,,
E3,5,1,1,2,0.003,0.3,minimal_exact_budget,10,0.25,False,PrecisionFailure: K9 paired threshold is outside its unique admissible Green interval.,False,,,
E3,5,1,1,2,0.003,0.3,minimal_exact_budget,10,0.3,False,PrecisionFailure: K9 paired threshold is outside its unique admissible Green interval.,False,,,
E3,5,1,1,2,0.003,0.3,minimal_exact_budget,10,0.35,False,PrecisionFailure: K9 paired threshold is outside its unique admissible Green interval.,False,,,
E3,5,1,1,2,0.003,0.3,moderate_redundancy,37,0.15,True,fit_complete,True,0.7142857143,1,0.8333333333
E3,5,1,1,2,0.003,0.3,moderate_redundancy,37,0.2,True,fit_complete,True,0.7142857143,1,0.8333333333
E3,5,1,1,2,0.003,0.3,moderate_redundancy,37,0.25,True,fit_complete,True,0.7142857143,1,0.8333333333
E3,5,1,1,2,0.003,0.3,moderate_redundancy,37,0.3,True,fit_complete,True,0.7142857143,1,0.8333333333
E3,5,1,1,2,0.003,0.3,moderate_redundancy,37,0.35,True,fit_complete,True,0.7142857143,1,0.8333333333
E3,5,1,1,2,0.003,0.3,high_redundancy,77,0.15,True,fit_complete,True,0.8,0.8,0.8
E3,5,1,1,2,0.003,0.3,high_redundancy,77,0.2,True,fit_complete,True,0.8,0.8,0.8
E3,5,1,1,2,0.003,0.3,high_redundancy,77,0.25,True,fit_complete,True,0.8,0.8,0.8
E3,5,1,1,2,0.003,0.3,high_redundancy,77,0.3,True,fit_complete,True,0.8,0.8,0.8
E3,5,1,1,2,0.003,0.3,high_redundancy,77,0.35,True,fit_complete,True,1,0.8,0.8888888889
E3,5,1,1,3,0.003,0.3,minimal_exact_budget,10,0.15,False,PrecisionFailure: K9 paired threshold is outside its unique admissible Green interval.,False,,,
E3,5,1,1,3,0.003,0.3,minimal_exact_budget,10,0.2,False,PrecisionFailure: K9 paired threshold is outside its unique admissible Green interval.,False,,,
E3,5,1,1,3,0.003,0.3,minimal_exact_budget,10,0.25,False,PrecisionFailure: K9 paired threshold is outside its unique admissible Green interval.,False,,,
E3,5,1,1,3,0.003,0.3,minimal_exact_budget,10,0.3,False,PrecisionFailure: K9 paired threshold is outside its unique admissible Green interval.,False,,,
E3,5,1,1,3,0.003,0.3,minimal_exact_budget,10,0.35,False,PrecisionFailure: K9 paired threshold is outside its unique admissible Green interval.,False,,,
E3,5,1,1,3,0.003,0.3,moderate_redundancy,37,0.15,True,fit_complete,True,0.7142857143,1,0.8333333333
E3,5,1,1,3,0.003,0.3,moderate_redundancy,37,0.2,True,fit_complete,True,0.8333333333,1,0.9090909091
E3,5,1,1,3,0.003,0.3,moderate_redundancy,37,0.25,True,fit_complete,True,0.8333333333,1,0.9090909091
E3,5,1,1,3,0.003,0.3,moderate_redundancy,37,0.3,True,fit_complete,True,0.8333333333,1,0.9090909091
E3,5,1,1,3,0.003,0.3,moderate_redundancy,37,0.35,True,fit_complete,True,0.8333333333,1,0.9090909091
E3,5,1,1,3,0.003,0.3,high_redundancy,77,0.15,True,fit_complete,True,0.8333333333,1,0.9090909091
E3,5,1,1,3,0.003,0.3,high_redundancy,77,0.2,True,fit_complete,True,0.8333333333,1,0.9090909091
E3,5,1,1,3,0.003,0.3,high_redundancy,77,0.25,True,fit_complete,True,0.8333333333,1,0.9090909091
E3,5,1,1,3,0.003,0.3,high_redundancy,77,0.3,True,fit_complete,True,0.8333333333,1,0.9090909091
E3,5,1,1,3,0.003,0.3,high_redundancy,77,0.35,True,fit_complete,True,1,1,1
E4,5,0,0,0,0,0,minimal_exact_budget,20,0.15,True,recovered,True,1,1,1
E4,5,0,0,0,0,0,minimal_exact_budget,20,0.2,True,recovered,True,1,1,1
E4,5,0,0,0,0,0,minimal_exact_budget,20,0.25,True,recovered,True,1,1,1
E4,5,0,0,0,0,0,minimal_exact_budget,20,0.3,True,recovered,True,1,1,1
E4,5,0,0,0,0,0,minimal_exact_budget,20,0.35,True,recovered,True,1,1,1
E4,5,0,0,0,0,0,moderate_redundancy,37,0.15,True,fit_complete,True,1,1,1
E4,5,0,0,0,0,0,moderate_redundancy,37,0.2,True,fit_complete,True,1,1,1
E4,5,0,0,0,0,0,moderate_redundancy,37,0.25,True,fit_complete,True,1,1,1
E4,5,0,0,0,0,0,moderate_redundancy,37,0.3,True,fit_complete,True,1,1,1
E4,5,0,0,0,0,0,moderate_redundancy,37,0.35,True,fit_complete,True,1,1,1
E4,5,0,0,0,0,0,high_redundancy,77,0.15,True,fit_complete,True,1,1,1
E4,5,0,0,0,0,0,high_redundancy,77,0.2,True,fit_complete,True,1,1,1
E4,5,0,0,0,0,0,high_redundancy,77,0.25,True,fit_complete,True,1,1,1
E4,5,0,0,0,0,0,high_redundancy,77,0.3,True,fit_complete,True,1,1,1
E4,5,0,0,0,0,0,high_redundancy,77,0.35,True,fit_complete,True,1,1,1
E4,5,0,0,1,0,0,minimal_exact_budget,20,0.15,True,recovered,True,1,1,1
E4,5,0,0,1,0,0,minimal_exact_budget,20,0.2,True,recovered,True,1,1,1
E4,5,0,0,1,0,0,minimal_exact_budget,20,0.25,True,recovered,True,1,1,1
E4,5,0,0,1,0,0,minimal_exact_budget,20,0.3,True,recovered,True,1,1,1
E4,5,0,0,1,0,0,minimal_exact_budget,20,0.35,True,recovered,True,1,1,1
E4,5,0,0,1,0,0,moderate_redundancy,37,0.15,True,fit_complete,True,1,1,1
E4,5,0,0,1,0,0,moderate_redundancy,37,0.2,True,fit_complete,True,1,1,1
E4,5,0,0,1,0,0,moderate_redundancy,37,0.25,True,fit_complete,True,1,1,1
E4,5,0,0,1,0,0,moderate_redundancy,37,0.3,True,fit_complete,True,1,1,1
E4,5,0,0,1,0,0,moderate_redundancy,37,0.35,True,fit_complete,True,1,1,1
E4,5,0,0,1,0,0,high_redundancy,77,0.15,True,fit_complete,True,1,1,1
E4,5,0,0,1,0,0,high_redundancy,77,0.2,True,fit_complete,True,1,1,1
E4,5,0,0,1,0,0,high_redundancy,77,0.25,True,fit_complete,True,1,1,1
E4,5,0,0,1,0,0,high_redundancy,77,0.3,True,fit_complete,True,1,1,1
E4,5,0,0,1,0,0,high_redundancy,77,0.35,True,fit_complete,True,1,1,1
E4,5,0,0,2,0,0,minimal_exact_budget,20,0.15,True,recovered,True,1,1,1
E4,5,0,0,2,0,0,minimal_exact_budget,20,0.2,True,recovered,True,1,1,1
E4,5,0,0,2,0,0,minimal_exact_budget,20,0.25,True,recovered,True,1,1,1
E4,5,0,0,2,0,0,minimal_exact_budget,20,0.3,True,recovered,True,1,1,1
E4,5,0,0,2,0,0,minimal_exact_budget,20,0.35,True,recovered,True,1,1,1
E4,5,0,0,2,0,0,moderate_redundancy,37,0.15,True,fit_complete,True,1,1,1
E4,5,0,0,2,0,0,moderate_redundancy,37,0.2,True,fit_complete,True,1,1,1
E4,5,0,0,2,0,0,moderate_redundancy,37,0.25,True,fit_complete,True,1,1,1
E4,5,0,0,2,0,0,moderate_redundancy,37,0.3,True,fit_complete,True,1,1,1
E4,5,0,0,2,0,0,moderate_redundancy,37,0.35,True,fit_complete,True,1,1,1
E4,5,0,0,2,0,0,high_redundancy,77,0.15,True,fit_complete,True,1,1,1
E4,5,0,0,2,0,0,high_redundancy,77,0.2,True,fit_complete,True,1,1,1
E4,5,0,0,2,0,0,high_redundancy,77,0.25,True,fit_complete,True,1,1,1
E4,5,0,0,2,0,0,high_redundancy,77,0.3,True,fit_complete,True,1,1,1
E4,5,0,0,2,0,0,high_redundancy,77,0.35,True,fit_complete,True,1,1,1
E4,5,0,0,3,0,0,minimal_exact_budget,20,0.15,True,recovered,True,1,1,1
E4,5,0,0,3,0,0,minimal_exact_budget,20,0.2,True,recovered,True,1,1,1
E4,5,0,0,3,0,0,minimal_exact_budget,20,0.25,True,recovered,True,1,1,1
E4,5,0,0,3,0,0,minimal_exact_budget,20,0.3,True,recovered,True,1,1,1
E4,5,0,0,3,0,0,minimal_exact_budget,20,0.35,True,recovered,True,1,1,1
E4,5,0,0,3,0,0,moderate_redundancy,37,0.15,True,fit_complete,True,1,1,1
E4,5,0,0,3,0,0,moderate_redundancy,37,0.2,True,fit_complete,True,1,1,1
E4,5,0,0,3,0,0,moderate_redundancy,37,0.25,True,fit_complete,True,1,1,1
E4,5,0,0,3,0,0,moderate_redundancy,37,0.3,True,fit_complete,True,1,1,1
E4,5,0,0,3,0,0,moderate_redundancy,37,0.35,True,fit_complete,True,1,1,1
E4,5,0,0,3,0,0,high_redundancy,77,0.15,True,fit_complete,True,1,1,1
E4,5,0,0,3,0,0,high_redundancy,77,0.2,True,fit_complete,True,1,1,1
E4,5,0,0,3,0,0,high_redundancy,77,0.25,True,fit_complete,True,1,1,1
E4,5,0,0,3,0,0,high_redundancy,77,0.3,True,fit_complete,True,1,1,1
E4,5,0,0,3,0,0,high_redundancy,77,0.35,True,fit_complete,True,1,1,1
E4,5,0,0,0,0.0001,0.01,minimal_exact_budget,15,0.15,False,PrecisionFailure: K9 reconstructed root-coupling vector has a negative entry.,False,,,
E4,5,0,0,0,0.0001,0.01,minimal_exact_budget,15,0.2,False,PrecisionFailure: K9 reconstructed root-coupling vector has a negative entry.,False,,,
E4,5,0,0,0,0.0001,0.01,minimal_exact_budget,15,0.25,False,PrecisionFailure: K9 reconstructed root-coupling vector has a negative entry.,False,,,
E4,5,0,0,0,0.0001,0.01,minimal_exact_budget,15,0.3,False,PrecisionFailure: K9 reconstructed root-coupling vector has a negative entry.,False,,,
E4,5,0,0,0,0.0001,0.01,minimal_exact_budget,15,0.35,False,PrecisionFailure: K9 reconstructed root-coupling vector has a negative entry.,False,,,
E4,5,0,0,0,0.0001,0.01,moderate_redundancy,37,0.15,True,fit_complete,True,1,1,1
E4,5,0,0,0,0.0001,0.01,moderate_redundancy,37,0.2,True,fit_complete,True,1,1,1
E4,5,0,0,0,0.0001,0.01,moderate_redundancy,37,0.25,True,fit_complete,True,1,1,1
E4,5,0,0,0,0.0001,0.01,moderate_redundancy,37,0.3,True,fit_complete,True,1,1,1
E4,5,0,0,0,0.0001,0.01,moderate_redundancy,37,0.35,True,fit_complete,True,1,1,1
E4,5,0,0,0,0.0001,0.01,high_redundancy,77,0.15,True,fit_complete,True,1,1,1
E4,5,0,0,0,0.0001,0.01,high_redundancy,77,0.2,True,fit_complete,True,1,1,1
E4,5,0,0,0,0.0001,0.01,high_redundancy,77,0.25,True,fit_complete,True,1,1,1
E4,5,0,0,0,0.0001,0.01,high_redundancy,77,0.3,True,fit_complete,True,1,1,1
E4,5,0,0,0,0.0001,0.01,high_redundancy,77,0.35,True,fit_complete,True,1,1,1
E4,5,0,0,1,0.0001,0.01,minimal_exact_budget,11,0.15,False,PrecisionFailure: K9 paired threshold is outside its unique admissible Green interval.,False,,,
E4,5,0,0,1,0.0001,0.01,minimal_exact_budget,11,0.2,False,PrecisionFailure: K9 paired threshold is outside its unique admissible Green interval.,False,,,
E4,5,0,0,1,0.0001,0.01,minimal_exact_budget,11,0.25,False,PrecisionFailure: K9 paired threshold is outside its unique admissible Green interval.,False,,,
E4,5,0,0,1,0.0001,0.01,minimal_exact_budget,11,0.3,False,PrecisionFailure: K9 paired threshold is outside its unique admissible Green interval.,False,,,
E4,5,0,0,1,0.0001,0.01,minimal_exact_budget,11,0.35,False,PrecisionFailure: K9 paired threshold is outside its unique admissible Green interval.,False,,,
E4,5,0,0,1,0.0001,0.01,moderate_redundancy,37,0.15,True,fit_complete,True,0.8,1,0.8888888889
E4,5,0,0,1,0.0001,0.01,moderate_redundancy,37,0.2,True,fit_complete,True,1,1,1
E4,5,0,0,1,0.0001,0.01,moderate_redundancy,37,0.25,True,fit_complete,True,1,1,1
E4,5,0,0,1,0.0001,0.01,moderate_redundancy,37,0.3,True,fit_complete,True,1,1,1
E4,5,0,0,1,0.0001,0.01,moderate_redundancy,37,0.35,True,fit_complete,True,1,1,1
E4,5,0,0,1,0.0001,0.01,high_redundancy,77,0.15,True,fit_complete,True,1,1,1
E4,5,0,0,1,0.0001,0.01,high_redundancy,77,0.2,True,fit_complete,True,1,1,1
E4,5,0,0,1,0.0001,0.01,high_redundancy,77,0.25,True,fit_complete,True,1,1,1
E4,5,0,0,1,0.0001,0.01,high_redundancy,77,0.3,True,fit_complete,True,1,1,1
E4,5,0,0,1,0.0001,0.01,high_redundancy,77,0.35,True,fit_complete,True,1,1,1
E4,5,0,0,2,0.0001,0.01,minimal_exact_budget,13,0.15,False,PrecisionFailure: K9 paired threshold is outside its unique admissible Green interval.,False,,,
E4,5,0,0,2,0.0001,0.01,minimal_exact_budget,13,0.2,False,PrecisionFailure: K9 paired threshold is outside its unique admissible Green interval.,False,,,
E4,5,0,0,2,0.0001,0.01,minimal_exact_budget,13,0.25,False,PrecisionFailure: K9 paired threshold is outside its unique admissible Green interval.,False,,,
E4,5,0,0,2,0.0001,0.01,minimal_exact_budget,13,0.3,False,PrecisionFailure: K9 paired threshold is outside its unique admissible Green interval.,False,,,
E4,5,0,0,2,0.0001,0.01,minimal_exact_budget,13,0.35,False,PrecisionFailure: K9 paired threshold is outside its unique admissible Green interval.,False,,,
E4,5,0,0,2,0.0001,0.01,moderate_redundancy,37,0.15,True,fit_complete,True,1,1,1
E4,5,0,0,2,0.0001,0.01,moderate_redundancy,37,0.2,True,fit_complete,True,1,1,1
E4,5,0,0,2,0.0001,0.01,moderate_redundancy,37,0.25,True,fit_complete,True,1,1,1
E4,5,0,0,2,0.0001,0.01,moderate_redundancy,37,0.3,True,fit_complete,True,1,1,1
E4,5,0,0,2,0.0001,0.01,moderate_redundancy,37,0.35,True,fit_complete,True,1,1,1
E4,5,0,0,2,0.0001,0.01,high_redundancy,77,0.15,True,fit_complete,True,1,1,1
E4,5,0,0,2,0.0001,0.01,high_redundancy,77,0.2,True,fit_complete,True,1,1,1
E4,5,0,0,2,0.0001,0.01,high_redundancy,77,0.25,True,fit_complete,True,1,1,1
E4,5,0,0,2,0.0001,0.01,high_redundancy,77,0.3,True,fit_complete,True,1,1,1
E4,5,0,0,2,0.0001,0.01,high_redundancy,77,0.35,True,fit_complete,True,1,1,1
E4,5,0,0,3,0.0001,0.01,minimal_exact_budget,11,0.15,False,PrecisionFailure: K9 paired threshold is outside its unique admissible Green interval.,False,,,
E4,5,0,0,3,0.0001,0.01,minimal_exact_budget,11,0.2,False,PrecisionFailure: K9 paired threshold is outside its unique admissible Green interval.,False,,,
E4,5,0,0,3,0.0001,0.01,minimal_exact_budget,11,0.25,False,PrecisionFailure: K9 paired threshold is outside its unique admissible Green interval.,False,,,
E4,5,0,0,3,0.0001,0.01,minimal_exact_budget,11,0.3,False,PrecisionFailure: K9 paired threshold is outside its unique admissible Green interval.,False,,,
E4,5,0,0,3,0.0001,0.01,minimal_exact_budget,11,0.35,False,PrecisionFailure: K9 paired threshold is outside its unique admissible Green interval.,False,,,
E4,5,0,0,3,0.0001,0.01,moderate_redundancy,37,0.15,True,fit_complete,True,0.8,1,0.8888888889
E4,5,0,0,3,0.0001,0.01,moderate_redundancy,37,0.2,True,fit_complete,True,0.8,1,0.8888888889
E4,5,0,0,3,0.0001,0.01,moderate_redundancy,37,0.25,True,fit_complete,True,1,1,1
E4,5,0,0,3,0.0001,0.01,moderate_redundancy,37,0.3,True,fit_complete,True,1,1,1
E4,5,0,0,3,0.0001,0.01,moderate_redundancy,37,0.35,True,fit_complete,True,1,1,1
E4,5,0,0,3,0.0001,0.01,high_redundancy,77,0.15,True,fit_complete,True,1,1,1
E4,5,0,0,3,0.0001,0.01,high_redundancy,77,0.2,True,fit_complete,True,1,1,1
E4,5,0,0,3,0.0001,0.01,high_redundancy,77,0.25,True,fit_complete,True,1,1,1
E4,5,0,0,3,0.0001,0.01,high_redundancy,77,0.3,True,fit_complete,True,1,1,1
E4,5,0,0,3,0.0001,0.01,high_redundancy,77,0.35,True,fit_complete,True,1,1,1
E4,5,0,0,0,0.0003,0.03,minimal_exact_budget,10,0.15,False,PrecisionFailure: K9 paired threshold is outside its unique admissible Green interval.,False,,,
E4,5,0,0,0,0.0003,0.03,minimal_exact_budget,10,0.2,False,PrecisionFailure: K9 paired threshold is outside its unique admissible Green interval.,False,,,
E4,5,0,0,0,0.0003,0.03,minimal_exact_budget,10,0.25,False,PrecisionFailure: K9 paired threshold is outside its unique admissible Green interval.,False,,,
E4,5,0,0,0,0.0003,0.03,minimal_exact_budget,10,0.3,False,PrecisionFailure: K9 paired threshold is outside its unique admissible Green interval.,False,,,
E4,5,0,0,0,0.0003,0.03,minimal_exact_budget,10,0.35,False,PrecisionFailure: K9 paired threshold is outside its unique admissible Green interval.,False,,,
E4,5,0,0,0,0.0003,0.03,moderate_redundancy,37,0.15,True,fit_complete,True,0.8,1,0.8888888889
E4,5,0,0,0,0.0003,0.03,moderate_redundancy,37,0.2,True,fit_complete,True,0.8,1,0.8888888889
E4,5,0,0,0,0.0003,0.03,moderate_redundancy,37,0.25,True,fit_complete,True,0.8,1,0.8888888889
E4,5,0,0,0,0.0003,0.03,moderate_redundancy,37,0.3,True,fit_complete,True,0.8,1,0.8888888889
E4,5,0,0,0,0.0003,0.03,moderate_redundancy,37,0.35,True,fit_complete,True,1,1,1
E4,5,0,0,0,0.0003,0.03,high_redundancy,77,0.15,True,fit_complete,True,1,1,1
E4,5,0,0,0,0.0003,0.03,high_redundancy,77,0.2,True,fit_complete,True,1,1,1
E4,5,0,0,0,0.0003,0.03,high_redundancy,77,0.25,True,fit_complete,True,1,1,1
E4,5,0,0,0,0.0003,0.03,high_redundancy,77,0.3,True,fit_complete,True,1,1,1
E4,5,0,0,0,0.0003,0.03,high_redundancy,77,0.35,True,fit_complete,True,1,1,1
E4,5,0,0,1,0.0003,0.03,minimal_exact_budget,11,0.15,False,PrecisionFailure: K9 paired threshold is outside its unique admissible Green interval.,False,,,
E4,5,0,0,1,0.0003,0.03,minimal_exact_budget,11,0.2,False,PrecisionFailure: K9 paired threshold is outside its unique admissible Green interval.,False,,,
E4,5,0,0,1,0.0003,0.03,minimal_exact_budget,11,0.25,False,PrecisionFailure: K9 paired threshold is outside its unique admissible Green interval.,False,,,
E4,5,0,0,1,0.0003,0.03,minimal_exact_budget,11,0.3,False,PrecisionFailure: K9 paired threshold is outside its unique admissible Green interval.,False,,,
E4,5,0,0,1,0.0003,0.03,minimal_exact_budget,11,0.35,False,PrecisionFailure: K9 paired threshold is outside its unique admissible Green interval.,False,,,
E4,5,0,0,1,0.0003,0.03,moderate_redundancy,37,0.15,True,fit_complete,True,0.6666666667,1,0.8
E4,5,0,0,1,0.0003,0.03,moderate_redundancy,37,0.2,True,fit_complete,True,0.8,1,0.8888888889
E4,5,0,0,1,0.0003,0.03,moderate_redundancy,37,0.25,True,fit_complete,True,0.8,1,0.8888888889
E4,5,0,0,1,0.0003,0.03,moderate_redundancy,37,0.3,True,fit_complete,True,0.8,1,0.8888888889
E4,5,0,0,1,0.0003,0.03,moderate_redundancy,37,0.35,True,fit_complete,True,0.8,1,0.8888888889
E4,5,0,0,1,0.0003,0.03,high_redundancy,77,0.15,True,fit_complete,True,1,1,1
E4,5,0,0,1,0.0003,0.03,high_redundancy,77,0.2,True,fit_complete,True,1,1,1
E4,5,0,0,1,0.0003,0.03,high_redundancy,77,0.25,True,fit_complete,True,1,1,1
E4,5,0,0,1,0.0003,0.03,high_redundancy,77,0.3,True,fit_complete,True,1,1,1
E4,5,0,0,1,0.0003,0.03,high_redundancy,77,0.35,True,fit_complete,True,1,1,1
E4,5,0,0,2,0.0003,0.03,minimal_exact_budget,12,0.15,False,PrecisionFailure: K9 paired threshold is outside its unique admissible Green interval.,False,,,
E4,5,0,0,2,0.0003,0.03,minimal_exact_budget,12,0.2,False,PrecisionFailure: K9 paired threshold is outside its unique admissible Green interval.,False,,,
E4,5,0,0,2,0.0003,0.03,minimal_exact_budget,12,0.25,False,PrecisionFailure: K9 paired threshold is outside its unique admissible Green interval.,False,,,
E4,5,0,0,2,0.0003,0.03,minimal_exact_budget,12,0.3,False,PrecisionFailure: K9 paired threshold is outside its unique admissible Green interval.,False,,,
E4,5,0,0,2,0.0003,0.03,minimal_exact_budget,12,0.35,False,PrecisionFailure: K9 paired threshold is outside its unique admissible Green interval.,False,,,
E4,5,0,0,2,0.0003,0.03,moderate_redundancy,37,0.15,True,fit_complete,True,0.8,1,0.8888888889
E4,5,0,0,2,0.0003,0.03,moderate_redundancy,37,0.2,True,fit_complete,True,0.8,1,0.8888888889
E4,5,0,0,2,0.0003,0.03,moderate_redundancy,37,0.25,True,fit_complete,True,0.8,1,0.8888888889
E4,5,0,0,2,0.0003,0.03,moderate_redundancy,37,0.3,True,fit_complete,True,0.8,1,0.8888888889
E4,5,0,0,2,0.0003,0.03,moderate_redundancy,37,0.35,True,fit_complete,True,0.8,1,0.8888888889
E4,5,0,0,2,0.0003,0.03,high_redundancy,77,0.15,True,fit_complete,True,1,1,1
E4,5,0,0,2,0.0003,0.03,high_redundancy,77,0.2,True,fit_complete,True,1,1,1
E4,5,0,0,2,0.0003,0.03,high_redundancy,77,0.25,True,fit_complete,True,1,1,1
E4,5,0,0,2,0.0003,0.03,high_redundancy,77,0.3,True,fit_complete,True,1,1,1
E4,5,0,0,2,0.0003,0.03,high_redundancy,77,0.35,True,fit_complete,True,1,1,1
E4,5,0,0,3,0.0003,0.03,minimal_exact_budget,10,0.15,False,PrecisionFailure: K9 paired threshold is outside its unique admissible Green interval.,False,,,
E4,5,0,0,3,0.0003,0.03,minimal_exact_budget,10,0.2,False,PrecisionFailure: K9 paired threshold is outside its unique admissible Green interval.,False,,,
E4,5,0,0,3,0.0003,0.03,minimal_exact_budget,10,0.25,False,PrecisionFailure: K9 paired threshold is outside its unique admissible Green interval.,False,,,
E4,5,0,0,3,0.0003,0.03,minimal_exact_budget,10,0.3,False,PrecisionFailure: K9 paired threshold is outside its unique admissible Green interval.,False,,,
E4,5,0,0,3,0.0003,0.03,minimal_exact_budget,10,0.35,False,PrecisionFailure: K9 paired threshold is outside its unique admissible Green interval.,False,,,
E4,5,0,0,3,0.0003,0.03,moderate_redundancy,37,0.15,True,fit_complete,True,0.8,1,0.8888888889
E4,5,0,0,3,0.0003,0.03,moderate_redundancy,37,0.2,True,fit_complete,True,0.8,1,0.8888888889
E4,5,0,0,3,0.0003,0.03,moderate_redundancy,37,0.25,True,fit_complete,True,0.8,1,0.8888888889
E4,5,0,0,3,0.0003,0.03,moderate_redundancy,37,0.3,True,fit_complete,True,0.8,1,0.8888888889
E4,5,0,0,3,0.0003,0.03,moderate_redundancy,37,0.35,True,fit_complete,True,1,1,1
E4,5,0,0,3,0.0003,0.03,high_redundancy,77,0.15,True,fit_complete,True,1,1,1
E4,5,0,0,3,0.0003,0.03,high_redundancy,77,0.2,True,fit_complete,True,1,1,1
E4,5,0,0,3,0.0003,0.03,high_redundancy,77,0.25,True,fit_complete,True,1,1,1
E4,5,0,0,3,0.0003,0.03,high_redundancy,77,0.3,True,fit_complete,True,1,1,1
E4,5,0,0,3,0.0003,0.03,high_redundancy,77,0.35,True,fit_complete,True,1,1,1
E4,5,0,0,0,0.001,0.1,minimal_exact_budget,10,0.15,False,PrecisionFailure: K9 paired threshold is outside its unique admissible Green interval.,False,,,
E4,5,0,0,0,0.001,0.1,minimal_exact_budget,10,0.2,False,PrecisionFailure: K9 paired threshold is outside its unique admissible Green interval.,False,,,
E4,5,0,0,0,0.001,0.1,minimal_exact_budget,10,0.25,False,PrecisionFailure: K9 paired threshold is outside its unique admissible Green interval.,False,,,
E4,5,0,0,0,0.001,0.1,minimal_exact_budget,10,0.3,False,PrecisionFailure: K9 paired threshold is outside its unique admissible Green interval.,False,,,
E4,5,0,0,0,0.001,0.1,minimal_exact_budget,10,0.35,False,PrecisionFailure: K9 paired threshold is outside its unique admissible Green interval.,False,,,
E4,5,0,0,0,0.001,0.1,moderate_redundancy,37,0.15,True,fit_complete,True,0.6666666667,1,0.8
E4,5,0,0,0,0.001,0.1,moderate_redundancy,37,0.2,True,fit_complete,True,0.6666666667,1,0.8
E4,5,0,0,0,0.001,0.1,moderate_redundancy,37,0.25,True,fit_complete,True,0.8,1,0.8888888889
E4,5,0,0,0,0.001,0.1,moderate_redundancy,37,0.3,True,fit_complete,True,0.8,1,0.8888888889
E4,5,0,0,0,0.001,0.1,moderate_redundancy,37,0.35,True,fit_complete,True,0.8,1,0.8888888889
E4,5,0,0,0,0.001,0.1,high_redundancy,77,0.15,True,fit_complete,True,0.8,1,0.8888888889
E4,5,0,0,0,0.001,0.1,high_redundancy,77,0.2,True,fit_complete,True,0.8,1,0.8888888889
E4,5,0,0,0,0.001,0.1,high_redundancy,77,0.25,True,fit_complete,True,0.8,1,0.8888888889
E4,5,0,0,0,0.001,0.1,high_redundancy,77,0.3,True,fit_complete,True,0.8,1,0.8888888889
E4,5,0,0,0,0.001,0.1,high_redundancy,77,0.35,True,fit_complete,True,1,1,1
E4,5,0,0,1,0.001,0.1,minimal_exact_budget,11,0.15,False,PrecisionFailure: K9 paired threshold is outside its unique admissible Green interval.,False,,,
E4,5,0,0,1,0.001,0.1,minimal_exact_budget,11,0.2,False,PrecisionFailure: K9 paired threshold is outside its unique admissible Green interval.,False,,,
E4,5,0,0,1,0.001,0.1,minimal_exact_budget,11,0.25,False,PrecisionFailure: K9 paired threshold is outside its unique admissible Green interval.,False,,,
E4,5,0,0,1,0.001,0.1,minimal_exact_budget,11,0.3,False,PrecisionFailure: K9 paired threshold is outside its unique admissible Green interval.,False,,,
E4,5,0,0,1,0.001,0.1,minimal_exact_budget,11,0.35,False,PrecisionFailure: K9 paired threshold is outside its unique admissible Green interval.,False,,,
E4,5,0,0,1,0.001,0.1,moderate_redundancy,37,0.15,True,fit_complete,True,0.5714285714,1,0.7272727273
E4,5,0,0,1,0.001,0.1,moderate_redundancy,37,0.2,True,fit_complete,True,0.6666666667,1,0.8
E4,5,0,0,1,0.001,0.1,moderate_redundancy,37,0.25,True,fit_complete,True,1,1,1
E4,5,0,0,1,0.001,0.1,moderate_redundancy,37,0.3,True,fit_complete,True,1,1,1
E4,5,0,0,1,0.001,0.1,moderate_redundancy,37,0.35,True,fit_complete,True,1,1,1
E4,5,0,0,1,0.001,0.1,high_redundancy,77,0.15,True,fit_complete,True,0.8,1,0.8888888889
E4,5,0,0,1,0.001,0.1,high_redundancy,77,0.2,True,fit_complete,True,0.8,1,0.8888888889
E4,5,0,0,1,0.001,0.1,high_redundancy,77,0.25,True,fit_complete,True,0.8,1,0.8888888889
E4,5,0,0,1,0.001,0.1,high_redundancy,77,0.3,True,fit_complete,True,0.8,1,0.8888888889
E4,5,0,0,1,0.001,0.1,high_redundancy,77,0.35,True,fit_complete,True,1,1,1
E4,5,0,0,2,0.001,0.1,minimal_exact_budget,12,0.15,False,PrecisionFailure: K9 paired threshold is outside its unique admissible Green interval.,False,,,
E4,5,0,0,2,0.001,0.1,minimal_exact_budget,12,0.2,False,PrecisionFailure: K9 paired threshold is outside its unique admissible Green interval.,False,,,
E4,5,0,0,2,0.001,0.1,minimal_exact_budget,12,0.25,False,PrecisionFailure: K9 paired threshold is outside its unique admissible Green interval.,False,,,
E4,5,0,0,2,0.001,0.1,minimal_exact_budget,12,0.3,False,PrecisionFailure: K9 paired threshold is outside its unique admissible Green interval.,False,,,
E4,5,0,0,2,0.001,0.1,minimal_exact_budget,12,0.35,False,PrecisionFailure: K9 paired threshold is outside its unique admissible Green interval.,False,,,
E4,5,0,0,2,0.001,0.1,moderate_redundancy,37,0.15,True,fit_complete,True,1,1,1
E4,5,0,0,2,0.001,0.1,moderate_redundancy,37,0.2,True,fit_complete,True,1,1,1
E4,5,0,0,2,0.001,0.1,moderate_redundancy,37,0.25,True,fit_complete,True,1,1,1
E4,5,0,0,2,0.001,0.1,moderate_redundancy,37,0.3,True,fit_complete,True,1,1,1
E4,5,0,0,2,0.001,0.1,moderate_redundancy,37,0.35,True,fit_complete,True,1,1,1
E4,5,0,0,2,0.001,0.1,high_redundancy,77,0.15,True,fit_complete,True,1,1,1
E4,5,0,0,2,0.001,0.1,high_redundancy,77,0.2,True,fit_complete,True,1,1,1
E4,5,0,0,2,0.001,0.1,high_redundancy,77,0.25,True,fit_complete,True,1,1,1
E4,5,0,0,2,0.001,0.1,high_redundancy,77,0.3,True,fit_complete,True,1,1,1
E4,5,0,0,2,0.001,0.1,high_redundancy,77,0.35,True,fit_complete,True,1,1,1
E4,5,0,0,3,0.001,0.1,minimal_exact_budget,10,0.15,False,PrecisionFailure: K9 paired threshold is outside its unique admissible Green interval.,False,,,
E4,5,0,0,3,0.001,0.1,minimal_exact_budget,10,0.2,False,PrecisionFailure: K9 paired threshold is outside its unique admissible Green interval.,False,,,
E4,5,0,0,3,0.001,0.1,minimal_exact_budget,10,0.25,False,PrecisionFailure: K9 paired threshold is outside its unique admissible Green interval.,False,,,
E4,5,0,0,3,0.001,0.1,minimal_exact_budget,10,0.3,False,PrecisionFailure: K9 paired threshold is outside its unique admissible Green interval.,False,,,
E4,5,0,0,3,0.001,0.1,minimal_exact_budget,10,0.35,False,PrecisionFailure: K9 paired threshold is outside its unique admissible Green interval.,False,,,
E4,5,0,0,3,0.001,0.1,moderate_redundancy,37,0.15,True,fit_complete,True,0.5,1,0.6666666667
E4,5,0,0,3,0.001,0.1,moderate_redundancy,37,0.2,True,fit_complete,True,0.5,1,0.6666666667
E4,5,0,0,3,0.001,0.1,moderate_redundancy,37,0.25,True,fit_complete,True,0.5,1,0.6666666667
E4,5,0,0,3,0.001,0.1,moderate_redundancy,37,0.3,True,fit_complete,True,0.5,1,0.6666666667
E4,5,0,0,3,0.001,0.1,moderate_redundancy,37,0.35,True,fit_complete,True,0.6666666667,1,0.8
E4,5,0,0,3,0.001,0.1,high_redundancy,77,0.15,True,fit_complete,True,1,1,1
E4,5,0,0,3,0.001,0.1,high_redundancy,77,0.2,True,fit_complete,True,1,1,1
E4,5,0,0,3,0.001,0.1,high_redundancy,77,0.25,True,fit_complete,True,1,1,1
E4,5,0,0,3,0.001,0.1,high_redundancy,77,0.3,True,fit_complete,True,1,1,1
E4,5,0,0,3,0.001,0.1,high_redundancy,77,0.35,True,fit_complete,True,1,1,1
E4,5,0,0,0,0.003,0.3,minimal_exact_budget,5,0.15,False,PrecisionFailure: K9 axis inversion produced a nonpositive Green entry at node 2.,False,,,
E4,5,0,0,0,0.003,0.3,minimal_exact_budget,5,0.2,False,PrecisionFailure: K9 axis inversion produced a nonpositive Green entry at node 2.,False,,,
E4,5,0,0,0,0.003,0.3,minimal_exact_budget,5,0.25,False,PrecisionFailure: K9 axis inversion produced a nonpositive Green entry at node 2.,False,,,
E4,5,0,0,0,0.003,0.3,minimal_exact_budget,5,0.3,False,PrecisionFailure: K9 axis inversion produced a nonpositive Green entry at node 2.,False,,,
E4,5,0,0,0,0.003,0.3,minimal_exact_budget,5,0.35,False,PrecisionFailure: K9 axis inversion produced a nonpositive Green entry at node 2.,False,,,
E4,5,0,0,0,0.003,0.3,moderate_redundancy,37,0.15,True,fit_complete,True,0.6666666667,1,0.8
E4,5,0,0,0,0.003,0.3,moderate_redundancy,37,0.2,True,fit_complete,True,0.6666666667,1,0.8
E4,5,0,0,0,0.003,0.3,moderate_redundancy,37,0.25,True,fit_complete,True,0.6666666667,1,0.8
E4,5,0,0,0,0.003,0.3,moderate_redundancy,37,0.3,True,fit_complete,True,0.6666666667,1,0.8
E4,5,0,0,0,0.003,0.3,moderate_redundancy,37,0.35,True,fit_complete,True,0.8,1,0.8888888889
E4,5,0,0,0,0.003,0.3,high_redundancy,77,0.15,True,fit_complete,True,0.8,1,0.8888888889
E4,5,0,0,0,0.003,0.3,high_redundancy,77,0.2,True,fit_complete,True,0.8,1,0.8888888889
E4,5,0,0,0,0.003,0.3,high_redundancy,77,0.25,True,fit_complete,True,1,1,1
E4,5,0,0,0,0.003,0.3,high_redundancy,77,0.3,True,fit_complete,True,1,1,1
E4,5,0,0,0,0.003,0.3,high_redundancy,77,0.35,True,fit_complete,True,1,1,1
E4,5,0,0,1,0.003,0.3,minimal_exact_budget,10,0.15,False,PrecisionFailure: K9 paired threshold is outside its unique admissible Green interval.,False,,,
E4,5,0,0,1,0.003,0.3,minimal_exact_budget,10,0.2,False,PrecisionFailure: K9 paired threshold is outside its unique admissible Green interval.,False,,,
E4,5,0,0,1,0.003,0.3,minimal_exact_budget,10,0.25,False,PrecisionFailure: K9 paired threshold is outside its unique admissible Green interval.,False,,,
E4,5,0,0,1,0.003,0.3,minimal_exact_budget,10,0.3,False,PrecisionFailure: K9 paired threshold is outside its unique admissible Green interval.,False,,,
E4,5,0,0,1,0.003,0.3,minimal_exact_budget,10,0.35,False,PrecisionFailure: K9 paired threshold is outside its unique admissible Green interval.,False,,,
E4,5,0,0,1,0.003,0.3,moderate_redundancy,37,0.15,True,fit_complete,True,0.6666666667,1,0.8
E4,5,0,0,1,0.003,0.3,moderate_redundancy,37,0.2,True,fit_complete,True,0.6666666667,1,0.8
E4,5,0,0,1,0.003,0.3,moderate_redundancy,37,0.25,True,fit_complete,True,0.6666666667,1,0.8
E4,5,0,0,1,0.003,0.3,moderate_redundancy,37,0.3,True,fit_complete,True,0.6666666667,1,0.8
E4,5,0,0,1,0.003,0.3,moderate_redundancy,37,0.35,True,fit_complete,True,0.6666666667,1,0.8
E4,5,0,0,1,0.003,0.3,high_redundancy,77,0.15,True,fit_complete,True,0.8,1,0.8888888889
E4,5,0,0,1,0.003,0.3,high_redundancy,77,0.2,True,fit_complete,True,0.8,1,0.8888888889
E4,5,0,0,1,0.003,0.3,high_redundancy,77,0.25,True,fit_complete,True,1,1,1
E4,5,0,0,1,0.003,0.3,high_redundancy,77,0.3,True,fit_complete,True,1,1,1
E4,5,0,0,1,0.003,0.3,high_redundancy,77,0.35,True,fit_complete,True,1,1,1
E4,5,0,0,2,0.003,0.3,minimal_exact_budget,10,0.15,False,PrecisionFailure: K9 paired threshold is outside its unique admissible Green interval.,False,,,
E4,5,0,0,2,0.003,0.3,minimal_exact_budget,10,0.2,False,PrecisionFailure: K9 paired threshold is outside its unique admissible Green interval.,False,,,
E4,5,0,0,2,0.003,0.3,minimal_exact_budget,10,0.25,False,PrecisionFailure: K9 paired threshold is outside its unique admissible Green interval.,False,,,
E4,5,0,0,2,0.003,0.3,minimal_exact_budget,10,0.3,False,PrecisionFailure: K9 paired threshold is outside its unique admissible Green interval.,False,,,
E4,5,0,0,2,0.003,0.3,minimal_exact_budget,10,0.35,False,PrecisionFailure: K9 paired threshold is outside its unique admissible Green interval.,False,,,
E4,5,0,0,2,0.003,0.3,moderate_redundancy,37,0.15,True,fit_complete,True,0.6,0.75,0.6666666667
E4,5,0,0,2,0.003,0.3,moderate_redundancy,37,0.2,True,fit_complete,True,0.75,0.75,0.75
E4,5,0,0,2,0.003,0.3,moderate_redundancy,37,0.25,True,fit_complete,True,0.75,0.75,0.75
E4,5,0,0,2,0.003,0.3,moderate_redundancy,37,0.3,True,fit_complete,True,0.75,0.75,0.75
E4,5,0,0,2,0.003,0.3,moderate_redundancy,37,0.35,True,fit_complete,True,0.75,0.75,0.75
E4,5,0,0,2,0.003,0.3,high_redundancy,77,0.15,True,fit_complete,True,0.5714285714,1,0.7272727273
E4,5,0,0,2,0.003,0.3,high_redundancy,77,0.2,True,fit_complete,True,0.6666666667,1,0.8
E4,5,0,0,2,0.003,0.3,high_redundancy,77,0.25,True,fit_complete,True,0.6666666667,1,0.8
E4,5,0,0,2,0.003,0.3,high_redundancy,77,0.3,True,fit_complete,True,0.6666666667,1,0.8
E4,5,0,0,2,0.003,0.3,high_redundancy,77,0.35,True,fit_complete,True,0.8,1,0.8888888889
E4,5,0,0,3,0.003,0.3,minimal_exact_budget,10,0.15,False,PrecisionFailure: K9 paired threshold is outside its unique admissible Green interval.,False,,,
E4,5,0,0,3,0.003,0.3,minimal_exact_budget,10,0.2,False,PrecisionFailure: K9 paired threshold is outside its unique admissible Green interval.,False,,,
E4,5,0,0,3,0.003,0.3,minimal_exact_budget,10,0.25,False,PrecisionFailure: K9 paired threshold is outside its unique admissible Green interval.,False,,,
E4,5,0,0,3,0.003,0.3,minimal_exact_budget,10,0.3,False,PrecisionFailure: K9 paired threshold is outside its unique admissible Green interval.,False,,,
E4,5,0,0,3,0.003,0.3,minimal_exact_budget,10,0.35,False,PrecisionFailure: K9 paired threshold is outside its unique admissible Green interval.,False,,,
E4,5,0,0,3,0.003,0.3,moderate_redundancy,37,0.15,True,fit_complete,True,0.5714285714,1,0.7272727273
E4,5,0,0,3,0.003,0.3,moderate_redundancy,37,0.2,True,fit_complete,True,0.5714285714,1,0.7272727273
E4,5,0,0,3,0.003,0.3,moderate_redundancy,37,0.25,True,fit_complete,True,0.5714285714,1,0.7272727273
E4,5,0,0,3,0.003,0.3,moderate_redundancy,37,0.3,True,fit_complete,True,0.5714285714,1,0.7272727273
E4,5,0,0,3,0.003,0.3,moderate_redundancy,37,0.35,True,fit_complete,True,0.5714285714,1,0.7272727273
E4,5,0,0,3,0.003,0.3,high_redundancy,77,0.15,True,fit_complete,True,0.6666666667,1,0.8
E4,5,0,0,3,0.003,0.3,high_redundancy,77,0.2,True,fit_complete,True,0.8,1,0.8888888889
E4,5,0,0,3,0.003,0.3,high_redundancy,77,0.25,True,fit_complete,True,0.8,1,0.8888888889
E4,5,0,0,3,0.003,0.3,high_redundancy,77,0.3,True,fit_complete,True,0.8,1,0.8888888889
E4,5,0,0,3,0.003,0.3,high_redundancy,77,0.35,True,fit_complete,True,0.8,1,0.8888888889
E4,5,0,1,0,0,0,minimal_exact_budget,20,0.15,True,recovered,True,1,1,1
E4,5,0,1,0,0,0,minimal_exact_budget,20,0.2,True,recovered,True,1,1,1
E4,5,0,1,0,0,0,minimal_exact_budget,20,0.25,True,recovered,True,1,1,1
E4,5,0,1,0,0,0,minimal_exact_budget,20,0.3,True,recovered,True,1,1,1
E4,5,0,1,0,0,0,minimal_exact_budget,20,0.35,True,recovered,True,1,1,1
E4,5,0,1,0,0,0,moderate_redundancy,37,0.15,True,fit_complete,True,1,1,1
E4,5,0,1,0,0,0,moderate_redundancy,37,0.2,True,fit_complete,True,1,1,1
E4,5,0,1,0,0,0,moderate_redundancy,37,0.25,True,fit_complete,True,1,1,1
E4,5,0,1,0,0,0,moderate_redundancy,37,0.3,True,fit_complete,True,1,1,1
E4,5,0,1,0,0,0,moderate_redundancy,37,0.35,True,fit_complete,True,1,1,1
E4,5,0,1,0,0,0,high_redundancy,77,0.15,True,fit_complete,True,1,1,1
E4,5,0,1,0,0,0,high_redundancy,77,0.2,True,fit_complete,True,1,1,1
E4,5,0,1,0,0,0,high_redundancy,77,0.25,True,fit_complete,True,1,1,1
E4,5,0,1,0,0,0,high_redundancy,77,0.3,True,fit_complete,True,1,1,1
E4,5,0,1,0,0,0,high_redundancy,77,0.35,True,fit_complete,True,1,1,1
E4,5,0,1,1,0,0,minimal_exact_budget,20,0.15,True,recovered,True,1,1,1
E4,5,0,1,1,0,0,minimal_exact_budget,20,0.2,True,recovered,True,1,1,1
E4,5,0,1,1,0,0,minimal_exact_budget,20,0.25,True,recovered,True,1,1,1
E4,5,0,1,1,0,0,minimal_exact_budget,20,0.3,True,recovered,True,1,1,1
E4,5,0,1,1,0,0,minimal_exact_budget,20,0.35,True,recovered,True,1,1,1
E4,5,0,1,1,0,0,moderate_redundancy,37,0.15,True,fit_complete,True,1,1,1
E4,5,0,1,1,0,0,moderate_redundancy,37,0.2,True,fit_complete,True,1,1,1
E4,5,0,1,1,0,0,moderate_redundancy,37,0.25,True,fit_complete,True,1,1,1
E4,5,0,1,1,0,0,moderate_redundancy,37,0.3,True,fit_complete,True,1,1,1
E4,5,0,1,1,0,0,moderate_redundancy,37,0.35,True,fit_complete,True,1,1,1
E4,5,0,1,1,0,0,high_redundancy,77,0.15,True,fit_complete,True,1,1,1
E4,5,0,1,1,0,0,high_redundancy,77,0.2,True,fit_complete,True,1,1,1
E4,5,0,1,1,0,0,high_redundancy,77,0.25,True,fit_complete,True,1,1,1
E4,5,0,1,1,0,0,high_redundancy,77,0.3,True,fit_complete,True,1,1,1
E4,5,0,1,1,0,0,high_redundancy,77,0.35,True,fit_complete,True,1,1,1
E4,5,0,1,2,0,0,minimal_exact_budget,20,0.15,True,recovered,True,1,1,1
E4,5,0,1,2,0,0,minimal_exact_budget,20,0.2,True,recovered,True,1,1,1
E4,5,0,1,2,0,0,minimal_exact_budget,20,0.25,True,recovered,True,1,1,1
E4,5,0,1,2,0,0,minimal_exact_budget,20,0.3,True,recovered,True,1,1,1
E4,5,0,1,2,0,0,minimal_exact_budget,20,0.35,True,recovered,True,1,1,1
E4,5,0,1,2,0,0,moderate_redundancy,37,0.15,True,fit_complete,True,1,1,1
E4,5,0,1,2,0,0,moderate_redundancy,37,0.2,True,fit_complete,True,1,1,1
E4,5,0,1,2,0,0,moderate_redundancy,37,0.25,True,fit_complete,True,1,1,1
E4,5,0,1,2,0,0,moderate_redundancy,37,0.3,True,fit_complete,True,1,1,1
E4,5,0,1,2,0,0,moderate_redundancy,37,0.35,True,fit_complete,True,1,1,1
E4,5,0,1,2,0,0,high_redundancy,77,0.15,True,fit_complete,True,1,1,1
E4,5,0,1,2,0,0,high_redundancy,77,0.2,True,fit_complete,True,1,1,1
E4,5,0,1,2,0,0,high_redundancy,77,0.25,True,fit_complete,True,1,1,1
E4,5,0,1,2,0,0,high_redundancy,77,0.3,True,fit_complete,True,1,1,1
E4,5,0,1,2,0,0,high_redundancy,77,0.35,True,fit_complete,True,1,1,1
E4,5,0,1,3,0,0,minimal_exact_budget,20,0.15,True,recovered,True,1,1,1
E4,5,0,1,3,0,0,minimal_exact_budget,20,0.2,True,recovered,True,1,1,1
E4,5,0,1,3,0,0,minimal_exact_budget,20,0.25,True,recovered,True,1,1,1
E4,5,0,1,3,0,0,minimal_exact_budget,20,0.3,True,recovered,True,1,1,1
E4,5,0,1,3,0,0,minimal_exact_budget,20,0.35,True,recovered,True,1,1,1
E4,5,0,1,3,0,0,moderate_redundancy,37,0.15,True,fit_complete,True,1,1,1
E4,5,0,1,3,0,0,moderate_redundancy,37,0.2,True,fit_complete,True,1,1,1
E4,5,0,1,3,0,0,moderate_redundancy,37,0.25,True,fit_complete,True,1,1,1
E4,5,0,1,3,0,0,moderate_redundancy,37,0.3,True,fit_complete,True,1,1,1
E4,5,0,1,3,0,0,moderate_redundancy,37,0.35,True,fit_complete,True,1,1,1
E4,5,0,1,3,0,0,high_redundancy,77,0.15,True,fit_complete,True,1,1,1
E4,5,0,1,3,0,0,high_redundancy,77,0.2,True,fit_complete,True,1,1,1
E4,5,0,1,3,0,0,high_redundancy,77,0.25,True,fit_complete,True,1,1,1
E4,5,0,1,3,0,0,high_redundancy,77,0.3,True,fit_complete,True,1,1,1
E4,5,0,1,3,0,0,high_redundancy,77,0.35,True,fit_complete,True,1,1,1
E4,5,0,1,0,0.0001,0.01,minimal_exact_budget,15,0.15,False,PrecisionFailure: K9 reconstructed root-coupling vector has a negative entry.,False,,,
E4,5,0,1,0,0.0001,0.01,minimal_exact_budget,15,0.2,False,PrecisionFailure: K9 reconstructed root-coupling vector has a negative entry.,False,,,
E4,5,0,1,0,0.0001,0.01,minimal_exact_budget,15,0.25,False,PrecisionFailure: K9 reconstructed root-coupling vector has a negative entry.,False,,,
E4,5,0,1,0,0.0001,0.01,minimal_exact_budget,15,0.3,False,PrecisionFailure: K9 reconstructed root-coupling vector has a negative entry.,False,,,
E4,5,0,1,0,0.0001,0.01,minimal_exact_budget,15,0.35,False,PrecisionFailure: K9 reconstructed root-coupling vector has a negative entry.,False,,,
E4,5,0,1,0,0.0001,0.01,moderate_redundancy,37,0.15,True,fit_complete,True,0.8,1,0.8888888889
E4,5,0,1,0,0.0001,0.01,moderate_redundancy,37,0.2,True,fit_complete,True,1,1,1
E4,5,0,1,0,0.0001,0.01,moderate_redundancy,37,0.25,True,fit_complete,True,1,1,1
E4,5,0,1,0,0.0001,0.01,moderate_redundancy,37,0.3,True,fit_complete,True,1,1,1
E4,5,0,1,0,0.0001,0.01,moderate_redundancy,37,0.35,True,fit_complete,True,1,1,1
E4,5,0,1,0,0.0001,0.01,high_redundancy,77,0.15,True,fit_complete,True,1,1,1
E4,5,0,1,0,0.0001,0.01,high_redundancy,77,0.2,True,fit_complete,True,1,1,1
E4,5,0,1,0,0.0001,0.01,high_redundancy,77,0.25,True,fit_complete,True,1,1,1
E4,5,0,1,0,0.0001,0.01,high_redundancy,77,0.3,True,fit_complete,True,1,1,1
E4,5,0,1,0,0.0001,0.01,high_redundancy,77,0.35,True,fit_complete,True,1,1,1
E4,5,0,1,1,0.0001,0.01,minimal_exact_budget,15,0.15,False,PrecisionFailure: K9 paired threshold is outside its unique admissible Green interval.,False,,,
E4,5,0,1,1,0.0001,0.01,minimal_exact_budget,15,0.2,False,PrecisionFailure: K9 paired threshold is outside its unique admissible Green interval.,False,,,
E4,5,0,1,1,0.0001,0.01,minimal_exact_budget,15,0.25,False,PrecisionFailure: K9 paired threshold is outside its unique admissible Green interval.,False,,,
E4,5,0,1,1,0.0001,0.01,minimal_exact_budget,15,0.3,False,PrecisionFailure: K9 paired threshold is outside its unique admissible Green interval.,False,,,
E4,5,0,1,1,0.0001,0.01,minimal_exact_budget,15,0.35,False,PrecisionFailure: K9 paired threshold is outside its unique admissible Green interval.,False,,,
E4,5,0,1,1,0.0001,0.01,moderate_redundancy,37,0.15,True,fit_complete,True,1,1,1
E4,5,0,1,1,0.0001,0.01,moderate_redundancy,37,0.2,True,fit_complete,True,1,1,1
E4,5,0,1,1,0.0001,0.01,moderate_redundancy,37,0.25,True,fit_complete,True,1,1,1
E4,5,0,1,1,0.0001,0.01,moderate_redundancy,37,0.3,True,fit_complete,True,1,1,1
E4,5,0,1,1,0.0001,0.01,moderate_redundancy,37,0.35,True,fit_complete,True,1,1,1
E4,5,0,1,1,0.0001,0.01,high_redundancy,77,0.15,True,fit_complete,True,1,1,1
E4,5,0,1,1,0.0001,0.01,high_redundancy,77,0.2,True,fit_complete,True,1,1,1
E4,5,0,1,1,0.0001,0.01,high_redundancy,77,0.25,True,fit_complete,True,1,1,1
E4,5,0,1,1,0.0001,0.01,high_redundancy,77,0.3,True,fit_complete,True,1,1,1
E4,5,0,1,1,0.0001,0.01,high_redundancy,77,0.35,True,fit_complete,True,1,1,1
E4,5,0,1,2,0.0001,0.01,minimal_exact_budget,11,0.15,False,PrecisionFailure: K9 paired threshold is outside its unique admissible Green interval.,False,,,
E4,5,0,1,2,0.0001,0.01,minimal_exact_budget,11,0.2,False,PrecisionFailure: K9 paired threshold is outside its unique admissible Green interval.,False,,,
E4,5,0,1,2,0.0001,0.01,minimal_exact_budget,11,0.25,False,PrecisionFailure: K9 paired threshold is outside its unique admissible Green interval.,False,,,
E4,5,0,1,2,0.0001,0.01,minimal_exact_budget,11,0.3,False,PrecisionFailure: K9 paired threshold is outside its unique admissible Green interval.,False,,,
E4,5,0,1,2,0.0001,0.01,minimal_exact_budget,11,0.35,False,PrecisionFailure: K9 paired threshold is outside its unique admissible Green interval.,False,,,
E4,5,0,1,2,0.0001,0.01,moderate_redundancy,37,0.15,True,fit_complete,True,1,1,1
E4,5,0,1,2,0.0001,0.01,moderate_redundancy,37,0.2,True,fit_complete,True,1,1,1
E4,5,0,1,2,0.0001,0.01,moderate_redundancy,37,0.25,True,fit_complete,True,1,1,1
E4,5,0,1,2,0.0001,0.01,moderate_redundancy,37,0.3,True,fit_complete,True,1,1,1
E4,5,0,1,2,0.0001,0.01,moderate_redundancy,37,0.35,True,fit_complete,True,1,1,1
E4,5,0,1,2,0.0001,0.01,high_redundancy,77,0.15,True,fit_complete,True,1,1,1
E4,5,0,1,2,0.0001,0.01,high_redundancy,77,0.2,True,fit_complete,True,1,1,1
E4,5,0,1,2,0.0001,0.01,high_redundancy,77,0.25,True,fit_complete,True,1,1,1
E4,5,0,1,2,0.0001,0.01,high_redundancy,77,0.3,True,fit_complete,True,1,1,1
E4,5,0,1,2,0.0001,0.01,high_redundancy,77,0.35,True,fit_complete,True,1,1,1
E4,5,0,1,3,0.0001,0.01,minimal_exact_budget,13,0.15,False,PrecisionFailure: K9 paired threshold is outside its unique admissible Green interval.,False,,,
E4,5,0,1,3,0.0001,0.01,minimal_exact_budget,13,0.2,False,PrecisionFailure: K9 paired threshold is outside its unique admissible Green interval.,False,,,
E4,5,0,1,3,0.0001,0.01,minimal_exact_budget,13,0.25,False,PrecisionFailure: K9 paired threshold is outside its unique admissible Green interval.,False,,,
E4,5,0,1,3,0.0001,0.01,minimal_exact_budget,13,0.3,False,PrecisionFailure: K9 paired threshold is outside its unique admissible Green interval.,False,,,
E4,5,0,1,3,0.0001,0.01,minimal_exact_budget,13,0.35,False,PrecisionFailure: K9 paired threshold is outside its unique admissible Green interval.,False,,,
E4,5,0,1,3,0.0001,0.01,moderate_redundancy,37,0.15,True,fit_complete,True,0.8,1,0.8888888889
E4,5,0,1,3,0.0001,0.01,moderate_redundancy,37,0.2,True,fit_complete,True,1,1,1
E4,5,0,1,3,0.0001,0.01,moderate_redundancy,37,0.25,True,fit_complete,True,1,1,1
E4,5,0,1,3,0.0001,0.01,moderate_redundancy,37,0.3,True,fit_complete,True,1,1,1
E4,5,0,1,3,0.0001,0.01,moderate_redundancy,37,0.35,True,fit_complete,True,1,1,1
E4,5,0,1,3,0.0001,0.01,high_redundancy,77,0.15,True,fit_complete,True,1,1,1
E4,5,0,1,3,0.0001,0.01,high_redundancy,77,0.2,True,fit_complete,True,1,1,1
E4,5,0,1,3,0.0001,0.01,high_redundancy,77,0.25,True,fit_complete,True,1,1,1
E4,5,0,1,3,0.0001,0.01,high_redundancy,77,0.3,True,fit_complete,True,1,1,1
E4,5,0,1,3,0.0001,0.01,high_redundancy,77,0.35,True,fit_complete,True,1,1,1
E4,5,0,1,0,0.0003,0.03,minimal_exact_budget,12,0.15,False,PrecisionFailure: K9 paired threshold is outside its unique admissible Green interval.,False,,,
E4,5,0,1,0,0.0003,0.03,minimal_exact_budget,12,0.2,False,PrecisionFailure: K9 paired threshold is outside its unique admissible Green interval.,False,,,
E4,5,0,1,0,0.0003,0.03,minimal_exact_budget,12,0.25,False,PrecisionFailure: K9 paired threshold is outside its unique admissible Green interval.,False,,,
E4,5,0,1,0,0.0003,0.03,minimal_exact_budget,12,0.3,False,PrecisionFailure: K9 paired threshold is outside its unique admissible Green interval.,False,,,
E4,5,0,1,0,0.0003,0.03,minimal_exact_budget,12,0.35,False,PrecisionFailure: K9 paired threshold is outside its unique admissible Green interval.,False,,,
E4,5,0,1,0,0.0003,0.03,moderate_redundancy,37,0.15,True,fit_complete,True,0.6666666667,1,0.8
E4,5,0,1,0,0.0003,0.03,moderate_redundancy,37,0.2,True,fit_complete,True,0.6666666667,1,0.8
E4,5,0,1,0,0.0003,0.03,moderate_redundancy,37,0.25,True,fit_complete,True,0.6666666667,1,0.8
E4,5,0,1,0,0.0003,0.03,moderate_redundancy,37,0.3,True,fit_complete,True,1,1,1
E4,5,0,1,0,0.0003,0.03,moderate_redundancy,37,0.35,True,fit_complete,True,1,1,1
E4,5,0,1,0,0.0003,0.03,high_redundancy,77,0.15,True,fit_complete,True,1,1,1
E4,5,0,1,0,0.0003,0.03,high_redundancy,77,0.2,True,fit_complete,True,1,1,1
E4,5,0,1,0,0.0003,0.03,high_redundancy,77,0.25,True,fit_complete,True,1,1,1
E4,5,0,1,0,0.0003,0.03,high_redundancy,77,0.3,True,fit_complete,True,1,1,1
E4,5,0,1,0,0.0003,0.03,high_redundancy,77,0.35,True,fit_complete,True,1,1,1
E4,5,0,1,1,0.0003,0.03,minimal_exact_budget,13,0.15,False,PrecisionFailure: K9 paired threshold is outside its unique admissible Green interval.,False,,,
E4,5,0,1,1,0.0003,0.03,minimal_exact_budget,13,0.2,False,PrecisionFailure: K9 paired threshold is outside its unique admissible Green interval.,False,,,
E4,5,0,1,1,0.0003,0.03,minimal_exact_budget,13,0.25,False,PrecisionFailure: K9 paired threshold is outside its unique admissible Green interval.,False,,,
E4,5,0,1,1,0.0003,0.03,minimal_exact_budget,13,0.3,False,PrecisionFailure: K9 paired threshold is outside its unique admissible Green interval.,False,,,
E4,5,0,1,1,0.0003,0.03,minimal_exact_budget,13,0.35,False,PrecisionFailure: K9 paired threshold is outside its unique admissible Green interval.,False,,,
E4,5,0,1,1,0.0003,0.03,moderate_redundancy,37,0.15,True,fit_complete,True,0.5714285714,1,0.7272727273
E4,5,0,1,1,0.0003,0.03,moderate_redundancy,37,0.2,True,fit_complete,True,0.6666666667,1,0.8
E4,5,0,1,1,0.0003,0.03,moderate_redundancy,37,0.25,True,fit_complete,True,0.6666666667,1,0.8
E4,5,0,1,1,0.0003,0.03,moderate_redundancy,37,0.3,True,fit_complete,True,1,1,1
E4,5,0,1,1,0.0003,0.03,moderate_redundancy,37,0.35,True,fit_complete,True,1,1,1
E4,5,0,1,1,0.0003,0.03,high_redundancy,77,0.15,True,fit_complete,True,1,1,1
E4,5,0,1,1,0.0003,0.03,high_redundancy,77,0.2,True,fit_complete,True,1,1,1
E4,5,0,1,1,0.0003,0.03,high_redundancy,77,0.25,True,fit_complete,True,1,1,1
E4,5,0,1,1,0.0003,0.03,high_redundancy,77,0.3,True,fit_complete,True,1,1,1
E4,5,0,1,1,0.0003,0.03,high_redundancy,77,0.35,True,fit_complete,True,1,1,1
E4,5,0,1,2,0.0003,0.03,minimal_exact_budget,10,0.15,False,PrecisionFailure: K9 paired threshold is outside its unique admissible Green interval.,False,,,
E4,5,0,1,2,0.0003,0.03,minimal_exact_budget,10,0.2,False,PrecisionFailure: K9 paired threshold is outside its unique admissible Green interval.,False,,,
E4,5,0,1,2,0.0003,0.03,minimal_exact_budget,10,0.25,False,PrecisionFailure: K9 paired threshold is outside its unique admissible Green interval.,False,,,
E4,5,0,1,2,0.0003,0.03,minimal_exact_budget,10,0.3,False,PrecisionFailure: K9 paired threshold is outside its unique admissible Green interval.,False,,,
E4,5,0,1,2,0.0003,0.03,minimal_exact_budget,10,0.35,False,PrecisionFailure: K9 paired threshold is outside its unique admissible Green interval.,False,,,
E4,5,0,1,2,0.0003,0.03,moderate_redundancy,37,0.15,True,fit_complete,True,0.8,1,0.8888888889
E4,5,0,1,2,0.0003,0.03,moderate_redundancy,37,0.2,True,fit_complete,True,0.8,1,0.8888888889
E4,5,0,1,2,0.0003,0.03,moderate_redundancy,37,0.25,True,fit_complete,True,0.8,1,0.8888888889
E4,5,0,1,2,0.0003,0.03,moderate_redundancy,37,0.3,True,fit_complete,True,0.8,1,0.8888888889
E4,5,0,1,2,0.0003,0.03,moderate_redundancy,37,0.35,True,fit_complete,True,0.8,1,0.8888888889
E4,5,0,1,2,0.0003,0.03,high_redundancy,77,0.15,True,fit_complete,True,1,1,1
E4,5,0,1,2,0.0003,0.03,high_redundancy,77,0.2,True,fit_complete,True,1,1,1
E4,5,0,1,2,0.0003,0.03,high_redundancy,77,0.25,True,fit_complete,True,1,1,1
E4,5,0,1,2,0.0003,0.03,high_redundancy,77,0.3,True,fit_complete,True,1,1,1
E4,5,0,1,2,0.0003,0.03,high_redundancy,77,0.35,True,fit_complete,True,1,1,1
E4,5,0,1,3,0.0003,0.03,minimal_exact_budget,10,0.15,False,PrecisionFailure: K9 paired threshold is outside its unique admissible Green interval.,False,,,
E4,5,0,1,3,0.0003,0.03,minimal_exact_budget,10,0.2,False,PrecisionFailure: K9 paired threshold is outside its unique admissible Green interval.,False,,,
E4,5,0,1,3,0.0003,0.03,minimal_exact_budget,10,0.25,False,PrecisionFailure: K9 paired threshold is outside its unique admissible Green interval.,False,,,
E4,5,0,1,3,0.0003,0.03,minimal_exact_budget,10,0.3,False,PrecisionFailure: K9 paired threshold is outside its unique admissible Green interval.,False,,,
E4,5,0,1,3,0.0003,0.03,minimal_exact_budget,10,0.35,False,PrecisionFailure: K9 paired threshold is outside its unique admissible Green interval.,False,,,
E4,5,0,1,3,0.0003,0.03,moderate_redundancy,37,0.15,True,fit_complete,True,0.6666666667,1,0.8
E4,5,0,1,3,0.0003,0.03,moderate_redundancy,37,0.2,True,fit_complete,True,0.8,1,0.8888888889
E4,5,0,1,3,0.0003,0.03,moderate_redundancy,37,0.25,True,fit_complete,True,0.8,1,0.8888888889
E4,5,0,1,3,0.0003,0.03,moderate_redundancy,37,0.3,True,fit_complete,True,0.8,1,0.8888888889
E4,5,0,1,3,0.0003,0.03,moderate_redundancy,37,0.35,True,fit_complete,True,0.8,1,0.8888888889
E4,5,0,1,3,0.0003,0.03,high_redundancy,77,0.15,True,fit_complete,True,1,1,1
E4,5,0,1,3,0.0003,0.03,high_redundancy,77,0.2,True,fit_complete,True,1,1,1
E4,5,0,1,3,0.0003,0.03,high_redundancy,77,0.25,True,fit_complete,True,1,1,1
E4,5,0,1,3,0.0003,0.03,high_redundancy,77,0.3,True,fit_complete,True,1,1,1
E4,5,0,1,3,0.0003,0.03,high_redundancy,77,0.35,True,fit_complete,True,1,1,1
E4,5,0,1,0,0.001,0.1,minimal_exact_budget,10,0.15,False,PrecisionFailure: K9 paired threshold is outside its unique admissible Green interval.,False,,,
E4,5,0,1,0,0.001,0.1,minimal_exact_budget,10,0.2,False,PrecisionFailure: K9 paired threshold is outside its unique admissible Green interval.,False,,,
E4,5,0,1,0,0.001,0.1,minimal_exact_budget,10,0.25,False,PrecisionFailure: K9 paired threshold is outside its unique admissible Green interval.,False,,,
E4,5,0,1,0,0.001,0.1,minimal_exact_budget,10,0.3,False,PrecisionFailure: K9 paired threshold is outside its unique admissible Green interval.,False,,,
E4,5,0,1,0,0.001,0.1,minimal_exact_budget,10,0.35,False,PrecisionFailure: K9 paired threshold is outside its unique admissible Green interval.,False,,,
E4,5,0,1,0,0.001,0.1,moderate_redundancy,37,0.15,True,fit_complete,True,0.5714285714,1,0.7272727273
E4,5,0,1,0,0.001,0.1,moderate_redundancy,37,0.2,True,fit_complete,True,0.5714285714,1,0.7272727273
E4,5,0,1,0,0.001,0.1,moderate_redundancy,37,0.25,True,fit_complete,True,0.6666666667,1,0.8
E4,5,0,1,0,0.001,0.1,moderate_redundancy,37,0.3,True,fit_complete,True,0.8,1,0.8888888889
E4,5,0,1,0,0.001,0.1,moderate_redundancy,37,0.35,True,fit_complete,True,0.8,1,0.8888888889
E4,5,0,1,0,0.001,0.1,high_redundancy,77,0.15,True,fit_complete,True,0.8,1,0.8888888889
E4,5,0,1,0,0.001,0.1,high_redundancy,77,0.2,True,fit_complete,True,0.8,1,0.8888888889
E4,5,0,1,0,0.001,0.1,high_redundancy,77,0.25,True,fit_complete,True,0.8,1,0.8888888889
E4,5,0,1,0,0.001,0.1,high_redundancy,77,0.3,True,fit_complete,True,0.8,1,0.8888888889
E4,5,0,1,0,0.001,0.1,high_redundancy,77,0.35,True,fit_complete,True,0.8,1,0.8888888889
E4,5,0,1,1,0.001,0.1,minimal_exact_budget,10,0.15,False,PrecisionFailure: K9 paired threshold is outside its unique admissible Green interval.,False,,,
E4,5,0,1,1,0.001,0.1,minimal_exact_budget,10,0.2,False,PrecisionFailure: K9 paired threshold is outside its unique admissible Green interval.,False,,,
E4,5,0,1,1,0.001,0.1,minimal_exact_budget,10,0.25,False,PrecisionFailure: K9 paired threshold is outside its unique admissible Green interval.,False,,,
E4,5,0,1,1,0.001,0.1,minimal_exact_budget,10,0.3,False,PrecisionFailure: K9 paired threshold is outside its unique admissible Green interval.,False,,,
E4,5,0,1,1,0.001,0.1,minimal_exact_budget,10,0.35,False,PrecisionFailure: K9 paired threshold is outside its unique admissible Green interval.,False,,,
E4,5,0,1,1,0.001,0.1,moderate_redundancy,37,0.15,True,fit_complete,True,0.6666666667,1,0.8
E4,5,0,1,1,0.001,0.1,moderate_redundancy,37,0.2,True,fit_complete,True,0.6666666667,1,0.8
E4,5,0,1,1,0.001,0.1,moderate_redundancy,37,0.25,True,fit_complete,True,0.6666666667,1,0.8
E4,5,0,1,1,0.001,0.1,moderate_redundancy,37,0.3,True,fit_complete,True,0.6666666667,1,0.8
E4,5,0,1,1,0.001,0.1,moderate_redundancy,37,0.35,True,fit_complete,True,0.6666666667,1,0.8
E4,5,0,1,1,0.001,0.1,high_redundancy,77,0.15,True,fit_complete,True,0.8,1,0.8888888889
E4,5,0,1,1,0.001,0.1,high_redundancy,77,0.2,True,fit_complete,True,0.8,1,0.8888888889
E4,5,0,1,1,0.001,0.1,high_redundancy,77,0.25,True,fit_complete,True,1,1,1
E4,5,0,1,1,0.001,0.1,high_redundancy,77,0.3,True,fit_complete,True,1,1,1
E4,5,0,1,1,0.001,0.1,high_redundancy,77,0.35,True,fit_complete,True,1,1,1
E4,5,0,1,2,0.001,0.1,minimal_exact_budget,11,0.15,False,PrecisionFailure: K9 paired threshold is outside its unique admissible Green interval.,False,,,
E4,5,0,1,2,0.001,0.1,minimal_exact_budget,11,0.2,False,PrecisionFailure: K9 paired threshold is outside its unique admissible Green interval.,False,,,
E4,5,0,1,2,0.001,0.1,minimal_exact_budget,11,0.25,False,PrecisionFailure: K9 paired threshold is outside its unique admissible Green interval.,False,,,
E4,5,0,1,2,0.001,0.1,minimal_exact_budget,11,0.3,False,PrecisionFailure: K9 paired threshold is outside its unique admissible Green interval.,False,,,
E4,5,0,1,2,0.001,0.1,minimal_exact_budget,11,0.35,False,PrecisionFailure: K9 paired threshold is outside its unique admissible Green interval.,False,,,
E4,5,0,1,2,0.001,0.1,moderate_redundancy,37,0.15,True,fit_complete,True,0.5714285714,1,0.7272727273
E4,5,0,1,2,0.001,0.1,moderate_redundancy,37,0.2,True,fit_complete,True,0.6666666667,1,0.8
E4,5,0,1,2,0.001,0.1,moderate_redundancy,37,0.25,True,fit_complete,True,0.6666666667,1,0.8
E4,5,0,1,2,0.001,0.1,moderate_redundancy,37,0.3,True,fit_complete,True,0.8,1,0.8888888889
E4,5,0,1,2,0.001,0.1,moderate_redundancy,37,0.35,True,fit_complete,True,0.8,1,0.8888888889
E4,5,0,1,2,0.001,0.1,high_redundancy,77,0.15,True,fit_complete,True,1,1,1
E4,5,0,1,2,0.001,0.1,high_redundancy,77,0.2,True,fit_complete,True,1,1,1
E4,5,0,1,2,0.001,0.1,high_redundancy,77,0.25,True,fit_complete,True,1,1,1
E4,5,0,1,2,0.001,0.1,high_redundancy,77,0.3,True,fit_complete,True,1,1,1
E4,5,0,1,2,0.001,0.1,high_redundancy,77,0.35,True,fit_complete,True,1,1,1
E4,5,0,1,3,0.001,0.1,minimal_exact_budget,10,0.15,False,PrecisionFailure: K9 paired threshold is outside its unique admissible Green interval.,False,,,
E4,5,0,1,3,0.001,0.1,minimal_exact_budget,10,0.2,False,PrecisionFailure: K9 paired threshold is outside its unique admissible Green interval.,False,,,
E4,5,0,1,3,0.001,0.1,minimal_exact_budget,10,0.25,False,PrecisionFailure: K9 paired threshold is outside its unique admissible Green interval.,False,,,
E4,5,0,1,3,0.001,0.1,minimal_exact_budget,10,0.3,False,PrecisionFailure: K9 paired threshold is outside its unique admissible Green interval.,False,,,
E4,5,0,1,3,0.001,0.1,minimal_exact_budget,10,0.35,False,PrecisionFailure: K9 paired threshold is outside its unique admissible Green interval.,False,,,
E4,5,0,1,3,0.001,0.1,moderate_redundancy,37,0.15,True,fit_complete,True,0.8,1,0.8888888889
E4,5,0,1,3,0.001,0.1,moderate_redundancy,37,0.2,True,fit_complete,True,0.8,1,0.8888888889
E4,5,0,1,3,0.001,0.1,moderate_redundancy,37,0.25,True,fit_complete,True,0.8,1,0.8888888889
E4,5,0,1,3,0.001,0.1,moderate_redundancy,37,0.3,True,fit_complete,True,0.8,1,0.8888888889
E4,5,0,1,3,0.001,0.1,moderate_redundancy,37,0.35,True,fit_complete,True,1,1,1
E4,5,0,1,3,0.001,0.1,high_redundancy,77,0.15,True,fit_complete,True,1,1,1
E4,5,0,1,3,0.001,0.1,high_redundancy,77,0.2,True,fit_complete,True,1,1,1
E4,5,0,1,3,0.001,0.1,high_redundancy,77,0.25,True,fit_complete,True,1,1,1
E4,5,0,1,3,0.001,0.1,high_redundancy,77,0.3,True,fit_complete,True,1,1,1
E4,5,0,1,3,0.001,0.1,high_redundancy,77,0.35,True,fit_complete,True,1,1,1
E4,5,0,1,0,0.003,0.3,minimal_exact_budget,10,0.15,False,PrecisionFailure: K9 paired threshold is outside its unique admissible Green interval.,False,,,
E4,5,0,1,0,0.003,0.3,minimal_exact_budget,10,0.2,False,PrecisionFailure: K9 paired threshold is outside its unique admissible Green interval.,False,,,
E4,5,0,1,0,0.003,0.3,minimal_exact_budget,10,0.25,False,PrecisionFailure: K9 paired threshold is outside its unique admissible Green interval.,False,,,
E4,5,0,1,0,0.003,0.3,minimal_exact_budget,10,0.3,False,PrecisionFailure: K9 paired threshold is outside its unique admissible Green interval.,False,,,
E4,5,0,1,0,0.003,0.3,minimal_exact_budget,10,0.35,False,PrecisionFailure: K9 paired threshold is outside its unique admissible Green interval.,False,,,
E4,5,0,1,0,0.003,0.3,moderate_redundancy,37,0.15,True,fit_complete,True,0.6666666667,1,0.8
E4,5,0,1,0,0.003,0.3,moderate_redundancy,37,0.2,True,fit_complete,True,0.6666666667,1,0.8
E4,5,0,1,0,0.003,0.3,moderate_redundancy,37,0.25,True,fit_complete,True,0.6666666667,1,0.8
E4,5,0,1,0,0.003,0.3,moderate_redundancy,37,0.3,True,fit_complete,True,0.6666666667,1,0.8
E4,5,0,1,0,0.003,0.3,moderate_redundancy,37,0.35,True,fit_complete,True,0.6666666667,1,0.8
E4,5,0,1,0,0.003,0.3,high_redundancy,77,0.15,True,fit_complete,True,0.8,1,0.8888888889
E4,5,0,1,0,0.003,0.3,high_redundancy,77,0.2,True,fit_complete,True,0.8,1,0.8888888889
E4,5,0,1,0,0.003,0.3,high_redundancy,77,0.25,True,fit_complete,True,0.8,1,0.8888888889
E4,5,0,1,0,0.003,0.3,high_redundancy,77,0.3,True,fit_complete,True,0.8,1,0.8888888889
E4,5,0,1,0,0.003,0.3,high_redundancy,77,0.35,True,fit_complete,True,1,1,1
E4,5,0,1,1,0.003,0.3,minimal_exact_budget,10,0.15,False,PrecisionFailure: K9 paired threshold is outside its unique admissible Green interval.,False,,,
E4,5,0,1,1,0.003,0.3,minimal_exact_budget,10,0.2,False,PrecisionFailure: K9 paired threshold is outside its unique admissible Green interval.,False,,,
E4,5,0,1,1,0.003,0.3,minimal_exact_budget,10,0.25,False,PrecisionFailure: K9 paired threshold is outside its unique admissible Green interval.,False,,,
E4,5,0,1,1,0.003,0.3,minimal_exact_budget,10,0.3,False,PrecisionFailure: K9 paired threshold is outside its unique admissible Green interval.,False,,,
E4,5,0,1,1,0.003,0.3,minimal_exact_budget,10,0.35,False,PrecisionFailure: K9 paired threshold is outside its unique admissible Green interval.,False,,,
E4,5,0,1,1,0.003,0.3,moderate_redundancy,37,0.15,True,fit_complete,True,0.5714285714,1,0.7272727273
E4,5,0,1,1,0.003,0.3,moderate_redundancy,37,0.2,True,fit_complete,True,0.5714285714,1,0.7272727273
E4,5,0,1,1,0.003,0.3,moderate_redundancy,37,0.25,True,fit_complete,True,0.5714285714,1,0.7272727273
E4,5,0,1,1,0.003,0.3,moderate_redundancy,37,0.3,True,fit_complete,True,0.5714285714,1,0.7272727273
E4,5,0,1,1,0.003,0.3,moderate_redundancy,37,0.35,True,fit_complete,True,0.5714285714,1,0.7272727273
E4,5,0,1,1,0.003,0.3,high_redundancy,77,0.15,True,fit_complete,True,0.8,1,0.8888888889
E4,5,0,1,1,0.003,0.3,high_redundancy,77,0.2,True,fit_complete,True,0.8,1,0.8888888889
E4,5,0,1,1,0.003,0.3,high_redundancy,77,0.25,True,fit_complete,True,1,1,1
E4,5,0,1,1,0.003,0.3,high_redundancy,77,0.3,True,fit_complete,True,1,1,1
E4,5,0,1,1,0.003,0.3,high_redundancy,77,0.35,True,fit_complete,True,1,1,1
E4,5,0,1,2,0.003,0.3,minimal_exact_budget,10,0.15,False,PrecisionFailure: K9 paired threshold is outside its unique admissible Green interval.,False,,,
E4,5,0,1,2,0.003,0.3,minimal_exact_budget,10,0.2,False,PrecisionFailure: K9 paired threshold is outside its unique admissible Green interval.,False,,,
E4,5,0,1,2,0.003,0.3,minimal_exact_budget,10,0.25,False,PrecisionFailure: K9 paired threshold is outside its unique admissible Green interval.,False,,,
E4,5,0,1,2,0.003,0.3,minimal_exact_budget,10,0.3,False,PrecisionFailure: K9 paired threshold is outside its unique admissible Green interval.,False,,,
E4,5,0,1,2,0.003,0.3,minimal_exact_budget,10,0.35,False,PrecisionFailure: K9 paired threshold is outside its unique admissible Green interval.,False,,,
E4,5,0,1,2,0.003,0.3,moderate_redundancy,37,0.15,True,fit_complete,True,0.6666666667,1,0.8
E4,5,0,1,2,0.003,0.3,moderate_redundancy,37,0.2,True,fit_complete,True,0.6666666667,1,0.8
E4,5,0,1,2,0.003,0.3,moderate_redundancy,37,0.25,True,fit_complete,True,0.6666666667,1,0.8
E4,5,0,1,2,0.003,0.3,moderate_redundancy,37,0.3,True,fit_complete,True,0.6666666667,1,0.8
E4,5,0,1,2,0.003,0.3,moderate_redundancy,37,0.35,True,fit_complete,True,0.6666666667,1,0.8
E4,5,0,1,2,0.003,0.3,high_redundancy,77,0.15,True,fit_complete,True,0.8,1,0.8888888889
E4,5,0,1,2,0.003,0.3,high_redundancy,77,0.2,True,fit_complete,True,0.8,1,0.8888888889
E4,5,0,1,2,0.003,0.3,high_redundancy,77,0.25,True,fit_complete,True,1,1,1
E4,5,0,1,2,0.003,0.3,high_redundancy,77,0.3,True,fit_complete,True,1,1,1
E4,5,0,1,2,0.003,0.3,high_redundancy,77,0.35,True,fit_complete,True,1,1,1
E4,5,0,1,3,0.003,0.3,minimal_exact_budget,10,0.15,False,PrecisionFailure: K9 paired threshold is outside its unique admissible Green interval.,False,,,
E4,5,0,1,3,0.003,0.3,minimal_exact_budget,10,0.2,False,PrecisionFailure: K9 paired threshold is outside its unique admissible Green interval.,False,,,
E4,5,0,1,3,0.003,0.3,minimal_exact_budget,10,0.25,False,PrecisionFailure: K9 paired threshold is outside its unique admissible Green interval.,False,,,
E4,5,0,1,3,0.003,0.3,minimal_exact_budget,10,0.3,False,PrecisionFailure: K9 paired threshold is outside its unique admissible Green interval.,False,,,
E4,5,0,1,3,0.003,0.3,minimal_exact_budget,10,0.35,False,PrecisionFailure: K9 paired threshold is outside its unique admissible Green interval.,False,,,
E4,5,0,1,3,0.003,0.3,moderate_redundancy,37,0.15,True,fit_complete,True,0.6666666667,1,0.8
E4,5,0,1,3,0.003,0.3,moderate_redundancy,37,0.2,True,fit_complete,True,0.6666666667,1,0.8
E4,5,0,1,3,0.003,0.3,moderate_redundancy,37,0.25,True,fit_complete,True,0.6666666667,1,0.8
E4,5,0,1,3,0.003,0.3,moderate_redundancy,37,0.3,True,fit_complete,True,0.6666666667,1,0.8
E4,5,0,1,3,0.003,0.3,moderate_redundancy,37,0.35,True,fit_complete,True,0.6666666667,1,0.8
E4,5,0,1,3,0.003,0.3,high_redundancy,77,0.15,True,fit_complete,True,1,1,1
E4,5,0,1,3,0.003,0.3,high_redundancy,77,0.2,True,fit_complete,True,1,1,1
E4,5,0,1,3,0.003,0.3,high_redundancy,77,0.25,True,fit_complete,True,1,1,1
E4,5,0,1,3,0.003,0.3,high_redundancy,77,0.3,True,fit_complete,True,1,1,1
E4,5,0,1,3,0.003,0.3,high_redundancy,77,0.35,True,fit_complete,True,1,1,1
E5,5,1,0,0,0,0,minimal_exact_budget,20,0.15,True,recovered,True,1,1,1
E5,5,1,0,0,0,0,minimal_exact_budget,20,0.2,True,recovered,True,1,1,1
E5,5,1,0,0,0,0,minimal_exact_budget,20,0.25,True,recovered,True,1,1,1
E5,5,1,0,0,0,0,minimal_exact_budget,20,0.3,True,recovered,True,1,1,1
E5,5,1,0,0,0,0,minimal_exact_budget,20,0.35,True,recovered,True,1,1,1
E5,5,1,0,0,0,0,moderate_redundancy,37,0.15,True,fit_complete,True,1,1,1
E5,5,1,0,0,0,0,moderate_redundancy,37,0.2,True,fit_complete,True,1,1,1
E5,5,1,0,0,0,0,moderate_redundancy,37,0.25,True,fit_complete,True,1,1,1
E5,5,1,0,0,0,0,moderate_redundancy,37,0.3,True,fit_complete,True,1,1,1
E5,5,1,0,0,0,0,moderate_redundancy,37,0.35,True,fit_complete,True,1,1,1
E5,5,1,0,0,0,0,high_redundancy,77,0.15,True,fit_complete,True,1,1,1
E5,5,1,0,0,0,0,high_redundancy,77,0.2,True,fit_complete,True,1,1,1
E5,5,1,0,0,0,0,high_redundancy,77,0.25,True,fit_complete,True,1,1,1
E5,5,1,0,0,0,0,high_redundancy,77,0.3,True,fit_complete,True,1,1,1
E5,5,1,0,0,0,0,high_redundancy,77,0.35,True,fit_complete,True,1,1,1
E5,5,1,0,1,0,0,minimal_exact_budget,20,0.15,True,recovered,True,1,1,1
E5,5,1,0,1,0,0,minimal_exact_budget,20,0.2,True,recovered,True,1,1,1
E5,5,1,0,1,0,0,minimal_exact_budget,20,0.25,True,recovered,True,1,1,1
E5,5,1,0,1,0,0,minimal_exact_budget,20,0.3,True,recovered,True,1,1,1
E5,5,1,0,1,0,0,minimal_exact_budget,20,0.35,True,recovered,True,1,1,1
E5,5,1,0,1,0,0,moderate_redundancy,37,0.15,True,fit_complete,True,1,1,1
E5,5,1,0,1,0,0,moderate_redundancy,37,0.2,True,fit_complete,True,1,1,1
E5,5,1,0,1,0,0,moderate_redundancy,37,0.25,True,fit_complete,True,1,1,1
E5,5,1,0,1,0,0,moderate_redundancy,37,0.3,True,fit_complete,True,1,1,1
E5,5,1,0,1,0,0,moderate_redundancy,37,0.35,True,fit_complete,True,1,1,1
E5,5,1,0,1,0,0,high_redundancy,77,0.15,True,fit_complete,True,1,1,1
E5,5,1,0,1,0,0,high_redundancy,77,0.2,True,fit_complete,True,1,1,1
E5,5,1,0,1,0,0,high_redundancy,77,0.25,True,fit_complete,True,1,1,1
E5,5,1,0,1,0,0,high_redundancy,77,0.3,True,fit_complete,True,1,1,1
E5,5,1,0,1,0,0,high_redundancy,77,0.35,True,fit_complete,True,1,1,1
E5,5,1,0,2,0,0,minimal_exact_budget,20,0.15,True,recovered,True,1,1,1
E5,5,1,0,2,0,0,minimal_exact_budget,20,0.2,True,recovered,True,1,1,1
E5,5,1,0,2,0,0,minimal_exact_budget,20,0.25,True,recovered,True,1,1,1
E5,5,1,0,2,0,0,minimal_exact_budget,20,0.3,True,recovered,True,1,1,1
E5,5,1,0,2,0,0,minimal_exact_budget,20,0.35,True,recovered,True,1,1,1
E5,5,1,0,2,0,0,moderate_redundancy,37,0.15,True,fit_complete,True,1,1,1
E5,5,1,0,2,0,0,moderate_redundancy,37,0.2,True,fit_complete,True,1,1,1
E5,5,1,0,2,0,0,moderate_redundancy,37,0.25,True,fit_complete,True,1,1,1
E5,5,1,0,2,0,0,moderate_redundancy,37,0.3,True,fit_complete,True,1,1,1
E5,5,1,0,2,0,0,moderate_redundancy,37,0.35,True,fit_complete,True,1,1,1
E5,5,1,0,2,0,0,high_redundancy,77,0.15,True,fit_complete,True,1,1,1
E5,5,1,0,2,0,0,high_redundancy,77,0.2,True,fit_complete,True,1,1,1
E5,5,1,0,2,0,0,high_redundancy,77,0.25,True,fit_complete,True,1,1,1
E5,5,1,0,2,0,0,high_redundancy,77,0.3,True,fit_complete,True,1,1,1
E5,5,1,0,2,0,0,high_redundancy,77,0.35,True,fit_complete,True,1,1,1
E5,5,1,0,3,0,0,minimal_exact_budget,20,0.15,True,recovered,True,1,1,1
E5,5,1,0,3,0,0,minimal_exact_budget,20,0.2,True,recovered,True,1,1,1
E5,5,1,0,3,0,0,minimal_exact_budget,20,0.25,True,recovered,True,1,1,1
E5,5,1,0,3,0,0,minimal_exact_budget,20,0.3,True,recovered,True,1,1,1
E5,5,1,0,3,0,0,minimal_exact_budget,20,0.35,True,recovered,True,1,1,1
E5,5,1,0,3,0,0,moderate_redundancy,37,0.15,True,fit_complete,True,1,1,1
E5,5,1,0,3,0,0,moderate_redundancy,37,0.2,True,fit_complete,True,1,1,1
E5,5,1,0,3,0,0,moderate_redundancy,37,0.25,True,fit_complete,True,1,1,1
E5,5,1,0,3,0,0,moderate_redundancy,37,0.3,True,fit_complete,True,1,1,1
E5,5,1,0,3,0,0,moderate_redundancy,37,0.35,True,fit_complete,True,1,1,1
E5,5,1,0,3,0,0,high_redundancy,77,0.15,True,fit_complete,True,1,1,1
E5,5,1,0,3,0,0,high_redundancy,77,0.2,True,fit_complete,True,1,1,1
E5,5,1,0,3,0,0,high_redundancy,77,0.25,True,fit_complete,True,1,1,1
E5,5,1,0,3,0,0,high_redundancy,77,0.3,True,fit_complete,True,1,1,1
E5,5,1,0,3,0,0,high_redundancy,77,0.35,True,fit_complete,True,1,1,1
E5,5,1,0,0,0.0001,0.01,minimal_exact_budget,15,0.15,False,PrecisionFailure: K9 reconstructed root-coupling vector has a negative entry.,False,,,
E5,5,1,0,0,0.0001,0.01,minimal_exact_budget,15,0.2,False,PrecisionFailure: K9 reconstructed root-coupling vector has a negative entry.,False,,,
E5,5,1,0,0,0.0001,0.01,minimal_exact_budget,15,0.25,False,PrecisionFailure: K9 reconstructed root-coupling vector has a negative entry.,False,,,
E5,5,1,0,0,0.0001,0.01,minimal_exact_budget,15,0.3,False,PrecisionFailure: K9 reconstructed root-coupling vector has a negative entry.,False,,,
E5,5,1,0,0,0.0001,0.01,minimal_exact_budget,15,0.35,False,PrecisionFailure: K9 reconstructed root-coupling vector has a negative entry.,False,,,
E5,5,1,0,0,0.0001,0.01,moderate_redundancy,37,0.15,True,fit_complete,True,1,1,1
E5,5,1,0,0,0.0001,0.01,moderate_redundancy,37,0.2,True,fit_complete,True,1,1,1
E5,5,1,0,0,0.0001,0.01,moderate_redundancy,37,0.25,True,fit_complete,True,1,1,1
E5,5,1,0,0,0.0001,0.01,moderate_redundancy,37,0.3,True,fit_complete,True,1,1,1
E5,5,1,0,0,0.0001,0.01,moderate_redundancy,37,0.35,True,fit_complete,True,1,1,1
E5,5,1,0,0,0.0001,0.01,high_redundancy,77,0.15,True,fit_complete,True,1,1,1
E5,5,1,0,0,0.0001,0.01,high_redundancy,77,0.2,True,fit_complete,True,1,1,1
E5,5,1,0,0,0.0001,0.01,high_redundancy,77,0.25,True,fit_complete,True,1,1,1
E5,5,1,0,0,0.0001,0.01,high_redundancy,77,0.3,True,fit_complete,True,1,1,1
E5,5,1,0,0,0.0001,0.01,high_redundancy,77,0.35,True,fit_complete,True,1,1,1
E5,5,1,0,1,0.0001,0.01,minimal_exact_budget,15,0.15,False,PrecisionFailure: K9 reconstructed root-coupling vector has a negative entry.,False,,,
E5,5,1,0,1,0.0001,0.01,minimal_exact_budget,15,0.2,False,PrecisionFailure: K9 reconstructed root-coupling vector has a negative entry.,False,,,
E5,5,1,0,1,0.0001,0.01,minimal_exact_budget,15,0.25,False,PrecisionFailure: K9 reconstructed root-coupling vector has a negative entry.,False,,,
E5,5,1,0,1,0.0001,0.01,minimal_exact_budget,15,0.3,False,PrecisionFailure: K9 reconstructed root-coupling vector has a negative entry.,False,,,
E5,5,1,0,1,0.0001,0.01,minimal_exact_budget,15,0.35,False,PrecisionFailure: K9 reconstructed root-coupling vector has a negative entry.,False,,,
E5,5,1,0,1,0.0001,0.01,moderate_redundancy,37,0.15,True,fit_complete,True,1,1,1
E5,5,1,0,1,0.0001,0.01,moderate_redundancy,37,0.2,True,fit_complete,True,1,1,1
E5,5,1,0,1,0.0001,0.01,moderate_redundancy,37,0.25,True,fit_complete,True,1,1,1
E5,5,1,0,1,0.0001,0.01,moderate_redundancy,37,0.3,True,fit_complete,True,1,1,1
E5,5,1,0,1,0.0001,0.01,moderate_redundancy,37,0.35,True,fit_complete,True,1,1,1
E5,5,1,0,1,0.0001,0.01,high_redundancy,77,0.15,True,fit_complete,True,1,1,1
E5,5,1,0,1,0.0001,0.01,high_redundancy,77,0.2,True,fit_complete,True,1,1,1
E5,5,1,0,1,0.0001,0.01,high_redundancy,77,0.25,True,fit_complete,True,1,1,1
E5,5,1,0,1,0.0001,0.01,high_redundancy,77,0.3,True,fit_complete,True,1,1,1
E5,5,1,0,1,0.0001,0.01,high_redundancy,77,0.35,True,fit_complete,True,1,1,1
E5,5,1,0,2,0.0001,0.01,minimal_exact_budget,15,0.15,False,PrecisionFailure: Recovered K9 block violates the M-matrix sign condition.,False,,,
E5,5,1,0,2,0.0001,0.01,minimal_exact_budget,15,0.2,False,PrecisionFailure: Recovered K9 block violates the M-matrix sign condition.,False,,,
E5,5,1,0,2,0.0001,0.01,minimal_exact_budget,15,0.25,False,PrecisionFailure: Recovered K9 block violates the M-matrix sign condition.,False,,,
E5,5,1,0,2,0.0001,0.01,minimal_exact_budget,15,0.3,False,PrecisionFailure: Recovered K9 block violates the M-matrix sign condition.,False,,,
E5,5,1,0,2,0.0001,0.01,minimal_exact_budget,15,0.35,False,PrecisionFailure: Recovered K9 block violates the M-matrix sign condition.,False,,,
E5,5,1,0,2,0.0001,0.01,moderate_redundancy,37,0.15,True,fit_complete,True,1,1,1
E5,5,1,0,2,0.0001,0.01,moderate_redundancy,37,0.2,True,fit_complete,True,1,1,1
E5,5,1,0,2,0.0001,0.01,moderate_redundancy,37,0.25,True,fit_complete,True,1,1,1
E5,5,1,0,2,0.0001,0.01,moderate_redundancy,37,0.3,True,fit_complete,True,1,1,1
E5,5,1,0,2,0.0001,0.01,moderate_redundancy,37,0.35,True,fit_complete,True,1,1,1
E5,5,1,0,2,0.0001,0.01,high_redundancy,77,0.15,True,fit_complete,True,1,1,1
E5,5,1,0,2,0.0001,0.01,high_redundancy,77,0.2,True,fit_complete,True,1,1,1
E5,5,1,0,2,0.0001,0.01,high_redundancy,77,0.25,True,fit_complete,True,1,1,1
E5,5,1,0,2,0.0001,0.01,high_redundancy,77,0.3,True,fit_complete,True,1,1,1
E5,5,1,0,2,0.0001,0.01,high_redundancy,77,0.35,True,fit_complete,True,1,1,1
E5,5,1,0,3,0.0001,0.01,minimal_exact_budget,15,0.15,False,PrecisionFailure: K9 reconstructed root-coupling vector has a negative entry.,False,,,
E5,5,1,0,3,0.0001,0.01,minimal_exact_budget,15,0.2,False,PrecisionFailure: K9 reconstructed root-coupling vector has a negative entry.,False,,,
E5,5,1,0,3,0.0001,0.01,minimal_exact_budget,15,0.25,False,PrecisionFailure: K9 reconstructed root-coupling vector has a negative entry.,False,,,
E5,5,1,0,3,0.0001,0.01,minimal_exact_budget,15,0.3,False,PrecisionFailure: K9 reconstructed root-coupling vector has a negative entry.,False,,,
E5,5,1,0,3,0.0001,0.01,minimal_exact_budget,15,0.35,False,PrecisionFailure: K9 reconstructed root-coupling vector has a negative entry.,False,,,
E5,5,1,0,3,0.0001,0.01,moderate_redundancy,37,0.15,True,fit_complete,True,1,1,1
E5,5,1,0,3,0.0001,0.01,moderate_redundancy,37,0.2,True,fit_complete,True,1,1,1
E5,5,1,0,3,0.0001,0.01,moderate_redundancy,37,0.25,True,fit_complete,True,1,1,1
E5,5,1,0,3,0.0001,0.01,moderate_redundancy,37,0.3,True,fit_complete,True,1,1,1
E5,5,1,0,3,0.0001,0.01,moderate_redundancy,37,0.35,True,fit_complete,True,1,1,1
E5,5,1,0,3,0.0001,0.01,high_redundancy,77,0.15,True,fit_complete,True,1,1,1
E5,5,1,0,3,0.0001,0.01,high_redundancy,77,0.2,True,fit_complete,True,1,1,1
E5,5,1,0,3,0.0001,0.01,high_redundancy,77,0.25,True,fit_complete,True,1,1,1
E5,5,1,0,3,0.0001,0.01,high_redundancy,77,0.3,True,fit_complete,True,1,1,1
E5,5,1,0,3,0.0001,0.01,high_redundancy,77,0.35,True,fit_complete,True,1,1,1
E5,5,1,0,0,0.0003,0.03,minimal_exact_budget,15,0.15,False,PrecisionFailure: K9 paired threshold is outside its unique admissible Green interval.,False,,,
E5,5,1,0,0,0.0003,0.03,minimal_exact_budget,15,0.2,False,PrecisionFailure: K9 paired threshold is outside its unique admissible Green interval.,False,,,
E5,5,1,0,0,0.0003,0.03,minimal_exact_budget,15,0.25,False,PrecisionFailure: K9 paired threshold is outside its unique admissible Green interval.,False,,,
E5,5,1,0,0,0.0003,0.03,minimal_exact_budget,15,0.3,False,PrecisionFailure: K9 paired threshold is outside its unique admissible Green interval.,False,,,
E5,5,1,0,0,0.0003,0.03,minimal_exact_budget,15,0.35,False,PrecisionFailure: K9 paired threshold is outside its unique admissible Green interval.,False,,,
E5,5,1,0,0,0.0003,0.03,moderate_redundancy,37,0.15,True,fit_complete,True,1,1,1
E5,5,1,0,0,0.0003,0.03,moderate_redundancy,37,0.2,True,fit_complete,True,1,1,1
E5,5,1,0,0,0.0003,0.03,moderate_redundancy,37,0.25,True,fit_complete,True,1,1,1
E5,5,1,0,0,0.0003,0.03,moderate_redundancy,37,0.3,True,fit_complete,True,1,1,1
E5,5,1,0,0,0.0003,0.03,moderate_redundancy,37,0.35,True,fit_complete,True,1,1,1
E5,5,1,0,0,0.0003,0.03,high_redundancy,77,0.15,True,fit_complete,True,1,1,1
E5,5,1,0,0,0.0003,0.03,high_redundancy,77,0.2,True,fit_complete,True,1,1,1
E5,5,1,0,0,0.0003,0.03,high_redundancy,77,0.25,True,fit_complete,True,1,1,1
E5,5,1,0,0,0.0003,0.03,high_redundancy,77,0.3,True,fit_complete,True,1,1,1
E5,5,1,0,0,0.0003,0.03,high_redundancy,77,0.35,True,fit_complete,True,1,1,1
E5,5,1,0,1,0.0003,0.03,minimal_exact_budget,15,0.15,False,PrecisionFailure: K9 reconstructed root-coupling vector has a negative entry.,False,,,
E5,5,1,0,1,0.0003,0.03,minimal_exact_budget,15,0.2,False,PrecisionFailure: K9 reconstructed root-coupling vector has a negative entry.,False,,,
E5,5,1,0,1,0.0003,0.03,minimal_exact_budget,15,0.25,False,PrecisionFailure: K9 reconstructed root-coupling vector has a negative entry.,False,,,
E5,5,1,0,1,0.0003,0.03,minimal_exact_budget,15,0.3,False,PrecisionFailure: K9 reconstructed root-coupling vector has a negative entry.,False,,,
E5,5,1,0,1,0.0003,0.03,minimal_exact_budget,15,0.35,False,PrecisionFailure: K9 reconstructed root-coupling vector has a negative entry.,False,,,
E5,5,1,0,1,0.0003,0.03,moderate_redundancy,37,0.15,True,fit_complete,True,1,1,1
E5,5,1,0,1,0.0003,0.03,moderate_redundancy,37,0.2,True,fit_complete,True,1,1,1
E5,5,1,0,1,0.0003,0.03,moderate_redundancy,37,0.25,True,fit_complete,True,1,1,1
E5,5,1,0,1,0.0003,0.03,moderate_redundancy,37,0.3,True,fit_complete,True,1,1,1
E5,5,1,0,1,0.0003,0.03,moderate_redundancy,37,0.35,True,fit_complete,True,1,1,1
E5,5,1,0,1,0.0003,0.03,high_redundancy,77,0.15,True,fit_complete,True,1,1,1
E5,5,1,0,1,0.0003,0.03,high_redundancy,77,0.2,True,fit_complete,True,1,1,1
E5,5,1,0,1,0.0003,0.03,high_redundancy,77,0.25,True,fit_complete,True,1,1,1
E5,5,1,0,1,0.0003,0.03,high_redundancy,77,0.3,True,fit_complete,True,1,1,1
E5,5,1,0,1,0.0003,0.03,high_redundancy,77,0.35,True,fit_complete,True,1,1,1
E5,5,1,0,2,0.0003,0.03,minimal_exact_budget,15,0.15,False,PrecisionFailure: K9 reconstructed Green matrix is not entrywise nonnegative positive definite.,False,,,
E5,5,1,0,2,0.0003,0.03,minimal_exact_budget,15,0.2,False,PrecisionFailure: K9 reconstructed Green matrix is not entrywise nonnegative positive definite.,False,,,
E5,5,1,0,2,0.0003,0.03,minimal_exact_budget,15,0.25,False,PrecisionFailure: K9 reconstructed Green matrix is not entrywise nonnegative positive definite.,False,,,
E5,5,1,0,2,0.0003,0.03,minimal_exact_budget,15,0.3,False,PrecisionFailure: K9 reconstructed Green matrix is not entrywise nonnegative positive definite.,False,,,
E5,5,1,0,2,0.0003,0.03,minimal_exact_budget,15,0.35,False,PrecisionFailure: K9 reconstructed Green matrix is not entrywise nonnegative positive definite.,False,,,
E5,5,1,0,2,0.0003,0.03,moderate_redundancy,37,0.15,True,fit_complete,True,1,1,1
E5,5,1,0,2,0.0003,0.03,moderate_redundancy,37,0.2,True,fit_complete,True,1,1,1
E5,5,1,0,2,0.0003,0.03,moderate_redundancy,37,0.25,True,fit_complete,True,1,1,1
E5,5,1,0,2,0.0003,0.03,moderate_redundancy,37,0.3,True,fit_complete,True,1,1,1
E5,5,1,0,2,0.0003,0.03,moderate_redundancy,37,0.35,True,fit_complete,True,1,1,1
E5,5,1,0,2,0.0003,0.03,high_redundancy,77,0.15,True,fit_complete,True,1,1,1
E5,5,1,0,2,0.0003,0.03,high_redundancy,77,0.2,True,fit_complete,True,1,1,1
E5,5,1,0,2,0.0003,0.03,high_redundancy,77,0.25,True,fit_complete,True,1,1,1
E5,5,1,0,2,0.0003,0.03,high_redundancy,77,0.3,True,fit_complete,True,1,1,1
E5,5,1,0,2,0.0003,0.03,high_redundancy,77,0.35,True,fit_complete,True,1,1,1
E5,5,1,0,3,0.0003,0.03,minimal_exact_budget,10,0.15,False,PrecisionFailure: K9 paired threshold is outside its unique admissible Green interval.,False,,,
E5,5,1,0,3,0.0003,0.03,minimal_exact_budget,10,0.2,False,PrecisionFailure: K9 paired threshold is outside its unique admissible Green interval.,False,,,
E5,5,1,0,3,0.0003,0.03,minimal_exact_budget,10,0.25,False,PrecisionFailure: K9 paired threshold is outside its unique admissible Green interval.,False,,,
E5,5,1,0,3,0.0003,0.03,minimal_exact_budget,10,0.3,False,PrecisionFailure: K9 paired threshold is outside its unique admissible Green interval.,False,,,
E5,5,1,0,3,0.0003,0.03,minimal_exact_budget,10,0.35,False,PrecisionFailure: K9 paired threshold is outside its unique admissible Green interval.,False,,,
E5,5,1,0,3,0.0003,0.03,moderate_redundancy,37,0.15,True,fit_complete,True,0.8333333333,1,0.9090909091
E5,5,1,0,3,0.0003,0.03,moderate_redundancy,37,0.2,True,fit_complete,True,1,1,1
E5,5,1,0,3,0.0003,0.03,moderate_redundancy,37,0.25,True,fit_complete,True,1,1,1
E5,5,1,0,3,0.0003,0.03,moderate_redundancy,37,0.3,True,fit_complete,True,1,1,1
E5,5,1,0,3,0.0003,0.03,moderate_redundancy,37,0.35,True,fit_complete,True,1,1,1
E5,5,1,0,3,0.0003,0.03,high_redundancy,77,0.15,True,fit_complete,True,1,1,1
E5,5,1,0,3,0.0003,0.03,high_redundancy,77,0.2,True,fit_complete,True,1,1,1
E5,5,1,0,3,0.0003,0.03,high_redundancy,77,0.25,True,fit_complete,True,1,1,1
E5,5,1,0,3,0.0003,0.03,high_redundancy,77,0.3,True,fit_complete,True,1,1,1
E5,5,1,0,3,0.0003,0.03,high_redundancy,77,0.35,True,fit_complete,True,1,1,1
E5,5,1,0,0,0.001,0.1,minimal_exact_budget,13,0.15,False,PrecisionFailure: K9 paired threshold is outside its unique admissible Green interval.,False,,,
E5,5,1,0,0,0.001,0.1,minimal_exact_budget,13,0.2,False,PrecisionFailure: K9 paired threshold is outside its unique admissible Green interval.,False,,,
E5,5,1,0,0,0.001,0.1,minimal_exact_budget,13,0.25,False,PrecisionFailure: K9 paired threshold is outside its unique admissible Green interval.,False,,,
E5,5,1,0,0,0.001,0.1,minimal_exact_budget,13,0.3,False,PrecisionFailure: K9 paired threshold is outside its unique admissible Green interval.,False,,,
E5,5,1,0,0,0.001,0.1,minimal_exact_budget,13,0.35,False,PrecisionFailure: K9 paired threshold is outside its unique admissible Green interval.,False,,,
E5,5,1,0,0,0.001,0.1,moderate_redundancy,37,0.15,True,fit_complete,True,0.8333333333,1,0.9090909091
E5,5,1,0,0,0.001,0.1,moderate_redundancy,37,0.2,True,fit_complete,True,0.8333333333,1,0.9090909091
E5,5,1,0,0,0.001,0.1,moderate_redundancy,37,0.25,True,fit_complete,True,0.8333333333,1,0.9090909091
E5,5,1,0,0,0.001,0.1,moderate_redundancy,37,0.3,True,fit_complete,True,0.8333333333,1,0.9090909091
E5,5,1,0,0,0.001,0.1,moderate_redundancy,37,0.35,True,fit_complete,True,0.8333333333,1,0.9090909091
E5,5,1,0,0,0.001,0.1,high_redundancy,77,0.15,True,fit_complete,True,1,1,1
E5,5,1,0,0,0.001,0.1,high_redundancy,77,0.2,True,fit_complete,True,1,1,1
E5,5,1,0,0,0.001,0.1,high_redundancy,77,0.25,True,fit_complete,True,1,1,1
E5,5,1,0,0,0.001,0.1,high_redundancy,77,0.3,True,fit_complete,True,1,1,1
E5,5,1,0,0,0.001,0.1,high_redundancy,77,0.35,True,fit_complete,True,1,1,1
E5,5,1,0,1,0.001,0.1,minimal_exact_budget,11,0.15,False,PrecisionFailure: K9 paired threshold is outside its unique admissible Green interval.,False,,,
E5,5,1,0,1,0.001,0.1,minimal_exact_budget,11,0.2,False,PrecisionFailure: K9 paired threshold is outside its unique admissible Green interval.,False,,,
E5,5,1,0,1,0.001,0.1,minimal_exact_budget,11,0.25,False,PrecisionFailure: K9 paired threshold is outside its unique admissible Green interval.,False,,,
E5,5,1,0,1,0.001,0.1,minimal_exact_budget,11,0.3,False,PrecisionFailure: K9 paired threshold is outside its unique admissible Green interval.,False,,,
E5,5,1,0,1,0.001,0.1,minimal_exact_budget,11,0.35,False,PrecisionFailure: K9 paired threshold is outside its unique admissible Green interval.,False,,,
E5,5,1,0,1,0.001,0.1,moderate_redundancy,37,0.15,True,fit_complete,True,0.7142857143,1,0.8333333333
E5,5,1,0,1,0.001,0.1,moderate_redundancy,37,0.2,True,fit_complete,True,0.7142857143,1,0.8333333333
E5,5,1,0,1,0.001,0.1,moderate_redundancy,37,0.25,True,fit_complete,True,0.7142857143,1,0.8333333333
E5,5,1,0,1,0.001,0.1,moderate_redundancy,37,0.3,True,fit_complete,True,0.7142857143,1,0.8333333333
E5,5,1,0,1,0.001,0.1,moderate_redundancy,37,0.35,True,fit_complete,True,0.7142857143,1,0.8333333333
E5,5,1,0,1,0.001,0.1,high_redundancy,77,0.15,True,fit_complete,True,1,1,1
E5,5,1,0,1,0.001,0.1,high_redundancy,77,0.2,True,fit_complete,True,1,1,1
E5,5,1,0,1,0.001,0.1,high_redundancy,77,0.25,True,fit_complete,True,1,1,1
E5,5,1,0,1,0.001,0.1,high_redundancy,77,0.3,True,fit_complete,True,1,1,1
E5,5,1,0,1,0.001,0.1,high_redundancy,77,0.35,True,fit_complete,True,1,1,1
E5,5,1,0,2,0.001,0.1,minimal_exact_budget,10,0.15,False,PrecisionFailure: K9 paired threshold is outside its unique admissible Green interval.,False,,,
E5,5,1,0,2,0.001,0.1,minimal_exact_budget,10,0.2,False,PrecisionFailure: K9 paired threshold is outside its unique admissible Green interval.,False,,,
E5,5,1,0,2,0.001,0.1,minimal_exact_budget,10,0.25,False,PrecisionFailure: K9 paired threshold is outside its unique admissible Green interval.,False,,,
E5,5,1,0,2,0.001,0.1,minimal_exact_budget,10,0.3,False,PrecisionFailure: K9 paired threshold is outside its unique admissible Green interval.,False,,,
E5,5,1,0,2,0.001,0.1,minimal_exact_budget,10,0.35,False,PrecisionFailure: K9 paired threshold is outside its unique admissible Green interval.,False,,,
E5,5,1,0,2,0.001,0.1,moderate_redundancy,37,0.15,True,fit_complete,True,0.7142857143,1,0.8333333333
E5,5,1,0,2,0.001,0.1,moderate_redundancy,37,0.2,True,fit_complete,True,0.7142857143,1,0.8333333333
E5,5,1,0,2,0.001,0.1,moderate_redundancy,37,0.25,True,fit_complete,True,0.7142857143,1,0.8333333333
E5,5,1,0,2,0.001,0.1,moderate_redundancy,37,0.3,True,fit_complete,True,0.7142857143,1,0.8333333333
E5,5,1,0,2,0.001,0.1,moderate_redundancy,37,0.35,True,fit_complete,True,0.7142857143,1,0.8333333333
E5,5,1,0,2,0.001,0.1,high_redundancy,77,0.15,True,fit_complete,True,1,1,1
E5,5,1,0,2,0.001,0.1,high_redundancy,77,0.2,True,fit_complete,True,1,1,1
E5,5,1,0,2,0.001,0.1,high_redundancy,77,0.25,True,fit_complete,True,1,1,1
E5,5,1,0,2,0.001,0.1,high_redundancy,77,0.3,True,fit_complete,True,1,1,1
E5,5,1,0,2,0.001,0.1,high_redundancy,77,0.35,True,fit_complete,True,1,1,1
E5,5,1,0,3,0.001,0.1,minimal_exact_budget,10,0.15,False,PrecisionFailure: K9 paired threshold is outside its unique admissible Green interval.,False,,,
E5,5,1,0,3,0.001,0.1,minimal_exact_budget,10,0.2,False,PrecisionFailure: K9 paired threshold is outside its unique admissible Green interval.,False,,,
E5,5,1,0,3,0.001,0.1,minimal_exact_budget,10,0.25,False,PrecisionFailure: K9 paired threshold is outside its unique admissible Green interval.,False,,,
E5,5,1,0,3,0.001,0.1,minimal_exact_budget,10,0.3,False,PrecisionFailure: K9 paired threshold is outside its unique admissible Green interval.,False,,,
E5,5,1,0,3,0.001,0.1,minimal_exact_budget,10,0.35,False,PrecisionFailure: K9 paired threshold is outside its unique admissible Green interval.,False,,,
E5,5,1,0,3,0.001,0.1,moderate_redundancy,37,0.15,True,fit_complete,True,0.8333333333,1,0.9090909091
E5,5,1,0,3,0.001,0.1,moderate_redundancy,37,0.2,True,fit_complete,True,0.8333333333,1,0.9090909091
E5,5,1,0,3,0.001,0.1,moderate_redundancy,37,0.25,True,fit_complete,True,1,1,1
E5,5,1,0,3,0.001,0.1,moderate_redundancy,37,0.3,True,fit_complete,True,1,1,1
E5,5,1,0,3,0.001,0.1,moderate_redundancy,37,0.35,True,fit_complete,True,1,1,1
E5,5,1,0,3,0.001,0.1,high_redundancy,77,0.15,True,fit_complete,True,1,1,1
E5,5,1,0,3,0.001,0.1,high_redundancy,77,0.2,True,fit_complete,True,1,1,1
E5,5,1,0,3,0.001,0.1,high_redundancy,77,0.25,True,fit_complete,True,1,1,1
E5,5,1,0,3,0.001,0.1,high_redundancy,77,0.3,True,fit_complete,True,1,1,1
E5,5,1,0,3,0.001,0.1,high_redundancy,77,0.35,True,fit_complete,True,1,1,1
E5,5,1,0,0,0.003,0.3,minimal_exact_budget,10,0.15,False,PrecisionFailure: K9 paired threshold is outside its unique admissible Green interval.,False,,,
E5,5,1,0,0,0.003,0.3,minimal_exact_budget,10,0.2,False,PrecisionFailure: K9 paired threshold is outside its unique admissible Green interval.,False,,,
E5,5,1,0,0,0.003,0.3,minimal_exact_budget,10,0.25,False,PrecisionFailure: K9 paired threshold is outside its unique admissible Green interval.,False,,,
E5,5,1,0,0,0.003,0.3,minimal_exact_budget,10,0.3,False,PrecisionFailure: K9 paired threshold is outside its unique admissible Green interval.,False,,,
E5,5,1,0,0,0.003,0.3,minimal_exact_budget,10,0.35,False,PrecisionFailure: K9 paired threshold is outside its unique admissible Green interval.,False,,,
E5,5,1,0,0,0.003,0.3,moderate_redundancy,37,0.15,True,fit_complete,True,0.7142857143,1,0.8333333333
E5,5,1,0,0,0.003,0.3,moderate_redundancy,37,0.2,True,fit_complete,True,0.7142857143,1,0.8333333333
E5,5,1,0,0,0.003,0.3,moderate_redundancy,37,0.25,True,fit_complete,True,0.7142857143,1,0.8333333333
E5,5,1,0,0,0.003,0.3,moderate_redundancy,37,0.3,True,fit_complete,True,0.8333333333,1,0.9090909091
E5,5,1,0,0,0.003,0.3,moderate_redundancy,37,0.35,True,fit_complete,True,0.8333333333,1,0.9090909091
E5,5,1,0,0,0.003,0.3,high_redundancy,77,0.15,True,fit_complete,True,0.8333333333,1,0.9090909091
E5,5,1,0,0,0.003,0.3,high_redundancy,77,0.2,True,fit_complete,True,1,1,1
E5,5,1,0,0,0.003,0.3,high_redundancy,77,0.25,True,fit_complete,True,1,1,1
E5,5,1,0,0,0.003,0.3,high_redundancy,77,0.3,True,fit_complete,True,1,1,1
E5,5,1,0,0,0.003,0.3,high_redundancy,77,0.35,True,fit_complete,True,1,1,1
E5,5,1,0,1,0.003,0.3,minimal_exact_budget,10,0.15,False,PrecisionFailure: K9 paired threshold is outside its unique admissible Green interval.,False,,,
E5,5,1,0,1,0.003,0.3,minimal_exact_budget,10,0.2,False,PrecisionFailure: K9 paired threshold is outside its unique admissible Green interval.,False,,,
E5,5,1,0,1,0.003,0.3,minimal_exact_budget,10,0.25,False,PrecisionFailure: K9 paired threshold is outside its unique admissible Green interval.,False,,,
E5,5,1,0,1,0.003,0.3,minimal_exact_budget,10,0.3,False,PrecisionFailure: K9 paired threshold is outside its unique admissible Green interval.,False,,,
E5,5,1,0,1,0.003,0.3,minimal_exact_budget,10,0.35,False,PrecisionFailure: K9 paired threshold is outside its unique admissible Green interval.,False,,,
E5,5,1,0,1,0.003,0.3,moderate_redundancy,37,0.15,True,fit_complete,True,0.625,1,0.7692307692
E5,5,1,0,1,0.003,0.3,moderate_redundancy,37,0.2,True,fit_complete,True,0.625,1,0.7692307692
E5,5,1,0,1,0.003,0.3,moderate_redundancy,37,0.25,True,fit_complete,True,0.625,1,0.7692307692
E5,5,1,0,1,0.003,0.3,moderate_redundancy,37,0.3,True,fit_complete,True,0.7142857143,1,0.8333333333
E5,5,1,0,1,0.003,0.3,moderate_redundancy,37,0.35,True,fit_complete,True,0.7142857143,1,0.8333333333
E5,5,1,0,1,0.003,0.3,high_redundancy,77,0.15,True,fit_complete,True,1,1,1
E5,5,1,0,1,0.003,0.3,high_redundancy,77,0.2,True,fit_complete,True,1,1,1
E5,5,1,0,1,0.003,0.3,high_redundancy,77,0.25,True,fit_complete,True,1,1,1
E5,5,1,0,1,0.003,0.3,high_redundancy,77,0.3,True,fit_complete,True,1,1,1
E5,5,1,0,1,0.003,0.3,high_redundancy,77,0.35,True,fit_complete,True,1,1,1
E5,5,1,0,2,0.003,0.3,minimal_exact_budget,10,0.15,False,PrecisionFailure: K9 paired threshold is outside its unique admissible Green interval.,False,,,
E5,5,1,0,2,0.003,0.3,minimal_exact_budget,10,0.2,False,PrecisionFailure: K9 paired threshold is outside its unique admissible Green interval.,False,,,
E5,5,1,0,2,0.003,0.3,minimal_exact_budget,10,0.25,False,PrecisionFailure: K9 paired threshold is outside its unique admissible Green interval.,False,,,
E5,5,1,0,2,0.003,0.3,minimal_exact_budget,10,0.3,False,PrecisionFailure: K9 paired threshold is outside its unique admissible Green interval.,False,,,
E5,5,1,0,2,0.003,0.3,minimal_exact_budget,10,0.35,False,PrecisionFailure: K9 paired threshold is outside its unique admissible Green interval.,False,,,
E5,5,1,0,2,0.003,0.3,moderate_redundancy,37,0.15,True,fit_complete,True,0.625,1,0.7692307692
E5,5,1,0,2,0.003,0.3,moderate_redundancy,37,0.2,True,fit_complete,True,0.625,1,0.7692307692
E5,5,1,0,2,0.003,0.3,moderate_redundancy,37,0.25,True,fit_complete,True,0.625,1,0.7692307692
E5,5,1,0,2,0.003,0.3,moderate_redundancy,37,0.3,True,fit_complete,True,0.625,1,0.7692307692
E5,5,1,0,2,0.003,0.3,moderate_redundancy,37,0.35,True,fit_complete,True,0.7142857143,1,0.8333333333
E5,5,1,0,2,0.003,0.3,high_redundancy,77,0.15,True,fit_complete,True,0.8333333333,1,0.9090909091
E5,5,1,0,2,0.003,0.3,high_redundancy,77,0.2,True,fit_complete,True,1,1,1
E5,5,1,0,2,0.003,0.3,high_redundancy,77,0.25,True,fit_complete,True,1,1,1
E5,5,1,0,2,0.003,0.3,high_redundancy,77,0.3,True,fit_complete,True,1,1,1
E5,5,1,0,2,0.003,0.3,high_redundancy,77,0.35,True,fit_complete,True,1,1,1
E5,5,1,0,3,0.003,0.3,minimal_exact_budget,10,0.15,False,PrecisionFailure: K9 paired threshold is outside its unique admissible Green interval.,False,,,
E5,5,1,0,3,0.003,0.3,minimal_exact_budget,10,0.2,False,PrecisionFailure: K9 paired threshold is outside its unique admissible Green interval.,False,,,
E5,5,1,0,3,0.003,0.3,minimal_exact_budget,10,0.25,False,PrecisionFailure: K9 paired threshold is outside its unique admissible Green interval.,False,,,
E5,5,1,0,3,0.003,0.3,minimal_exact_budget,10,0.3,False,PrecisionFailure: K9 paired threshold is outside its unique admissible Green interval.,False,,,
E5,5,1,0,3,0.003,0.3,minimal_exact_budget,10,0.35,False,PrecisionFailure: K9 paired threshold is outside its unique admissible Green interval.,False,,,
E5,5,1,0,3,0.003,0.3,moderate_redundancy,37,0.15,True,fit_complete,True,0.625,1,0.7692307692
E5,5,1,0,3,0.003,0.3,moderate_redundancy,37,0.2,True,fit_complete,True,0.625,1,0.7692307692
E5,5,1,0,3,0.003,0.3,moderate_redundancy,37,0.25,True,fit_complete,True,0.625,1,0.7692307692
E5,5,1,0,3,0.003,0.3,moderate_redundancy,37,0.3,True,fit_complete,True,0.625,1,0.7692307692
E5,5,1,0,3,0.003,0.3,moderate_redundancy,37,0.35,True,fit_complete,True,0.7142857143,1,0.8333333333
E5,5,1,0,3,0.003,0.3,high_redundancy,77,0.15,True,fit_complete,True,1,1,1
E5,5,1,0,3,0.003,0.3,high_redundancy,77,0.2,True,fit_complete,True,1,1,1
E5,5,1,0,3,0.003,0.3,high_redundancy,77,0.25,True,fit_complete,True,1,1,1
E5,5,1,0,3,0.003,0.3,high_redundancy,77,0.3,True,fit_complete,True,1,1,1
E5,5,1,0,3,0.003,0.3,high_redundancy,77,0.35,True,fit_complete,True,1,1,1
E5,5,1,1,0,0,0,minimal_exact_budget,20,0.15,True,recovered,True,1,1,1
E5,5,1,1,0,0,0,minimal_exact_budget,20,0.2,True,recovered,True,1,1,1
E5,5,1,1,0,0,0,minimal_exact_budget,20,0.25,True,recovered,True,1,1,1
E5,5,1,1,0,0,0,minimal_exact_budget,20,0.3,True,recovered,True,1,1,1
E5,5,1,1,0,0,0,minimal_exact_budget,20,0.35,True,recovered,True,1,1,1
E5,5,1,1,0,0,0,moderate_redundancy,37,0.15,True,fit_complete,True,1,1,1
E5,5,1,1,0,0,0,moderate_redundancy,37,0.2,True,fit_complete,True,1,1,1
E5,5,1,1,0,0,0,moderate_redundancy,37,0.25,True,fit_complete,True,1,1,1
E5,5,1,1,0,0,0,moderate_redundancy,37,0.3,True,fit_complete,True,1,1,1
E5,5,1,1,0,0,0,moderate_redundancy,37,0.35,True,fit_complete,True,1,1,1
E5,5,1,1,0,0,0,high_redundancy,77,0.15,True,fit_complete,True,1,1,1
E5,5,1,1,0,0,0,high_redundancy,77,0.2,True,fit_complete,True,1,1,1
E5,5,1,1,0,0,0,high_redundancy,77,0.25,True,fit_complete,True,1,1,1
E5,5,1,1,0,0,0,high_redundancy,77,0.3,True,fit_complete,True,1,1,1
E5,5,1,1,0,0,0,high_redundancy,77,0.35,True,fit_complete,True,1,1,1
E5,5,1,1,1,0,0,minimal_exact_budget,20,0.15,True,recovered,True,1,1,1
E5,5,1,1,1,0,0,minimal_exact_budget,20,0.2,True,recovered,True,1,1,1
E5,5,1,1,1,0,0,minimal_exact_budget,20,0.25,True,recovered,True,1,1,1
E5,5,1,1,1,0,0,minimal_exact_budget,20,0.3,True,recovered,True,1,1,1
E5,5,1,1,1,0,0,minimal_exact_budget,20,0.35,True,recovered,True,1,1,1
E5,5,1,1,1,0,0,moderate_redundancy,37,0.15,True,fit_complete,True,1,1,1
E5,5,1,1,1,0,0,moderate_redundancy,37,0.2,True,fit_complete,True,1,1,1
E5,5,1,1,1,0,0,moderate_redundancy,37,0.25,True,fit_complete,True,1,1,1
E5,5,1,1,1,0,0,moderate_redundancy,37,0.3,True,fit_complete,True,1,1,1
E5,5,1,1,1,0,0,moderate_redundancy,37,0.35,True,fit_complete,True,1,1,1
E5,5,1,1,1,0,0,high_redundancy,77,0.15,True,fit_complete,True,1,1,1
E5,5,1,1,1,0,0,high_redundancy,77,0.2,True,fit_complete,True,1,1,1
E5,5,1,1,1,0,0,high_redundancy,77,0.25,True,fit_complete,True,1,1,1
E5,5,1,1,1,0,0,high_redundancy,77,0.3,True,fit_complete,True,1,1,1
E5,5,1,1,1,0,0,high_redundancy,77,0.35,True,fit_complete,True,1,1,1
E5,5,1,1,2,0,0,minimal_exact_budget,20,0.15,True,recovered,True,1,1,1
E5,5,1,1,2,0,0,minimal_exact_budget,20,0.2,True,recovered,True,1,1,1
E5,5,1,1,2,0,0,minimal_exact_budget,20,0.25,True,recovered,True,1,1,1
E5,5,1,1,2,0,0,minimal_exact_budget,20,0.3,True,recovered,True,1,1,1
E5,5,1,1,2,0,0,minimal_exact_budget,20,0.35,True,recovered,True,1,1,1
E5,5,1,1,2,0,0,moderate_redundancy,37,0.15,True,fit_complete,True,1,1,1
E5,5,1,1,2,0,0,moderate_redundancy,37,0.2,True,fit_complete,True,1,1,1
E5,5,1,1,2,0,0,moderate_redundancy,37,0.25,True,fit_complete,True,1,1,1
E5,5,1,1,2,0,0,moderate_redundancy,37,0.3,True,fit_complete,True,1,1,1
E5,5,1,1,2,0,0,moderate_redundancy,37,0.35,True,fit_complete,True,1,1,1
E5,5,1,1,2,0,0,high_redundancy,77,0.15,True,fit_complete,True,1,1,1
E5,5,1,1,2,0,0,high_redundancy,77,0.2,True,fit_complete,True,1,1,1
E5,5,1,1,2,0,0,high_redundancy,77,0.25,True,fit_complete,True,1,1,1
E5,5,1,1,2,0,0,high_redundancy,77,0.3,True,fit_complete,True,1,1,1
E5,5,1,1,2,0,0,high_redundancy,77,0.35,True,fit_complete,True,1,1,1
E5,5,1,1,3,0,0,minimal_exact_budget,20,0.15,True,recovered,True,1,1,1
E5,5,1,1,3,0,0,minimal_exact_budget,20,0.2,True,recovered,True,1,1,1
E5,5,1,1,3,0,0,minimal_exact_budget,20,0.25,True,recovered,True,1,1,1
E5,5,1,1,3,0,0,minimal_exact_budget,20,0.3,True,recovered,True,1,1,1
E5,5,1,1,3,0,0,minimal_exact_budget,20,0.35,True,recovered,True,1,1,1
E5,5,1,1,3,0,0,moderate_redundancy,37,0.15,True,fit_complete,True,1,1,1
E5,5,1,1,3,0,0,moderate_redundancy,37,0.2,True,fit_complete,True,1,1,1
E5,5,1,1,3,0,0,moderate_redundancy,37,0.25,True,fit_complete,True,1,1,1
E5,5,1,1,3,0,0,moderate_redundancy,37,0.3,True,fit_complete,True,1,1,1
E5,5,1,1,3,0,0,moderate_redundancy,37,0.35,True,fit_complete,True,1,1,1
E5,5,1,1,3,0,0,high_redundancy,77,0.15,True,fit_complete,True,1,1,1
E5,5,1,1,3,0,0,high_redundancy,77,0.2,True,fit_complete,True,1,1,1
E5,5,1,1,3,0,0,high_redundancy,77,0.25,True,fit_complete,True,1,1,1
E5,5,1,1,3,0,0,high_redundancy,77,0.3,True,fit_complete,True,1,1,1
E5,5,1,1,3,0,0,high_redundancy,77,0.35,True,fit_complete,True,1,1,1
E5,5,1,1,0,0.0001,0.01,minimal_exact_budget,15,0.15,False,PrecisionFailure: K9 reconstructed root-coupling vector has a negative entry.,False,,,
E5,5,1,1,0,0.0001,0.01,minimal_exact_budget,15,0.2,False,PrecisionFailure: K9 reconstructed root-coupling vector has a negative entry.,False,,,
E5,5,1,1,0,0.0001,0.01,minimal_exact_budget,15,0.25,False,PrecisionFailure: K9 reconstructed root-coupling vector has a negative entry.,False,,,
E5,5,1,1,0,0.0001,0.01,minimal_exact_budget,15,0.3,False,PrecisionFailure: K9 reconstructed root-coupling vector has a negative entry.,False,,,
E5,5,1,1,0,0.0001,0.01,minimal_exact_budget,15,0.35,False,PrecisionFailure: K9 reconstructed root-coupling vector has a negative entry.,False,,,
E5,5,1,1,0,0.0001,0.01,moderate_redundancy,37,0.15,True,fit_complete,True,1,1,1
E5,5,1,1,0,0.0001,0.01,moderate_redundancy,37,0.2,True,fit_complete,True,1,1,1
E5,5,1,1,0,0.0001,0.01,moderate_redundancy,37,0.25,True,fit_complete,True,1,1,1
E5,5,1,1,0,0.0001,0.01,moderate_redundancy,37,0.3,True,fit_complete,True,1,1,1
E5,5,1,1,0,0.0001,0.01,moderate_redundancy,37,0.35,True,fit_complete,True,1,1,1
E5,5,1,1,0,0.0001,0.01,high_redundancy,77,0.15,True,fit_complete,True,1,1,1
E5,5,1,1,0,0.0001,0.01,high_redundancy,77,0.2,True,fit_complete,True,1,1,1
E5,5,1,1,0,0.0001,0.01,high_redundancy,77,0.25,True,fit_complete,True,1,1,1
E5,5,1,1,0,0.0001,0.01,high_redundancy,77,0.3,True,fit_complete,True,1,1,1
E5,5,1,1,0,0.0001,0.01,high_redundancy,77,0.35,True,fit_complete,True,1,1,1
E5,5,1,1,1,0.0001,0.01,minimal_exact_budget,15,0.15,False,PrecisionFailure: K9 reconstructed root-coupling vector has a negative entry.,False,,,
E5,5,1,1,1,0.0001,0.01,minimal_exact_budget,15,0.2,False,PrecisionFailure: K9 reconstructed root-coupling vector has a negative entry.,False,,,
E5,5,1,1,1,0.0001,0.01,minimal_exact_budget,15,0.25,False,PrecisionFailure: K9 reconstructed root-coupling vector has a negative entry.,False,,,
E5,5,1,1,1,0.0001,0.01,minimal_exact_budget,15,0.3,False,PrecisionFailure: K9 reconstructed root-coupling vector has a negative entry.,False,,,
E5,5,1,1,1,0.0001,0.01,minimal_exact_budget,15,0.35,False,PrecisionFailure: K9 reconstructed root-coupling vector has a negative entry.,False,,,
E5,5,1,1,1,0.0001,0.01,moderate_redundancy,37,0.15,True,fit_complete,True,1,1,1
E5,5,1,1,1,0.0001,0.01,moderate_redundancy,37,0.2,True,fit_complete,True,1,1,1
E5,5,1,1,1,0.0001,0.01,moderate_redundancy,37,0.25,True,fit_complete,True,1,1,1
E5,5,1,1,1,0.0001,0.01,moderate_redundancy,37,0.3,True,fit_complete,True,1,1,1
E5,5,1,1,1,0.0001,0.01,moderate_redundancy,37,0.35,True,fit_complete,True,1,1,1
E5,5,1,1,1,0.0001,0.01,high_redundancy,77,0.15,True,fit_complete,True,1,1,1
E5,5,1,1,1,0.0001,0.01,high_redundancy,77,0.2,True,fit_complete,True,1,1,1
E5,5,1,1,1,0.0001,0.01,high_redundancy,77,0.25,True,fit_complete,True,1,1,1
E5,5,1,1,1,0.0001,0.01,high_redundancy,77,0.3,True,fit_complete,True,1,1,1
E5,5,1,1,1,0.0001,0.01,high_redundancy,77,0.35,True,fit_complete,True,1,1,1
E5,5,1,1,2,0.0001,0.01,minimal_exact_budget,15,0.15,False,PrecisionFailure: Recovered K9 block violates the M-matrix sign condition.,False,,,
E5,5,1,1,2,0.0001,0.01,minimal_exact_budget,15,0.2,False,PrecisionFailure: Recovered K9 block violates the M-matrix sign condition.,False,,,
E5,5,1,1,2,0.0001,0.01,minimal_exact_budget,15,0.25,False,PrecisionFailure: Recovered K9 block violates the M-matrix sign condition.,False,,,
E5,5,1,1,2,0.0001,0.01,minimal_exact_budget,15,0.3,False,PrecisionFailure: Recovered K9 block violates the M-matrix sign condition.,False,,,
E5,5,1,1,2,0.0001,0.01,minimal_exact_budget,15,0.35,False,PrecisionFailure: Recovered K9 block violates the M-matrix sign condition.,False,,,
E5,5,1,1,2,0.0001,0.01,moderate_redundancy,37,0.15,True,fit_complete,True,1,1,1
E5,5,1,1,2,0.0001,0.01,moderate_redundancy,37,0.2,True,fit_complete,True,1,1,1
E5,5,1,1,2,0.0001,0.01,moderate_redundancy,37,0.25,True,fit_complete,True,1,1,1
E5,5,1,1,2,0.0001,0.01,moderate_redundancy,37,0.3,True,fit_complete,True,1,1,1
E5,5,1,1,2,0.0001,0.01,moderate_redundancy,37,0.35,True,fit_complete,True,1,1,1
E5,5,1,1,2,0.0001,0.01,high_redundancy,77,0.15,True,fit_complete,True,1,1,1
E5,5,1,1,2,0.0001,0.01,high_redundancy,77,0.2,True,fit_complete,True,1,1,1
E5,5,1,1,2,0.0001,0.01,high_redundancy,77,0.25,True,fit_complete,True,1,1,1
E5,5,1,1,2,0.0001,0.01,high_redundancy,77,0.3,True,fit_complete,True,1,1,1
E5,5,1,1,2,0.0001,0.01,high_redundancy,77,0.35,True,fit_complete,True,1,1,1
E5,5,1,1,3,0.0001,0.01,minimal_exact_budget,15,0.15,False,PrecisionFailure: K9 reconstructed root-coupling vector has a negative entry.,False,,,
E5,5,1,1,3,0.0001,0.01,minimal_exact_budget,15,0.2,False,PrecisionFailure: K9 reconstructed root-coupling vector has a negative entry.,False,,,
E5,5,1,1,3,0.0001,0.01,minimal_exact_budget,15,0.25,False,PrecisionFailure: K9 reconstructed root-coupling vector has a negative entry.,False,,,
E5,5,1,1,3,0.0001,0.01,minimal_exact_budget,15,0.3,False,PrecisionFailure: K9 reconstructed root-coupling vector has a negative entry.,False,,,
E5,5,1,1,3,0.0001,0.01,minimal_exact_budget,15,0.35,False,PrecisionFailure: K9 reconstructed root-coupling vector has a negative entry.,False,,,
E5,5,1,1,3,0.0001,0.01,moderate_redundancy,37,0.15,True,fit_complete,True,1,1,1
E5,5,1,1,3,0.0001,0.01,moderate_redundancy,37,0.2,True,fit_complete,True,1,1,1
E5,5,1,1,3,0.0001,0.01,moderate_redundancy,37,0.25,True,fit_complete,True,1,1,1
E5,5,1,1,3,0.0001,0.01,moderate_redundancy,37,0.3,True,fit_complete,True,1,1,1
E5,5,1,1,3,0.0001,0.01,moderate_redundancy,37,0.35,True,fit_complete,True,1,1,1
E5,5,1,1,3,0.0001,0.01,high_redundancy,77,0.15,True,fit_complete,True,1,1,1
E5,5,1,1,3,0.0001,0.01,high_redundancy,77,0.2,True,fit_complete,True,1,1,1
E5,5,1,1,3,0.0001,0.01,high_redundancy,77,0.25,True,fit_complete,True,1,1,1
E5,5,1,1,3,0.0001,0.01,high_redundancy,77,0.3,True,fit_complete,True,1,1,1
E5,5,1,1,3,0.0001,0.01,high_redundancy,77,0.35,True,fit_complete,True,1,1,1
E5,5,1,1,0,0.0003,0.03,minimal_exact_budget,13,0.15,False,PrecisionFailure: K9 paired threshold is outside its unique admissible Green interval.,False,,,
E5,5,1,1,0,0.0003,0.03,minimal_exact_budget,13,0.2,False,PrecisionFailure: K9 paired threshold is outside its unique admissible Green interval.,False,,,
E5,5,1,1,0,0.0003,0.03,minimal_exact_budget,13,0.25,False,PrecisionFailure: K9 paired threshold is outside its unique admissible Green interval.,False,,,
E5,5,1,1,0,0.0003,0.03,minimal_exact_budget,13,0.3,False,PrecisionFailure: K9 paired threshold is outside its unique admissible Green interval.,False,,,
E5,5,1,1,0,0.0003,0.03,minimal_exact_budget,13,0.35,False,PrecisionFailure: K9 paired threshold is outside its unique admissible Green interval.,False,,,
E5,5,1,1,0,0.0003,0.03,moderate_redundancy,37,0.15,True,fit_complete,True,1,1,1
E5,5,1,1,0,0.0003,0.03,moderate_redundancy,37,0.2,True,fit_complete,True,1,1,1
E5,5,1,1,0,0.0003,0.03,moderate_redundancy,37,0.25,True,fit_complete,True,1,1,1
E5,5,1,1,0,0.0003,0.03,moderate_redundancy,37,0.3,True,fit_complete,True,1,1,1
E5,5,1,1,0,0.0003,0.03,moderate_redundancy,37,0.35,True,fit_complete,True,1,1,1
E5,5,1,1,0,0.0003,0.03,high_redundancy,77,0.15,True,fit_complete,True,1,1,1
E5,5,1,1,0,0.0003,0.03,high_redundancy,77,0.2,True,fit_complete,True,1,1,1
E5,5,1,1,0,0.0003,0.03,high_redundancy,77,0.25,True,fit_complete,True,1,1,1
E5,5,1,1,0,0.0003,0.03,high_redundancy,77,0.3,True,fit_complete,True,1,1,1
E5,5,1,1,0,0.0003,0.03,high_redundancy,77,0.35,True,fit_complete,True,1,1,1
E5,5,1,1,1,0.0003,0.03,minimal_exact_budget,11,0.15,False,PrecisionFailure: K9 paired threshold is outside its unique admissible Green interval.,False,,,
E5,5,1,1,1,0.0003,0.03,minimal_exact_budget,11,0.2,False,PrecisionFailure: K9 paired threshold is outside its unique admissible Green interval.,False,,,
E5,5,1,1,1,0.0003,0.03,minimal_exact_budget,11,0.25,False,PrecisionFailure: K9 paired threshold is outside its unique admissible Green interval.,False,,,
E5,5,1,1,1,0.0003,0.03,minimal_exact_budget,11,0.3,False,PrecisionFailure: K9 paired threshold is outside its unique admissible Green interval.,False,,,
E5,5,1,1,1,0.0003,0.03,minimal_exact_budget,11,0.35,False,PrecisionFailure: K9 paired threshold is outside its unique admissible Green interval.,False,,,
E5,5,1,1,1,0.0003,0.03,moderate_redundancy,37,0.15,True,fit_complete,True,0.7142857143,1,0.8333333333
E5,5,1,1,1,0.0003,0.03,moderate_redundancy,37,0.2,True,fit_complete,True,0.7142857143,1,0.8333333333
E5,5,1,1,1,0.0003,0.03,moderate_redundancy,37,0.25,True,fit_complete,True,0.8333333333,1,0.9090909091
E5,5,1,1,1,0.0003,0.03,moderate_redundancy,37,0.3,True,fit_complete,True,0.8333333333,1,0.9090909091
E5,5,1,1,1,0.0003,0.03,moderate_redundancy,37,0.35,True,fit_complete,True,0.8333333333,1,0.9090909091
E5,5,1,1,1,0.0003,0.03,high_redundancy,77,0.15,True,fit_complete,True,1,1,1
E5,5,1,1,1,0.0003,0.03,high_redundancy,77,0.2,True,fit_complete,True,1,1,1
E5,5,1,1,1,0.0003,0.03,high_redundancy,77,0.25,True,fit_complete,True,1,1,1
E5,5,1,1,1,0.0003,0.03,high_redundancy,77,0.3,True,fit_complete,True,1,1,1
E5,5,1,1,1,0.0003,0.03,high_redundancy,77,0.35,True,fit_complete,True,1,1,1
E5,5,1,1,2,0.0003,0.03,minimal_exact_budget,13,0.15,False,PrecisionFailure: K9 paired threshold is outside its unique admissible Green interval.,False,,,
E5,5,1,1,2,0.0003,0.03,minimal_exact_budget,13,0.2,False,PrecisionFailure: K9 paired threshold is outside its unique admissible Green interval.,False,,,
E5,5,1,1,2,0.0003,0.03,minimal_exact_budget,13,0.25,False,PrecisionFailure: K9 paired threshold is outside its unique admissible Green interval.,False,,,
E5,5,1,1,2,0.0003,0.03,minimal_exact_budget,13,0.3,False,PrecisionFailure: K9 paired threshold is outside its unique admissible Green interval.,False,,,
E5,5,1,1,2,0.0003,0.03,minimal_exact_budget,13,0.35,False,PrecisionFailure: K9 paired threshold is outside its unique admissible Green interval.,False,,,
E5,5,1,1,2,0.0003,0.03,moderate_redundancy,37,0.15,True,fit_complete,True,0.8333333333,1,0.9090909091
E5,5,1,1,2,0.0003,0.03,moderate_redundancy,37,0.2,True,fit_complete,True,1,1,1
E5,5,1,1,2,0.0003,0.03,moderate_redundancy,37,0.25,True,fit_complete,True,1,1,1
E5,5,1,1,2,0.0003,0.03,moderate_redundancy,37,0.3,True,fit_complete,True,1,1,1
E5,5,1,1,2,0.0003,0.03,moderate_redundancy,37,0.35,True,fit_complete,True,1,1,1
E5,5,1,1,2,0.0003,0.03,high_redundancy,77,0.15,True,fit_complete,True,1,1,1
E5,5,1,1,2,0.0003,0.03,high_redundancy,77,0.2,True,fit_complete,True,1,1,1
E5,5,1,1,2,0.0003,0.03,high_redundancy,77,0.25,True,fit_complete,True,1,1,1
E5,5,1,1,2,0.0003,0.03,high_redundancy,77,0.3,True,fit_complete,True,1,1,1
E5,5,1,1,2,0.0003,0.03,high_redundancy,77,0.35,True,fit_complete,True,1,1,1
E5,5,1,1,3,0.0003,0.03,minimal_exact_budget,13,0.15,False,PrecisionFailure: K9 paired threshold is outside its unique admissible Green interval.,False,,,
E5,5,1,1,3,0.0003,0.03,minimal_exact_budget,13,0.2,False,PrecisionFailure: K9 paired threshold is outside its unique admissible Green interval.,False,,,
E5,5,1,1,3,0.0003,0.03,minimal_exact_budget,13,0.25,False,PrecisionFailure: K9 paired threshold is outside its unique admissible Green interval.,False,,,
E5,5,1,1,3,0.0003,0.03,minimal_exact_budget,13,0.3,False,PrecisionFailure: K9 paired threshold is outside its unique admissible Green interval.,False,,,
E5,5,1,1,3,0.0003,0.03,minimal_exact_budget,13,0.35,False,PrecisionFailure: K9 paired threshold is outside its unique admissible Green interval.,False,,,
E5,5,1,1,3,0.0003,0.03,moderate_redundancy,37,0.15,True,fit_complete,True,1,1,1
E5,5,1,1,3,0.0003,0.03,moderate_redundancy,37,0.2,True,fit_complete,True,1,1,1
E5,5,1,1,3,0.0003,0.03,moderate_redundancy,37,0.25,True,fit_complete,True,1,1,1
E5,5,1,1,3,0.0003,0.03,moderate_redundancy,37,0.3,True,fit_complete,True,1,1,1
E5,5,1,1,3,0.0003,0.03,moderate_redundancy,37,0.35,True,fit_complete,True,1,1,1
E5,5,1,1,3,0.0003,0.03,high_redundancy,77,0.15,True,fit_complete,True,1,1,1
E5,5,1,1,3,0.0003,0.03,high_redundancy,77,0.2,True,fit_complete,True,1,1,1
E5,5,1,1,3,0.0003,0.03,high_redundancy,77,0.25,True,fit_complete,True,1,1,1
E5,5,1,1,3,0.0003,0.03,high_redundancy,77,0.3,True,fit_complete,True,1,1,1
E5,5,1,1,3,0.0003,0.03,high_redundancy,77,0.35,True,fit_complete,True,1,1,1
E5,5,1,1,0,0.001,0.1,minimal_exact_budget,11,0.15,False,PrecisionFailure: K9 paired threshold is outside its unique admissible Green interval.,False,,,
E5,5,1,1,0,0.001,0.1,minimal_exact_budget,11,0.2,False,PrecisionFailure: K9 paired threshold is outside its unique admissible Green interval.,False,,,
E5,5,1,1,0,0.001,0.1,minimal_exact_budget,11,0.25,False,PrecisionFailure: K9 paired threshold is outside its unique admissible Green interval.,False,,,
E5,5,1,1,0,0.001,0.1,minimal_exact_budget,11,0.3,False,PrecisionFailure: K9 paired threshold is outside its unique admissible Green interval.,False,,,
E5,5,1,1,0,0.001,0.1,minimal_exact_budget,11,0.35,False,PrecisionFailure: K9 paired threshold is outside its unique admissible Green interval.,False,,,
E5,5,1,1,0,0.001,0.1,moderate_redundancy,37,0.15,True,fit_complete,True,0.8333333333,1,0.9090909091
E5,5,1,1,0,0.001,0.1,moderate_redundancy,37,0.2,True,fit_complete,True,0.8333333333,1,0.9090909091
E5,5,1,1,0,0.001,0.1,moderate_redundancy,37,0.25,True,fit_complete,True,0.8333333333,1,0.9090909091
E5,5,1,1,0,0.001,0.1,moderate_redundancy,37,0.3,True,fit_complete,True,1,1,1
E5,5,1,1,0,0.001,0.1,moderate_redundancy,37,0.35,True,fit_complete,True,1,1,1
E5,5,1,1,0,0.001,0.1,high_redundancy,77,0.15,True,fit_complete,True,1,1,1
E5,5,1,1,0,0.001,0.1,high_redundancy,77,0.2,True,fit_complete,True,1,1,1
E5,5,1,1,0,0.001,0.1,high_redundancy,77,0.25,True,fit_complete,True,1,1,1
E5,5,1,1,0,0.001,0.1,high_redundancy,77,0.3,True,fit_complete,True,1,1,1
E5,5,1,1,0,0.001,0.1,high_redundancy,77,0.35,True,fit_complete,True,1,1,1
E5,5,1,1,1,0.001,0.1,minimal_exact_budget,10,0.15,False,PrecisionFailure: K9 paired threshold is outside its unique admissible Green interval.,False,,,
E5,5,1,1,1,0.001,0.1,minimal_exact_budget,10,0.2,False,PrecisionFailure: K9 paired threshold is outside its unique admissible Green interval.,False,,,
E5,5,1,1,1,0.001,0.1,minimal_exact_budget,10,0.25,False,PrecisionFailure: K9 paired threshold is outside its unique admissible Green interval.,False,,,
E5,5,1,1,1,0.001,0.1,minimal_exact_budget,10,0.3,False,PrecisionFailure: K9 paired threshold is outside its unique admissible Green interval.,False,,,
E5,5,1,1,1,0.001,0.1,minimal_exact_budget,10,0.35,False,PrecisionFailure: K9 paired threshold is outside its unique admissible Green interval.,False,,,
E5,5,1,1,1,0.001,0.1,moderate_redundancy,37,0.15,True,fit_complete,True,0.625,1,0.7692307692
E5,5,1,1,1,0.001,0.1,moderate_redundancy,37,0.2,True,fit_complete,True,0.625,1,0.7692307692
E5,5,1,1,1,0.001,0.1,moderate_redundancy,37,0.25,True,fit_complete,True,0.7142857143,1,0.8333333333
E5,5,1,1,1,0.001,0.1,moderate_redundancy,37,0.3,True,fit_complete,True,0.7142857143,1,0.8333333333
E5,5,1,1,1,0.001,0.1,moderate_redundancy,37,0.35,True,fit_complete,True,0.8333333333,1,0.9090909091
E5,5,1,1,1,0.001,0.1,high_redundancy,77,0.15,True,fit_complete,True,1,1,1
E5,5,1,1,1,0.001,0.1,high_redundancy,77,0.2,True,fit_complete,True,1,1,1
E5,5,1,1,1,0.001,0.1,high_redundancy,77,0.25,True,fit_complete,True,1,1,1
E5,5,1,1,1,0.001,0.1,high_redundancy,77,0.3,True,fit_complete,True,1,1,1
E5,5,1,1,1,0.001,0.1,high_redundancy,77,0.35,True,fit_complete,True,1,1,1
E5,5,1,1,2,0.001,0.1,minimal_exact_budget,10,0.15,False,PrecisionFailure: K9 paired threshold is outside its unique admissible Green interval.,False,,,
E5,5,1,1,2,0.001,0.1,minimal_exact_budget,10,0.2,False,PrecisionFailure: K9 paired threshold is outside its unique admissible Green interval.,False,,,
E5,5,1,1,2,0.001,0.1,minimal_exact_budget,10,0.25,False,PrecisionFailure: K9 paired threshold is outside its unique admissible Green interval.,False,,,
E5,5,1,1,2,0.001,0.1,minimal_exact_budget,10,0.3,False,PrecisionFailure: K9 paired threshold is outside its unique admissible Green interval.,False,,,
E5,5,1,1,2,0.001,0.1,minimal_exact_budget,10,0.35,False,PrecisionFailure: K9 paired threshold is outside its unique admissible Green interval.,False,,,
E5,5,1,1,2,0.001,0.1,moderate_redundancy,37,0.15,True,fit_complete,True,0.8333333333,1,0.9090909091
E5,5,1,1,2,0.001,0.1,moderate_redundancy,37,0.2,True,fit_complete,True,0.8333333333,1,0.9090909091
E5,5,1,1,2,0.001,0.1,moderate_redundancy,37,0.25,True,fit_complete,True,0.8333333333,1,0.9090909091
E5,5,1,1,2,0.001,0.1,moderate_redundancy,37,0.3,True,fit_complete,True,0.8333333333,1,0.9090909091
E5,5,1,1,2,0.001,0.1,moderate_redundancy,37,0.35,True,fit_complete,True,0.8333333333,1,0.9090909091
E5,5,1,1,2,0.001,0.1,high_redundancy,77,0.15,True,fit_complete,True,1,1,1
E5,5,1,1,2,0.001,0.1,high_redundancy,77,0.2,True,fit_complete,True,1,1,1
E5,5,1,1,2,0.001,0.1,high_redundancy,77,0.25,True,fit_complete,True,1,1,1
E5,5,1,1,2,0.001,0.1,high_redundancy,77,0.3,True,fit_complete,True,1,1,1
E5,5,1,1,2,0.001,0.1,high_redundancy,77,0.35,True,fit_complete,True,1,1,1
E5,5,1,1,3,0.001,0.1,minimal_exact_budget,10,0.15,False,PrecisionFailure: K9 paired threshold is outside its unique admissible Green interval.,False,,,
E5,5,1,1,3,0.001,0.1,minimal_exact_budget,10,0.2,False,PrecisionFailure: K9 paired threshold is outside its unique admissible Green interval.,False,,,
E5,5,1,1,3,0.001,0.1,minimal_exact_budget,10,0.25,False,PrecisionFailure: K9 paired threshold is outside its unique admissible Green interval.,False,,,
E5,5,1,1,3,0.001,0.1,minimal_exact_budget,10,0.3,False,PrecisionFailure: K9 paired threshold is outside its unique admissible Green interval.,False,,,
E5,5,1,1,3,0.001,0.1,minimal_exact_budget,10,0.35,False,PrecisionFailure: K9 paired threshold is outside its unique admissible Green interval.,False,,,
E5,5,1,1,3,0.001,0.1,moderate_redundancy,37,0.15,True,fit_complete,True,0.7142857143,1,0.8333333333
E5,5,1,1,3,0.001,0.1,moderate_redundancy,37,0.2,True,fit_complete,True,0.7142857143,1,0.8333333333
E5,5,1,1,3,0.001,0.1,moderate_redundancy,37,0.25,True,fit_complete,True,0.7142857143,1,0.8333333333
E5,5,1,1,3,0.001,0.1,moderate_redundancy,37,0.3,True,fit_complete,True,0.7142857143,1,0.8333333333
E5,5,1,1,3,0.001,0.1,moderate_redundancy,37,0.35,True,fit_complete,True,0.8333333333,1,0.9090909091
E5,5,1,1,3,0.001,0.1,high_redundancy,77,0.15,True,fit_complete,True,1,1,1
E5,5,1,1,3,0.001,0.1,high_redundancy,77,0.2,True,fit_complete,True,1,1,1
E5,5,1,1,3,0.001,0.1,high_redundancy,77,0.25,True,fit_complete,True,1,1,1
E5,5,1,1,3,0.001,0.1,high_redundancy,77,0.3,True,fit_complete,True,1,1,1
E5,5,1,1,3,0.001,0.1,high_redundancy,77,0.35,True,fit_complete,True,1,1,1
E5,5,1,1,0,0.003,0.3,minimal_exact_budget,10,0.15,False,PrecisionFailure: K9 paired threshold is outside its unique admissible Green interval.,False,,,
E5,5,1,1,0,0.003,0.3,minimal_exact_budget,10,0.2,False,PrecisionFailure: K9 paired threshold is outside its unique admissible Green interval.,False,,,
E5,5,1,1,0,0.003,0.3,minimal_exact_budget,10,0.25,False,PrecisionFailure: K9 paired threshold is outside its unique admissible Green interval.,False,,,
E5,5,1,1,0,0.003,0.3,minimal_exact_budget,10,0.3,False,PrecisionFailure: K9 paired threshold is outside its unique admissible Green interval.,False,,,
E5,5,1,1,0,0.003,0.3,minimal_exact_budget,10,0.35,False,PrecisionFailure: K9 paired threshold is outside its unique admissible Green interval.,False,,,
E5,5,1,1,0,0.003,0.3,moderate_redundancy,37,0.15,True,fit_complete,True,0.5714285714,0.8,0.6666666667
E5,5,1,1,0,0.003,0.3,moderate_redundancy,37,0.2,True,fit_complete,True,0.5714285714,0.8,0.6666666667
E5,5,1,1,0,0.003,0.3,moderate_redundancy,37,0.25,True,fit_complete,True,0.5714285714,0.8,0.6666666667
E5,5,1,1,0,0.003,0.3,moderate_redundancy,37,0.3,True,fit_complete,True,0.6666666667,0.8,0.7272727273
E5,5,1,1,0,0.003,0.3,moderate_redundancy,37,0.35,True,fit_complete,True,0.6666666667,0.8,0.7272727273
E5,5,1,1,0,0.003,0.3,high_redundancy,77,0.15,True,fit_complete,True,1,1,1
E5,5,1,1,0,0.003,0.3,high_redundancy,77,0.2,True,fit_complete,True,1,1,1
E5,5,1,1,0,0.003,0.3,high_redundancy,77,0.25,True,fit_complete,True,1,1,1
E5,5,1,1,0,0.003,0.3,high_redundancy,77,0.3,True,fit_complete,True,1,1,1
E5,5,1,1,0,0.003,0.3,high_redundancy,77,0.35,True,fit_complete,True,1,1,1
E5,5,1,1,1,0.003,0.3,minimal_exact_budget,10,0.15,False,PrecisionFailure: K9 paired threshold is outside its unique admissible Green interval.,False,,,
E5,5,1,1,1,0.003,0.3,minimal_exact_budget,10,0.2,False,PrecisionFailure: K9 paired threshold is outside its unique admissible Green interval.,False,,,
E5,5,1,1,1,0.003,0.3,minimal_exact_budget,10,0.25,False,PrecisionFailure: K9 paired threshold is outside its unique admissible Green interval.,False,,,
E5,5,1,1,1,0.003,0.3,minimal_exact_budget,10,0.3,False,PrecisionFailure: K9 paired threshold is outside its unique admissible Green interval.,False,,,
E5,5,1,1,1,0.003,0.3,minimal_exact_budget,10,0.35,False,PrecisionFailure: K9 paired threshold is outside its unique admissible Green interval.,False,,,
E5,5,1,1,1,0.003,0.3,moderate_redundancy,37,0.15,True,fit_complete,True,0.7142857143,1,0.8333333333
E5,5,1,1,1,0.003,0.3,moderate_redundancy,37,0.2,True,fit_complete,True,0.7142857143,1,0.8333333333
E5,5,1,1,1,0.003,0.3,moderate_redundancy,37,0.25,True,fit_complete,True,0.7142857143,1,0.8333333333
E5,5,1,1,1,0.003,0.3,moderate_redundancy,37,0.3,True,fit_complete,True,0.7142857143,1,0.8333333333
E5,5,1,1,1,0.003,0.3,moderate_redundancy,37,0.35,True,fit_complete,True,0.7142857143,1,0.8333333333
E5,5,1,1,1,0.003,0.3,high_redundancy,77,0.15,True,fit_complete,True,1,1,1
E5,5,1,1,1,0.003,0.3,high_redundancy,77,0.2,True,fit_complete,True,1,1,1
E5,5,1,1,1,0.003,0.3,high_redundancy,77,0.25,True,fit_complete,True,1,1,1
E5,5,1,1,1,0.003,0.3,high_redundancy,77,0.3,True,fit_complete,True,1,1,1
E5,5,1,1,1,0.003,0.3,high_redundancy,77,0.35,True,fit_complete,True,1,1,1
E5,5,1,1,2,0.003,0.3,minimal_exact_budget,10,0.15,False,PrecisionFailure: K9 paired threshold is outside its unique admissible Green interval.,False,,,
E5,5,1,1,2,0.003,0.3,minimal_exact_budget,10,0.2,False,PrecisionFailure: K9 paired threshold is outside its unique admissible Green interval.,False,,,
E5,5,1,1,2,0.003,0.3,minimal_exact_budget,10,0.25,False,PrecisionFailure: K9 paired threshold is outside its unique admissible Green interval.,False,,,
E5,5,1,1,2,0.003,0.3,minimal_exact_budget,10,0.3,False,PrecisionFailure: K9 paired threshold is outside its unique admissible Green interval.,False,,,
E5,5,1,1,2,0.003,0.3,minimal_exact_budget,10,0.35,False,PrecisionFailure: K9 paired threshold is outside its unique admissible Green interval.,False,,,
E5,5,1,1,2,0.003,0.3,moderate_redundancy,37,0.15,True,fit_complete,True,0.625,1,0.7692307692
E5,5,1,1,2,0.003,0.3,moderate_redundancy,37,0.2,True,fit_complete,True,0.625,1,0.7692307692
E5,5,1,1,2,0.003,0.3,moderate_redundancy,37,0.25,True,fit_complete,True,0.7142857143,1,0.8333333333
E5,5,1,1,2,0.003,0.3,moderate_redundancy,37,0.3,True,fit_complete,True,0.7142857143,1,0.8333333333
E5,5,1,1,2,0.003,0.3,moderate_redundancy,37,0.35,True,fit_complete,True,0.7142857143,1,0.8333333333
E5,5,1,1,2,0.003,0.3,high_redundancy,77,0.15,True,fit_complete,True,1,1,1
E5,5,1,1,2,0.003,0.3,high_redundancy,77,0.2,True,fit_complete,True,1,1,1
E5,5,1,1,2,0.003,0.3,high_redundancy,77,0.25,True,fit_complete,True,1,1,1
E5,5,1,1,2,0.003,0.3,high_redundancy,77,0.3,True,fit_complete,True,1,1,1
E5,5,1,1,2,0.003,0.3,high_redundancy,77,0.35,True,fit_complete,True,1,1,1
E5,5,1,1,3,0.003,0.3,minimal_exact_budget,10,0.15,False,PrecisionFailure: K9 paired threshold is outside its unique admissible Green interval.,False,,,
E5,5,1,1,3,0.003,0.3,minimal_exact_budget,10,0.2,False,PrecisionFailure: K9 paired threshold is outside its unique admissible Green interval.,False,,,
E5,5,1,1,3,0.003,0.3,minimal_exact_budget,10,0.25,False,PrecisionFailure: K9 paired threshold is outside its unique admissible Green interval.,False,,,
E5,5,1,1,3,0.003,0.3,minimal_exact_budget,10,0.3,False,PrecisionFailure: K9 paired threshold is outside its unique admissible Green interval.,False,,,
E5,5,1,1,3,0.003,0.3,minimal_exact_budget,10,0.35,False,PrecisionFailure: K9 paired threshold is outside its unique admissible Green interval.,False,,,
E5,5,1,1,3,0.003,0.3,moderate_redundancy,37,0.15,True,fit_complete,True,0.5555555556,1,0.7142857143
E5,5,1,1,3,0.003,0.3,moderate_redundancy,37,0.2,True,fit_complete,True,0.5555555556,1,0.7142857143
E5,5,1,1,3,0.003,0.3,moderate_redundancy,37,0.25,True,fit_complete,True,0.5555555556,1,0.7142857143
E5,5,1,1,3,0.003,0.3,moderate_redundancy,37,0.3,True,fit_complete,True,0.5555555556,1,0.7142857143
E5,5,1,1,3,0.003,0.3,moderate_redundancy,37,0.35,True,fit_complete,True,0.5555555556,1,0.7142857143
E5,5,1,1,3,0.003,0.3,high_redundancy,77,0.15,True,fit_complete,True,0.7142857143,1,0.8333333333
E5,5,1,1,3,0.003,0.3,high_redundancy,77,0.2,True,fit_complete,True,1,1,1
E5,5,1,1,3,0.003,0.3,high_redundancy,77,0.25,True,fit_complete,True,1,1,1
E5,5,1,1,3,0.003,0.3,high_redundancy,77,0.3,True,fit_complete,True,1,1,1
E5,5,1,1,3,0.003,0.3,high_redundancy,77,0.35,True,fit_complete,True,1,1,1
