movie,node,x_px,y_px,tracked_frames,degree
E3,0,359.7213627869294,-324.3631550321055,111,3
E3,1,330.88829825877735,-326.51813424345164,87,4
E3,2,364.62601665640915,-328.2010016455432,150,3
E3,3,338.75274333016114,-333.1522812378641,84,4
E3,4,369.89289602877835,-331.79845132294935,149,3
E3,5,349.5979325757624,-334.3101075482429,76,1
E3,6,343.370833384525,-337.69031015971206,118,4
E3,7,375.5725769673384,-335.4459938008185,109,3
E3,8,344.11279642602256,-338.0349533968797,59,3
E3,9,354.64923955353294,-338.3322899297152,41,1
E3,10,378.264247015501,-337.68487898110345,73,4
E3,11,383.52643714859676,-341.3116465243704,33,1
E3,14,287.66956202216903,-300.20091277201516,86,1
E3,16,292.48215859001476,-302.42280354237414,60,1
E3,17,306.5751440933397,-303.8625766943674,71,3
E3,18,302.86880324466904,-309.06269994224243,126,3
E3,19,340.7350020767994,-310.0757934168554,67,1
E3,20,315.36592873487416,-311.09006525348735,99,4
E3,21,306.42365897560046,-312.54608194280655,122,3
E3,22,319.82025580511277,-315.3633460132258,143,5
E3,23,314.01273821955925,-316.955554865777,148,3
E3,24,342.77365680723534,-317.2155188547509,72,3
E3,25,352.6828452265281,-318.91486861777804,101,3
E3,26,322.4277377204088,-320.15553041081597,75,3
E3,27,356.3069196867613,-321.82735236782736,83,4
E3,28,321.84089565699014,-320.72415423315846,75,2
E3,29,327.5756544469256,-324.4176944392388,77,5
E3,30,225.42188494585906,-249.50244708589614,150,2
E3,31,258.9830106181466,-250.56906450608724,150,2
E3,32,272.3533257065586,-251.31801659265068,150,3
E3,33,231.33239569965542,-253.20351404964958,150,2
E3,34,246.5975342007722,-252.97957862534133,148,2
E3,35,265.2497867411338,-254.21095200814761,150,2
E3,36,277.53590595467375,-256.2932815964971,120,5
E3,37,236.79441643565312,-257.34836601671924,150,2
E3,38,252.77986506955043,-256.77956238924673,150,2
E3,39,272.7135591638206,-257.6215146842597,127,1
E3,40,282.50679747509605,-263.3152399261374,60,1
E3,41,241.78159751520482,-262.02619400636564,150,2
E3,42,257.26873201032953,-261.6502465034654,150,2
E3,43,262.23280746436853,-266.1233388199549,150,2
E3,45,247.00049163983593,-266.5754665980687,150,2
E3,46,160.64767486367955,-168.98071171358725,60,2
E3,48,168.30338287631335,-175.91528667640245,83,2
E3,49,127.21255572028652,-175.51198001224665,55,2
E3,50,182.62577984621922,-210.11680951261198,150,3
E3,52,210.13198667338116,-213.12770435305998,117,4
E3,53,177.97884065184542,-215.55781785825516,150,4
E3,54,227.55481326534593,-219.34180793766635,91,3
E3,55,184.24401610923894,-218.20714446952044,146,3
E3,56,215.13159304822778,-216.84260252366695,149,2
E3,57,189.47818711601715,-221.60097632921241,123,2
E3,58,219.93622039250351,-221.32899207469882,150,2
E3,59,234.20337680682655,-222.18549671816285,124,4
E3,60,194.0045852394579,-225.8057584466715,150,3
E3,61,225.31877007298732,-225.21197553526386,147,2
E3,62,131.7657890286942,-176.8244337724585,77,3
E3,63,140.0028130184637,-174.60953788557416,54,1
E3,64,167.64933601313635,-199.25977419088483,136,3
E3,65,190.28891129926154,-199.12887763157192,146,3
E3,66,203.4741206064864,-201.33530864715306,87,2
E3,67,159.34826054912963,-201.03432035134787,77,4
E3,68,171.5007666798684,-202.4366121803468,149,3
E3,69,194.814333999021,-202.61557745341645,145,3
E3,70,202.1291719880151,-200.77284992321245,72,2
E3,71,200.63693086524287,-204.72527696933437,78,2
E3,72,166.50145795721758,-206.79483671811124,150,5
E3,73,177.18360891862295,-206.70618916147347,150,3
E3,74,184.61917131239767,-206.7135952465304,32,1
E3,75,215.27534903569764,-209.14661178449887,102,2
E3,76,206.9928423582522,-210.66201030719637,76,3
E3,77,171.81623941065828,-210.7151377899928,150,3
E3,79,158.55622279017265,-165.33707870128114,109,5
E3,81,240.24933202428187,-228.00052202557274,77,3
E3,82,199.86047315583158,-228.8002347761073,150,2
E3,83,236.66096802982625,-225.3343470042026,41,1
E3,84,230.39871503789743,-230.22793837342547,150,2
E3,85,242.98610777916846,-228.57055118693202,77,2
E3,86,204.7246149580482,-232.81678334752874,150,2
E3,87,235.4470664813217,-235.10007797160264,150,2
E3,88,250.50585297765377,-236.10221621471965,71,2
E3,89,210.0240143445412,-236.65025852909244,150,2
E3,90,198.95664577496268,-238.00235947146237,98,2
E3,91,240.54188731421732,-239.60510089542979,136,3
E3,92,215.3489450786734,-240.54606683144422,150,2
E3,93,255.89104672551917,-239.65033968543182,150,3
E3,94,261.4782277627985,-243.51856361376693,150,2
E3,95,220.42809143621247,-245.09927254543936,150,2
E3,96,267.21200493044137,-247.33759816367595,150,3
E3,97,252.59707396396004,-247.36861831142872,150,3
E3,98,241.91843239681603,-248.0784730703103,148,3
E3,99,252.07269915154916,-271.1413651972094,150,2
E3,100,266.9703456745723,-270.37504658640313,150,2
E3,101,292.66099170911616,-270.3384233709517,59,2
E3,102,258.0509869136,-275.0430625977902,150,2
E3,103,272.102203130958,-275.1132391653116,150,2
E3,104,297.4564166316131,-274.5219733678645,150,4
E3,105,263.08539920535407,-279.0161892690925,150,2
E3,106,302.3603282711045,-278.78626084640916,150,2
E3,107,277.5053057982946,-279.7704932396051,125,2
E3,108,268.38472143807047,-282.67650385468517,150,5
E3,109,307.30392841074325,-283.0926710548766,150,2
E3,110,201.84737321605445,-240.14468875478235,99,2
E3,111,229.8837196337483,-241.16743454533946,66,1
E3,112,247.52395069107394,-243.50121217553993,76,2
E3,113,275.03243847035714,-284.38750139964304,87,4
E3,114,280.8593068521601,-286.24660758968207,53,2
E3,115,312.3373218993244,-287.25048260254994,150,2
E3,116,280.8144834306354,-287.2923345021181,81,4
E3,117,274.05173982409696,-285.9973222494781,52,1
E3,118,285.14894177699665,-292.1141489731499,65,3
E3,119,316.89253239674997,-291.4856033414456,150,2
E3,120,274.7978546516929,-289.01633820319745,46,1
E3,121,287.54793709701573,-293.19739125718087,69,2
E3,122,321.6579608480518,-295.16701309076615,150,3
E3,123,297.87785940426636,-296.74795536047355,98,5
E3,124,301.43339278974844,-300.76917638668596,74,4
E3,125,337.9619687658957,-322.24985808145436,122,1
E3,126,173.1367815406442,-179.361479200548,71,1
E3,127,135.896469132556,-181.94526068360264,114,5
E3,128,146.89950667147681,-181.88722442685466,69,1
E3,129,140.403561074788,-185.47268783700176,96,3
E3,130,149.51730920202039,-183.99234340045945,52,1
E3,131,185.63306938380197,-188.4290368984088,36,1
E3,132,173.22855268964338,-189.58337979798708,75,3
E3,133,145.93134715835325,-190.6969905719588,146,4
E3,134,157.55372303294294,-191.46449536047706,150,2
E3,135,179.2931888247247,-191.21085853315915,144,5
E3,136,192.8458284016536,-193.92551142193386,132,3
E3,137,151.39043525961964,-195.90088032999574,150,3
E3,138,162.44756307112547,-195.28083097783372,148,2
E3,139,184.87204938702914,-195.81249211188222,149,2
E3,140,198.02793123738743,-197.71288816239544,99,2
E3,141,157.33111801621206,-199.7402050311792,85,3
E3,142,282.08663077629717,-296.2197505722285,83,2
E3,146,326.6323945679169,-307.3827192255875,45,1
E3,148,355.441251772972,-343.34507666342193,29,1
E3,149,349.70468402481754,-341.5734865068112,129,4
E3,150,338.6050286095957,-333.60580245083963,81,4
E3,152,235.8274720774427,-244.9621105722192,43,2
E3,154,225.4982157500318,-216.39700310054218,81,2
E3,155,170.66125922359186,-186.37792640582515,29,1
E3,156,172.97762611148235,-187.85032785473905,85,2
E3,159,123.08140523105527,-172.75323325481094,51,1
E3,165,146.7115563063355,-185.10897410793692,54,2
E3,167,312.6902512475717,-309.1476241490403,74,4
E3,168,311.0828528805412,-306.78177586636076,74,5
E3,169,162.27709081396046,-172.53169948801832,129,5
E3,170,135.63246115864885,-170.86638819154263,74,1
E3,173,291.2882472481532,-271.5348242586305,68,3
E3,176,287.16507097805277,-265.6192463356696,55,3
E3,177,283.2664057149578,-288.4287185381387,48,2
E3,180,323.49886268318215,-302.49623607550456,34,2
E3,181,325.05723425492556,-320.19042327604416,64,2
E3,182,291.46149678019333,-293.6752933037311,115,4
E3,183,152.23881563122453,-169.57796698214057,73,1
E3,184,161.2799767211345,-202.0808356730973,48,2
E3,185,184.70630392299006,-187.78904160778043,42,1
E3,188,328.62646921879525,-300.6406201429756,138,3
E3,191,347.60818001918346,-333.39239172915313,67,1
E3,193,165.81404928217725,-171.91013609018344,42,1
E3,198,222.09921516448128,-214.02794077326374,88,2
E3,200,306.45409994867725,-303.7212672850706,56,3
E3,201,331.57324932217625,-326.59873569637415,88,3
E3,202,156.33202646034357,-163.07508327697852,58,1
E3,204,294.6192504540024,-303.80273505923094,89,2
E3,205,282.0288686210201,-260.58665467653924,69,2
E3,206,361.16979864926884,-347.3300296866441,42,1
E3,208,148.12655188829424,-165.79530719673178,56,1
E3,210,134.96580072340453,-180.08909541966054,37,1
E3,211,208.8094502143363,-204.90755305156347,76,1
E3,212,162.69983619573742,-203.4177870875279,38,2
E3,216,152.59519860781248,-186.7511923881208,84,2
E3,218,248.22914043717395,-233.9218357842205,100,5
E3,219,245.845950073008,-242.4735519478458,85,2
E3,225,381.3352799928545,-340.34240987618523,51,2
E3,227,286.7201859676803,-289.60042439908295,40,2
E3,228,343.1459758916752,-311.8859421413935,81,1
E3,232,284.8085586450206,-264.2165431530377,96,3
E3,233,367.983818009762,-346.23729420697646,53,1
E3,234,335.24137832913686,-330.8726570637844,99,3
E3,239,271.7995751088315,-288.7465154891309,82,1
E3,240,132.20381115830335,-178.33234456480636,58,2
E3,241,154.4659072643365,-161.20569020342296,63,2
E3,246,299.21789081455375,-297.6502936871231,73,3
E3,247,291.55543278992695,-272.08853841049194,48,1
E3,256,278.0044850948076,-261.00404034627917,40,1
E3,257,139.11318765138557,-184.6795743021673,45,1
E3,261,350.9304324804144,-317.54164279656834,66,2
E3,263,167.63319339368164,-174.5074069652808,35,1
E3,266,245.17421403374664,-231.45855395419312,33,1
E3,269,245.92991609109913,-232.24125306843538,35,1
E3,273,196.95519054381478,-236.53772499827608,89,2
E3,275,205.60053434042806,-209.68784452964988,85,3
E3,276,276.9001939654244,-292.4561683321112,35,1
E3,279,199.95207319887717,-206.19244781338892,73,2
E3,285,235.3403166963673,-245.2251655097026,25,1
E3,288,278.96659353151705,-262.33931427233745,21,1
E3,289,238.5287974131797,-227.92518355463957,43,1
E3,300,228.10062372091295,-220.6563708814656,30,1
E3,305,188.9537334876899,-221.23184325694888,28,2
E4,0,104.21836159861154,-11.3838748902302,95,2
E4,1,412.769141238975,-10.49920773100598,135,3
E4,2,100.35133860757068,-8.71327929564579,122,2
E4,3,159.97866580717167,-8.492011128471715,150,3
E4,5,225.34385768652945,-104.75740347481708,60,2
E4,8,320.79477999040074,-96.84287281399845,123,4
E4,9,319.7618317898647,-100.08620913473601,130,4
E4,10,235.34925572477644,-101.76977221241802,150,3
E4,11,213.23917914470317,-98.94602744318881,121,6
E4,12,206.07349563859816,-101.62676283330306,37,2
E4,13,330.44348479533744,-99.11829778634707,150,5
E4,14,320.60157146115534,-95.47343133879123,47,2
E4,16,203.95524953782575,-108.15038066697534,150,6
E4,17,310.61603702430995,-104.69845925342894,150,3
E4,18,235.33663661282102,-94.48823987650582,150,5
E4,19,317.9993609625518,-92.53965984399795,94,3
E4,20,201.63388100462154,-85.19455505972512,150,5
E4,21,423.0365715430939,-84.70586808168834,149,2
E4,22,326.5433763150282,-80.77262891821579,68,3
E4,23,213.08285276777363,-73.06484020639755,150,2
E4,24,231.3508199738205,-73.40850274083942,45,2
E4,25,188.95430051689394,-68.64323989969293,36,1
E4,26,135.48275659634731,-68.36054512974178,80,1
E4,27,396.4004755935568,-67.16692127646245,118,2
E4,28,184.38751502576528,-66.80443375087155,149,5
E4,29,165.37533814188882,-3.7297968314773358,132,2
E4,30,399.2944844787455,-0.6323752614678294,79,1
E4,31,166.0881595555423,-11.399277775452616,30,1
E4,32,192.81267076930177,-134.4516890739221,150,2
E4,33,95.85413838859496,-131.48614568894843,83,2
E4,36,236.2059726980123,-129.9857436882636,150,3
E4,37,309.04882239952303,-129.17242188877492,150,2
E4,38,267.04971775157884,-126.37873912338075,75,1
E4,39,209.75068336872803,-127.1899039901509,150,7
E4,40,196.43323869881004,-128.27221686368412,150,3
E4,42,227.82590586751942,-125.47166929288333,150,2
E4,45,236.10891481786152,-122.71237691230029,150,2
E4,48,247.98528548026647,-139.23889287461228,50,3
E4,49,225.0263472797442,-139.72569543929004,150,3
E4,50,189.46027605264737,-140.84398071606066,150,2
E4,53,361.77149309214377,-141.3005356527698,141,2
E4,55,82.22226560962768,-138.06958771514982,51,1
E4,56,297.18065032582,-137.61002239302434,114,2
E4,57,236.14701917380108,-137.41343846959526,121,2
E4,58,310.9116512263109,-136.90885223090837,150,3
E4,59,256.35832768810786,-135.9703981994846,150,4
E4,60,251.69743849826352,-132.95656559614372,97,2
E4,61,216.2677443829668,-131.65536862571273,67,1
E4,62,209.40735380616334,-133.8377947332513,108,3
E4,63,227.04033465606054,-132.5786225742737,150,2
E4,64,290.85922488095815,-148.25345822361396,101,1
E4,66,203.6101663321794,-148.00965444558545,26,2
E4,67,302.7210267993421,-147.15212863231702,150,3
E4,68,210.86407203133447,-147.54425235155975,150,2
E4,69,358.58327868852973,-148.1049509438606,150,2
E4,70,82.5194938230952,-146.90280599655392,135,4
E4,71,242.5831131334591,-144.94772223039695,150,3
E4,72,234.88033932932484,-144.72276380252654,150,3
E4,73,219.90244534561856,-145.82316873515697,150,2
E4,74,186.77920807950076,-147.39082906348952,150,3
E4,75,251.9355947318797,-141.1171059610026,32,1
E4,77,213.56463694651706,-140.4170810293334,139,3
E4,78,208.04244124952254,-134.87799774468812,31,2
E4,79,304.2920822805747,-140.3545083423779,150,3
E4,80,201.2532324049018,-155.29797361917542,27,2
E4,81,439.35159039402896,-160.65343334720913,83,2
E4,82,209.70017307013407,-154.7864255125031,145,3
E4,85,363.06558166277324,-154.726930291795,146,2
E4,86,299.88318381393685,-154.0339794088311,119,2
E4,87,234.5220264612604,-152.10839645088532,150,3
E4,89,241.93862180813662,-152.390155457103,150,2
E4,90,215.61963361639044,-151.38376522835458,145,3
E4,91,369.8236633859711,-152.83810972599974,150,3
E4,92,185.06610024843314,-154.341533506518,96,2
E4,93,376.5687070606039,-150.64114869151362,104,2
E4,94,227.52090598700306,-146.9031119278462,149,3
E4,95,397.13285318819425,-149.00598374782052,150,1
E4,96,205.15467336563438,-168.94573288990972,150,2
E4,97,179.7735180770301,-167.70324716271315,59,2
E4,98,73.22903677394189,-167.84734133089424,150,3
E4,99,81.69814169930991,-163.0894918819475,24,1
E4,100,175.44447462852872,-165.8130170979422,50,1
E4,103,198.4414809960545,-162.5526539874023,130,3
E4,104,207.72469224319374,-162.50260090018816,150,3
E4,105,79.5530686157447,-162.24659060109303,126,3
E4,106,301.0707064694917,-160.7490847428473,150,3
E4,107,233.97279498316323,-159.2548299051949,115,4
E4,108,182.4152081751742,-161.05890168166877,94,4
E4,109,240.81932403215475,-159.6147071391013,150,2
E4,111,74.41280161812105,-160.14011101127443,147,3
E4,112,202.83165908598266,-176.6642823176163,150,2
E4,113,194.32525110398032,-176.91925606362528,108,2
E4,114,239.03226584520513,-174.2048110990282,145,3
E4,115,233.60474596201257,-173.79031289226808,102,2
E4,116,178.807375339493,-174.92945082141816,127,4
E4,117,71.67893211507445,-174.94613971491728,108,3
E4,118,453.1760656936763,-171.93484338976057,43,1
E4,119,298.30142100466287,-173.5492047862045,138,2
E4,120,172.47521147203778,-172.02153161851163,149,3
E4,122,196.49048511234037,-169.76515647252157,150,3
E4,123,82.34739439656066,-169.71083463086103,51,1
E4,126,300.1508789193602,-167.42332371851865,150,2
E4,127,235.44268820328816,-166.74454438367013,83,3
E4,128,295.72151274584434,-187.17972721404985,133,2
E4,129,439.6138351701081,-185.34050279921047,79,4
E4,130,208.86219019318932,-184.07725741525272,150,2
E4,131,166.43505644114776,-184.83498058536702,150,2
E4,133,200.58164161131893,-183.49150504083255,138,3
E4,134,180.71722973174198,-183.31749764216488,117,2
E4,135,68.9371798035291,-181.6449311000904,150,4
E4,136,297.3046638825803,-180.57995419976697,147,3
E4,137,237.49764483729876,-181.6449379703864,150,3
E4,138,191.78759563532907,-182.79261903539123,150,2
E4,139,176.25474367623997,-181.42626969826242,150,3
E4,140,73.91504006561507,-181.88997560651853,143,2
E4,142,441.85509300252687,-178.95771701533013,149,2
E4,143,169.5154486641187,-178.40794012666112,150,2
E4,144,72.59317995777877,-196.55504176309066,150,2
E4,146,294.96232867619494,-194.41181224690206,150,2
E4,150,208.64077744991823,-191.3201065104653,144,3
E4,151,190.13551604648347,-191.31232796480592,150,2
E4,152,418.89699172185317,-189.31035170030881,66,1
E4,153,215.50129381174344,-190.76355263345548,144,1
E4,154,196.6340694812404,-190.28792165087867,150,4
E4,155,163.05702697745775,-191.04915393870644,150,2
E4,156,237.3481939794227,-188.93844169214498,150,4
E4,157,67.19177992153168,-188.46029877999013,150,2
E4,158,173.92071292563242,-187.92527698178316,144,2
E4,159,73.75679220862047,-188.57926708202098,150,2
E4,160,62.66525614819746,-200.61187925983623,55,2
E4,166,292.14118829609424,-200.91792526822022,150,2
E4,167,208.24241389877147,-198.80534429496373,127,2
E4,168,188.08905512764966,-198.33851541861986,150,3
E4,171,194.9520414698796,-197.1345263007435,149,2
E4,172,159.58368212662052,-197.2505850445603,150,2
E4,174,64.46129399808633,-195.41998991108386,142,5
E4,175,238.12035675156324,-203.63944492084022,115,4
E4,176,237.2346235458017,-210.88884891522184,150,3
E4,177,59.404706566825766,-211.09056077153278,85,3
E4,179,288.3077746366127,-207.5979989055295,150,2
E4,180,87.96009942731145,-207.25401778908056,98,1
E4,182,208.52254434693083,-206.0813891489447,149,2
E4,183,258.02396472619824,-207.69530240320054,138,2
E4,184,196.2295149381102,-204.51178377709041,150,2
E4,185,301.53497788204976,-204.1109137978736,135,1
E4,186,187.76398189146937,-204.85785592721098,31,2
E4,187,155.9031284218364,-203.36551829546895,150,2
E4,190,117.2979789653207,-203.10768852356745,150,2
E4,191,237.55318889566973,-198.9214401141324,89,4
E4,192,149.7456054611805,-216.22641125783056,150,2
E4,193,73.74077679523272,-217.2915939872701,150,2
E4,194,236.3152325470585,-217.69429619809472,150,3
E4,195,275.8569715630976,-214.75010424752946,114,5
E4,196,257.148905829468,-213.96092865615392,106,1
E4,197,207.87355858173322,-213.1823826073508,148,2
E4,198,197.164690802599,-212.25728193101074,150,2
E4,199,185.30726902198685,-212.5909773847524,150,4
E4,200,161.3018325978061,-213.16874141024496,141,2
E4,202,178.59470835559713,-211.44701620528815,39,1
E4,203,101.17364255222057,-211.53602837996627,82,3
E4,205,283.89051865377394,-213.0725386072771,150,3
E4,206,152.37887189975257,-209.5546468705408,150,2
E4,207,279.55441189212377,-209.04170507592258,84,1
E4,208,57.865055475319046,-225.85988185706776,150,4
E4,209,174.51171370798738,-223.7296959000228,122,1
E4,210,104.2364912352505,-222.4340692796694,132,3
E4,211,507.98954406145026,-225.15733234152555,57,1
E4,212,238.85112532419785,-225.2015121985666,144,3
E4,213,147.39709322460288,-222.87075943996277,150,3
E4,214,52.56705598549497,-222.69719164276637,98,2
E4,215,65.18523856004181,-222.67605124002841,104,1
E4,216,229.1593537808962,-222.55392263399156,150,3
E4,217,273.15681439422656,-220.27634064648677,52,2
E4,218,198.33400074408019,-219.79359800629254,150,3
E4,219,158.25693024102708,-219.5756832296499,150,2
E4,220,181.38224205661024,-219.1622108378311,115,3
E4,221,280.40812960464683,-219.429327043278,147,3
E4,222,57.64016589442205,-218.06798419294984,150,4
E4,224,57.80627957650704,-232.5153428777086,80,2
E4,225,507.80725298668943,-232.17031836093355,45,1
E4,226,74.27530619930785,-230.84862982160524,150,3
E4,227,240.17378489078888,-232.2502998688459,108,2
E4,228,170.03263602822193,-229.65479154041915,150,2
E4,229,143.52292393226122,-228.73968817998588,66,2
E4,230,80.28237991508594,-228.0100743090769,47,1
E4,231,46.23083419036765,-233.0225153267675,113,1
E4,234,205.69919027144743,-227.671705278548,150,3
E4,235,105.28043198935323,-227.51662386410771,128,1
E4,236,62.26041791204614,-229.4432653402623,128,3
E4,237,179.90474895318116,-226.17834459431674,118,4
E4,238,268.8667111696628,-226.9029502360761,150,4
E4,239,155.1473934612117,-226.0446413274329,150,2
E4,240,86.5294115984852,-238.42948344804356,150,5
E4,241,493.07946612502536,-241.14184407553586,70,1
E4,242,417.5449703685405,-234.79285334945493,70,1
E4,243,165.8257278248697,-235.41907972236507,142,3
E4,244,141.5992811310047,-235.57792011990296,150,5
E4,245,92.59088062842626,-235.4804574352558,148,2
E4,246,77.22153793240433,-238.19311446264228,62,2
E4,247,63.68596989148912,-236.32290774184483,150,4
E4,248,508.10629956583375,-234.60960634246368,75,1
E4,249,423.7002892366151,-237.65037075871314,56,1
E4,250,205.17429272551502,-234.88445802886017,147,3
E4,251,256.66396774737484,-234.34813040359572,150,1
E4,252,273.1101023257263,-234.18183902294263,150,2
E4,253,265.4008500039164,-233.48913170576915,150,2
E4,254,178.06872830064546,-232.91536519001116,43,2
E4,255,153.07330458604085,-232.73738427045697,150,2
E4,256,193.47088113502068,-240.94194637898718,150,2
E4,257,161.4693984808684,-241.04046430468668,109,2
E4,258,156.94022232641808,-240.71429301539823,150,3
E4,259,442.9889389390568,-241.95087924346532,150,3
E4,260,269.1633326509727,-241.1544980071605,150,2
E4,261,131.89473955446456,-239.36421722276148,90,2
E4,262,436.5714456873463,-241.26979665318353,135,2
E4,263,150.97051636843176,-239.473792093754,150,2
E4,264,430.1003883561186,-240.44153159019396,150,5
E4,265,261.1563914562348,-239.31369873003405,150,2
E4,266,251.45004685687107,-238.8001569925015,145,2
E4,267,172.40051599740343,-238.155511884268,150,3
E4,268,70.53843481396224,-239.50441689659868,146,4
E4,269,56.07917364780181,-239.3878184014749,150,5
E4,271,241.94156643517593,-238.63012438636545,150,3
E4,272,242.62460457086695,-246.77687860941558,150,2
E4,273,253.88754664805492,-243.51364771059212,143,4
E4,274,168.36434460135808,-243.89598396751856,150,2
E4,275,83.13699507923965,-243.07272027124822,80,2
E4,276,72.62021434828038,-244.56510668885633,150,2
E4,277,417.78570173039645,-244.3815056327154,139,2
E4,278,38.24785658184715,-246.3253043737042,119,2
E4,279,413.23542828386087,-243.83491925846724,149,2
E4,280,180.12182210721494,-241.4488158460432,150,3
E4,281,138.55663484211996,-241.59518451458308,75,2
E4,282,93.22312166997457,-242.34798100600625,150,5
E4,283,63.67836737976238,-243.09919478847848,88,2
E4,284,48.81436498609715,-243.25316417026528,126,2
E4,285,449.53023138870424,-242.0622101478341,145,3
E4,286,423.9183828090282,-243.5060373510508,145,2
E4,287,200.69480190953695,-241.6735902041458,85,4
E4,288,179.05054534002517,-248.70202258486506,137,3
E4,289,156.57089609703348,-247.2093396562555,74,1
E4,290,133.0628931231706,-247.96838611290707,77,1
E4,291,78.35714365934834,-248.72733967350757,150,4
E4,292,47.55407237660707,-249.9338597894307,132,2
E4,293,474.44675978625804,-247.7233332163581,104,3
E4,294,467.96592417323814,-248.92379022587963,149,3
E4,295,188.48389357936082,-246.272134718424,95,1
E4,296,265.74798223726003,-246.9530689768671,148,2
E4,297,148.87484532100245,-246.18779224025988,150,3
E4,298,95.74042064107965,-247.30114707490918,58,1
E4,299,56.85334568516041,-247.10463417470018,66,2
E4,301,454.47282552847327,-246.9578829403427,141,5
E4,302,446.69182014893255,-248.9012996216734,115,3
E4,303,257.6961530182366,-245.25487874343784,147,4
E4,304,240.29793697202936,-254.73220527833135,150,3
E4,305,145.5590613769816,-252.36509151411067,47,2
E4,306,113.95891105905564,-252.62342473057458,49,1
E4,308,490.58816961900544,-252.20718482238408,104,3
E4,309,253.12620950185337,-250.62729183858409,86,3
E4,310,164.30735802344907,-249.71110034524662,150,2
E4,311,481.7940002721133,-249.6823857342016,79,3
E4,312,440.005205488483,-251.53099402452887,150,4
E4,313,409.36811360594885,-250.97255431655663,150,3
E4,314,139.0027485039144,-249.61126582122063,150,4
E4,316,63.19662212513823,-249.77322376626225,134,4
E4,317,508.518025990568,-247.89576059251573,150,4
E4,319,460.6644195261942,-247.58990323237546,124,2
E4,320,137.17665152898343,-256.4258336809655,148,2
E4,321,69.10226214226013,-255.8095335131199,63,2
E4,322,65.69087239442746,-256.09934110642564,115,3
E4,323,509.8843400271336,-255.6174949923733,147,2
E4,324,469.2695601448181,-259.2528678263928,150,4
E4,325,118.41194904764406,-256.3523386453331,150,5
E4,326,461.22963499656606,-257.1209273419047,137,2
E4,327,427.5317019624077,-254.40517188223868,139,2
E4,328,403.84777945906353,-255.95507202672894,150,2
E4,329,109.92587216794168,-252.78764860471566,50,2
E4,330,251.95061400939056,-251.38723127735832,75,3
E4,331,56.44264976960036,-253.26988598392617,150,5
E4,332,31.284050524630253,-257.40115401403665,82,1
E4,333,455.7198391296453,-253.68885480591908,135,2
E4,334,433.6023978787632,-253.0302056659078,36,1
E4,335,262.2505046533313,-252.78838171421637,150,2
E4,336,147.7028154639478,-259.82995025363533,82,3
E4,337,497.98513161660605,-260.88504074606993,123,2
E4,338,473.68853293746247,-263.9165524425688,89,4
E4,340,52.31945595618455,-258.2978378814535,101,3
E4,341,415.5506318557533,-261.40543624335675,150,3
E4,343,257.61820978245663,-258.36476658793646,150,2
E4,344,486.96270682272683,-260.5873232603023,86,1
E4,345,250.31777438596316,-257.3967074496667,145,3
E4,346,106.18781958918862,-252.94688016883885,78,3
E4,347,79.00290502373609,-257.07681068794557,150,2
E4,348,421.1776016600675,-257.93410768060386,150,3
E4,350,178.11456566584192,-256.1509925481286,77,2
E4,351,160.16523669307625,-255.3690466461695,150,2
E4,352,254.32717063653914,-264.3723551682452,150,2
E4,353,180.6357080487782,-263.07691247802046,149,1
E4,354,80.35723018307871,-263.7076862579755,150,3
E4,355,490.5095464786106,-266.4680458374026,140,3
E4,356,175.71365925450107,-262.9232025236522,150,3
E4,357,134.52395679677815,-263.0779641050403,139,2
E4,358,97.91974393291811,-263.5865309990216,66,1
E4,359,68.09453706616887,-262.5897888769327,79,3
E4,360,508.6823266745819,-263.5613020756871,54,2
E4,362,154.95490257629282,-261.2514853513773,150,3
E4,363,72.89226848612384,-262.06299124558956,24,2
E4,364,55.20406657856017,-262.7367845284323,150,3
E4,365,102.90666117816009,-260.9944365452925,135,5
E4,366,406.8921634208562,-262.46254209845466,150,3
E4,367,237.72822389207747,-261.81443031497827,150,3
E4,368,223.86201511892955,-269.34648661101437,149,3
E4,369,154.53559249105678,-268.0802829628813,150,3
E4,370,126.91271958557607,-268.615811836811,150,3
E4,371,72.78659780184441,-268.1745312111118,150,5
E4,372,43.16652253438654,-269.15467612683426,90,1
E4,373,498.4471523429398,-267.31542165980414,132,4
E4,374,466.4605612895486,-268.02172705742254,64,1
E4,375,145.55652013387183,-266.49293873088334,150,3
E4,376,410.6824684168611,-268.4985591727622,60,3
E4,378,85.42983608420684,-266.1218721822892,35,1
E4,379,507.28504017067854,-264.32515194583624,40,1
E4,380,233.79197575193896,-267.5468820995329,130,3
E4,381,119.07000219328138,-264.4453531014683,50,2
E4,382,479.54847116810083,-267.05641304093024,76,3
E4,384,151.8018391691567,-274.67231945098956,71,1
E4,385,143.35424662612587,-273.18854408939546,150,3
E4,387,486.49907571405987,-276.2235683774721,71,2
E4,388,410.33861924131287,-274.96813973775596,150,3
E4,389,483.2927746620025,-272.97126386927084,93,3
E4,390,217.27170915988435,-272.8018549667718,150,2
E4,391,179.52938486069888,-270.32709102439907,148,3
E4,392,83.27282936154609,-269.9494739313711,95,3
E4,393,251.645362028128,-270.39096657573225,150,2
E4,395,173.52312238860395,-269.66429298943314,150,1
E4,396,133.5444781163188,-270.30896048501364,150,4
E4,397,506.89641299106745,-265.6675892466546,82,2
E4,398,114.4905288614805,-271.22459326045833,82,3
E4,399,59.267044251808656,-268.4554679497506,86,1
E4,400,95.05149191362487,-277.19829050928723,54,1
E4,401,82.9477371027614,-277.7706207581851,92,3
E4,403,165.45359587690768,-280.6412340721586,116,4
E4,404,130.43877702553954,-276.49483547259746,122,2
E4,407,157.71061969159877,-276.23966965311985,150,3
E4,408,464.0575031265265,-276.361770572299,142,4
E4,410,451.540365527918,-276.01403394576596,150,4
E4,411,245.59366756604263,-275.51268918400746,150,4
E4,412,234.5435223020618,-275.7158689911628,150,3
E4,413,103.76581943038191,-274.2141035651918,74,1
E4,414,76.0786070029386,-274.81129693310123,150,1
E4,415,211.02990309423777,-275.18323201325853,144,2
E4,416,232.2880291623219,-282.50926538476176,148,2
E4,417,150.07901780294614,-281.19817674460194,148,5
E4,418,96.95608714882181,-281.85662420921835,134,6
E4,419,493.89388877821756,-282.55478600876154,72,4
E4,420,457.105215542644,-282.8043203244946,150,1
E4,421,242.49506418385062,-281.907070562617,64,2
E4,422,157.1651681582144,-280.5367627457136,103,3
E4,423,104.02833964158185,-280.84893521215866,150,3
E4,424,73.0994641408001,-281.0726111767356,150,4
E4,425,142.55405147953044,-279.98351106829614,115,3
E4,426,66.55086895585994,-279.7721206260748,127,2
E4,427,447.23273503459967,-281.7043184552181,100,2
E4,429,179.33610339026325,-278.2879354143578,134,5
E4,430,414.4585042539324,-280.54599625433946,150,3
E4,432,413.91311197294095,-287.4235709883851,73,2
E4,433,240.49550775990483,-288.6531624771539,143,3
E4,434,193.77941019214938,-287.0070703506188,150,2
E4,436,179.327523168209,-284.86450395434287,150,3
E4,438,462.9114918783878,-286.4322619564785,150,3
E4,439,415.61062475550614,-287.1073295711494,101,3
E4,440,167.22404959201822,-282.5339541742726,73,2
E4,441,128.28253803099113,-282.9856753141369,138,3
E4,442,78.47587950136304,-284.6649067369313,123,2
E4,443,505.577904163329,-287.0029217116357,124,3
E4,444,498.2480781084909,-284.1654514264085,101,4
E4,445,186.58566929805056,-281.88459034515023,146,3
E4,447,486.64173853789725,-282.44261160025565,146,1
E4,449,162.7600117784342,-288.7575682709293,122,3
E4,450,132.7533187228832,-290.59662074947,78,2
E4,451,119.88655549536429,-287.9036545989345,57,3
E4,454,229.16469142184394,-288.647949160353,150,3
E4,455,186.8411916661505,-286.983541693227,141,5
E4,456,106.68362387741773,-286.6987906774864,109,5
E4,457,30.97204346248509,-287.90021959192717,128,2
E4,458,456.2315420273933,-289.8590954104576,150,1
E4,459,437.6780982727692,-290.2045638977469,146,2
E4,461,200.7281793110641,-287.77731274581015,150,4
E4,462,443.0278966787669,-287.5820131508133,30,2
E4,463,432.82275104039144,-291.6863453214625,142,2
E4,464,207.37176882880186,-290.43498645496675,59,1
E4,465,110.15966693833737,-296.3475742296961,43,1
E4,466,238.58863384461026,-295.3346649235282,150,2
E4,468,72.07138303475807,-293.95182019648934,102,3
E4,469,213.48189917032283,-294.6373889196702,68,2
E4,470,80.87271662626675,-293.64618728450665,93,3
E4,471,33.30129820561261,-294.0346664698203,111,3
E4,472,183.28893167547906,-292.1934125848845,58,2
E4,473,164.78596972621293,-292.14538961229607,145,3
E4,475,509.0277272419564,-292.8944734494123,120,3
E4,476,417.83903756875276,-294.19755244085997,58,3
E4,477,221.35434242142824,-291.009581075118,148,4
E4,478,125.13985742095558,-289.67350397017213,57,2
E4,479,426.30431105199165,-291.1741136563933,119,1
E4,480,237.557802180932,-302.1978213050923,150,3
E4,481,148.82124533713724,-301.5500085945648,139,3
E4,482,141.44135599757857,-300.90990355710824,40,2
E4,483,121.3182008416694,-301.8170629668885,82,1
E4,486,430.4485440713543,-306.1135618947586,150,3
E4,487,170.0351818106404,-297.77411586856414,148,2
E4,488,216.74748682167132,-294.8305811073828,63,1
E4,489,74.58222769049543,-301.2964209830457,96,3
E4,491,178.20920756252588,-297.10955286334917,150,3
E4,492,129.85786401305768,-297.0737577847985,150,5
E4,493,115.53266621568848,-296.1348065971515,61,2
E4,494,501.27817639947835,-295.6717770623188,67,1
E4,495,228.65130243388435,-296.01990858028734,119,3
E4,496,108.48444431740417,-309.1714641124002,59,3
E4,497,85.95533551587317,-307.38910905368726,48,2
E4,498,82.51054596776959,-307.85465885331763,41,1
E4,499,47.421959735328585,-306.93671442197217,93,1
E4,500,502.8527804337232,-307.4997319445873,51,1
E4,501,112.82223988018102,-307.4997525235609,51,2
E4,502,435.9553654873884,-306.54865840848726,67,2
E4,503,165.82401187260575,-304.05946183864046,123,5
E4,504,213.29921184506028,-303.18793114258415,142,5
E4,505,126.94856179375469,-303.2063415272549,107,2
E4,506,80.16972379910902,-302.37840267722964,124,5
E4,507,73.59649575382578,-303.71343510658915,71,1
E4,508,38.19908634855902,-303.44958870647093,88,2
E4,510,227.6445192029366,-302.54112720361337,100,3
E4,511,173.33727289796195,-302.31437193605416,150,4
E4,512,476.5626989255796,-321.04317408796874,75,3
E4,513,449.262386138832,-312.9999197298705,114,1
E4,514,424.0139097977002,-314.67378308001867,148,3
E4,515,161.5716020726059,-309.90856277963155,123,4
E4,516,210.90314552585207,-310.33200414812205,62,2
E4,517,129.59206429427059,-310.64334160861415,47,1
E4,518,58.33170109341771,-311.5507215489113,104,1
E4,519,224.32996293835205,-309.4838182075025,88,5
E4,520,173.97744569233816,-310.65294325671954,147,2
E4,521,96.84031533636175,-311.7650031243573,59,2
E4,522,235.93234221033552,-308.8407512434922,134,5
E4,523,143.7820653643157,-307.2601767394357,147,4
E4,524,38.31696235318224,-306.731921384061,91,3
E4,525,187.96445967755858,-306.3354789748045,27,1
E4,526,180.14187405776417,-306.94091761976404,141,3
E4,527,122.46076294771434,-308.06480934750505,81,2
E4,528,225.49751814535003,-316.0302103935026,95,4
E4,529,209.92182694593615,-316.8956603709937,100,4
E4,530,157.26643793232176,-315.9971039059806,136,6
E4,531,102.8503890310899,-316.9635900279609,101,3
E4,532,237.38684821733798,-315.74301790452193,39,1
E4,533,125.77623675226621,-315.79575824525443,58,1
E4,534,121.75834090199889,-315.56292496232936,111,2
E4,535,34.39062415426925,-314.9559359187098,79,1
E4,537,168.10184123875666,-314.4964557583617,146,4
E4,539,71.09183704502986,-316.9605849357957,83,2
E4,540,63.687875202770414,-315.7589621046988,150,5
E4,541,495.91293170448546,-312.3806424012488,25,1
E4,542,441.0158936723674,-314.830928920602,150,5
E4,543,89.45848507558762,-313.77954933123584,150,6
E4,545,461.0362412843271,-322.4128576091644,150,3
E4,546,428.0694628782099,-323.563522595394,96,2
E4,547,150.01619111080672,-322.9234192712801,96,3
E4,549,3.6615933806414396,-321.04800243298365,115,1
E4,550,475.2985919685503,-321.57475191368366,39,2
E4,551,490.50312463293557,-318.92912081869304,86,2
E4,552,484.43423582235215,-319.3045602133508,136,5
E4,553,164.05840871257342,-318.3531620391596,69,2
E4,554,98.45040127658628,-318.55204595949044,84,2
E4,555,29.220829857487384,-319.25584578680804,23,1
E4,556,468.0174828214965,-319.26875915181193,95,4
E4,557,134.16842398775108,-317.8567691162091,145,3
E4,558,79.18507343995722,-317.9809264202404,150,2
E4,560,9.770571779771814,-326.0809056485687,105,2
E4,561,494.8168837499856,-327.81771956411905,89,3
E4,562,442.4056826943361,-329.25651366201976,77,3
E4,564,448.7227903657052,-327.0793348848019,116,3
E4,565,422.3694057870765,-325.2891820144301,44,1
E4,566,147.2929142540066,-324.2123978059763,63,1
E4,567,131.32420356556915,-324.51969725573656,150,3
E4,569,455.1360940220521,-325.5939526983146,139,3
E4,570,229.04481670188005,-322.32433915317995,53,2
E4,571,123.71473767987035,-322.49560751630804,150,6
E4,572,104.88943507545751,-323.6962059718223,145,2
E4,573,84.59749082992944,-324.0662463242326,119,4
E4,574,75.99276565680827,-323.19846113695496,150,5
E4,575,499.5868507349967,-323.76770189453623,101,2
E4,576,102.44835041587329,-332.6215051370319,147,2
E4,578,488.0796332479059,-328.1749133175858,47,1
E4,579,475.4988252064845,-330.9974716982293,27,1
E4,580,226.41620872022398,-325.65477942570936,45,1
E4,581,15.7758294684111,-330.41963829431506,132,2
E4,582,487.4022373072357,-333.8491803823931,48,1
E4,583,442.82357686139636,-330.5745458439802,73,2
E4,585,140.99960809880167,-329.80504889392904,48,1
E4,586,125.14684051783661,-329.6398807756945,90,2
E4,588,118.53723400846661,-329.3455613025201,114,2
E4,589,109.92448698786174,-330.6310549697904,150,3
E4,590,91.34672618810276,-328.7269626119763,65,2
E4,591,218.10817297931604,-328.9702402670709,48,1
E4,592,121.99857406955091,-342.6345826463111,150,2
E4,593,11.571883840347317,-341.71846840028434,114,1
E4,594,492.7886583559036,-342.5072913535236,104,2
E4,597,482.125651336758,-338.38480830183505,51,1
E4,598,460.864104312811,-337.94873895557714,33,1
E4,600,487.970538748519,-336.12080283990827,73,3
E4,602,123.8298746743643,-336.2621272945435,150,4
E4,603,494.1911312183359,-334.5751395757099,101,6
E4,604,93.31097149215708,-337.1136644304665,37,1
E4,605,468.0319051466322,-333.9426116993284,70,3
E4,606,137.569843675802,-331.5535197895787,105,4
E4,607,500.6319124139532,-331.78023474457314,89,4
E4,608,399.3069986379445,-357.4497492273761,94,3
E4,609,107.41505427379131,-357.1885892557026,131,2
E4,610,392.5602554543784,-356.4755214661678,121,3
E4,611,121.717960978359,-356.26778679650613,122,2
E4,612,501.16764606603925,-354.6516768379823,68,3
E4,613,385.5121811726512,-354.0089596716364,129,2
E4,614,394.60151413062044,-352.36949899904164,118,2
E4,615,500.6093713497341,-354.9572373514664,83,2
E4,616,506.128079291057,-350.85043441577864,125,3
E4,617,111.13177209298595,-351.3817024241652,149,2
E4,619,17.30503689091766,-350.39437663932586,150,1
E4,620,143.9417175633189,-348.4458002208923,131,1
E4,621,121.84617872352221,-349.2773947120096,150,3
E4,622,388.7750048616487,-348.13955764297333,150,2
E4,623,146.33259102659454,-342.341958185885,150,2
E4,624,375.94074537178585,-368.2607699377971,59,2
E4,626,12.723272512779197,-370.00419946339696,100,3
E4,627,485.6474570637879,-367.28710466814266,110,2
E4,628,477.7563572417745,-366.23824959909956,110,3
E4,630,6.1738588666523295,-366.2386432927681,52,3
E4,631,420.44502559126994,-368.7620025808081,88,4
E4,632,411.1487836476483,-364.1719416843346,150,5
E4,633,122.65715101096296,-363.9705250729046,150,3
E4,634,490.5640782967172,-363.5802786912032,150,3
E4,635,405.008096801265,-361.10870590723283,150,3
E4,636,9.773099086153676,-361.99207180063985,63,2
E4,637,114.00244295304165,-360.5160477703451,150,2
E4,638,3.7741739657570617,-358.9148648865582,61,2
E4,639,495.6281237080762,-359.3943723846134,150,3
E4,640,433.8481868640424,-376.598303001041,150,4
E4,641,127.38897063464916,-377.46115025213305,150,4
E4,642,441.22837958518346,-375.0984692034859,150,4
E4,643,138.83515657569242,-374.8709511850712,48,1
E4,644,111.30661261898666,-374.976076141373,100,2
E4,645,425.66669572202613,-375.63324032493597,59,3
E4,646,381.17974531469264,-373.96927645482555,22,1
E4,648,1.521295338258137,-372.6406862275512,136,3
E4,649,447.1503292486584,-370.4243659604469,150,2
E4,650,434.49857301063594,-369.0276949550628,117,3
E4,651,416.8299688073331,-366.5860517301623,69,3
E4,653,422.5931284040471,-368.79482295362294,113,8
E4,654,124.90739069183728,-371.1111250635654,150,2
E4,655,106.47063024264484,-370.03478198624487,47,1
E4,656,437.4217763060122,-382.7723235567865,150,2
E4,657,345.7589578304019,-384.6385920549205,128,3
E4,659,416.095753686316,-384.8115014740339,57,2
E4,660,309.2738855204443,-387.09983615680403,121,3
E4,661,125.18448532902275,-385.73658011385794,78,3
E4,663,360.66158384848524,-380.5883255785129,125,3
E4,664,314.5297268842301,-380.8632820878875,51,1
E4,665,143.1503562300969,-380.05740029304866,63,2
E4,666,1.4962014136334714,-380.77690071731917,111,4
E4,667,117.12861335231365,-380.05936360613595,150,3
E4,669,423.6600089406085,-376.7166531176533,90,2
E4,670,418.88495126511265,-376.9543248404096,121,5
E4,671,411.8211103650947,-375.5864011635421,88,1
E4,672,418.47524110554673,-387.10831379291693,38,1
E4,673,380.053840320074,-387.4760096396531,93,3
E4,674,366.4726481529445,-387.72690894389535,121,3
E4,675,352.8706286894064,-387.0258694599011,93,3
E4,676,295.309240475669,-389.54175763606077,150,2
E4,677,400.36054016118663,-387.57965097145836,150,1
E4,678,373.5108178013108,-387.37381075803046,150,3
E4,680,345.99067022176297,-386.67654719284724,99,3
E4,681,406.90932910562236,-384.3561146591458,144,3
E4,682,338.1303868357865,-386.8911561804968,101,4
E4,683,331.1689693381426,-386.41148650362857,110,3
E4,684,301.8927159257339,-387.4413309819223,150,3
E4,685,143.7335708761938,-388.90169908844376,81,3
E4,686,137.1016534663217,-385.27634357787144,53,2
E4,687,445.2111803886174,-382.45878954442924,146,1
E4,688,379.956768255259,-388.670764895556,71,3
E4,689,251.1930894557832,-395.35759522113864,149,5
E4,690,245.12159398560976,-393.51798763086634,15,1
E4,691,265.1335298902638,-394.11099945210196,150,4
E4,692,257.640918717595,-397.54793531080685,137,2
E4,693,280.3144116741517,-398.7357256727532,81,3
E4,695,149.7506206905013,-392.68320453482045,87,4
E4,696,1.006181136453139,-394.1793582865083,136,1
E4,698,389.3142923169951,-391.2946586460889,108,6
E4,699,288.6618900247613,-391.5392196992748,150,2
E4,700,126.62412381126572,-392.9996902775464,150,3
E4,701,440.6484858825489,-388.31871176082916,137,3
E4,702,316.975798935394,-387.88593360648656,83,2
E4,703,139.0436828944889,-387.1545455897544,31,1
E4,704,264.6360976380703,-401.6227727427545,150,3
E4,705,306.5287468220365,-401.6890451255946,145,2
E4,706,293.45918859631587,-400.2048928541459,150,2
E4,707,286.7086391134518,-400.82502273338,150,3
E4,709,405.00594867686505,-399.0902086315322,139,3
E4,710,321.51785310567385,-399.3370353305355,82,1
E4,711,271.81877103531156,-400.59052410952535,109,3
E4,712,299.8633284685992,-399.69926199873873,150,3
E4,713,154.16124627596201,-397.8528155872099,62,1
E4,714,398.27350252418154,-396.1908151568561,109,4
E4,716,314.2614089741522,-397.3111206492281,150,2
E4,717,129.07925336056752,-399.2841030835172,150,4
E4,718,443.8757613846294,-394.44433178224824,150,2
E4,719,436.696236492141,-393.9461903562672,150,2
E4,721,366.7651504845252,-404.3896961315204,148,4
E4,722,402.83626759959253,-403.52669497080205,97,2
E4,723,361.1944974313593,-403.7821303838027,30,1
E4,724,333.9145554908366,-406.44327977667933,150,2
E4,726,144.3060462917919,-404.5666106409254,57,2
E4,727,411.3111686153165,-404.23827116387093,150,8
E4,728,381.111495026002,-401.8521777824783,131,6
E4,729,320.08142274459277,-404.77073639702564,150,2
E4,730,313.18764527429425,-403.73289817186344,150,2
E4,733,327.0929826970069,-405.18551279081396,150,2
E4,734,446.0807880433071,-401.0504820271868,44,1
E4,735,388.86223780533163,-400.82373829303225,120,3
E4,736,247.18232261500313,-414.72199685179,150,3
E4,737,240.2125747207575,-416.70550700767893,133,2
E4,738,232.50533961588908,-413.6745954367105,100,2
E4,739,253.3324826433754,-411.5898902229832,150,2
E4,740,132.40833838092365,-412.87750082549246,150,4
E4,741,360.83494493438025,-409.22071148374283,150,3
E4,742,353.87071120223266,-410.3349721959018,94,2
E4,743,225.26328221299588,-410.4893443786391,63,1
E4,744,148.84450604151013,-408.99775986643965,41,1
E4,745,141.34603766152503,-409.73957093317676,150,3
E4,746,348.09000507454334,-410.93908062807503,150,3
E4,748,386.35084134951944,-405.59945607337244,61,2
E4,749,268.39377349273315,-407.62331430342323,137,2
E4,750,340.62092013051944,-408.4086498685637,150,2
E4,751,259.8107908117908,-408.20269820212525,150,3
E4,752,310.29976443532274,-419.76514485602223,150,4
E4,753,296.80131876256036,-421.2704097758984,120,3
E4,754,262.2156942377141,-418.8448149591068,55,2
E4,755,233.55255647899568,-418.2162796450948,150,3
E4,756,220.30983568224718,-416.9944685292781,50,1
E4,757,303.0542435047007,-419.76478659275364,59,3
E4,758,288.78720113543153,-417.4864684523185,63,2
E4,759,282.24939335029666,-417.0295620784484,133,4
E4,760,253.53467261714408,-418.05693009785557,148,1
E4,761,226.53394432281397,-417.2126402877548,150,4
E4,762,275.8148876100601,-417.76062949171427,79,1
E4,763,269.3506280934663,-421.50213287262784,43,2
E4,764,135.3756324202106,-418.79550742017847,150,2
E4,766,421.1055215667022,-410.54028650432804,111,3
E4,767,378.7560557611331,-413.46528807940405,71,2
E4,768,254.75364935218147,-425.2355709014279,147,2
E4,769,353.5770734274627,-422.9346995728866,94,4
E4,770,344.71620808921057,-423.0032766509987,103,4
E4,772,244.6881316398127,-430.55028084352097,65,2
E4,774,283.08342990442196,-422.3224059287649,150,2
E4,775,138.4888195054982,-424.6721343615647,150,2
E4,776,359.73153627916633,-421.27584214983904,149,4
E4,777,289.87307451593625,-421.98688455708873,148,3
E4,778,275.9984289170183,-421.03288776516445,124,5
E4,780,316.94357470141324,-420.0082440721067,89,1
E4,781,371.24745158282536,-418.8202027607176,103,5
E4,782,366.5560416915645,-419.19494704592364,126,3
E4,783,334.55201215640943,-422.0532796510637,75,3
E4,784,317.653320834638,-429.2154909421907,150,2
E4,785,337.1766847166398,-428.74189939754916,90,2
E4,786,335.1315060595688,-427.7406034778908,90,4
E4,787,283.07885470019704,-429.71458563202077,121,3
E4,789,268.9927256057423,-426.8680547312691,105,4
E4,790,234.4301747641012,-433.51638045327394,150,4
E4,791,143.6371003943518,-429.2226102927893,150,2
E4,792,310.5260389889238,-428.88951188255487,150,2
E4,793,303.4258952520954,-428.6898031196495,150,2
E4,794,296.505052490481,-428.9099032889815,150,3
E4,795,285.5536320202718,-429.4280482736156,44,4
E4,796,166.30668701225017,-428.4555661072539,41,1
E4,798,325.3232405844645,-428.75059220348817,150,4
E4,799,261.94218794353196,-428.4123006353691,89,4
E4,800,151.56158994292943,-440.1054403457515,150,2
E4,801,312.3562513721114,-439.70991259864957,137,1
E4,802,191.8272115066944,-438.0895144685327,150,2
E4,803,140.88815877324367,-438.15987607880396,56,2
E4,804,213.48115949868227,-437.8459083911038,146,5
E4,805,206.22954728799948,-436.0368042475347,68,1
E4,806,177.52029843428969,-435.9907564211143,150,5
E4,807,198.32831075700958,-433.01036658157875,150,2
E4,808,220.0922743169618,-436.16312828283606,150,2
E4,809,169.09955246756513,-434.37703883206274,52,2
E4,811,148.12120401659672,-434.28452885016185,142,2
E4,812,227.0284585745727,-434.57924060382175,150,2
E4,813,193.08512997129287,-426.88968094080985,85,1
E4,814,162.81907498202884,-430.972507162356,35,1
E4,815,253.77306583992734,-431.74051740100293,150,5
E4,816,201.93157108379717,-446.00838356020336,150,5
E4,817,347.0033932598762,-447.39454932462127,107,2
E4,818,155.1490258570474,-446.03665188436844,150,4
E4,819,178.76697822884523,-443.640349492287,145,2
E4,820,165.51753184403225,-443.74636255034164,145,6
E4,821,141.53937450350395,-445.0021420668836,32,1
E4,822,259.4332891481779,-444.63693876319746,74,2
E4,823,233.5199380128173,-445.91245081758484,150,2
E4,824,336.3826490377619,-443.2812436955237,96,2
E4,825,240.27527599972353,-444.2038875181295,150,2
E4,826,327.2793681242141,-442.5181992809177,145,1
E4,829,247.95844226958442,-442.4521842937113,150,4
E4,830,198.9788879353361,-438.5637963997342,150,4
E4,831,184.25928595216595,-439.1600503897593,150,3
E4,834,164.41162049641449,-456.7062036759395,150,5
E4,835,333.0293472612642,-455.71453021318007,143,3
E4,836,344.15705192958865,-455.1888158509565,127,3
E4,837,215.53276804388815,-455.41960811266324,150,2
E4,838,198.85693799858657,-452.03893613206617,125,2
E4,840,236.67736983984062,-452.56154590087925,150,2
E4,841,221.376233322561,-451.9540415076942,150,2
E4,842,260.9504868376556,-451.41114000286814,141,4
E4,843,160.75199595888978,-450.36534881911354,106,3
E4,844,338.0713716204107,-450.481854494024,150,4
E4,845,331.0880964682586,-448.97655510763514,82,2
E4,846,167.05987296597164,-449.80041858546497,24,1
E4,847,227.36325792644226,-448.91723222003975,149,2
E4,848,215.10805686606622,-469.63803367409747,150,4
E4,849,186.76323176135756,-471.2783365220668,48,2
E4,850,174.25638998064326,-467.20354672550894,114,4
E4,851,208.57843827553904,-466.66604618520404,131,2
E4,852,352.83720292074435,-466.6660875392184,146,1
E4,853,326.36276411602864,-467.8930824405776,150,2
E4,854,196.89376311489414,-464.3878363605648,150,3
E4,855,203.6514987967078,-462.44731488089127,149,2
E4,857,183.52263753382735,-463.2665680889536,150,4
E4,858,176.68694442850344,-462.4438731598701,147,3
E4,859,330.7373713855377,-462.5975278155736,149,2
E4,860,348.08113616980296,-461.0199247813625,150,3
E4,862,208.89218711024924,-458.3071004797799,150,2
E4,863,179.5434228985244,-457.49472887235964,81,2
E4,864,363.9782841980797,-492.70963293586345,55,3
E4,865,359.2625136998964,-490.0599885201758,67,1
E4,866,324.51711716692427,-487.5539760965103,28,2
E4,867,325.76152821842066,-487.6839375730664,105,2
E4,868,367.8547510620246,-485.18415394170665,76,3
E4,870,173.00312912693894,-481.8059686539122,150,1
E4,871,321.4374035184811,-481.9239409029049,150,4
E4,872,371.352675539997,-479.19454629822354,75,2
E4,873,221.8689163181832,-478.1163473978146,105,1
E4,875,324.2277972270163,-474.89370593378544,145,2
E4,876,209.2426638671792,-474.6667898509607,150,3
E4,877,194.68809418681167,-471.28726433274255,140,3
E4,878,180.77848885548744,-471.2885731986484,150,4
E4,879,202.4126493644258,-468.9470861344676,115,3
E4,880,406.81402748697315,-86.59093783442037,150,2
E4,881,189.5878633345288,-86.23277149091443,68,4
E4,882,318.89701894401327,-85.41929728690833,106,5
E4,883,235.57671526039394,-86.73336111612277,95,3
E4,884,418.5021573151574,-87.20848687662003,138,3
E4,886,318.37182949455934,-508.1305686860268,98,3
E4,892,321.95007089770536,-502.20822408414114,80,2
E4,894,340.26618282793237,-497.8379496002727,149,1
E4,895,322.8468896175013,-495.72641150958964,150,5
E4,896,385.10137511360585,-54.83180996911668,95,1
E4,897,95.83696566882716,-17.347484332723045,148,3
E4,898,408.62740523315944,-3.3390192384036346,150,3
E4,899,349.45066364890545,-2.842388827867333,146,1
E4,900,212.24951413184928,-3.790370169247235,91,1
E4,901,226.44740696262892,-92.75637751953124,121,4
E4,902,201.36765189516692,-92.99222747595589,71,2
E4,903,188.836635058543,-87.82617557049817,59,2
E4,904,409.01302170740377,-94.07991771795987,150,2
E4,905,327.64243779803405,-91.99559841509758,150,4
E4,907,249.86781382602967,-91.79729334029933,117,3
E4,908,243.59128333493274,-90.23952134920529,50,1
E4,909,228.72465818302848,-91.07226880859697,77,2
E4,910,217.5450845373334,-90.15880762717299,64,3
E4,911,212.81062159916735,-88.89063288047215,78,2
E4,912,98.12390002143083,-24.5188775019073,62,1
E4,913,189.37059443247395,-23.203517470084886,136,3
E4,914,201.02823200955612,-20.03905926239156,150,4
E4,916,193.28442069542467,-20.085630985885107,150,3
E4,917,226.05620090111793,-68.89137185314833,150,3
E4,919,218.36425559438487,-66.61583896789786,150,2
E4,920,197.51596747195472,-65.84152129392247,137,2
E4,921,128.0547844283307,-63.51105138567338,118,1
E4,922,211.25317223949858,-63.93007629841627,150,2
E4,924,187.75903850835027,-61.2325572043316,82,3
E4,925,173.5670506277856,-58.027432544369546,127,1
E4,926,193.52188785758165,-57.011212887440784,65,2
E4,930,210.80407538034018,-34.11324624812443,82,2
E4,931,412.2945326407001,-18.8398650021419,150,2
E4,934,216.66683622235203,-36.32639331037709,56,1
E4,936,166.11677944578622,-31.00087023108042,97,1
E4,938,173.79883070992176,-28.202832774766332,149,4
E4,940,414.2574708471126,-27.983073115471818,104,1
E4,941,195.30581930687944,-26.368315515267987,149,2
E4,942,201.7050056488755,-25.001184637949574,146,5
E4,943,342.5526126765565,-23.52678424632577,150,1
E4,945,233.4881842545208,-79.54433257521715,150,4
E4,947,409.6049384935695,-73.581111694526,150,3
E4,948,329.4807223430703,-73.96219124080353,150,4
E4,950,216.87055740261712,-59.53110257754021,90,2
E4,951,185.2294683679448,-52.8718038857566,99,2
E4,952,227.97500508793556,-59.46187078829479,76,2
E4,953,207.5676549293239,-52.03359175870801,137,5
E4,954,197.64934933894457,-51.78746461520693,87,1
E4,956,207.0367567655668,-45.47497576031097,58,2
E4,957,164.1924686302342,-47.15560663780268,150,2
E4,958,343.329263274652,-42.897910623085856,139,1
E4,962,254.6059937946202,-96.90907016738637,80,2
E4,963,212.840874424349,-99.59610339460755,68,4
E4,965,220.04132062355498,-84.03646589545822,150,4
E4,967,421.34325788581174,-78.92225840659155,150,2
E4,968,209.22034193909724,-78.65775021716381,129,4
E4,969,323.6289146955318,-77.77647505495855,65,2
E4,971,417.40403721664865,-75.7518703560644,97,3
E4,972,397.80259222147146,-76.10720215094668,99,2
E4,973,222.08307774637393,-77.13347304322589,150,1
E4,974,200.68679676013207,-76.8971081296585,150,2
E4,975,184.8640969605537,-77.59546975000923,106,2
E4,976,95.57103429894887,-121.81554423283049,63,1
E4,977,270.77354164663575,-120.05510706654474,150,2
E4,978,215.16895649838614,-119.87887902817963,65,2
E4,979,198.34646128118942,-121.34453212402649,67,2
E4,980,228.51757021982354,-118.5255175293106,150,3
E4,981,322.6140923041151,-117.67010260138187,150,3
E4,983,235.79438704571726,-115.81354757276372,101,3
E4,984,299.67615986576646,-115.89196061077736,147,2
E4,985,211.73364981837761,-114.7642208140261,149,4
E4,986,274.03590170705814,-114.74340844213613,135,1
E4,987,201.44662252825663,-114.87530637717508,117,3
E4,988,234.17692991084513,-109.61050252769182,90,2
E4,989,227.68708865387663,-111.5770716301563,99,4
E4,990,327.9456886988963,-109.32313478202487,101,5
E4,991,236.49750061641024,-107.96939706126199,102,2
E4,992,213.3889643461009,-10.364549404561895,138,4
E4,993,347.326907241612,-12.070978039119735,108,2
E4,995,193.26306576435812,-13.714846932803638,105,1
E4,996,216.5499793931516,-13.81742535296048,54,1
E4,998,186.44674389111958,-15.998561828885439,149,4
E4,999,344.7208286872385,-13.50823741160357,52,2
E4,1000,101.31550233629815,-16.106936794184495,143,3
E4,1001,209.5072331698594,-20.206894250684247,46,2
E4,1003,413.90217081139474,-91.40215983262387,44,2
E4,1004,259.4181858331717,-101.96907283643557,61,1
E4,1005,261.24080782483605,-130.31679998010634,32,1
E4,1006,311.26220773817556,-145.4139887725655,109,1
E4,1008,78.82228332532044,-153.67748201084652,40,1
E4,1009,437.2414017652159,-154.68243351951972,105,1
E4,1010,212.14920509563376,-157.78660161878105,76,2
E4,1012,445.2945498432197,-167.1255815871591,91,2
E4,1015,170.64772701812606,-194.60991350654047,88,2
E4,1016,167.9491137790731,-201.11927073838626,89,2
E4,1018,67.69826187637204,-202.08097915780567,65,1
E4,1021,122.32041996994448,-206.33225763133058,21,1
E4,1022,165.10350604641434,-207.41803952880085,101,2
E4,1025,74.81404015537034,-210.95209028030786,64,2
E4,1026,231.4963023733389,-217.24943735355995,49,2
E4,1030,104.64156208210632,-216.86172419658044,51,2
E4,1033,74.29053196240854,-224.2872242476692,134,2
E4,1038,44.77703978614434,-236.53733977954823,43,1
E4,1039,182.04415594943242,-234.14302230779253,61,1
E4,1040,205.82732784214716,-242.2265842492852,96,2
E4,1041,456.07087489930217,-241.9297875098993,75,2
E4,1043,148.64630125829106,-253.0305202848193,112,3
E4,1045,94.89514873394866,-254.3253478588811,44,1
E4,1048,138.57665999717864,-264.76992949139117,145,3
E4,1049,238.75745325099626,-268.6108171058291,48,2
E4,1051,66.44326255287567,-269.13725625599847,145,5
E4,1052,110.71697469056868,-271.2532111380927,45,1
E4,1053,69.89831856721923,-275.00185501214656,149,2
E4,1055,143.0614374737319,-279.85047740975415,38,2
E4,1056,108.76920417246016,-287.642168915392,78,2
E4,1057,209.16598502758436,-291.2029248837389,64,1
E4,1058,409.68954131467234,-297.9317748650239,62,1
E4,1060,110.5007868966639,-296.7661138790929,65,3
E4,1061,72.50600087578563,-298.0626235310323,67,1
E4,1063,418.5716452482795,-308.7507585214713,37,2
E4,1064,88.52517044223654,-307.23600659426126,74,2
E4,1065,103.96564748204467,-309.9393635578815,101,7
E4,1066,168.78498402424887,-306.95311086537856,95,3
E4,1067,45.30322461174049,-306.76531884796344,87,1
E4,1068,220.99813901860654,-316.27958509682463,21,1
E4,1069,110.06944783976567,-315.0773144076819,63,2
E4,1072,86.13578660212103,-322.87121776167476,75,3
E4,1073,22.11684106339062,-326.44281875628064,83,2
E4,1074,83.830710399894,-327.72083235787704,90,3
E4,1075,83.95332082757501,-328.3220683081261,92,3
E4,1076,127.70692115733291,-330.1818957376409,84,3
E4,1077,74.93322920812602,-331.62169313500146,107,2
E4,1078,147.0817759416049,-334.63487797606706,115,3
E4,1080,452.66186097942494,-366.2007209055905,121,1
E4,1081,17.09462634287093,-372.5710760451544,62,1
E4,1084,9.671194125976223,-380.4426591960319,38,1
E4,1085,130.40650825019773,-383.582165058198,44,1
E4,1086,308.29984706029694,-384.2564041069245,75,3
E4,1088,237.79586954372255,-397.3006914447335,25,1
E4,1090,414.4282987819709,-412.7438565651732,53,2
E4,1091,418.71681350095065,-407.66467292268123,54,2
E4,1093,371.556518924209,-409.83398260530504,149,1
E4,1094,418.8633996134778,-411.09535130757206,121,4
E4,1097,269.3053412434949,-423.50096223762546,43,1
E4,1103,344.71543979098595,-440.31711507324303,104,2
E4,1104,206.4371216106968,-439.9166563541163,83,3
E4,1105,257.6559876104967,-445.57480360227316,98,2
E4,1106,173.79518480188293,-455.7691308543051,116,2
E4,1107,168.18591627952162,-463.887501600466,63,1
E4,1115,222.39860285213018,-54.89266295598635,91,3
E4,1117,415.70983257776004,-83.92953569510101,107,2
E4,1119,327.2533494875151,-111.18982907326685,74,3
E4,1120,313.119274193043,-120.8974074171536,69,3
E4,1123,330.30220323213143,-108.00752512789454,44,3
E4,1124,226.34964107154298,-104.31684966599994,40,2
E4,1126,291.9737307628047,-132.929391833802,60,2
E4,1127,365.66883988919005,-134.80101614745723,38,1
E4,1130,438.31926654915156,-188.9196189802897,45,1
E4,1131,178.96233359017492,-190.33445653234668,72,2
E4,1133,61.06522845683647,-197.9316474924843,45,2
E4,1134,177.9100576318856,-204.6860685776096,102,3
E4,1138,277.5487860583228,-226.14510033577704,112,2
E4,1139,143.71917139007485,-228.4315042079303,86,2
E4,1140,501.2638432625171,-243.59253379905059,51,1
E4,1141,200.33415918020597,-249.22549667764915,56,1
E4,1143,476.9229086211635,-268.0775007178493,37,1
E4,1144,70.33127966446852,-262.5476743068984,37,2
E4,1146,475.3998123895764,-277.5103838154175,62,1
E4,1147,247.01889690673968,-269.3855579227596,27,1
E4,1153,206.16601884214364,-291.4536498638795,49,1
E4,1154,78.75596947510412,-289.5475276055101,61,2
E4,1156,82.59384770495126,-299.29568740332365,39,1
E4,1158,165.9945946663342,-308.1022038239045,49,2
E4,1159,69.04277372074475,-325.4599035504849,109,2
E4,1160,497.9333255065578,-325.32589689251944,67,1
E4,1163,357.3841404567248,-343.0692459152458,90,1
E4,1165,353.9088451996745,-350.61386196745707,21,1
E4,1166,432.8529062240198,-360.35955569944423,20,1
E4,1167,359.9731098993043,-387.1075556555763,90,3
E4,1168,219.92733393752502,-379.7201935135023,56,1
E4,1170,390.24222705930856,-391.2861867616737,96,4
E4,1171,324.6482080685051,-388.45807377793096,52,3
E4,1174,133.83753458179464,-404.65731894202713,47,2
E4,1176,296.18515086944745,-418.75517504710893,88,4
E4,1177,303.7561748809387,-420.57362837747354,108,3
E4,1178,262.44498001076846,-433.7380437532724,61,2
E4,1179,158.99323247945074,-440.06440874523634,44,1
E4,1180,244.89813376404385,-450.51763065486904,74,2
E4,1181,256.49913379741315,-458.3555900121094,67,2
E4,1182,190.37522251660081,-463.81225314823394,58,2
E4,1183,220.42827654123158,-479.58095812565153,56,1
E4,1195,170.4230628770544,-35.87975511787537,24,1
E4,1197,210.43338541443947,-100.74266823139516,84,4
E4,1200,65.91284537898498,-176.95383946058047,54,1
E4,1201,71.80194912172254,-204.8011837287464,49,2
E4,1203,60.41778492218413,-204.76529213973137,98,5
E4,1204,50.31932861002848,-215.70463780217128,87,1
E4,1207,200.34341874725743,-227.0956441971478,65,1
E4,1210,493.7439958977001,-240.7892980967291,65,1
E4,1212,237.71146990379478,-246.4865909300985,27,1
E4,1213,62.88732685716077,-243.66641973823553,69,2
E4,1215,145.58405239798685,-259.4134430029144,99,3
E4,1217,413.32491727340283,-267.0070949199714,24,1
E4,1218,51.98324246196242,-271.10607421502306,45,1
E4,1219,171.36150118892655,-278.7793563401719,91,4
E4,1220,137.02348010216966,-285.1418322124072,46,2
E4,1222,497.02804015625856,-308.9460186731206,31,1
E4,1224,506.28896478519147,-321.783479254369,61,1
E4,1225,161.16553765281517,-319.33113103762673,50,2
E4,1226,435.1926448595868,-328.91130195074885,57,3
E4,1227,93.68944425317721,-336.72808450448787,102,3
E4,1229,217.4454747147046,-382.4572634761882,66,1
E4,1230,448.6228277388441,-399.9564530229964,51,2
E4,1232,242.64872817029794,-431.662307264955,18,1
E4,1233,276.0849738191055,-430.3211456240761,141,5
E4,1237,338.22961938478295,-36.44064161322226,29,1
E4,1238,212.38038293729238,-41.85410641298048,79,1
E4,1241,415.87445418404457,-2.8984400958530268,52,2
E4,1242,171.34231507526837,-0.8422597352368728,53,1
E4,1243,224.55239556980936,-94.16186960811348,69,3
E4,1244,211.80484549325365,-121.37923560234415,68,2
E4,1246,292.2729184392199,-177.98633852110396,122,1
E4,1247,71.90500482374327,-174.63183588212698,45,2
E4,1249,178.72787910538946,-197.6674120011502,66,2
E4,1251,505.4260594160276,-237.77988798797645,53,1
E4,1253,32.7683638616815,-254.74462993192188,71,1
E4,1256,149.62182992409106,-274.95094107061976,80,2
E4,1257,89.84941418255701,-278.61911284190967,54,1
E4,1260,35.57949514569475,-293.12934144862777,39,1
E4,1264,140.08887254855,-312.1778188283837,58,2
E4,1269,8.039729582899092,-382.91958972319145,51,1
E4,1270,272.2886921530231,-393.0338454986499,141,2
E4,1272,192.1250157119793,-427.17217240915056,41,1
E4,1274,289.5809498616073,-429.311933872822,136,3
E4,1278,159.7217655774594,-54.607213026034515,24,1
E4,1280,185.51880297280334,-79.63296419581323,33,1
E4,1282,331.12239792548337,-116.02402271302799,72,1
E4,1283,286.79461379597944,-142.28342511404065,49,3
E4,1285,228.1373378672864,-153.91331561827016,103,3
E4,1288,237.2802566933148,-196.39445393198275,64,3
E4,1292,101.92183374967668,-287.7844230471339,70,3
E4,1293,161.25722103726972,-297.4091485198879,96,2
E4,1294,509.9731551777435,-298.2765883428327,39,1
E4,1295,417.8270727110638,-295.62672452007195,104,4
E4,1297,61.88545183581123,-308.7590000630744,22,1
E4,1299,506.5519904514875,-329.4293539829345,44,1
E4,1300,419.59848482802005,-362.7130427664625,35,1
E4,1302,413.6885081727126,-382.36869867319905,124,3
E4,1304,258.03121169218605,-392.27148566418276,17,1
E4,1305,354.8822624862151,-410.7625264276293,57,2
E4,1308,250.2799411482599,-452.1958871471942,84,2
E4,1309,197.33648032550394,-455.3504429190094,112,2
E4,1310,169.93346331604707,-460.961018679892,102,3
E4,1313,198.450068088423,-121.29114973820195,85,3
E4,1314,94.94515596557893,-121.8157872359406,45,1
E4,1315,301.59006184406036,-133.77202411761456,82,1
E4,1316,243.43122649137732,-138.4002786216458,28,1
E4,1320,438.92241238952295,-189.0568096325817,51,1
E4,1322,199.41864094362683,-196.7747924131511,58,1
E4,1323,309.4724385139782,-208.4540582095247,50,1
E4,1326,415.4217630222669,-250.11825252879845,51,2
E4,1328,178.2432935035738,-256.19763982816653,75,2
E4,1330,92.42810780152789,-263.26211906906263,88,1
E4,1331,170.90472250225687,-277.67660614829924,51,2
E4,1335,91.93909118613315,-307.3955071688418,76,2
E4,1347,406.81026088872596,-410.1553133674223,91,4
E4,1349,173.5522955849613,-418.86302725823975,59,1
E4,1350,162.7643166958762,-423.9534178977188,36,1
E4,1352,242.76713837785107,-91.10577238561044,109,4
E4,1355,486.70807250814664,-0.6654518111804172,47,1
E4,1362,228.33758378260208,-160.82060859437823,40,1
E4,1365,200.73274676444015,-190.28715906622597,34,1
E4,1366,260.25522535597366,-201.6495135369791,53,1
E4,1367,227.32520851895652,-229.05381862091033,105,1
E4,1372,93.60199825330824,-320.4328422263789,55,2
E4,1374,149.4045036955774,-328.0021856244955,48,2
E4,1378,351.89105328648367,-381.85079246287455,44,1
E4,1379,5.754012266815885,-387.9566443945436,31,2
E4,1380,280.5161588459306,-392.5835834702223,84,2
E4,1381,388.519931124531,-406.0096886847151,64,2
E4,1386,172.76892876084102,-445.8680282574212,67,2
E4,1388,343.77309450706804,-454.86458279619427,24,1
E4,1389,182.785939701798,-16.625785646837993,29,1
E4,1390,173.21616742814842,-473.9332489867264,77,2
E4,1391,212.52284706900983,-4.17138507318157,57,1
E4,1393,164.81754303834583,-32.41791972884816,48,1
E4,1395,227.48325042174224,-58.46008812456641,53,1
E4,1396,217.82259943819471,-91.96228176269956,80,3
E4,1397,323.589972037136,-77.94381379588685,33,2
E4,1398,236.15028312083555,-86.36408799576283,65,3
E4,1399,198.77787883849328,-97.7774700960538,51,2
E4,1401,200.8501163301294,-114.48876101404423,42,2
E4,1402,214.5229088084395,-123.40195067327872,86,2
E4,1403,287.23934188687485,-134.15304036558632,95,4
E4,1406,273.1146081154532,-222.1793415764064,73,3
E4,1407,86.91838708877437,-246.12110003046652,88,2
E4,1409,474.40732401908025,-263.2266155054804,51,2
E4,1410,130.13290584791443,-276.51553657165806,31,2
E4,1418,416.8547165876741,-404.19380624105474,35,1
E4,1419,332.38583786577357,-427.9505668861104,57,2
E4,1421,313.5304345510408,-510.30825363542624,26,1
E4,1422,221.25218215354772,-55.909707459873026,82,4
E4,1426,175.79515050999038,-21.643138299549182,40,1
E4,1428,307.0739146657422,-117.82290717228426,44,1
E4,1430,181.54165651000844,-176.3679085834148,71,2
E4,1438,183.6178705148995,-292.15075716691956,72,3
E4,1442,142.22959125658394,-328.8804789845952,42,2
E4,1446,272.4152237028374,-402.93996669530304,42,4
E4,1450,223.8587235128006,-106.80371981607004,69,2
E4,1451,393.3262480447026,-154.49567637513803,26,1
E4,1452,208.2033163466221,-176.51917246334747,29,1
E4,1454,160.32170650579462,-234.49560849608773,46,1
E4,1455,503.7536136188188,-245.76474923846828,68,1
E4,1463,507.9933978854336,-344.96020749342773,26,1
E4,1465,506.14421518100517,-330.07832918772226,40,1
E4,1468,320.4340677736978,-377.57162929267935,47,1
E4,1471,4.77868867273393,-366.14001989396206,83,5
E4,1472,306.1865689364597,-396.9389173164161,30,2
E4,1474,240.27245112544887,-416.37286427763013,20,2
E4,1475,378.1183421234531,-419.67621443351635,57,1
E4,1476,290.8201622274497,-417.65475037123826,37,1
E4,1477,231.66169562970353,-454.24642138641565,28,1
E4,1481,197.4123091092576,-51.75421704495413,70,1
E4,1490,482.0279686444725,-249.5588053615757,76,3
E4,1491,153.30550674284862,-246.64869682981904,61,2
E4,1492,470.47573815718306,-278.0234608907948,77,2
E4,1494,142.78955727405105,-300.39342356477925,42,2
E4,1495,116.04725788635412,-307.1658266765478,59,2
E4,1496,98.84067122475312,-310.58486921487594,60,3
E4,1497,234.84166224174456,-313.6720670195524,53,3
E4,1502,130.5552086845171,-383.22998815758115,54,2
E4,1505,143.5636541683189,-404.7639579671592,28,1
E4,1510,244.62419003570395,-429.68605357863066,68,2
E4,1512,203.49576722677085,-29.4811929871485,46,1
E4,1513,207.29219025380047,-45.1433623324529,56,1
E4,1522,242.4284627301056,-281.775500946099,92,2
E4,1524,468.3095261030593,-290.64014396869214,28,1
E4,1530,279.608656755586,-401.5665782584267,75,3
E4,1534,209.1080884827222,-19.46564118068119,107,3
E4,1539,233.9617518444981,-136.42956325979998,44,2
E4,1540,377.37110766686095,-152.96999148526132,73,2
E4,1547,497.9706805100918,-251.50474076953034,48,1
E4,1548,481.98085607857416,-275.07432381241415,47,1
E4,1549,85.21851126433211,-285.13728856456663,70,2
E4,1550,123.6731109849257,-290.8736433054691,81,4
E4,1552,477.12896154035735,-322.32257238959954,29,2
E4,1560,303.99666974657003,-439.1457876896099,17,1
E4,1562,321.17086273967595,-502.74772016091606,73,2
E4,1568,205.3953861708145,-139.52743625262818,99,6
E4,1575,151.76167906271718,-253.2550656015204,62,2
E4,1577,176.15989119502086,-277.3976584883321,60,2
E4,1578,74.89976801052083,-302.7196647880285,65,3
E4,1579,491.5114467412856,-319.40211365923943,71,2
E4,1580,120.4680419153235,-329.2297562821383,55,3
E4,1583,470.8687736119829,-371.36889271809076,26,1
E4,1584,331.0404077238369,-386.94119169984583,35,1
E4,1588,185.13648848744586,-60.13567089655074,26,1
E4,1590,389.61367089545547,-62.68852645046204,71,2
E4,1594,315.34148073882835,-99.69157279643484,60,3
E4,1600,501.9516221166295,-246.88080254575786,68,1
E4,1601,53.62915412698694,-245.6932571472497,58,2
E4,1602,123.5405360940887,-253.00186567359074,42,2
E4,1604,200.57511678087874,-272.23916820816396,62,1
E4,1607,115.85579029209981,-289.768395908837,126,7
E4,1611,483.7588174275743,-330.4536353806378,66,1
E4,1612,399.12067296679913,-358.20184179034845,52,2
E4,1614,317.6363046251915,-387.97103594117783,42,1
E4,1616,347.1726798434326,-426.14310138729206,53,2
E4,1617,261.9597661054513,-428.32284237648213,61,3
E4,1618,335.0504090833085,-420.6723600894579,98,3
E4,1625,187.92541020600822,-204.91898693565093,121,2
E4,1626,78.27441626446466,-238.9211289503792,70,2
E4,1628,103.30837487589822,-248.9522779863628,34,2
E4,1629,88.58032399460132,-252.64512556943444,62,1
E4,1630,92.48864947854452,-255.5317460547954,42,1
E4,1634,68.14495303161495,-300.2712241518928,54,1
E4,1635,432.6887800665727,-317.5435848514493,74,2
E4,1636,225.5419877441245,-322.86969645224093,62,2
E4,1637,232.46726732543098,-318.5655313405474,65,4
E4,1642,491.04229671933086,-350.4133174124397,37,1
E4,1644,9.921819692254859,-362.08926347039335,87,3
E4,1647,351.2744125757648,-421.1255898743979,60,3
E4,1650,334.4443873698162,-504.9045459989581,82,1
E4,1651,218.95788300021155,-34.64993634672004,54,1
E4,1661,65.48465395516247,-263.01922905342434,62,3
E4,1663,61.568528845632144,-273.79995183682956,51,1
E4,1671,147.5123985538673,-385.8004506320587,87,2
E4,1676,480.03666006645034,-3.732310524021257,88,2
E4,1678,200.93898573981357,-92.44453393283464,66,2
E4,1680,184.19434406214523,-154.06988773875298,51,2
E4,1681,81.17573466869072,-169.6642116972392,49,1
E4,1682,182.06457895548573,-168.72345562675892,38,2
E4,1686,105.25074303807764,-265.60243292978635,49,1
E4,1688,77.83226824501133,-292.4275980411352,52,2
E4,1690,222.74999982999495,-336.77528321871273,58,2
E4,1691,258.3579706621513,-393.4399999254885,73,2
E4,1693,156.6535276330314,-453.1243418946904,16,1
E4,1695,238.5519392347372,-166.81805876026274,106,3
E4,1699,109.16903634346765,-272.52989725393763,36,1
E4,1702,103.35543309067586,-296.61984169097457,75,2
E4,1703,213.47277553387852,-292.9113459352125,49,1
E4,1705,99.82999023615612,-310.20695304527516,56,1
E4,1706,207.37338516092458,-323.8081622043732,29,1
E4,1707,496.21155866394304,-333.436013026427,54,3
E4,1714,180.91939688951985,-218.96122656555474,38,2
E4,1715,178.37051386210314,-233.20888813558742,105,4
E4,1721,434.1779649970428,-362.8245094364879,37,1
E4,1722,417.1593986580541,-369.0708027170736,65,3
E4,1723,244.35006130732918,-395.17111542956656,53,2
E4,1725,334.68602453687913,-442.7821991010119,50,1
E4,1729,59.979284171851035,-211.16121125765952,69,3
E4,1731,482.5407014401785,-264.4603479215542,38,2
E4,1734,212.10726080026987,-310.37028834608003,62,2
E4,1737,255.90924903382012,-459.30114376902327,32,1
E4,1740,301.84991572553196,-153.61631254897787,44,2
E4,1746,67.47781342578959,-204.58044489577082,64,1
E4,1748,181.6829911536329,-226.74066831141855,42,2
E4,1749,92.45742376031548,-277.90849761965404,62,2
E4,1754,224.24351188641722,-343.63165102007866,27,1
E4,1759,165.8483334776232,-11.896976652725126,103,1
E4,1761,120.46812157826554,-208.29200163895888,37,1
E4,1763,214.63098010171257,-289.4854589657786,34,1
E4,1768,417.5632935708376,-196.28553921027853,19,1
E4,1769,497.5752436896553,-248.68181298474678,54,1
E4,1773,489.4620404728518,-275.4911153002141,80,4
E4,1786,506.1432993212216,-307.3957562123373,121,3
E4,1787,222.50316340899832,-329.81872019946877,40,1
E4,1791,200.6342444715862,-471.8581442995475,40,1
E4,1795,447.219764038411,-280.8999222733172,32,1
E4,1796,93.45799810598878,-320.9946794009574,45,1
E4,1801,97.50769601372423,-247.74175347660835,67,1
E4,1804,171.6589007911728,-432.4504624048332,32,2
E4,1811,424.5496877071021,-235.8883471796589,60,2
E4,1814,227.78553325405903,-309.3594027261578,58,2
E4,1815,467.6797171648101,-319.667434859707,61,2
E4,1818,426.70843288115674,-375.27384586329265,80,4
E4,1821,187.05544453130216,-91.57776891570204,40,1
E4,1828,139.49354205679893,-285.6294512419397,48,1
E4,1836,129.93105897599958,-406.7940031302069,37,2
E4,1840,170.9476722359109,-433.0176130205576,45,2
E4,1843,177.98249088787793,-211.66189853172006,114,1
E4,1846,377.57797189960394,-393.8538790243714,49,1
E4,1853,228.57746280191606,-296.13025842896724,32,2
E4,1856,158.31939595919366,-451.889413727567,75,2
E4,1861,248.65908399444783,-252.89809721847413,73,1
E4,1862,91.74420782212155,-256.15928463998057,60,2
E4,1863,442.597669247457,-322.4988116905162,32,1
E4,1864,391.4257084475457,-391.2367031303208,49,2
E4,1870,46.86812937825562,-245.5670975941246,31,1
E4,1873,409.9740387682749,-288.6990287029813,87,1
E4,1874,37.6966788482936,-302.56666921420833,54,2
E4,1875,188.48493334870662,-469.9398938492797,96,2
E4,1876,82.29551692734239,-137.8736117711266,36,1
E4,1880,57.47339908531967,-246.26100616388683,54,2
E4,1881,109.93314721326969,-308.7080436670562,48,1
E4,1885,447.71527534985285,-399.9171355689498,48,2
E4,1887,180.4547787055995,-420.6847525998982,63,1
E4,1890,211.40091881565968,-88.63634719222965,44,1
E4,1891,198.70654210411996,-99.7534620434104,51,1
E4,1894,207.4084647935587,-220.9501979917516,48,2
E4,1896,418.25718698088895,-299.34968894261885,107,3
E4,1901,161.66603108770968,-438.4727162830474,49,1
E4,1905,203.0678029193389,-148.2721046912098,65,2
E4,1906,200.81958324116405,-155.5303444769772,87,3
E4,1907,272.2684451774091,-221.71329224917397,33,2
E4,1909,409.5824856395475,-268.4573317820754,112,2
E4,1911,91.64288733467731,-328.98267891338423,68,1
E4,1915,150.24472487597814,-392.7404172658286,33,1
E4,1916,314.19435456104384,-381.01942682461316,74,3
E4,1917,143.0599079709643,-444.1797224271468,35,1
E4,1920,130.1904217478123,-248.50081130287091,64,3
E4,1922,118.73110953630852,-307.8593174845272,42,1
E4,1925,154.15411916758381,-397.8713195210327,28,1
E4,1927,374.9280666623566,-419.14679116472763,56,3
E4,1928,167.07488759810192,-428.1592783786146,68,3
E4,1932,227.32803779997633,-112.09370147544199,58,2
E4,1933,305.4490479976158,-118.54386592247448,36,2
E4,1938,447.561696874372,-280.251638777841,24,1
E4,1939,501.5205050599905,-331.0339664426515,40,1
E4,1940,471.0594730033353,-371.640838966461,33,1
E4,1942,319.04023630546214,-420.4203215507855,66,1
E4,1943,190.75962999428626,-462.90026626063286,85,2
E4,1949,429.7947797174299,-246.9076616202278,27,1
E4,1953,117.8629694447888,-316.40863485445493,58,4
E4,1956,374.3650002638271,-395.88510810663047,51,1
E4,1958,328.68661781146267,-82.5115494396383,109,1
E4,1966,179.38248080099171,-72.56216946742778,30,1
E4,1967,283.6183097606646,-135.16597770758213,38,2
E4,1970,475.07713897509893,-247.7362176136605,49,3
E4,1975,194.0160787925079,-176.97646604193451,31,2
E4,1980,375.9545035586027,-368.59233270367133,44,1
E4,1982,12.200059867604052,-370.1261282779145,45,1
E4,1988,231.3008830694083,-73.06012333944258,106,2
E4,1993,434.40215421849666,-252.3978581110996,88,3
E4,1994,61.75686438918952,-256.4585907509522,96,4
E4,1996,116.45213381281118,-264.6337327795513,55,2
E4,1997,117.26342800923966,-276.1771908284908,63,2
E4,1998,100.8441466903661,-275.09947247775204,74,1
E4,2001,190.6321292340804,-294.4450931065894,41,1
E4,2003,95.70440374514509,-306.55298033283333,35,1
E4,2006,474.577351131545,-331.8990096364528,59,3
E4,2013,56.42842368795808,-232.5909656294239,35,2
E4,2014,141.71958120841035,-258.69797213992877,61,1
E4,2015,64.46044998569576,-262.943188711385,59,2
E4,2018,233.32875757468653,-316.05708995027095,18,2
E4,2019,122.68162268802091,-385.9154453105219,50,2
E4,2020,361.00404632051215,-404.0251310309021,72,1
E4,2023,324.0167559997825,-489.44437585981825,26,2
E4,2025,61.598824724229054,-201.51860781204545,81,2
E4,2028,219.36986654486074,-417.34737908983016,84,1
E4,2029,206.7193418825926,-440.0343208751745,48,3
E4,2033,476.2862194961957,-259.69640591240477,26,1
E4,2040,79.09015069232102,-153.783015259827,23,1
E4,2041,441.3492135111295,-186.97872499330742,43,2
E4,2045,214.7066770446913,-311.8194904888403,26,1
E4,2046,121.66976438747051,-356.393845073384,29,2
E4,2047,381.3364366455851,-373.9054055144177,55,2
E4,2048,131.54902641875378,-405.48094872749414,73,2
E4,2050,140.96808086612705,-242.43248683284418,61,2
E4,2051,449.01616768332786,-328.3655922983137,36,2
E4,2053,108.76831085651875,-320.5836129174393,35,2
E4,2065,175.159824678771,-430.0769485102379,25,2
E4,2070,134.5742116115741,-290.8130965813529,58,2
E4,2081,236.6068659569987,-195.92730921858046,34,2
E4,2082,219.529012319092,-298.0689864547781,30,1
E4,2086,165.59009091258724,-281.26040064196485,62,3
E4,2087,428.30811792630885,-372.98433365978985,88,3
E4,2090,397.8624031743669,-396.9729345971117,52,2
E4,2096,152.2585345911379,-320.8826445341066,51,1
E4,2101,413.59759529542015,-414.9635863194723,36,1
E4,2104,232.61001522950625,-211.02851921535463,21,1
E4,2109,70.72124082673335,-317.19239454996455,69,2
E4,2110,160.3888683684529,-319.4868109487959,37,2
E4,2112,150.22230081346984,-327.57441126096586,28,1
E4,2113,448.7321154799048,-399.07414594528734,38,2
E4,2118,65.36458992422632,-230.06250151061008,15,1
E4,2121,376.3094792532074,-392.5981411699659,28,1
E4,2124,487.495617092851,-0.7362710395788549,37,1
E4,2133,403.39724686251895,-404.16204594754,32,1
E4,2146,323.14635981128777,-78.67672806873105,31,2
E4,2149,420.7914050961868,-414.8042060288053,77,3
E4,2156,505.8170339020264,-286.65265953971846,31,2
E4,2168,154.81265829749537,-397.7392898338218,21,1
E4,2169,253.90491958882663,-447.82772237158395,43,1
E4,2177,508.9827009494795,-292.75554963102604,30,1
E4,2178,121.87603023573985,-306.7635195529405,44,2
E4,2181,186.78330379767175,-60.44911057059304,64,2
E4,2183,496.81577589470436,-283.2819314528114,66,4
E4,2187,215.0006704114876,-119.92190234233543,50,2
E4,2189,269.0930198438852,-429.94582775941456,46,2
E4,2194,225.18839041354522,-302.8909978211346,48,3
E4,2197,208.50848056278826,-442.5328901689294,49,2
E4,2198,268.16296471842855,-428.0034024645003,27,2
E4,2206,98.6930653283733,-255.08221863439067,28,1
E4,2207,63.137129611225475,-263.221876081708,49,2
E4,2209,81.42417047473981,-270.4146343530518,60,2
E4,2210,468.152783718046,-278.541422118206,29,1
E4,2211,495.602564904774,-312.57819550952814,41,2
E4,2213,114.5570356205465,-322.5349427133219,43,3
E4,2214,221.65918872999865,-323.44162854759946,43,2
E4,2218,186.6540385299062,-306.23012644783523,18,1
E4,2219,206.611890753925,-323.5778074888479,33,1
E4,2220,350.5437741175222,-421.0342376885737,27,1
E4,2223,63.14763320568723,-205.9369660279417,31,1
E4,2225,97.91732577131943,-25.212440710352805,22,1
E4,2228,489.05581151203904,-276.01413383069905,33,1
E4,2229,360.150056689891,-499.32642715407803,31,1
E4,2278,138.43866551043305,-242.3937971412017,27,2
E4,2284,485.3332933925565,-368.346528861975,38,1
E4,2291,481.662899516546,-331.05835360867525,30,1
E4,2298,170.81646611019588,-459.94601954762976,50,2
E4,2307,447.67544201250615,-247.490905736787,37,2
E4,2310,450.18981772598755,-399.3558215999208,35,1
E4,2313,180.46396141356556,-456.8856130025961,36,1
E4,2325,145.7475541695999,-404.22575261369883,24,1
E4,2327,174.14260723308772,-445.37503255620567,28,1
E4,2333,232.20680262510805,-266.34930931261596,20,1
E4,2355,250.00015560252103,-91.9543563733716,30,1
E4,2367,173.02602076399506,-468.10232456839753,36,2
E4,2370,133.06509650679348,-239.90725918902908,23,1
E4,2372,500.4620076427501,-284.4447623300439,36,2
E4,2373,57.810164768277495,-311.7541702315758,43,1
E4,2375,222.20134990478883,-316.4145933063707,30,2
E4,2377,434.929659325374,-369.7769548461305,23,1
E4,2378,418.5876446379362,-408.3240160981332,38,2
E4,2380,338.28576684464815,-428.55911599309087,33,1
E4,2387,367.5246148687301,-485.6584964999044,34,2
E4,2392,60.451430680287245,-263.5001823032199,21,1
E4,2393,207.55205313839087,-442.2722630385587,22,1
E4,2397,244.19052606956438,-395.7715146309024,24,1
E4,2407,208.76415581049366,-79.13915180871018,22,1
E4,2416,338.0087183898798,-386.91649345949475,23,1
E4,2433,505.2257348082164,-349.8702954796143,18,1
E4,2438,315.34685269321113,-99.97716092375234,27,1
E4,2448,223.16620881104237,-96.28720643983452,25,1
E4,2455,318.45415812356373,-85.52720464372726,21,2
E4,2470,202.77303912969907,-148.4073492255665,19,2
E4,2478,204.7649068022923,-141.1264511505285,17,2
E4,2487,437.38748969875076,-240.09177575472242,16,2
E5,0,315.1572113139272,-70.98929769308866,150,3
E5,1,371.1369471545649,-70.25337726196727,148,3
E5,2,322.9300310132273,-68.58514920486462,149,4
E5,3,359.41460872365974,-70.9443603659793,150,4
E5,4,337.65972686780214,-68.28776501898831,150,4
E5,5,331.02764594109493,-65.4204815118249,126,3
E5,6,293.7073725687298,-128.43185761369335,150,1
E5,7,353.1629891821974,-127.59446848966664,150,3
E5,8,279.5020908280798,-126.20488354275246,150,2
E5,9,388.1530510896627,-125.86830704466423,150,4
E5,10,371.6434122926901,-126.2675916774818,150,2
E5,11,342.4199039256856,-123.9697313826391,61,2
E5,12,251.47561719233352,-126.65870810298225,149,3
E5,13,328.63776921141323,-126.09699804758252,64,3
E5,14,228.4325210722398,-124.72669337725068,150,2
E5,15,347.83395989963327,-123.30327687196676,150,3
E5,16,344.8838752269306,-129.5793114970816,109,4
E5,17,299.8807456691214,-130.7923469287669,150,2
E5,18,239.6328397424992,-133.04235569295193,116,3
E5,19,315.5150578860873,-126.68176937296678,54,3
E5,20,221.63045890772318,-129.09975199611196,150,2
E5,21,386.17310571156787,-132.94549178559194,127,2
E5,22,378.5022669386706,-93.48123808646591,147,3
E5,23,285.23881938971795,-94.09181405392631,150,3
E5,24,359.2816392511366,-91.96331056875546,150,3
E5,25,338.3571752911186,-87.61777704397825,48,1
E5,26,314.65745949418573,-92.15564866088073,150,2
E5,27,276.0965071131197,-92.00170463592315,150,2
E5,28,353.0737272191131,-67.77575907593314,150,2
E5,29,346.02155343914274,-66.83340461780458,150,3
E5,30,339.3255065315564,-62.80359832917542,126,1
E5,31,330.1704512590168,-71.95000851596598,125,3
E5,32,355.09478947691883,-144.75400392861314,150,1
E5,33,281.99019656434376,-144.67237698732765,149,3
E5,34,269.77199827970423,-146.77856370711888,150,4
E5,35,394.25518801301627,-145.45851097450347,150,2
E5,36,340.84985387049,-142.86692997472568,148,3
E5,37,203.11170496478965,-143.78571461776042,150,2
E5,38,370.94321217861597,-141.80471449193902,150,2
E5,39,350.06793725821507,-142.61947884419914,150,2
E5,40,292.22657018583897,-142.2133071498309,150,3
E5,41,223.2071012038023,-144.92290606504375,150,5
E5,42,336.61559762551383,-140.76736586562558,150,2
E5,43,312.2305135100427,-140.3803065020823,150,2
E5,44,360.3617583443486,-139.0563044651435,150,2
E5,45,273.4134057704288,-138.97973058238716,150,2
E5,46,229.41586263607684,-141.57662751579784,127,2
E5,47,209.83070228655126,-139.30697735949767,150,2
E5,48,192.52387578492338,-152.95230939108748,150,2
E5,49,394.78052001683596,-152.36562147523074,150,2
E5,50,303.40672339950225,-150.5257332555794,150,2
E5,51,295.59576801881195,-149.4871070159618,37,2
E5,52,366.7167434773201,-150.06539150395488,120,2
E5,53,348.76495712132436,-149.48983743627275,150,3
E5,54,337.4000569124975,-149.39374224079734,150,2
E5,55,409.5267898408429,-147.64731190790758,147,3
E5,56,287.5124466426051,-150.22541175374965,150,4
E5,57,237.15278794852512,-148.54112249508555,150,2
E5,58,198.43550873958003,-148.7958514333005,150,2
E5,59,215.8411379747573,-151.4298544325847,122,3
E5,60,321.6800567253001,-145.3510238548817,150,3
E5,61,308.5774174161185,-146.1235227325442,150,2
E5,62,253.43643080116473,-146.15201630932884,150,3
E5,64,201.73123774615092,-160.42511401124796,134,4
E5,65,358.76168241450836,-159.07629682048744,112,2
E5,66,345.5190322235034,-155.8393292971853,92,2
E5,67,300.52286422467733,-155.5393248530227,150,2
E5,68,186.74176196722527,-157.17656476047716,150,2
E5,69,208.5082103465287,-157.18905373786603,150,4
E5,70,409.62492023179914,-153.60424248274768,92,2
E5,71,366.16556857925406,-155.6013707022287,140,4
E5,73,331.41608826177156,-153.1051670750341,150,2
E5,74,274.183402455052,-153.3022825943205,133,3
E5,75,265.4909692921018,-153.71713556694914,150,2
E5,76,252.85552855178858,-152.96707465075875,150,2
E5,77,232.86370494328483,-153.62882936674322,150,2
E5,78,279.01348035947257,-151.4718314117606,150,3
E5,79,318.51148624023574,-151.24776637569474,150,2
E5,80,362.2029953612241,-162.89142041438774,150,4
E5,81,194.84899448320232,-163.64166619384528,50,2
E5,83,181.10829437175022,-161.7200336226042,150,2
E5,84,339.48806837433784,-161.14966490820999,150,3
E5,85,295.45659557589477,-160.47874022803458,150,3
E5,86,230.9207359553483,-160.59196675108626,136,2
E5,87,395.5909184059473,-159.30811106143722,150,3
E5,88,372.2299455689493,-158.90252441046587,109,2
E5,89,356.0860831197717,-161.4257005439166,94,3
E5,90,276.15312310580737,-159.3400694176811,150,2
E5,91,251.15150565733217,-159.35891553906905,150,2
E5,92,239.65289222307308,-158.86375026497217,144,3
E5,93,316.64466770880745,-158.2445568136644,150,2
E5,94,283.03311762264923,-158.1732555360663,150,3
E5,95,262.3739024821384,-159.49462386368262,138,2
E5,96,386.9251490120594,-165.5755627823038,106,3
E5,97,378.9105056010225,-165.48585078746257,150,3
E5,98,370.9857513297378,-165.78670629857754,150,3
E5,99,335.24929929294404,-167.18874294108642,150,3
E5,100,238.04805895778836,-166.355889194846,150,3
E5,101,228.46064902906164,-167.10287663670925,150,3
E5,102,191.38068055634037,-169.34203640187047,150,4
E5,103,324.98728800565686,-164.69307281106154,150,2
E5,104,315.2883101896826,-165.33434963176586,150,2
E5,105,289.62695221036466,-163.9340202090575,42,1
E5,106,248.35725886294452,-165.37847009011162,150,2
E5,107,175.82363950506527,-166.93514518106232,143,2
E5,108,396.9615022646706,-166.02583039716566,124,2
E5,109,348.4809810672209,-164.91183458568088,145,1
E5,110,282.3833399078601,-165.09386622120695,150,2
E5,111,258.0753230860628,-164.91820672569213,150,2
E5,112,364.5463351893951,-170.5232210357637,150,2
E5,113,331.15178247150413,-172.71404321817528,123,2
E5,114,279.96380633512894,-171.08547690135185,150,2
E5,115,246.55034956628822,-172.10948024882907,150,2
E5,116,224.71643420717794,-172.72893512861785,150,2
E5,117,189.08982996166506,-176.21574181320602,42,2
E5,118,255.74571180841758,-171.09158496010104,150,2
E5,119,207.15819249723145,-171.05076977324907,150,2
E5,120,345.4674581053653,-170.94452469730706,150,2
E5,121,312.5113161473794,-171.12035470780185,150,2
E5,123,356.7284374880812,-168.67768859919772,144,2
E5,124,169.3158502115081,-170.7155974779305,137,3
E5,125,411.6505641341615,-165.7678976687543,148,2
E5,126,274.2644248717704,-166.81251442872573,150,2
E5,127,197.1540658245654,-165.39042921203497,102,3
E5,128,220.40232205949565,-177.92612569315583,150,2
E5,129,363.88080993601636,-177.01030628504006,112,1
E5,130,308.2456783705437,-176.5952177936033,150,3
E5,131,253.05589567820334,-177.35094786100115,150,2
E5,132,343.9796330441523,-177.94923285735325,150,2
E5,133,183.66773940763903,-180.46015822020237,150,3
E5,134,295.3630001698853,-174.35666708186213,150,1
E5,135,163.83860608477823,-175.99567175120018,150,2
E5,136,354.81395840881936,-175.6141903916565,150,2
E5,137,316.3713207621277,-174.0956509341477,77,2
E5,138,272.40009576277845,-173.84893869055836,150,2
E5,139,238.21071896858734,-173.53585026521327,148,2
E5,140,412.6244760679068,-172.54453684031682,150,1
E5,141,385.25939192351643,-174.82783103933818,87,3
E5,142,397.4092819986784,-173.19697568997495,150,3
E5,143,371.19547078087993,-171.71540430309028,150,2
E5,144,263.41487835276894,-184.04005542958637,150,3
E5,145,248.8737991629316,-182.57160030018156,150,2
E5,146,294.8467019067691,-181.40240665857058,144,2
E5,147,236.01504565309781,-180.44532163699336,150,2
E5,148,177.70422217345606,-184.22116603445903,150,2
E5,149,159.04769318260853,-181.3784643922707,150,2
E5,150,315.61907404357163,-180.77136988233391,150,3
E5,151,372.25637778256475,-178.65683334922156,150,2
E5,152,335.4055239731186,-179.60375305365622,150,1
E5,153,301.06331636166294,-179.32111880317493,150,2
E5,154,268.7782671102387,-179.40805475981213,150,2
E5,155,244.0112263541708,-179.02930162952654,150,2
E5,156,210.05380128180198,-178.19955286769382,150,3
E5,157,397.8991170635079,-180.9604182184422,150,2
E5,158,326.82235829695054,-178.12148273955032,150,2
E5,159,280.40171026780087,-178.51510017145657,150,2
E5,160,316.3261334182298,-187.79817543482642,150,3
E5,162,242.71501949358634,-186.43169647367372,150,3
E5,163,210.7248313230175,-186.50480820219533,150,3
E5,164,173.5253044073668,-189.60584478243405,146,4
E5,165,155.2624491912119,-186.8894737657035,150,2
E5,168,278.5588735786286,-185.31978257173492,150,3
E5,169,356.815894044911,-184.14759755436518,140,3
E5,170,341.0276770192256,-185.3252082258714,150,2
E5,171,351.46526468772964,-183.16298053653907,150,4
E5,172,305.03286170213914,-182.38674365919246,117,2
E5,173,217.6953739300692,-184.0317027089896,150,3
E5,174,329.96641269524315,-183.54466570876642,150,2
E5,175,321.8047776426781,-184.7803141242414,150,4
E5,176,151.61532178050277,-192.68954422187701,150,2
E5,177,333.87793118035626,-192.17930250895162,150,1
E5,178,164.22385854660874,-190.83384231118237,109,2
E5,179,389.09018987691036,-190.95595586324515,150,2
E5,180,341.1425619418752,-191.27693596038472,150,3
E5,181,346.7293117971834,-190.53766894755333,125,3
E5,182,326.73893835890453,-190.53684621420226,150,1
E5,183,302.8736370755474,-189.14512448306763,150,3
E5,184,291.598992116137,-190.3140980734881,150,2
E5,185,272.3039265716331,-188.0509454614022,51,3
E5,186,415.33129030363403,-186.98185496244832,66,1
E5,187,234.73876028226834,-188.8507659617672,150,2
E5,188,372.9877678294252,-186.41502705048404,150,1
E5,189,359.8034335413468,-188.51586663757192,89,3
E5,190,259.16655865857206,-189.28683380869,68,2
E5,191,400.64590104276834,-187.17256231927075,146,3
E5,192,396.24591529892746,-194.85329819947583,144,1
E5,193,353.1040332172959,-195.78477680218595,150,3
E5,194,298.6894338040161,-195.3434401324267,150,2
E5,195,273.50814410041704,-192.91360794774243,141,3
E5,196,257.11839580310556,-195.25997712689127,150,4
E5,197,242.34896194809096,-193.68104273050906,150,2
E5,198,167.5382810142797,-193.57466458692596,44,2
E5,199,159.55642269119164,-194.30491467635372,136,3
E5,200,405.2708328459241,-193.88376909191808,144,3
E5,201,265.4694656762345,-192.74157133033165,149,3
E5,202,229.36528484384777,-193.4775109519175,66,2
E5,203,207.9706028023935,-192.78122971715325,135,2
E5,204,412.7632087782038,-192.48844950408,150,2
E5,205,310.6381926636044,-193.04736293116835,150,3
E5,206,281.8945168388218,-194.51239728576473,150,2
E5,207,217.85456759184996,-191.71381151914792,150,2
E5,209,347.22596939589954,-199.14349633462427,150,1
E5,211,163.6621477012992,-199.22805674139522,148,5
E5,212,150.55113062873284,-199.34802084573997,150,2
E5,213,340.07663833404575,-198.3228337203308,150,2
E5,214,307.90220773119927,-199.2954141118678,135,3
E5,215,278.71441855968186,-200.43077079459505,150,2
E5,216,236.289288880527,-198.22975303749786,150,1
E5,217,223.9278243430034,-198.05631747256922,150,2
E5,218,214.7339748869582,-198.15210247101584,150,1
E5,219,144.8098910627135,-198.1421048163585,150,1
E5,220,386.812273519525,-197.39839367984766,150,2
E5,221,360.49915907615707,-195.90407287650993,46,3
E5,222,329.97959751894484,-198.0246416696081,150,2
E5,223,203.03893143756505,-197.39806836427954,150,2
E5,225,334.0512835386368,-203.7513247424398,150,2
E5,226,325.53963728326596,-203.63789788177695,150,2
E5,227,199.96754128944508,-203.49566303848943,150,2
E5,228,190.03924124201984,-203.1211641909459,143,1
E5,229,176.48148560367073,-203.12023430451012,134,2
E5,230,403.63361198105724,-201.00868700985436,146,3
E5,232,256.2194982403549,-202.24580036934188,116,5
E5,233,167.0001531405708,-201.4135537222445,67,2
E5,234,244.07663334182575,-200.19807318569312,148,2
E5,235,155.83653082859684,-200.53164950536745,63,2
E5,237,294.3776980136228,-201.00008716205804,150,2
E5,238,272.248628390756,-202.80963370340677,150,2
E5,239,263.35527180771095,-200.07850011454525,150,2
E5,240,321.39901231395675,-209.6070624343914,150,3
E5,241,259.21761984086805,-210.24888542080467,37,2
E5,242,245.7388448460063,-206.92613154218412,150,2
E5,243,308.92015934579376,-206.17559849274693,142,2
E5,244,269.2341421296169,-210.0277852438498,150,2
E5,245,171.15968307165625,-206.85606201987906,150,2
E5,246,140.38527280901926,-205.29193212013328,150,3
E5,247,342.24770830816857,-205.19750636877293,150,2
E5,248,289.8554927236786,-206.5268270829813,150,2
E5,249,213.39142033870036,-205.61228654356967,144,3
E5,250,161.53596150461243,-205.68093320937228,150,2
E5,251,147.4885611041358,-205.24928968241628,150,2
E5,252,386.59129290558747,-204.13907117454934,150,2
E5,253,303.1084244981721,-205.43695204889357,148,3
E5,254,235.47937906356123,-204.84526274113213,89,2
E5,255,219.5561695758197,-205.46063410619726,141,4
E5,256,233.95862789745104,-211.15884313247403,150,2
E5,257,224.80854173192787,-211.28257035839613,150,2
E5,258,210.7519127224409,-211.14483254194323,150,2
E5,259,156.56115951615706,-211.20341901551762,150,2
E5,262,220.6897008021633,-209.7593010710051,22,1
E5,263,397.7536023578474,-208.37798109516234,86,1
E5,264,361.95581931695165,-208.83705999360498,150,2
E5,265,196.64049643603198,-209.23924823057402,149,2
E5,266,191.27017763724763,-209.45290979174888,140,2
E5,267,183.47524329329195,-208.59873141415287,150,2
E5,268,132.79015991772633,-211.0488888024155,77,4
E5,270,403.55964146131004,-208.48007975733373,105,2
E5,271,328.6508444563931,-208.545801525481,150,3
E5,272,195.67818523078117,-216.00515256539842,150,3
E5,273,252.12065838876717,-214.427475974573,114,3
E5,274,244.07042065283835,-213.6846204078646,144,4
E5,275,368.39199423364715,-213.6187253995099,150,1
E5,276,190.42533219277126,-214.70716112242283,150,3
E5,277,344.4586353657289,-213.64287775595872,137,3
E5,278,307.99072252167963,-214.46036680385004,150,2
E5,279,286.77268487428796,-212.5640142706456,150,2
E5,280,204.14975718312027,-212.97284283860068,150,2
E5,281,167.74443581276444,-212.35844247608668,150,2
E5,282,145.2414272717254,-211.6976692066466,150,2
E5,283,136.97897333844145,-211.8803734581594,126,3
E5,284,385.88616583350233,-210.8366694875984,150,2
E5,285,336.24190132555503,-210.74871686957033,131,3
E5,286,314.3926032693324,-212.21216770940617,150,2
E5,287,299.3062335640406,-212.68878017339475,53,2
E5,288,150.2305781139154,-219.7194161781436,145,2
E5,289,143.0184275316277,-218.13961456244954,150,2
E5,290,132.32273117557088,-218.77443866515472,32,1
E5,291,384.62702049364754,-217.7720187581987,150,2
E5,292,337.9111455867797,-217.4590461636599,150,3
E5,293,325.46263532180757,-216.49358648687405,137,3
E5,294,293.45691320676076,-216.54412416253976,149,2
E5,295,283.02210508023916,-218.00587386990384,150,3
E5,296,258.24643045837087,-217.89278642096284,150,3
E5,297,237.06011575948907,-216.66799461108457,150,2
E5,298,231.49227454089672,-217.46609903191845,150,2
E5,299,401.6653573111167,-215.45533038538838,150,3
E5,300,358.5863017244867,-215.25921924742408,145,2
E5,301,349.53262842248694,-216.02132569951192,133,2
E5,302,330.8579021644085,-215.98442569264307,133,2
E5,303,266.3140156006193,-216.30994266796526,136,3
E5,304,403.3342887316574,-222.6061048761847,149,2
E5,305,395.67185957618256,-222.88422432535964,147,2
E5,306,329.82829080463347,-222.5558921597452,150,4
E5,307,281.2974997460479,-224.79995425643585,47,2
E5,308,254.10829873389594,-222.88442586548638,147,2
E5,309,229.30361914444643,-224.08139291541963,150,2
E5,310,197.5817502282512,-224.20330468039202,86,2
E5,311,363.5356146323583,-220.64267049629117,48,1
E5,312,246.63341177857558,-220.31850333566072,140,3
E5,313,370.4050652129494,-220.1478283764428,150,2
E5,314,242.97678828876477,-219.8287386055166,42,2
E5,315,191.36455342935753,-221.40898891437877,150,4
E5,316,201.9736151427904,-219.9556701763033,150,5
E5,317,302.39642942382966,-218.8513759039362,140,2
E5,318,208.41659602670265,-218.00378934690087,150,4
E5,319,165.39793917798428,-218.3996971308833,150,2
E5,320,241.41878149356043,-227.73114020072413,150,3
E5,321,171.34053746746338,-227.07177440040294,150,3
E5,322,211.33332619004543,-225.54951546686019,150,2
E5,323,270.97237849732034,-225.8831498041255,150,2
E5,324,202.56613968512644,-226.45758245754513,104,4
E5,325,185.44303778654594,-225.6558777240307,150,3
E5,326,163.73043787184784,-224.890112322929,150,2
E5,327,129.57788080304522,-226.1744782645361,150,1
E5,328,383.1818265415065,-225.2983652691638,150,2
E5,329,351.6696316453988,-223.2917676735696,147,2
E5,330,319.8942823006107,-223.96202219006915,150,3
E5,331,306.6342911632612,-223.95540369181066,140,1
E5,332,298.3669971489033,-224.37732073955834,150,2
E5,333,222.60698409216292,-223.53283330719387,135,2
E5,334,178.77089493443916,-223.20695396625456,149,3
E5,335,141.75420095150574,-225.81770307281676,150,3
E5,336,269.097040993641,-231.5197303361615,150,1
E5,337,235.73720189179537,-230.80178755263816,150,2
E5,338,160.77291626275465,-230.62131219952124,141,1
E5,339,142.35814494359641,-233.29814347948573,130,3
E5,340,398.57383637227775,-230.18015267500638,76,2
E5,341,355.2471175527906,-229.64444994455204,150,2
E5,342,277.3308515086187,-230.42054500037912,150,3
E5,343,225.09243935230367,-229.38532920643866,150,2
E5,344,331.2933720926866,-229.29024402074035,150,3
E5,345,293.76172811803514,-229.12440274576917,150,2
E5,346,313.48564290687176,-227.85457374008274,150,2
E5,347,191.9801330718323,-228.08521301036134,150,4
E5,348,151.05294797505292,-227.79865121496076,150,3
E5,349,373.7607651394754,-226.36829635125923,150,3
E5,350,341.0232682212072,-227.59795061959755,150,2
E5,351,249.42475954048214,-227.57523467519016,150,2
E5,352,171.97621020666546,-236.7840203582286,150,3
E5,353,355.11458778117833,-235.4270100033796,150,3
E5,355,126.75746850588683,-237.21170607187324,102,2
E5,356,246.91318176210635,-234.0332581319627,150,2
E5,357,230.05346314317546,-234.5698349505285,150,2
E5,358,369.0484421242929,-232.9522005737353,149,2
E5,359,287.60596954826764,-233.47782077689072,150,2
E5,360,379.59251417626103,-232.5630439771137,150,3
E5,361,363.0273645088658,-232.14472464936546,146,1
E5,362,207.81123971451683,-232.02139177204586,150,3
E5,363,186.19428284212538,-231.606820074223,149,4
E5,364,181.2453496225491,-231.82237573588594,87,3
E5,365,166.20333793581992,-231.5127174457412,150,2
E5,366,128.8659804442097,-232.15782336822366,149,3
E5,367,346.3713193933725,-232.58797272155047,150,3
E5,369,303.9779343233751,-238.52942472455587,149,2
E5,370,392.33764597785273,-238.8902607348954,150,2
E5,371,376.7980767248211,-239.20268924403155,150,3
E5,372,284.73522656296547,-239.05448872114266,150,2
E5,373,235.08191756346926,-238.3155046142335,150,2
E5,374,210.25713794126628,-238.3415802167809,150,2
E5,375,191.93360478810973,-237.27259174059702,137,2
E5,376,401.62386615793486,-237.65522570051127,150,3
E5,377,326.5202979724046,-235.71098175701536,145,3
E5,378,199.43742102864195,-236.61548781144805,150,3
E5,379,160.0210916573178,-237.11833008036135,150,2
E5,380,137.4534339890716,-239.32739392869792,85,2
E5,381,331.6769887677791,-236.17879623315937,150,2
E5,382,274.93345293977205,-236.94537469904745,150,3
E5,383,223.1981954040568,-236.7802356475524,150,3
E5,384,164.59231801894654,-243.89203375319232,150,1
E5,385,135.1516854832648,-245.55079582170282,95,7
E5,386,353.259354049515,-242.49636301753213,118,2
E5,387,336.41316808207716,-242.2108585991288,145,1
E5,388,298.70349826949183,-242.97231157141658,51,1
E5,389,278.1667111136118,-243.56619208929095,135,2
E5,390,204.53178428342494,-243.71778158812492,150,2
E5,391,343.4794196763674,-240.59669096176972,143,2
E5,392,329.77933667145953,-242.7900927023279,150,2
E5,393,322.0801711583603,-241.02628321490354,139,2
E5,394,124.89184828304417,-244.51366846965757,150,3
E5,395,218.42204579881718,-241.26223941824927,150,2
E5,396,153.67792504030666,-240.85404352323468,149,1
E5,397,269.4597038840711,-241.81987358580582,150,2
E5,398,244.66076786122983,-240.37811441524303,150,3
E5,399,184.83320035078683,-239.63629794778325,81,1
E5,400,279.36665241096944,-249.76078071733244,150,3
E5,401,245.85162446619813,-247.90391644476315,150,4
E5,402,176.69718918390447,-248.23478851783992,150,1
E5,403,183.7271157411882,-247.19955844325813,150,2
E5,404,147.32228943377677,-247.00828747167722,150,4
E5,405,224.35681502547493,-246.45064946566865,150,2
E5,406,399.84334438917807,-244.87715797219914,150,2
E5,407,375.6721587481126,-245.65632344052847,18,1
E5,408,265.38921203568424,-247.325659782156,150,2
E5,409,238.8066699606604,-244.61657159583297,134,3
E5,410,390.002834072242,-245.73884200441205,150,2
E5,411,252.21626774725223,-243.67425852640875,150,2
E5,412,213.63474053165726,-246.18139191327967,150,2
E5,413,197.21325294288837,-243.61680255218985,150,4
E5,414,190.13284402735678,-244.62070246024606,150,3
E5,415,171.26795288594337,-244.21888942526493,150,2
E5,416,210.88824052960896,-252.67586771435006,150,2
E5,417,190.62612374638,-252.09221861139036,150,3
E5,419,133.53927211718675,-253.81084756412525,27,2
E5,420,387.8896136422724,-252.94246488882655,148,2
E5,422,288.3026001014058,-252.68842269180342,150,2
E5,423,197.2114315070765,-250.09974897959813,150,4
E5,424,234.73712395322266,-249.9879957951931,149,3
E5,425,169.0926999995396,-250.815526838784,150,2
E5,426,122.58216114522196,-251.5229531105705,150,2
E5,428,327.93157221505004,-249.35508128254966,150,2
E5,429,156.05833645591844,-248.46385896360076,150,3
E5,430,341.9635182102403,-247.7922214082042,150,4
E5,431,319.57989053756074,-247.62672939608586,150,2
E5,432,234.9048105504312,-257.7214966296408,147,3
E5,433,200.31697741039602,-256.41357549620415,31,1
E5,434,184.37011850981503,-255.44078610448952,150,3
E5,435,277.3805013576627,-257.44664211283543,150,3
E5,436,246.81086270618488,-254.91295440630398,139,2
E5,438,345.98329912989334,-254.3729660623491,150,2
E5,439,337.01209229167875,-253.99749531497815,150,2
E5,440,315.036235723837,-253.15429467691894,150,2
E5,441,241.25448283319565,-253.34544921027197,148,3
E5,442,222.12134475602522,-252.73823687318557,150,2
E5,443,150.85989968324762,-253.04362863081147,120,3
E5,444,397.9467637120993,-252.03100944508842,150,2
E5,445,368.31974203058934,-252.05701369106183,75,1
E5,446,260.9911593111287,-252.7673272561438,150,3
E5,448,260.18717119267984,-259.52405016817175,149,3
E5,449,221.17072554093684,-259.85398248522625,150,2
E5,450,190.39925473096534,-258.5687170840123,134,3
E5,451,179.49052080522384,-259.43942364317047,150,3
E5,452,132.2369968042387,-258.9298996792552,142,6
E5,453,385.4902285097429,-259.7612135635892,137,2
E5,454,309.4667522273438,-257.40846467514837,127,2
E5,455,209.49528844328862,-258.9076467118952,150,2
E5,456,120.92528549558298,-258.85060758198796,150,2
E5,457,373.26685836436144,-258.283777932427,150,3
E5,458,327.8919518671207,-256.45340285570614,150,2
E5,460,196.42017942711755,-256.6380090571547,45,2
E5,461,165.9913650691821,-257.1715216268561,150,3
E5,463,254.46986840603125,-257.6359242416301,150,3
E5,464,369.0901206783707,-264.4263496734089,117,3
E5,465,365.43514389869665,-264.1794986273756,123,3
E5,466,325.24862328524426,-262.9967451797796,150,2
E5,467,206.89123011624463,-264.795619611572,150,2
E5,468,193.61359518849954,-263.12121861180424,150,3
E5,469,162.79179367557902,-264.56360541155084,150,3
E5,470,303.98774426527103,-262.09574956665443,150,2
E5,471,275.25458344858373,-263.9548759461211,133,2
E5,472,186.0849057430237,-263.3212259639958,150,4
E5,473,334.5972862625394,-261.7007648512163,150,3
E5,474,248.08117896748556,-262.5312010451855,150,2
E5,475,230.35504915853633,-262.4462038479885,150,3
E5,476,396.0239739912184,-259.3610749608664,148,2
E5,477,341.15543397785905,-259.1131466941512,150,3
E5,478,242.05717951208325,-260.44809391265136,150,3
E5,479,288.85955538223936,-259.7208418078677,150,2
E5,480,227.15631788404056,-268.30349754996087,150,2
E5,481,260.9083142997087,-267.06847472380974,150,2
E5,482,221.11089464071833,-266.3779804316108,108,2
E5,483,142.28081032241846,-270.6401429202815,124,3
E5,484,292.31995580366987,-266.13745964259124,150,2
E5,485,284.5232496965406,-265.64442673116304,46,1
E5,486,255.41722177149651,-265.6598423929414,150,3
E5,487,242.59948994679817,-267.77138133365577,150,4
E5,488,177.93620957985502,-265.60013183021255,150,2
E5,490,393.5373407673584,-266.44179936621106,138,2
E5,491,374.7195148350136,-265.27012474207294,140,3
E5,492,154.48956253569713,-265.4765363894932,148,3
E5,493,129.42142522840277,-265.5391749143568,143,2
E5,494,119.1568765871162,-264.43733088869544,147,2
E5,495,382.54015734240903,-266.20675868837793,140,2
E5,496,215.96603266110804,-272.3254506890692,150,1
E5,497,175.64437697419964,-271.8755237989703,150,2
E5,498,158.97119515747966,-271.91528902438404,150,4
E5,499,134.97267950712776,-271.7657760987085,147,1
E5,500,376.0492693909732,-270.92856409156275,136,2
E5,501,240.31267411401143,-274.66016312569565,53,2
E5,502,209.09609203885975,-272.23361042483606,150,1
E5,503,195.2602945110373,-272.8746151771875,150,2
E5,504,362.7145780445154,-270.3280508497851,127,3
E5,505,119.35866407234506,-270.7770407649547,143,2
E5,506,346.4844772780765,-268.35972704119166,150,2
E5,507,330.3769241302475,-268.05814948530127,150,3
E5,508,321.2707182415476,-268.9969120288073,150,2
E5,509,299.8543391415021,-267.76317632861463,81,2
E5,510,201.774314916102,-270.3639569626725,150,2
E5,511,270.6544800035918,-269.22781551137,150,3
E5,512,363.4262283019735,-277.13055187122484,65,3
E5,513,361.7285244635352,-276.89063153963457,104,3
E5,514,351.4593506709109,-275.4041987927217,150,2
E5,515,268.2483756317659,-275.6564038498997,150,2
E5,516,249.76379744636287,-276.589037362338,150,1
E5,517,233.31680791272103,-277.84037956203525,150,3
E5,518,189.1723121284086,-275.0186302716263,150,2
E5,519,391.3890486118912,-274.1707429012801,149,3
E5,520,264.19166028975667,-273.7158119570107,79,1
E5,521,381.0783510420829,-273.38476667284203,150,2
E5,522,316.8761945081681,-274.2764996643175,150,3
E5,523,294.82917880890295,-273.27924318667965,150,4
E5,524,223.2730351979939,-273.8609229948401,150,2
E5,525,372.9987331050109,-271.5835006078943,106,2
E5,526,281.3641049783327,-272.1499302866075,150,2
E5,527,256.1597247964932,-272.732232238147,150,2
E5,528,290.27955640881754,-279.1641606652532,150,3
E5,529,221.02394327603858,-280.1591194488543,150,2
E5,530,166.86192867205685,-279.97704730391035,138,2
E5,531,378.47917546552077,-279.83100454462345,150,2
E5,532,312.58009304427526,-279.659882027166,70,2
E5,533,282.92262529878724,-278.931836216344,150,2
E5,534,257.4983583949228,-279.7383292017194,150,2
E5,535,210.18005321981573,-279.25351701593877,150,2
E5,536,173.7321214600286,-278.7882240413815,150,4
E5,537,141.41782090361892,-278.7345852862387,91,2
E5,538,128.73473374838932,-278.63650605547883,64,3
E5,539,335.57962037514875,-278.1522217928432,150,3
E5,540,182.33681344130906,-278.27346812289943,150,2
E5,541,156.83739832122217,-277.6985966807322,66,2
E5,542,119.42312104613008,-278.09039548187377,50,2
E5,543,372.8743866155543,-276.81559570260015,149,3
E5,544,178.6988053203932,-283.4399857168834,142,2
E5,545,136.7331751463962,-284.8200433728288,137,3
E5,546,120.03303895617987,-285.1264043374187,86,2
E5,547,386.0618565737854,-286.4449614315584,150,3
E5,548,370.28700742588086,-283.50063773063493,150,3
E5,549,361.89866675813454,-283.30127505053554,120,3
E5,550,303.38355567959724,-281.78045092271896,150,1
E5,551,198.3026879244755,-282.31622693589617,127,2
E5,552,152.91331919579363,-283.26212606769576,150,2
E5,554,244.69940248363883,-282.2506090907488,150,2
E5,555,229.82648114768222,-283.5369168065421,150,2
E5,556,390.2263710461309,-282.0004576416282,98,2
E5,557,295.93443945159595,-280.9724477892026,150,3
E5,558,265.074926632203,-281.8235580090118,150,3
E5,559,161.1551788076027,-280.2316567005113,148,3
E5,560,291.02296664959704,-286.87968469085047,149,2
E5,561,225.8493972419118,-289.0395631182862,150,2
E5,562,209.60473592633033,-287.36438211360434,150,2
E5,563,344.0029019658128,-287.28759810764313,131,1
E5,564,123.82859838259024,-285.40148383227745,68,3
E5,565,338.12504594414526,-285.27706529738776,149,2
E5,566,309.5821195856798,-285.7768930149847,150,3
E5,567,285.7169817887913,-285.73098890560726,150,2
E5,568,259.9714898774763,-286.8288444723861,150,3
E5,569,252.21066347924832,-285.8345332679218,150,1
E5,570,216.56181930933235,-286.12527995246285,149,2
E5,571,161.3748108522318,-287.11899431720684,150,2
E5,572,375.69052726487877,-286.17639757043395,149,2
E5,573,319.3339215768495,-284.24309764414215,79,1
E5,574,238.96033946709397,-285.5458033361966,150,3
E5,575,189.11759523839493,-284.37218438615616,150,2
E5,576,371.4817081884578,-291.74836026896264,144,3
E5,577,305.6140526829929,-291.54760435581846,150,2
E5,578,204.01034204016364,-292.14709468179547,150,2
E5,579,177.7816062442397,-291.6341881912314,149,2
E5,580,131.84221871728843,-291.81385574896126,150,5
E5,581,119.60152564880785,-292.0640357964319,150,3
E5,582,196.20243244821071,-288.9591989376976,145,2
E5,583,170.24347754387435,-290.65980378778596,106,4
E5,584,151.89933292971466,-290.39284662113363,150,2
E5,585,314.9161953202428,-289.838301575082,150,1
E5,586,266.971177486093,-290.44270905623404,150,4
E5,587,185.58051520804122,-292.93932744876633,104,3
E5,588,381.7665889481992,-293.87273697917834,149,2
E5,589,367.213765961849,-289.6171865266051,99,2
E5,590,355.0150290914485,-288.6326081970776,150,2
E5,591,331.0315007263307,-288.33598349666806,141,1
E5,592,171.80711819485842,-296.63176407397634,141,3
E5,593,166.7328246831777,-296.5404853543034,149,3
E5,594,149.01283281120044,-296.8037714290031,150,3
E5,595,377.529940814449,-298.42870415695654,145,2
E5,596,366.60310555445756,-296.7820573425227,150,4
E5,597,198.60868241302805,-296.6818866579248,150,2
E5,598,353.5622195141395,-295.4871876241328,131,2
E5,599,298.9878200381898,-294.6448559225895,150,2
E5,600,287.50270866475904,-293.2498382846245,150,3
E5,602,250.54002678648789,-292.7800741056567,148,2
E5,603,221.54240087581366,-294.4426626761298,150,2
E5,604,212.58508652515746,-292.89407030611073,150,2
E5,605,338.5013381610255,-291.77977467611043,137,3
E5,606,257.8520396984497,-293.33459113005466,150,3
E5,607,237.22979629844,-293.03103105646613,150,3
E5,608,286.19488487644213,-301.5738812469226,150,2
E5,609,236.64919430630044,-300.1806783948619,150,3
E5,610,192.9145393637471,-300.37687001628814,150,2
E5,611,305.08999867483897,-300.01494103424653,124,3
E5,612,293.4971665517199,-298.6503168428922,121,1
E5,613,257.6660083276655,-300.4926861278541,112,2
E5,614,178.64443122751246,-299.3789106838418,116,2
E5,615,243.7983106338105,-298.4922243546487,149,3
E5,616,217.30879702131818,-300.0870667055709,150,2
E5,617,140.41918508675002,-298.05176051021715,106,2
E5,618,120.30362587211638,-299.3550570814444,150,2
E5,620,128.62032871068297,-300.07301319695284,65,2
E5,621,270.27614583267047,-297.44543514729065,150,2
E5,622,263.83795763707235,-297.1458584138999,147,2
E5,623,229.97185053999428,-296.78135852008035,150,1
E5,624,266.5966818185121,-304.8570192580851,150,2
E5,625,252.10093686922968,-305.5274574370886,150,3
E5,626,229.9916644993041,-304.0321295069348,149,2
E5,627,165.81682817247477,-304.6215214106004,134,1
E5,628,133.45256814047892,-304.44745174473724,149,3
E5,629,364.39954732559215,-303.2562931494784,121,3
E5,630,342.23216741785546,-304.9168453009674,150,2
E5,631,247.28738343735773,-302.84117690941576,94,2
E5,632,180.31918849773413,-305.63968699919775,86,3
E5,633,144.1455443819253,-303.3545258042512,23,1
E5,634,209.50213373733567,-302.3919112635691,140,3
E5,635,172.2818015290024,-303.0895876899534,150,4
E5,636,150.94123393579875,-303.51933803688166,119,3
E5,637,360.5965271868913,-300.9674312566085,66,3
E5,638,162.0296298598173,-302.023414075214,150,4
E5,639,348.68351039047116,-300.83545436838676,150,3
E5,640,326.70652408581236,-307.5435525825965,142,1
E5,641,292.1541632728876,-307.2052307822706,121,2
E5,642,282.1433276676419,-307.807481488259,150,2
E5,643,257.95485466111364,-307.5479006120453,150,3
E5,644,234.0836117572516,-307.20388346198416,150,3
E5,645,224.23144009798565,-306.4912825138613,150,2
E5,646,215.37102523107404,-306.5812419120963,150,2
E5,647,158.93537031667069,-307.0292521758712,95,4
E5,648,360.86956910750473,-308.96406160090146,114,3
E5,649,299.0042519694114,-304.9525987389215,96,2
E5,650,240.8771704649795,-305.76987697416445,150,1
E5,651,202.27160172623755,-304.8294985146901,150,2
E5,652,188.3113158931136,-305.42474753107837,150,2
E5,653,120.8855110212684,-305.86429781257505,150,3
E5,654,373.6328858655756,-305.5222039369098,150,3
E5,655,307.5790629402596,-302.5046579418289,47,1
E5,656,285.7431075932723,-313.4219792730355,150,4
E5,657,270.9920203672648,-313.74659529874333,116,3
E5,658,252.36237558965672,-313.3875386947994,150,3
E5,659,229.19645327276632,-311.46588410761115,150,4
E5,660,135.45713533667535,-311.0673595712736,145,2
E5,661,369.69429849618723,-311.5878817814916,150,3
E5,662,292.9825922799539,-315.12736510928744,119,3
E5,663,197.66111812067842,-310.6421178469388,150,2
E5,664,168.7218621002332,-310.0980273071051,150,2
E5,665,246.5937629283196,-309.81085845455146,150,3
E5,666,208.53133941950418,-310.1767407478252,139,2
E5,667,125.50338487572206,-310.2042554861305,102,2
E5,668,378.5780914010441,-309.345256092339,150,1
E5,669,314.3514101223746,-309.0401793888046,150,2
E5,670,304.63606066615273,-308.0833822304166,150,4
E5,671,162.17746518251502,-308.70852330404887,116,2
E5,672,154.57606399063567,-316.1027078696004,146,3
E5,673,149.7916120819033,-316.2662265158888,148,2
E5,674,127.82218837666876,-316.9987539869426,145,4
E5,675,258.57091531753974,-314.66526357842463,150,3
E5,676,191.6669064919073,-315.08919232123225,150,3
E5,677,162.71082886433774,-315.61277038144647,150,3
E5,678,332.01246645871373,-313.93820972921253,150,2
E5,679,299.88656128003976,-313.7436331241843,150,3
E5,680,278.3876331318092,-315.56201891448706,150,3
E5,681,214.03148842509407,-313.67052641121995,148,2
E5,682,339.9859031606663,-311.62272596692077,140,3
E5,683,322.23035302873404,-312.7818750260401,150,1
E5,684,236.434916162028,-312.95338491811077,150,2
E5,685,221.99236487349398,-312.9851830860291,150,3
E5,686,122.71379422006815,-312.1636695389636,95,2
E5,687,355.36976518064245,-313.3253554147901,150,4
E5,688,350.45795419841664,-317.79913373161,150,2
E5,689,327.26083521304724,-318.5425018211367,150,2
E5,690,233.3215077275144,-318.8752090666454,150,2
E5,691,185.22218486184886,-318.891088820767,150,3
E5,692,305.95369602938524,-317.8571501349294,150,3
E5,693,264.2981663302826,-318.3374016452141,150,4
E5,694,226.09549594796647,-318.8224293306377,150,5
E5,695,143.18058054237946,-317.3872757532397,136,1
E5,696,136.44926662240564,-317.4989843140289,150,2
E5,697,365.46567492454363,-317.42895581034395,150,2
E5,698,316.42290565805774,-316.05210728815035,150,1
E5,699,374.94975885542556,-316.0286141186492,76,1
E5,700,346.5703978962731,-314.4536855893917,40,1
E5,701,245.35470635670688,-316.1995637155874,150,2
E5,702,205.412333644262,-316.1548048029912,150,2
E5,703,172.73925117848347,-315.6176084502988,150,2
E5,704,312.345660265352,-322.17881248187325,51,1
E5,705,282.5482838780875,-322.31172689001716,150,2
E5,706,202.4588076592292,-322.26737181905605,150,2
E5,707,178.47265014167297,-322.59678680778535,150,3
E5,708,156.09904153048282,-322.376796170152,128,2
E5,709,373.0411040643583,-321.7390217644442,145,3
E5,710,347.5116089807162,-323.7704183151399,150,2
E5,711,321.7185590966451,-322.4365963724639,150,2
E5,712,273.1832109651936,-322.3323797037372,150,3
E5,713,118.67634504871884,-321.39431837070055,104,1
E5,714,240.99576814123037,-321.70206203537424,150,2
E5,715,166.31416354027067,-321.2263741756167,150,2
E5,716,298.7378769044915,-320.46418888038596,150,3
E5,717,255.88571243981832,-321.1476537698053,150,3
E5,718,219.9561214257349,-320.85788085196367,150,3
E5,719,211.97234065558794,-320.5918625518551,150,2
E5,720,296.8040552374229,-327.32369871981035,109,3
E5,721,216.19061074582842,-328.6423743281573,150,3
E5,722,198.89588481684774,-328.1860750364449,150,2
E5,723,255.564123870552,-327.56079843822675,76,4
E5,724,251.98299242426617,-327.2680417449963,105,3
E5,725,236.01001821350422,-326.72028408351554,150,2
E5,726,370.09841376839375,-328.1226432647009,126,3
E5,727,224.56709429807654,-325.79909558244515,150,3
E5,728,208.08577855567,-326.71709964832064,150,3
E5,729,170.13090342569046,-326.7864632257924,150,3
E5,730,266.6160918803451,-324.6425171578945,150,4
E5,731,127.94188552990069,-325.25143308728764,150,5
E5,732,305.9169489102251,-323.4533401733998,150,4
E5,733,137.8275467425823,-323.85130601110836,150,2
E5,734,361.32011386298257,-323.08171433968533,150,2
E5,735,332.1666108248053,-323.07836844625865,135,1
E5,736,230.21050142866613,-331.62273389749606,150,1
E5,737,223.2603920346336,-332.37879571394586,150,3
E5,739,130.45112296059244,-332.82300204640677,71,2
E5,740,289.8352167677973,-331.0342645229667,150,2
E5,741,273.0976649904591,-330.1171704825301,150,2
E5,742,176.34032588070198,-329.1350358825405,124,2
E5,743,154.9109472708162,-329.4569332149566,150,2
E5,744,310.5040573807391,-329.0819909438142,149,4
E5,745,302.1403773582437,-329.0091470450519,150,4
E5,746,284.84938310223816,-328.6743101590615,150,3
E5,747,141.00584141484782,-329.9994011421746,150,2
E5,748,356.80944855341556,-328.4856417927038,150,2
E5,749,344.01921837136626,-329.5111037157119,150,2
E5,751,317.6507174129776,-327.65360930884793,150,3
E5,752,285.589058357865,-335.4490371957627,150,2
E5,754,198.20334194054553,-336.7843147116114,150,3
E5,755,158.83882017580606,-335.56638465492483,150,1
E5,756,314.0846050951827,-333.46485176921743,150,3
E5,757,143.333562735258,-336.2569602813209,150,2
E5,758,352.34899864780664,-333.9155210592099,150,2
E5,759,339.84425222108973,-334.7060635841941,150,2
E5,760,297.83373275479727,-334.21252183676404,150,5
E5,761,257.6276917765583,-334.4337413222181,148,3
E5,762,251.0083000747466,-333.78776501826184,36,2
E5,764,210.3553768633647,-333.6462002772005,150,3
E5,765,170.0455637460451,-333.81114752721714,150,2
E5,766,204.59158134177747,-332.6842553741566,150,2
E5,767,365.3906018330114,-332.6377111530692,150,3
E5,768,327.8817370686557,-341.88673753205967,150,2
E5,769,281.5087451613065,-342.84212365689297,150,2
E5,770,258.42657320814436,-341.07439394895624,150,3
E5,771,130.61159009963768,-341.42835411674815,74,2
E5,772,302.2451364166934,-340.0073327300861,150,3
E5,773,169.23374175452378,-341.0680456022024,150,2
E5,774,360.50636732360135,-340.08435131768186,146,3
E5,775,249.46690064935427,-340.1334360329439,150,4
E5,776,226.11533527816792,-338.9176201192664,150,2
E5,777,204.70317897345603,-339.5321869555471,150,2
E5,778,347.5345973582194,-339.15159823603307,150,2
E5,779,334.5940392341499,-338.9721438372222,150,3
E5,780,149.22620880897995,-339.95375517909787,150,2
E5,781,135.8160066971938,-340.35115713592165,47,2
E5,782,358.23150421387,-336.3177030262106,64,1
E5,783,275.5117747611794,-336.85155962017257,150,2
E5,784,307.45668284008315,-346.7659156510027,150,3
E5,785,204.36509384184706,-346.1424509776256,111,4
E5,786,174.461922496443,-346.4561128845353,150,3
E5,787,331.88268399665685,-345.3248270103126,122,2
E5,788,323.88449128994904,-347.12009821082506,150,2
E5,789,245.59846720640863,-346.5315263424294,150,2
E5,790,223.32057972832195,-346.22527760197613,150,2
E5,791,152.3038958613356,-346.4764913615422,150,2
E5,792,179.27244931810125,-344.49914574609966,139,3
E5,793,356.04556036841984,-347.49194898520045,142,3
E5,794,343.0392956080539,-344.4946121015198,150,2
E5,795,194.04864691934364,-343.8086032985008,91,1
E5,796,141.95755673901866,-343.67959818448696,143,3
E5,797,288.1221875029969,-342.3957607585585,150,2
E5,798,212.25330386735405,-342.04118139578975,71,1
E5,801,319.23959869179123,-351.98571414875784,150,2
E5,802,241.65313756706732,-351.92324591287377,150,2
E5,804,181.23021450397658,-350.1666492507202,127,2
E5,805,287.53061573486707,-349.8026197256304,150,3
E5,806,145.73466314786876,-350.16472504257246,149,4
E5,807,348.4982034709758,-351.17672857195913,150,3
E5,808,337.51213388284293,-349.16831554712314,150,2
E5,809,269.12794662372335,-348.13250096489594,115,3
E5,810,261.95011403874423,-348.3873271075873,150,4
E5,811,188.19988948788358,-349.15266684418924,150,2
E5,812,158.2338863799693,-350.4412188060812,150,2
E5,813,299.58657600188496,-346.54811712571217,95,3
E5,814,253.55768039761585,-347.3582141496163,150,3
E5,815,141.1673801606837,-348.3449438799769,150,2
E5,816,249.93455598225285,-354.0203680519556,125,3
E5,817,226.48927464237568,-353.38801979164646,141,2
E5,818,184.53495288222268,-355.4194203614185,138,4
E5,819,163.20385837110456,-355.76286280888104,150,2
E5,820,342.4659173568289,-355.66525480294166,150,2
E5,821,313.0590347246677,-354.58992271574544,150,2
E5,822,257.72556444596836,-354.545135734161,150,4
E5,823,207.4638713163425,-352.37273640128967,115,3
E5,824,191.9984601278388,-353.9357612533096,149,3
E5,825,176.2919893283559,-353.68406558515227,149,4
E5,826,150.96357934273237,-354.5020890547156,150,2
E5,827,332.3629707576277,-352.8508905789929,150,3
E5,828,295.54191673165417,-352.4531687252916,53,2
E5,829,272.4706046371532,-353.02079714518095,150,2
E5,830,200.41284996816879,-351.62601922337814,139,3
E5,831,232.62791055485815,-351.6600829529904,149,1
E5,832,207.68795735333012,-359.8197732114151,135,3
E5,833,188.39271580461622,-361.1629562823259,150,2
E5,834,336.5895954653725,-360.26274499348125,150,3
E5,836,153.43167232718136,-360.4255864894955,150,2
E5,837,293.05547439863966,-358.7808437659753,150,4
E5,838,229.51319961126256,-357.8915071030405,142,4
E5,839,197.73107047490691,-358.0814704279108,150,3
E5,840,167.78242446788417,-361.7856348399572,143,3
E5,841,238.2063680258697,-357.7126553947691,150,3
E5,842,177.14525211657872,-360.011144143676,55,2
E5,843,326.9299245236814,-356.83121391348504,150,2
E5,844,301.70860545341935,-361.69675858865816,148,3
E5,845,282.7604785081013,-356.025905509606,71,2
E5,846,307.01576247019074,-357.23816892184306,150,3
E5,847,265.44597563190706,-354.5673326284223,150,4
E5,848,237.06023780253673,-366.8143574285064,150,4
E5,849,213.41042848797971,-367.0317399060135,150,2
E5,850,274.764310893857,-365.4203931184009,108,2
E5,851,201.00043699594949,-364.78750872985205,147,3
E5,852,281.45082197534805,-363.174734495052,71,2
E5,853,249.53470303008197,-365.7071902970723,136,3
E5,854,220.21648142245724,-367.2436428032374,150,2
E5,855,315.7279484127269,-364.4985542146562,149,3
E5,856,296.6373350072603,-366.1911014932271,137,2
E5,857,232.65321591871344,-363.05202650220343,122,3
E5,858,179.61616243819552,-367.80823764482034,150,6
E5,859,175.81958371821116,-361.6523946371212,101,3
E5,860,225.5174267870684,-363.07899567421157,150,2
E5,861,158.27436625018598,-366.01849698579184,150,2
E5,863,262.00835662809754,-360.77768952389584,150,2
E5,864,178.44446175940058,-384.71310304153553,18,1
E5,865,317.04194812223227,-373.5847614810476,94,2
E5,866,304.4909644616202,-372.4979894026899,150,3
E5,867,188.24489551119544,-381.2211817827498,57,2
E5,868,326.0830037291528,-370.95643342740277,128,5
E5,869,285.27186267250255,-371.8145227320891,150,3
E5,870,205.59700540980086,-369.67195479558296,52,2
E5,871,162.27920341698493,-372.3614564403401,143,3
E5,872,321.71346814061246,-367.81424391721714,144,4
E5,873,310.03797714091183,-368.32216451305356,150,2
E5,874,269.3089627952534,-369.1364869500605,150,2
E5,875,262.0815294361516,-368.69264095338787,145,2
E5,876,244.44151066616496,-369.1383603548872,55,2
E5,877,166.66685373424994,-378.1257375035344,72,2
E5,878,184.1921545828515,-373.422688534843,84,2
E5,879,291.01976123342854,-369.0910001099588,137,2
E5,880,308.13543986655253,-383.88169596648777,150,2
E5,881,262.4550605432548,-383.992396927786,76,3
E5,882,270.187573266017,-386.2240802334191,132,5
E5,883,208.42787054562996,-384.6133086376975,150,2
E5,884,293.0367804441206,-380.94640126022006,150,3
E5,885,242.77546388346022,-381.0300449296164,109,2
E5,886,235.9922968312974,-380.0082198989767,71,1
E5,887,202.46372667565262,-381.8220991177198,150,2
E5,888,283.96949053348294,-379.57818398963576,146,2
E5,889,275.3001686847829,-380.93077975402,133,3
E5,890,313.05048480033105,-379.6129365989319,150,3
E5,891,299.0100733468994,-376.67095671664566,150,4
E5,892,280.5900992893123,-376.6087005351179,144,4
E5,893,224.97922747628746,-375.3400079251312,88,1
E5,894,195.97102472919576,-380.13259224311366,150,4
E5,895,171.93289116836004,-382.2178869765059,150,6
E5,896,285.63653003170697,-391.4158164155997,106,2
E5,897,271.5250061626345,-391.5370130523868,135,3
E5,898,204.60303877907472,-392.4380000487706,150,2
E5,899,182.09588544357854,-392.58710796032705,150,3
E5,901,226.05786268054757,-394.57831357638065,149,3
E5,902,194.5649618043254,-389.51522125919126,65,1
E5,903,303.46056216931674,-388.15315014586673,149,3
E5,904,278.03245523859067,-388.9709628506539,150,2
E5,906,299.4548211672108,-388.12558856800973,89,3
E5,907,248.09439990975494,-386.8496713496019,119,3
E5,908,199.57309950291733,-388.2074804343844,142,2
E5,909,285.1858012251328,-386.1014834586598,150,3
E5,910,255.54854770069346,-386.5880343339758,150,2
E5,911,214.21813538621564,-387.9030967452642,150,3
E5,912,201.2067162036223,-401.7052358796702,107,3
E5,913,245.0049958647107,-401.2510073719538,150,4
E5,914,272.1535747721357,-401.39280962273716,150,4
E5,915,238.92205955965696,-407.6395148612801,104,2
E5,916,194.80285516807845,-399.41963086647235,150,3
E5,917,287.67732073594874,-396.7467021888286,150,3
E5,918,279.8850094665809,-398.9749327656135,150,3
E5,919,210.53419292144156,-396.29444908844135,150,3
E5,920,251.67057036831554,-393.8284950497936,148,1
E5,921,232.11317231959242,-397.3635027921937,150,3
E5,922,187.92002221795207,-396.74614227250373,140,2
E5,923,293.0308952024717,-392.0257666277819,144,2
E5,924,264.87616645565623,-401.929794502814,32,2
E5,925,258.44490125213395,-394.1051410209268,150,4
E5,926,242.5808939050108,-392.0586193419456,139,1
E5,927,297.12117787841584,-391.8165708911997,150,3
E5,928,510.1974793376825,-451.3621907841836,150,2
E5,929,496.2556025324214,-445.27550698954883,150,4
E5,933,228.77902385782158,-412.5956823107535,76,1
E5,934,240.019263473561,-408.87020399044445,40,2
E5,935,210.57870910520433,-407.75137415064404,141,3
E5,936,203.99325874470094,-405.5114240320329,130,4
E5,937,198.91320151308864,-404.04711444348,65,2
E5,938,230.23158805894587,-406.0866431803714,150,4
E5,939,208.36659159069586,-404.0890528922897,150,3
E5,940,223.34120867472285,-404.70855866087453,141,3
E5,942,257.34503345087217,-404.76625685231176,150,5
E5,943,250.10237700438117,-406.1031959973413,123,3
E5,944,497.55584230047225,-485.2728866602246,51,2
E5,946,497.06109957479805,-480.7224976901381,131,4
E5,947,482.9208323533964,-480.5165378215615,150,3
E5,948,498.5111512392164,-476.87537860104163,67,1
E5,949,487.6587924981699,-473.65128556233225,117,5
E5,952,498.26188433788224,-464.60190060325357,148,4
E5,953,487.25804706665855,-463.8479504397586,150,2
E5,954,483.14456703130486,-464.0370208915301,144,3
E5,955,491.40322977866396,-461.1223348425157,150,4
E5,956,503.8116973946547,-462.33269340649025,146,2
E5,957,478.6430289903697,-456.17034393547306,79,1
E5,958,483.5451999957266,-447.85179130864253,51,1
E5,959,506.20288931832175,-447.08762373281303,150,2
E5,960,234.73967734741368,-120.08784867076812,150,2
E5,961,399.5814546920475,-118.16503209250185,128,2
E5,962,383.72218606702774,-119.96349216588425,32,2
E5,963,330.70581876053615,-119.56257805641044,150,3
E5,964,308.52500740524374,-120.15402150488941,150,2
E5,965,245.8860918677511,-120.20117839157392,147,3
E5,966,492.7517522521364,-510.33760918608573,65,1
E5,967,478.22317384771867,-509.45826407003705,132,2
E5,969,490.66905275245625,-504.28687043881877,150,3
E5,970,496.92576231266247,-499.6617994155598,148,2
E5,971,488.8565243533347,-498.577791922865,147,3
E5,972,488.105510961948,-492.02090532996834,148,2
E5,974,487.4585275377405,-485.6728559361528,150,2
E5,975,481.35918632389536,-485.5884744178095,92,1
E5,976,335.28664753630943,-106.06360304792018,150,3
E5,977,313.3466649012504,-103.58521616470759,150,3
E5,978,291.0327588852059,-103.17015163430074,150,2
E5,979,259.10635306004946,-104.26735436290885,78,3
E5,980,326.8516475130008,-101.94958991902128,150,2
E5,981,305.8448975136276,-102.87268021315185,150,3
E5,982,245.45417107918402,-129.75947260520647,51,3
E5,983,367.6062265510913,-120.29977048098974,150,3
E5,985,321.1453494436255,-122.51396442789745,150,3
E5,986,296.3969335145781,-122.09936585556919,150,2
E5,987,285.798344624689,-122.83708035066833,150,3
E5,988,256.9342767315449,-122.96705562073915,150,2
E5,989,393.9044858297164,-120.29644221227169,33,1
E5,990,358.37272663123923,-119.68808308220737,150,2
E5,991,302.12369210730185,-121.61412265127728,149,3
E5,992,358.0916962024675,-84.0543054683463,107,3
E5,993,294.937310571145,-80.631295196236,147,2
E5,994,350.37649236521935,-84.27676296439594,146,3
E5,995,306.31952760296025,-83.35466392960114,88,3
E5,996,381.63942802102605,-79.2380754796424,150,3
E5,997,332.68177823816,-76.5633406126489,99,2
E5,998,321.7633312697823,-107.69064538431353,142,3
E5,999,272.67303197838714,-110.83396782046538,150,3
E5,1000,383.17090742411034,-106.6339495060346,108,3
E5,1002,301.34918748544754,-108.13756496455952,150,2
E5,1003,252.09162674874054,-110.82566189643988,140,4
E5,1004,386.10899020335546,-106.03233240986975,52,1
E5,1005,367.9785102719694,-105.78534790361374,150,3
E5,1006,357.53650706198226,-105.66681841855002,150,2
E5,1007,394.42630791336535,-105.52609497339286,150,2
E5,1008,329.69750208825553,-95.45773632865352,88,3
E5,1009,319.40624587648904,-97.20625355726601,150,1
E5,1010,309.7852248187228,-96.86525776674144,150,3
E5,1011,280.9907067364142,-99.8157955583397,150,3
E5,1012,270.0163633505865,-95.6934345000092,146,2
E5,1013,347.339923531544,-95.51636074360533,145,3
E5,1015,291.06846564161543,-90.44111230472623,53,2
E5,1016,320.0390245023507,-88.24613133112312,150,2
E5,1017,282.0296188201595,-88.44374218872501,150,2
E5,1018,371.5619271183873,-88.90862523996303,150,3
E5,1019,297.41853993677375,-88.52196844931156,150,3
E5,1020,325.8839587086899,-84.8212838259676,150,2
E5,1021,308.51983940207595,-84.79108814917349,70,2
E5,1022,332.430987734755,-84.78100587764393,150,3
E5,1023,288.44238372893994,-83.33799273899922,130,2
E5,1024,333.48385821264657,-113.43951276492335,150,2
E5,1025,295.8523402141587,-112.9427281073104,150,2
E5,1026,246.5503788072227,-111.61403638487916,146,2
E5,1027,308.9751083446567,-112.5230441078865,150,3
E5,1028,345.46072145308324,-109.46066971449594,150,2
E5,1029,328.47541754404256,-109.6244161329502,149,2
E5,1030,276.23869206318227,-104.65560068976576,150,2
E5,1031,391.28282413715806,-98.56389760209343,148,2
E5,1032,380.1265507728173,-99.79356324724799,78,2
E5,1033,359.04049900270047,-98.83584994993876,150,2
E5,1034,288.32332128830006,-98.6168050446251,139,3
E5,1035,265.8794911750947,-102.01043566039557,150,3
E5,1036,368.3636402656681,-98.8256586061206,144,1
E5,1037,302.52516052858255,-97.82588411349722,75,1
E5,1038,254.19468009305217,-97.5127861903581,91,1
E5,1039,339.99700309193787,-97.9668039972543,47,1
E5,1040,267.59294516885683,-124.11513670977358,150,1
E5,1041,289.96602468319463,-117.42423485945118,150,2
E5,1042,262.0448877469929,-118.85270057479201,150,3
E5,1043,347.96761728687704,-102.01756746386312,150,3
E5,1044,340.453707330728,-101.32924562018653,136,4
E5,1045,386.1553133543509,-92.37862522011615,43,1
E5,1046,373.29774892843585,-115.91568070566481,150,2
E5,1047,347.9538224060233,-116.44118668379895,150,2
E5,1048,341.35735097547723,-116.48495277525477,150,1
E5,1049,325.05151263860705,-116.33583326989321,150,1
E5,1050,240.83693969383643,-115.80862809436518,150,2
E5,1051,366.8914830968929,-112.7153843687127,61,2
E5,1052,382.08440873046743,-113.34817464593762,149,4
E5,1053,357.98610841413443,-112.5805384404486,150,2
E5,1054,267.73048317764597,-115.29059368725717,110,2
E5,1055,392.1928285264295,-112.62596180477104,150,2
E5,1056,323.4135054073237,-138.64521983326728,116,2
E5,1057,284.24497079834947,-138.01160993444404,150,2
E5,1058,252.39918464579114,-138.28338766334278,150,1
E5,1059,394.39750577832456,-138.311673462768,150,2
E5,1060,340.9173079120742,-135.45303956662465,46,3
E5,1061,295.51518049210523,-136.31751629269166,150,2
E5,1062,371.80929414686625,-134.77737269801145,150,2
E5,1063,350.66663918244984,-135.72049812246644,150,2
E5,1064,235.29207283942517,-138.1033936303357,150,4
E5,1065,215.72141565257195,-134.340158988261,150,2
E5,1066,329.5920358556678,-133.454862558223,150,3
E5,1067,314.3090461723219,-133.84201774826923,150,3
E5,1068,275.7245314843803,-131.86180510148327,150,3
E5,1069,268.19053756742323,-132.52962057997127,150,4
E5,1070,323.86513823858525,-131.50766765173256,150,4
E5,1071,285.2903909144505,-130.6534673211969,110,2
E5,1072,371.2100386945602,-79.53027627686701,94,4
E5,1073,360.8916709529009,-80.11150777137911,71,3
E5,1074,306.7135561580124,-73.72342580668895,55,2
E5,1075,339.0007086527561,-80.43169067674748,31,1
E5,1076,327.2435058552295,-75.63985539592565,77,3
E5,1077,300.04138904362475,-77.20403525431327,121,3
E5,1078,320.85999847814765,-77.68166876827301,149,4
E5,1079,346.187317077966,-79.34217581004846,150,4
E5,1080,315.26993852119034,-79.83194283641376,125,3
E5,1081,329.9904293364591,-59.11488089619311,147,1
E5,1082,341.02305858650874,-74.65632202945162,65,2
E5,1083,388.7533040393552,-119.76168344259438,120,2
E5,1084,397.6358562129874,-128.41606005153363,143,2
E5,1085,259.0359169198683,-141.85155871120315,106,2
E5,1086,402.42335648103983,-149.06027507428436,116,2
E5,1087,403.3088538414753,-156.03071020137904,110,2
E5,1088,327.4673222284938,-158.33262716419625,146,2
E5,1090,320.775553670696,-169.67040833529137,92,2
E5,1091,178.50829265031982,-176.55345843744266,95,1
E5,1092,308.88468931627654,-184.70994813379346,144,1
E5,1093,359.6528828760053,-188.51491076008753,77,3
E5,1096,213.63277166950564,-215.55000679393336,121,1
E5,1097,273.37329109042287,-218.48839223410985,143,2
E5,1099,201.11496046508282,-225.9939752550424,47,2
E5,1100,326.24667721720607,-228.8881184397268,90,3
E5,1101,402.9356012239908,-230.03336719198504,74,2
E5,1102,393.5097415891347,-230.55761353652167,74,2
E5,1103,134.65766790862273,-236.65522857864704,122,1
E5,1104,139.964538483248,-240.83531647209182,90,3
E5,1105,230.3784566841999,-243.4044136876554,67,2
E5,1106,285.72168188652216,-246.30643522174458,149,2
E5,1107,147.67350600752755,-253.25944861968267,34,2
E5,1108,231.74614536115584,-256.3164140023871,102,2
E5,1109,367.09273450396375,-257.81762677406806,133,4
E5,1110,136.2610139713366,-265.2420680436242,136,3
E5,1112,366.673087887311,-270.6965292083144,108,3
E5,1113,127.31315156987961,-285.51350863121843,73,3
E5,1114,190.13739379522988,-291.5866335933427,148,3
E5,1116,185.4792436537825,-298.646882044489,149,3
E5,1117,275.6059636055528,-302.39330643537727,37,1
E5,1118,175.1091112447438,-307.7464856303864,60,2
E5,1119,308.3626985756064,-311.204728754365,41,1
E5,1120,187.6793380246515,-312.40430136931803,132,3
E5,1122,367.55303553511527,-324.7171589956145,71,2
E5,1124,294.51747020069485,-340.0898593613245,105,1
E5,1125,214.9729978992738,-359.4820310394109,91,1
E5,1126,252.33282410216162,-359.17348178208505,114,3
E5,1127,300.07800334118394,-358.1383486511897,32,2
E5,1129,333.14495936420184,-371.09441214547047,30,1
E5,1130,179.95284379541854,-381.82138791824747,55,3
E5,1131,276.40806626259024,-383.61997253146853,90,3
E5,1132,228.402741376276,-385.7510541667052,54,1
E5,1133,175.96452392244407,-388.86736135101467,107,2
E5,1134,220.08557686133352,-391.341042800694,30,2
E5,1135,216.7720888356677,-408.43298290417783,137,3
E5,1136,506.9775181628118,-456.552359737769,81,3
E5,1137,487.6168532864261,-456.5392764968491,37,1
E5,1138,495.53869808649375,-457.5227005305344,148,1
E5,1139,483.8373822286943,-473.93783689917285,88,3
E5,1140,492.1447772739214,-475.9156602178296,129,4
E5,1141,491.4546738833364,-479.3714093869577,101,4
E5,1142,498.9714295056963,-494.1736880726248,128,3
E5,1143,265.92575012241406,-112.78160775226377,40,2
E5,1144,317.46068578302135,-113.54635302940568,88,2
E5,1145,395.5253193195173,-131.8403893388168,129,2
E5,1146,324.6082433268287,-139.09240776170765,53,3
E5,1147,239.84590228587646,-124.20237547184246,44,1
E5,1149,400.69239238716244,-125.077375724768,96,2
E5,1150,332.0160376187674,-125.9438254994621,93,2
E5,1151,386.7608667402522,-139.41883457778104,19,1
E5,1152,296.13918808822257,-167.6698158598038,62,2
E5,1154,169.40961299543048,-195.17729617803573,93,3
E5,1155,153.37918474452064,-205.71975413696043,90,2
E5,1156,217.34351330141536,-206.99577726338967,29,1
E5,1160,137.82779811921188,-230.5594153386265,63,2
E5,1163,374.9826753301154,-251.70056527086578,140,2
E5,1164,160.78402405255767,-254.5747028632847,93,2
E5,1165,127.7005399768348,-272.0108003123464,134,3
E5,1167,329.7510681841507,-274.09180079399226,99,2
E5,1168,269.5530874274779,-283.5480457691508,39,1
E5,1169,356.7377453771679,-282.36360998795476,135,4
E5,1170,224.2246072214559,-300.2233929379786,91,1
E5,1171,357.69977507721,-306.81382804056506,66,3
E5,1172,151.48610010727907,-310.021804547752,75,2
E5,1173,372.96256035209046,-317.1628872678589,108,2
E5,1176,132.7439713953838,-331.1158276465101,38,1
E5,1177,321.35197973418497,-360.6032012445276,75,2
E5,1178,329.161539604165,-365.45942369826236,87,2
E5,1179,193.80693288164227,-364.4751492877882,43,1
E5,1181,301.4948244443753,-380.60568858903844,47,1
E5,1183,218.03128215093153,-396.1580458866906,110,2
E5,1184,238.72888550296076,-402.17395490659317,36,3
E5,1185,251.3977415929714,-402.2577684064721,74,2
E5,1186,502.00515400026717,-459.63168514543617,39,2
E5,1187,494.18124075210983,-469.04117787646294,29,1
E5,1189,372.60453082200496,-108.78187465065818,115,2
E5,1191,309.40898983795125,-73.58164287089913,97,4
E5,1193,240.46647300987107,-142.86269421742765,89,1
E5,1194,216.10277284922776,-146.9174850664766,65,2
E5,1195,284.6725689631453,-152.47540545426344,39,2
E5,1196,404.21050365612166,-163.6286719233719,89,1
E5,1197,173.8397150742797,-165.03990842268036,40,1
E5,1198,214.55089028832555,-180.63544268269908,38,1
E5,1199,385.8297182057051,-183.59424310348774,81,3
E5,1200,351.70278032876405,-190.22025552843382,64,2
E5,1202,178.96173072965,-228.04688828944418,78,4
E5,1203,257.3881257759919,-239.4311884785639,21,1
E5,1204,147.4303538885072,-269.31428821335817,45,2
E5,1206,360.10906842948555,-289.6500867019915,89,2
E5,1207,138.59940706807706,-291.54540205691836,36,2
E5,1208,348.63615247401407,-308.0427430495016,86,2
E5,1209,271.3589729668409,-315.52084925044386,69,2
E5,1210,336.23545505239565,-317.37560240589795,23,2
E5,1214,169.90914126006905,-371.10732226923847,68,1
E5,1215,307.695089948742,-376.2373209378723,82,2
E5,1216,174.81350971761628,-377.6072874385481,51,2
E5,1218,281.99933530049674,-404.97330547413986,58,1
E5,1219,482.7139165215575,-470.6792647294026,85,3
E5,1220,309.42159895410407,-79.21399387422959,69,2
E5,1221,484.37426897508357,-502.20566874824334,71,2
E5,1222,480.2454024098279,-503.1174560950112,21,1
E5,1223,326.75105908609754,-90.99697836624254,60,1
E5,1224,350.1961385917804,-93.9964153204817,49,1
E5,1226,303.8575370473801,-125.83458928586502,60,2
E5,1227,318.1615669517134,-129.21337366678281,100,4
E5,1228,364.61657878659935,-75.77515689137594,89,3
E5,1231,360.9884925361365,-202.40206059401942,99,2
E5,1236,153.09091665450487,-302.9275969131586,53,2
E5,1237,133.10242961663005,-321.2686048849311,60,1
E5,1238,275.27830516640483,-345.44057732533895,40,2
E5,1239,353.08767032786983,-344.3677063123481,100,2
E5,1240,269.1931487605877,-383.53793117590715,60,3
E5,1241,244.42100482686905,-406.0282551671103,81,3
E5,1242,365.62201718218387,-65.69184209657429,31,1
E5,1243,359.8057814318091,-132.35610111313346,28,2
E5,1244,407.3891827478564,-139.46160772939012,45,1
E5,1245,243.28206116634314,-153.2761748821791,40,1
E5,1247,148.12519036266096,-221.16765417029285,29,2
E5,1248,353.56406197704445,-249.53519550902232,134,1
E5,1252,207.19154185172846,-353.6737244935919,32,1
E5,1253,264.426944742928,-389.8800881696068,38,2
E5,1254,264.8420331836443,-400.99462578004255,78,3
E5,1258,376.7270574774485,-73.81136260029194,57,2
E5,1261,361.11717689050226,-156.45704117980952,56,3
E5,1262,233.55046814855473,-162.40113229330422,102,3
E5,1263,256.8901646419806,-188.2184368057429,104,2
E5,1267,130.64730566999341,-298.9289676624664,112,2
E5,1273,221.70166134127794,-384.59391678125445,24,1
E5,1276,368.7509234342207,-82.25781605970128,56,2
E5,1277,338.8758647021977,-82.05091591722378,110,2
E5,1279,330.59434143089806,-67.92835320193167,24,2
E5,1282,170.9780685507049,-196.69895108526637,41,2
E5,1283,239.69962161336892,-274.28648898752635,106,2
E5,1284,293.42520989643964,-311.94476728397865,65,3
E5,1287,493.4775755145002,-452.70115380719847,28,1
E5,1288,330.2192970760475,-172.10016373175117,25,2
E5,1290,132.71063720188585,-243.51118395359694,97,3
E5,1291,339.8523605053421,-265.5516119685895,40,2
E5,1292,124.25028590942301,-271.76174711949557,53,1
E5,1293,144.80775166323423,-354.0898007903827,36,2
E5,1297,318.8120058153287,-375.1147427122983,87,3
E5,1299,385.4071736671984,-85.14841223463664,34,1
E5,1300,200.24787075733872,-167.48861631545645,45,1
E5,1302,245.0936377947954,-289.5385409003576,18,1
E5,1306,134.41305902335725,-252.75634600537933,41,2
E5,1307,161.95048853668465,-295.32097179998686,88,2
E5,1308,235.92834680925128,-223.5825411401561,21,1
E5,1311,204.51602645920013,-162.40540108573887,55,3
E5,1315,146.6162077782498,-234.3918283406889,37,1
E5,1318,180.52523019815246,-304.29619121387327,57,2
E5,1319,168.62652501432666,-374.5855133688891,79,3
E5,1325,187.33731086637178,-174.90041832715423,111,2
E5,1326,254.70031555703267,-299.2065007197581,111,3
E5,1328,260.07176705779995,-105.83861221507352,85,2
E5,1333,225.4514612513942,-411.230650174905,74,1
E5,1336,375.56733181325353,-245.54646800403486,134,2
E5,1338,274.1615091399401,-263.2690754157929,25,2
E5,1340,311.7612142751665,-279.2550779076338,96,2
E5,1341,192.13993573400424,-373.2710989853672,38,2
E5,1344,125.79884239656027,-278.37668314028923,86,4
E5,1347,189.5294128399747,-378.2332768193904,97,3
E5,1348,292.03064908537135,-92.29286227554022,91,2
E5,1349,258.09016806092484,-209.42416327347019,116,3
E5,1351,172.32404329967468,-284.6300976387185,60,2
E5,1352,193.49052238030535,-343.01189013649116,71,1
E5,1354,291.9355420652313,-370.8010349005929,42,1
E5,1355,180.78293581340296,-380.98991728956156,54,1
E5,1358,267.6003710839827,-139.15360893865102,26,2
E5,1363,304.5727782500048,-84.3836227374896,79,4
E5,1365,240.63321869739383,-134.19565750324293,45,2
E5,1369,265.16497257822624,-393.5863007470176,43,2
E5,1374,293.7662849246607,-95.1068243572222,34,1
E5,1377,228.74614426330484,-141.01163535537646,30,2
E5,1378,132.15568649587058,-218.8658113467052,121,2
E5,1380,337.6866862073753,-91.04120044087328,112,2
E5,1381,281.616126796523,-225.00464266887045,107,2
E5,1383,250.8041700993717,-333.71185073232914,115,3
E5,1386,238.59908983134403,-399.61544311656684,108,2
E5,1391,243.7453259885579,-127.90527121906042,108,4
E5,1394,136.78381310489652,-246.38931441023786,41,2
E5,1402,358.4508295192103,-299.3555028859353,28,1
E5,1404,379.4330465441671,-106.99418861187921,27,2
E5,1405,132.0332568629053,-210.7862927413644,76,2
E5,1406,174.19057552976133,-364.2788230088009,26,2
E5,1407,257.4232044320253,-113.18440055787292,25,1
E5,1410,253.70332175924187,-208.05982927078767,20,1
E5,1411,278.8604498579831,-244.11241458507195,19,1
E5,1412,131.43679440164266,-332.3633071354226,49,1
E5,1414,133.29925422375462,-252.36154249067914,65,3
E5,1415,309.1598981981644,-303.9718661158943,96,3
E5,1416,136.11332939042467,-340.08958279062466,98,3
E5,1417,181.6242651656667,-378.6398729233037,39,1
E5,1421,131.5468367590542,-285.1493087339615,24,1
E5,1422,260.0756805259595,-327.98397965069046,98,2
E5,1424,184.32519808479503,-172.6909438958348,24,1
E5,1425,385.58580516449905,-175.46805068293466,73,2
E5,1433,297.32595062517066,-102.02464225955586,20,1
E5,1435,388.79877661026507,-132.43214020358025,22,1
E5,1441,298.9478775285534,-243.56647641086593,91,1
E5,1444,186.29793474535836,-369.88767783352193,26,1
E5,1445,224.0185053382283,-407.17950077741114,19,1
E5,1448,255.36882020732344,-201.66017059079192,36,1
E5,1453,310.0055024776732,-339.3928792235768,24,2
E5,1456,299.08073250463934,-211.98882237318816,98,2
E5,1457,299.6513712546085,-386.8652593550984,33,1
E5,1461,127.03129308673508,-237.67285763098516,51,1
E5,1465,315.64458326637686,-79.23216882833655,30,2
E5,1468,497.59857247315347,-485.3066307105452,100,2
E5,1471,484.19586070272214,-446.75580406104166,52,1
E5,1479,216.6446994672281,-400.22550361557586,31,2
E5,1482,131.06433486952412,-251.95013485274032,36,2
E5,1486,346.45608830999504,-156.19444074270695,60,2
E5,1490,141.32960693427933,-241.71332072594896,55,1
E5,1493,340.3985483792436,-96.34019483299834,20,1
E5,1494,362.65564253826943,-78.15070895486014,35,2
E5,1501,186.6481987683799,-369.4409097571091,81,2
E5,1503,406.18296013013656,-208.33625826935682,34,1
E5,1505,390.02627939636307,-281.8485489320372,54,2
E5,1514,380.41975779222724,-100.1113028120812,74,3
E5,1516,330.0155190359921,-366.19398980270836,46,2
E5,1517,356.0328925602516,-305.6266223069952,46,2
E5,1518,395.8345674265507,-166.14798478538074,27,2
E5,1528,264.90384457632126,-400.40048044986804,40,2
E5,1532,308.08266298997125,-199.0953190873056,17,2
E5,1534,368.3919885683575,-251.89898125679406,53,1
E5,1563,215.58661204711967,-151.56475692645697,29,2
