movie,source,target,detections,detection_fraction,length_px
E3,0,2,87,0.58,6.22773604190786
E3,0,25,25,0.16666666666666666,8.900817619782027
E3,0,27,36,0.24,4.253083215321024
E3,1,3,19,0.12666666666666668,10.288897055772518
E3,1,26,19,0.12666666666666668,10.586019655870158
E3,1,29,15,0.1,3.9224299095485726
E3,1,201,24,0.16,0.6896771371188849
E3,2,4,141,0.94,6.378217815703514
E3,2,27,28,0.18666666666666668,10.480018106173842
E3,3,6,30,0.2,6.474601319443763
E3,3,150,19,0.12666666666666668,0.4769707845251461
E3,3,234,26,0.17333333333333334,4.186450829218789
E3,4,7,31,0.20666666666666667,6.7500623472455645
E3,4,10,15,0.1,10.233745546845672
E3,5,191,18,0.12,2.1911909001773515
E3,6,8,36,0.24,0.8181003091759093
E3,6,149,50,0.3333333333333333,7.429449675191608
E3,6,150,36,0.24,6.276631132747643
E3,7,10,29,0.19333333333333333,3.5010990415404004
E3,7,225,30,0.2,7.561986282941946
E3,8,149,21,0.14,6.617433300581024
E3,8,150,17,0.11333333333333333,7.06773545221346
E3,9,149,17,0.11333333333333333,5.912189495265588
E3,10,11,20,0.13333333333333333,6.390937944444867
E3,10,225,16,0.10666666666666667,4.061245376274008
E3,14,142,39,0.26,6.857023680660752
E3,16,123,15,0.1,7.830548458731084
E3,17,18,23,0.15333333333333332,6.385784546914729
E3,17,124,28,0.18666666666666668,6.000560968071754
E3,17,168,23,0.15333333333333332,5.370396849021535
E3,18,21,91,0.6066666666666667,4.977042237071137
E3,18,200,18,0.12,6.433137281830211
E3,19,24,20,0.13333333333333333,7.425078614968387
E3,20,22,23,0.15333333333333332,6.172678357100035
E3,20,23,32,0.21333333333333335,6.0195592000258635
E3,20,167,22,0.14666666666666667,3.3064070318553447
E3,20,168,17,0.11333333333333333,6.075038783184633
E3,21,167,22,0.14666666666666667,7.1287933115738715
E3,21,168,17,0.11333333333333333,7.411835965992977
E3,22,23,63,0.42,6.021826096513892
E3,22,26,55,0.36666666666666664,5.455638664638871
E3,22,28,43,0.2866666666666667,5.728983346274682
E3,22,181,38,0.25333333333333335,7.122262153629397
E3,23,167,15,0.1,7.919138454935415
E3,24,125,46,0.30666666666666664,6.963972519811988
E3,24,228,45,0.3,5.342565810937596
E3,25,27,31,0.20666666666666667,4.649352351415832
E3,25,261,24,0.16,2.226364657637824
E3,26,29,20,0.13333333333333333,6.683344135111796
E3,27,261,23,0.15333333333333332,6.875603334194971
E3,28,29,32,0.21333333333333335,6.821268037005606
E3,29,181,15,0.1,4.920595670307676
E3,29,201,20,0.13333333333333333,4.553867120586262
E3,30,33,146,0.9733333333333334,6.973667187422237
E3,30,95,150,1.0,6.657771372667821
E3,31,35,72,0.48,7.248160287500969
E3,31,97,139,0.9266666666666666,7.143041564780886
E3,32,36,20,0.13333333333333333,7.184177050062995
E3,32,39,122,0.8133333333333334,6.3137830446293775
E3,32,96,90,0.6,6.502069685312253
E3,33,37,150,1.0,6.856636810375042
E3,34,38,142,0.9466666666666667,7.256796233669013
E3,34,98,143,0.9533333333333334,6.77604821067131
E3,35,96,49,0.32666666666666666,7.147957281193204
E3,36,40,27,0.18,8.603351747488375
E3,36,205,37,0.24666666666666667,6.214480342362715
E3,36,256,24,0.16,4.734006169114808
E3,36,288,15,0.1,6.213000729105313
E3,37,41,142,0.9466666666666667,6.83769331141415
E3,38,42,150,1.0,6.623706677723693
E3,41,45,149,0.9933333333333333,6.923347239430496
E3,42,43,149,0.9933333333333333,6.682110443956306
E3,43,100,149,0.9933333333333333,6.365633293272314
E3,45,99,150,1.0,6.82456731665201
E3,46,79,20,0.13333333333333333,4.20121807386182
E3,46,169,32,0.21333333333333335,3.906982277050754
E3,48,126,28,0.18666666666666668,5.936159159071783
E3,48,169,49,0.32666666666666666,6.911212504486799
E3,49,62,16,0.10666666666666667,4.738614611200976
E3,49,159,17,0.11333333333333333,4.967603852597109
E3,50,53,25,0.16666666666666666,7.155320795992742
E3,50,73,112,0.7466666666666667,6.422581691560967
E3,50,74,22,0.14666666666666667,3.944043214557155
E3,52,56,78,0.52,6.228686243613977
E3,52,75,25,0.16666666666666666,6.504096742019315
E3,52,76,41,0.2733333333333333,3.991725711896265
E3,52,275,57,0.38,5.689173564810372
E3,53,55,106,0.7066666666666667,6.802305124373983
E3,53,73,21,0.14,8.887278778974647
E3,53,77,113,0.7533333333333333,7.83767850204553
E3,54,59,39,0.26,7.231179920692551
E3,54,154,29,0.19333333333333333,3.5918614768315016
E3,54,198,22,0.14666666666666667,7.61582135288599
E3,55,57,119,0.7933333333333333,6.238160050852968
E3,55,305,26,0.17333333333333334,5.59734227464732
E3,56,58,142,0.9466666666666667,6.573593775171229
E3,57,60,123,0.82,6.17806382511475
E3,58,61,133,0.8866666666666667,6.636972323122795
E3,59,81,23,0.15333333333333332,8.388569235411516
E3,59,83,19,0.12666666666666668,3.9943726345019215
E3,59,300,21,0.14,6.2914085109840965
E3,60,82,150,1.0,6.577105121303953
E3,60,305,27,0.18,6.814088609719795
E3,61,84,142,0.9466666666666667,7.139028228010722
E3,62,127,30,0.2,6.579163045124958
E3,62,240,16,0.10666666666666667,1.570241492161802
E3,63,170,17,0.11333333333333333,5.754228446152928
E3,64,68,71,0.47333333333333333,4.992576268013632
E3,64,72,55,0.36666666666666664,7.621993920259421
E3,64,138,73,0.4866666666666667,6.54907862473203
E3,65,69,132,0.88,5.712838721611937
E3,65,136,17,0.11333333333333333,5.797658577400719
E3,65,139,130,0.8666666666666667,6.351441245213692
E3,66,70,15,0.1,1.457822555205116
E3,66,140,19,0.12666666666666668,6.540864530968219
E3,67,72,15,0.1,9.184322619051706
E3,67,137,24,0.16,9.469909703433535
E3,67,141,24,0.16,2.3965805765716346
E3,67,212,16,0.10666666666666667,4.112660087754767
E3,68,73,58,0.38666666666666666,7.10802247522752
E3,68,77,84,0.56,8.284534344997121
E3,69,71,53,0.35333333333333333,6.193017545106848
E3,69,279,64,0.4266666666666667,6.260220895287041
E3,70,136,22,0.14666666666666667,11.53544592521378
E3,71,76,25,0.16666666666666666,8.697264721270136
E3,72,77,34,0.22666666666666666,6.604215501634773
E3,72,184,23,0.15333333333333332,7.034605330163182
E3,72,212,24,0.16,5.084957445719938
E3,75,211,16,0.10666666666666667,7.731588873534211
E3,76,275,20,0.13333333333333333,1.6992706019466606
E3,79,169,47,0.31333333333333335,8.099841178405734
E3,79,183,18,0.12,7.608861059492403
E3,79,202,19,0.12666666666666668,3.1723292094596967
E3,79,241,22,0.14666666666666667,5.81369521226657
E3,81,85,23,0.15333333333333332,2.795509752681084
E3,81,289,15,0.1,1.7221832751490418
E3,82,86,150,1.0,6.308132679221224
E3,84,87,147,0.98,7.015953004435678
E3,85,218,15,0.1,7.491704632063982
E3,86,89,150,1.0,6.540578401428065
E3,87,91,133,0.8866666666666667,6.800913972659493
E3,88,93,70,0.4666666666666667,6.448991538641308
E3,88,218,31,0.20666666666666667,3.1523766928591774
E3,89,92,150,1.0,6.597894334708526
E3,90,110,46,0.30666666666666664,3.598038340103017
E3,90,273,26,0.17333333333333334,2.4801163646762605
E3,91,112,61,0.4066666666666667,7.995554521447774
E3,91,219,60,0.4,6.03001601899172
E3,92,95,150,1.0,6.821246953106177
E3,93,94,141,0.94,6.795568284042032
E3,93,218,67,0.44666666666666666,9.56663811992371
E3,94,96,121,0.8066666666666666,6.8892108039732305
E3,97,112,76,0.5066666666666667,6.379138653596493
E3,97,219,73,0.4866666666666667,8.339025632222526
E3,98,152,31,0.20666666666666667,6.8418939506315875
E3,98,285,18,0.12,7.170283830080314
E3,99,102,148,0.9866666666666667,7.138849148958543
E3,100,103,149,0.9933333333333333,6.984728331687995
E3,101,104,45,0.3,6.363818882084381
E3,101,176,21,0.14,7.244016604927596
E3,102,105,150,1.0,6.41334878745713
E3,103,107,72,0.48,7.133269513084697
E3,104,106,149,0.9933333333333333,6.498653481115299
E3,104,173,53,0.35333333333333333,6.8534205579294
E3,104,247,38,0.25333333333333335,6.383041280737864
E3,105,108,145,0.9666666666666667,6.440552693027591
E3,106,109,150,1.0,6.556245207756397
E3,107,113,27,0.18,5.237541137923161
E3,108,113,27,0.18,6.86437574293585
E3,108,117,28,0.18666666666666668,6.568327960657664
E3,108,120,25,0.16666666666666666,9.017858791433982
E3,108,239,62,0.41333333333333333,6.964644056591598
E3,109,115,150,1.0,6.5285868973965
E3,110,273,34,0.22666666666666666,6.078127905803886
E3,111,152,19,0.12666666666666668,7.051791209394872
E3,113,114,21,0.14,6.116262826652936
E3,113,116,45,0.3,6.470710878714481
E3,114,118,18,0.12,7.268356738292704
E3,115,119,150,1.0,6.219822372775611
E3,116,118,24,0.16,6.4836273758901815
E3,116,177,18,0.12,2.7024602801298014
E3,116,227,21,0.14,6.340709852100966
E3,118,182,31,0.20666666666666667,6.502731909689133
E3,119,122,149,0.9933333333333333,6.021800898972778
E3,121,177,18,0.12,6.408724559292911
E3,121,182,36,0.24,3.9426310707305636
E3,122,180,30,0.2,7.556879589261965
E3,122,188,26,0.17333333333333334,8.861178424742304
E3,123,124,44,0.29333333333333333,5.367684435297066
E3,123,182,39,0.26,7.114138137437736
E3,123,204,17,0.11333333333333333,7.771000507575575
E3,123,246,17,0.11333333333333333,1.6155180705574124
E3,124,200,17,0.11333333333333333,5.824288887756562
E3,124,246,22,0.14666666666666667,3.82568664369208
E3,127,129,41,0.2733333333333333,5.723339942574612
E3,127,210,18,0.12,2.0764135365716054
E3,127,240,22,0.14666666666666667,5.166128704965613
E3,127,257,20,0.13333333333333333,4.221818209498047
E3,128,129,20,0.13333333333333333,7.419761253614865
E3,129,165,21,0.14,6.318472245561911
E3,130,133,15,0.1,7.603381975996969
E3,131,135,19,0.12666666666666668,6.923338581272118
E3,132,135,49,0.32666666666666666,6.2792116132816655
E3,132,155,15,0.1,4.10681472556935
E3,132,156,16,0.10666666666666667,1.7511234067373354
E3,133,137,39,0.26,7.542023038362461
E3,133,165,20,0.13333333333333333,5.642220690187042
E3,133,216,53,0.35333333333333333,7.744432803507238
E3,134,138,146,0.9733333333333334,6.20597195156596
E3,134,216,54,0.36,6.8412125667777355
E3,135,139,74,0.49333333333333335,7.231785171482038
E3,135,156,25,0.16666666666666666,7.153984821447392
E3,135,185,24,0.16,6.403955507174978
E3,136,140,43,0.2866666666666667,6.418598941693595
E3,137,141,60,0.4,7.0733390824696
E3,141,184,32,0.21333333333333335,4.590428833271211
E3,142,276,19,0.12666666666666668,6.408094730206668
E3,146,188,36,0.24,7.030806052867046
E3,148,149,16,0.10666666666666667,6.00389383751629
E3,150,234,23,0.15333333333333332,4.3340774007869465
E3,154,198,20,0.13333333333333333,4.143146303366882
E3,167,168,23,0.15333333333333332,2.8602390821380927
E3,168,200,16,0.10666666666666667,5.5490599636686175
E3,169,193,21,0.14,3.5911580671725574
E3,169,263,20,0.13333333333333333,5.708875097618339
E3,173,176,18,0.12,7.210731219296853
E3,173,232,32,0.21333333333333335,9.774640798210608
E3,176,232,16,0.10666666666666667,2.7423943177993797
E3,180,188,16,0.10666666666666667,5.453041286577379
E3,182,227,26,0.17333333333333334,6.251766535221961
E3,201,234,40,0.26666666666666666,5.632190894004905
E3,204,246,20,0.13333333333333333,7.6811475707029695
E3,205,232,39,0.26,4.5719543940577925
E3,206,233,20,0.13333333333333333,6.901081848065554
E3,208,241,20,0.13333333333333333,7.826366380960253
E3,218,266,17,0.11333333333333333,3.9243257643193115
E3,218,269,15,0.1,2.8479450237283097
E3,275,279,46,0.30666666666666664,6.642507920330857
E4,0,2,57,0.38,4.699568878424086
E4,0,1000,47,0.31333333333333335,5.543816884185748
E4,1,898,70,0.4666666666666667,8.271775891032359
E4,1,931,100,0.6666666666666666,8.354149689591932
E4,1,1241,29,0.19333333333333333,8.210641700281725
E4,2,1000,52,0.3466666666666667,7.456257969081493
E4,3,29,66,0.44,7.197413236628779
E4,3,31,21,0.14,6.76595249894849
E4,3,1759,61,0.4066666666666667,6.785778421293935
E4,5,989,27,0.18,7.211005832426055
E4,5,1932,15,0.1,7.599884148891422
E4,8,13,40,0.26666666666666666,9.913377992268643
E4,8,882,20,0.13333333333333333,11.580137080894943
E4,8,1594,25,0.16666666666666666,6.152525035880232
E4,8,2455,17,0.11333333333333333,11.555209079164436
E4,9,13,36,0.24,10.72541669622515
E4,9,14,20,0.13333333333333333,4.688590588897747
E4,9,17,64,0.4266666666666667,10.242968956851884
E4,9,19,35,0.23333333333333334,7.749626417748666
E4,10,18,150,1.0,7.2815432705520315
E4,10,988,47,0.31333333333333335,7.927887467091301
E4,10,991,97,0.6466666666666666,6.305062616466762
E4,11,12,15,0.1,7.6507099240185825
E4,11,16,32,0.21333333333333335,13.07331125666656
E4,11,910,25,0.16666666666666666,9.785502201995724
E4,11,963,44,0.29333333333333333,0.7623945126175751
E4,11,1197,52,0.3466666666666667,3.3317257658207433
E4,11,1396,42,0.28,8.353469058812772
E4,12,16,26,0.17333333333333334,6.858903424254089
E4,13,905,148,0.9866666666666667,7.653673014592424
E4,13,990,24,0.16,10.50607840479743
E4,13,1123,15,0.1,8.890350004910774
E4,14,905,21,0.14,7.8529689047467475
E4,16,963,26,0.17333333333333334,12.334098640620217
E4,16,987,114,0.76,7.177592582533871
E4,16,1197,55,0.36666666666666664,9.840754440799701
E4,16,1401,35,0.23333333333333334,7.058110063016007
E4,17,1594,58,0.38666666666666666,6.884673579212917
E4,17,2438,26,0.17333333333333334,6.6836572930490705
E4,18,883,62,0.41333333333333333,7.758594095921025
E4,18,901,18,0.12,9.05636521996325
E4,18,909,17,0.11333333333333333,7.44225215192499
E4,18,1398,32,0.21333333333333335,8.164794205697044
E4,19,882,61,0.4066666666666667,7.176722984488485
E4,19,1594,18,0.12,7.629822158012253
E4,20,902,70,0.4666666666666667,7.802215906367061
E4,20,968,17,0.11333333333333333,10.014200270618659
E4,20,974,128,0.8533333333333334,8.351322896609378
E4,20,1399,17,0.11333333333333333,12.902964743980194
E4,20,1678,62,0.41333333333333333,7.28320486390346
E4,21,884,80,0.5333333333333333,5.179190402298259
E4,21,967,141,0.94,6.026396271057137
E4,22,882,26,0.17333333333333334,8.94753083112218
E4,22,905,23,0.15333333333333332,11.276656440247088
E4,22,948,25,0.16666666666666666,7.416876906513354
E4,23,968,110,0.7333333333333333,6.797031137943377
E4,23,2407,17,0.11333333333333333,7.453080225705954
E4,24,917,44,0.29333333333333333,6.959702765316836
E4,24,945,45,0.3,6.497440559547532
E4,25,28,15,0.1,4.923082141801668
E4,26,921,57,0.38,8.870871439863622
E4,27,972,43,0.2866666666666667,9.049560937025802
E4,27,1590,53,0.35333333333333333,8.131219971671985
E4,28,924,65,0.43333333333333335,6.512524767208492
E4,28,1588,19,0.12666666666666668,6.710689923805959
E4,28,1966,21,0.14,7.629016199541195
E4,28,2181,57,0.38,6.791902278844894
E4,29,1242,37,0.24666666666666667,6.628927832285436
E4,30,898,15,0.1,9.71747556858534
E4,32,40,150,1.0,7.162010117926894
E4,32,50,150,1.0,7.218029008975153
E4,33,976,34,0.22666666666666666,9.674744464255616
E4,33,1314,16,0.10666666666666667,9.71298520821544
E4,36,45,150,1.0,7.2740143311507355
E4,36,57,120,0.8,7.427928734353784
E4,36,1539,23,0.15333333333333332,6.823440328006336
E4,37,58,135,0.9,7.957542690843375
E4,37,1120,16,0.10666666666666667,9.22195436493329
E4,38,977,55,0.36666666666666664,7.338609322728725
E4,39,62,86,0.5733333333333334,6.656750447532994
E4,39,78,26,0.17333333333333334,7.875587388657553
E4,39,978,24,0.16,9.099932400965518
E4,39,1244,39,0.26,6.16307140530533
E4,39,1402,32,0.21333333333333335,6.092842192132681
E4,39,1568,22,0.14666666666666667,13.083704215925291
E4,39,2187,15,0.1,8.965835817244903
E4,40,979,66,0.44,7.187018610092205
E4,40,1313,84,0.56,7.266560327781944
E4,42,63,150,1.0,7.150238252823356
E4,42,980,150,1.0,6.980503126482561
E4,45,983,100,0.6666666666666666,6.905995509374481
E4,48,59,18,0.12,8.988375451416758
E4,48,60,17,0.11333333333333333,7.297103265187823
E4,48,71,41,0.2733333333333333,7.859656396947579
E4,49,63,145,0.9666666666666667,7.425415523040734
E4,49,73,55,0.36666666666666664,7.964518292046714
E4,49,94,95,0.6333333333333333,7.598561087084774
E4,50,74,150,1.0,7.074556435626514
E4,53,69,140,0.9333333333333333,7.514304927073562
E4,53,1127,30,0.2,7.578460652163179
E4,55,70,32,0.21333333333333335,8.838217570178543
E4,56,1126,44,0.29333333333333333,7.0014508330515275
E4,56,1403,21,0.14,10.525223903379521
E4,57,72,115,0.7666666666666667,7.418268979420558
E4,58,79,18,0.12,7.4626563009335
E4,58,1006,86,0.5733333333333334,8.512357925994538
E4,59,60,96,0.64,5.550412146946238
E4,59,75,29,0.19333333333333333,6.785953697497238
E4,59,1005,21,0.14,7.4700592441895965
E4,61,77,37,0.24666666666666667,9.169209020234524
E4,62,77,16,0.10666666666666667,7.782673787001674
E4,62,1568,55,0.36666666666666664,6.961889465231687
E4,64,1283,31,0.20666666666666667,7.222351320832664
E4,66,80,19,0.12666666666666668,7.65994346674121
E4,66,1568,15,0.1,8.66804680104992
E4,67,79,150,1.0,6.976808506136807
E4,67,86,106,0.7066666666666667,7.44400583825814
E4,67,1740,44,0.29333333333333333,6.5226151359199145
E4,68,77,130,0.8666666666666667,7.621654801779004
E4,68,82,126,0.84,7.335102786258104
E4,69,85,79,0.5266666666666666,7.99635232073862
E4,70,1008,31,0.20666666666666667,7.717875391808765
E4,70,1876,28,0.18666666666666668,9.031971767577726
E4,70,2040,20,0.13333333333333333,7.687501142440038
E4,71,89,150,1.0,7.470286567622026
E4,71,1316,19,0.12666666666666668,6.602144657431813
E4,72,87,108,0.72,7.39431928766426
E4,72,1539,23,0.15333333333333332,8.343918636297966
E4,73,90,141,0.94,7.0187398917594495
E4,74,92,83,0.5533333333333333,7.158703143391345
E4,74,1680,46,0.30666666666666664,7.1617977335185525
E4,78,1568,17,0.11333333333333333,5.350156916281046
E4,79,1315,80,0.5333333333333333,7.115477004994055
E4,80,103,25,0.16666666666666666,7.780509831000225
E4,81,1009,59,0.3933333333333333,6.332908888610258
E4,81,1012,40,0.26666666666666666,8.786778127084657
E4,82,90,16,0.10666666666666667,6.827745613890974
E4,82,104,99,0.66,7.965041563678477
E4,85,91,144,0.96,7.017072873156716
E4,86,106,106,0.7066666666666667,6.819299795755331
E4,87,94,17,0.11333333333333333,8.724143216434259
E4,87,107,81,0.54,7.167507679340697
E4,89,109,143,0.9533333333333334,7.3107437731863305
E4,90,1010,48,0.32,7.2828694866962245
E4,91,93,78,0.52,7.09381786908535
E4,91,1540,42,0.28,7.5485964239428665
E4,92,108,56,0.37333333333333335,7.22151396762448
E4,93,1540,36,0.24,2.463200253920139
E4,94,1285,98,0.6533333333333333,7.0372540130553345
E4,95,1451,26,0.17333333333333334,6.680341897005072
E4,96,104,150,1.0,6.9367821695642755
E4,96,112,150,1.0,8.060545925147721
E4,97,108,58,0.38666666666666666,7.150234502875236
E4,97,116,49,0.32666666666666666,7.29050417367532
E4,98,111,71,0.47333333333333333,7.797608505559984
E4,98,117,97,0.6466666666666666,7.266069291608131
E4,98,1247,40,0.26666666666666666,6.912483411976733
E4,99,111,16,0.10666666666666667,7.85970913067839
E4,100,120,49,0.32666666666666666,6.882018326378963
E4,103,122,125,0.8333333333333334,7.471718479447765
E4,103,1906,83,0.5533333333333333,7.414054298991997
E4,104,1010,42,0.28,6.466603683823468
E4,105,111,51,0.34,5.555141858601026
E4,105,123,18,0.12,7.9701440078118955
E4,105,1681,17,0.11333333333333333,7.593032848959382
E4,106,126,150,1.0,6.737325034934235
E4,106,1740,44,0.29333333333333333,7.175207748514009
E4,107,127,53,0.35333333333333333,7.632588620360121
E4,107,1285,23,0.15333333333333332,7.9110261425847055
E4,107,1695,33,0.22,8.841436127171532
E4,108,1680,35,0.23333333333333334,7.2119096221860355
E4,108,1682,30,0.2,7.672569845032126
E4,109,1695,73,0.4866666666666667,7.551775181879373
E4,112,133,134,0.8933333333333333,7.188431591709858
E4,113,122,104,0.6933333333333334,7.474582213768825
E4,113,138,94,0.6266666666666667,6.398131592557851
E4,114,127,41,0.2733333333333333,8.278927896269527
E4,114,137,117,0.78,7.5967459809982945
E4,114,1695,97,0.6466666666666666,7.402352583265716
E4,115,127,27,0.18,7.28154417407569
E4,115,137,32,0.21333333333333335,8.766401586227367
E4,116,120,25,0.16666666666666666,6.967947569760984
E4,116,139,117,0.78,6.980299701786583
E4,116,1682,27,0.18,7.008833836821188
E4,117,135,67,0.44666666666666666,7.238163562667928
E4,117,140,25,0.16666666666666666,7.295000730360537
E4,118,1012,17,0.11333333333333333,9.232945964694046
E4,119,126,138,0.92,6.398977530330039
E4,119,136,89,0.5933333333333334,7.101053589202886
E4,120,143,149,0.9933333333333333,7.038921047440806
E4,122,1975,28,0.18666666666666668,7.624019434755764
E4,128,136,108,0.72,6.787000173994759
E4,128,146,128,0.8533333333333334,7.2718233183992025
E4,129,142,47,0.31333333333333335,6.76484966826932
E4,129,1130,25,0.16666666666666666,3.8060452640540685
E4,129,1320,28,0.18666666666666668,3.780079621023041
E4,129,2041,16,0.10666666666666667,2.3864848509299468
E4,130,150,100,0.6666666666666666,7.246232581066155
E4,130,1452,18,0.12,7.586749164557029
E4,131,143,150,1.0,7.12710777982082
E4,131,155,150,1.0,7.072979112291476
E4,133,154,76,0.5066666666666667,7.859682211100112
E4,133,1365,20,0.13333333333333333,6.797333771424319
E4,134,1131,62,0.41333333333333333,7.233074901740498
E4,134,1430,46,0.30666666666666664,6.998318912297567
E4,135,157,97,0.6466666666666666,7.035315015001002
E4,135,1200,18,0.12,5.581481835656414
E4,135,1247,30,0.2,7.615214369066077
E4,136,1246,46,0.30666666666666664,5.660857222663805
E4,137,156,149,0.9933333333333333,7.295034756478286
E4,138,1975,28,0.18666666666666668,6.228464724562963
E4,139,158,142,0.9466666666666667,6.905417816181529
E4,139,1430,18,0.12,7.316998324454385
E4,140,159,51,0.34,6.691163040045657
E4,142,2041,20,0.13333333333333333,8.036944882391058
E4,144,159,42,0.28,8.060209379011257
E4,144,174,54,0.36,8.210719333175815
E4,146,166,145,0.9666666666666667,7.091427197003464
E4,150,153,75,0.5,6.883054334297095
E4,150,167,65,0.43333333333333335,7.495830721765609
E4,151,154,35,0.23333333333333334,6.578799665623287
E4,151,168,148,0.9866666666666667,7.31814952214333
E4,152,1768,17,0.11333333333333333,7.101548532345599
E4,154,171,132,0.88,7.050192441526184
E4,154,1322,17,0.11333333333333333,7.059272661936327
E4,155,172,150,1.0,7.107873958750909
E4,156,191,54,0.36,9.985102924311317
E4,156,1288,57,0.38,7.456321747044881
E4,156,2081,28,0.18666666666666668,7.02807488142347
E4,157,174,73,0.4866666666666667,7.476152353875484
E4,158,1015,86,0.5733333333333334,7.442902808639561
E4,160,174,25,0.16666666666666666,5.493766191595867
E4,160,1203,21,0.14,4.722495681590053
E4,166,179,122,0.8133333333333334,7.701846797007464
E4,167,182,106,0.7066666666666667,7.281435420652238
E4,168,186,31,0.20666666666666667,6.527440024683319
E4,168,1625,119,0.7933333333333333,6.582505985324756
E4,171,184,146,0.9733333333333334,7.487046569532596
E4,172,187,150,1.0,7.137148186556603
E4,174,1133,18,0.12,4.223941875389744
E4,174,2025,42,0.28,6.736977856999837
E4,175,176,104,0.6933333333333334,7.303313055425246
E4,175,191,57,0.38,4.751973141009634
E4,175,1288,24,0.16,7.2935356677330985
E4,175,2081,26,0.17333333333333334,7.8592424237518745
E4,176,191,30,0.2,11.971648060920005
E4,176,194,146,0.9733333333333334,6.867269656022821
E4,177,222,71,0.47333333333333333,7.197085617547306
E4,177,1203,30,0.2,6.4058840934367876
E4,177,1746,22,0.14666666666666667,10.37095285266
E4,179,205,145,0.9666666666666667,7.03439658847406
E4,180,203,27,0.18,13.890044514481964
E4,182,197,133,0.8866666666666667,7.130588378230458
E4,183,196,94,0.6266666666666667,6.326436628501498
E4,183,1366,49,0.32666666666666666,6.444384145355781
E4,184,198,139,0.9266666666666666,7.8017495185314365
E4,185,1323,23,0.15333333333333332,9.04799340538388
E4,186,199,31,0.20666666666666667,8.113975942789606
E4,187,206,150,1.0,7.122197452487651
E4,190,1021,25,0.16666666666666666,5.968480508108131
E4,190,1761,43,0.2866666666666667,6.07675132491271
E4,191,1288,27,0.18,2.5416827402053017
E4,192,206,150,1.0,7.1726237999784885
E4,192,213,150,1.0,7.047188977937115
E4,193,1025,53,0.35333333333333333,6.4297123956520625
E4,193,1033,108,0.72,7.017198407060202
E4,194,212,102,0.68,7.923953827155264
E4,194,216,48,0.32,8.650004046963225
E4,195,205,19,0.12666666666666668,8.206832844372398
E4,195,207,51,0.34,6.801241510864857
E4,195,217,31,0.20666666666666667,6.150620901483552
E4,195,1406,29,0.19333333333333333,7.9192249979246245
E4,195,1907,16,0.10666666666666667,7.833486373705434
E4,197,1894,37,0.24666666666666667,7.781726548647938
E4,198,218,136,0.9066666666666666,7.626489738129701
E4,199,220,101,0.6733333333333333,7.6542109830990706
E4,199,1625,118,0.7866666666666666,8.10642342285257
E4,199,1714,31,0.20666666666666667,7.735211469403636
E4,200,219,141,0.94,7.093682671191213
E4,200,1022,99,0.66,6.893714030847063
E4,202,1134,23,0.15333333333333332,6.795524956741084
E4,203,210,24,0.16,11.320262254326979
E4,203,1030,25,0.16666666666666666,6.35527354225329
E4,205,221,123,0.82,7.248157883873332
E4,208,222,102,0.68,7.795142367633988
E4,208,224,78,0.52,6.65572054728493
E4,208,236,34,0.22666666666666666,5.670965362072213
E4,208,2013,35,0.23333333333333334,6.882688402283804
E4,209,228,117,0.78,7.427576671379237
E4,210,235,122,0.8133333333333334,5.18865815041535
E4,210,1030,30,0.2,5.587048605122213
E4,211,225,15,0.1,7.015354798180173
E4,212,227,108,0.72,7.171808415579448
E4,212,271,19,0.12666666666666668,13.779639021060136
E4,213,229,65,0.43333333333333335,7.032319123958492
E4,213,1139,85,0.5666666666666667,6.667007679264831
E4,214,222,21,0.14,6.8677511429499996
E4,214,1204,29,0.19333333333333333,7.3449361854302495
E4,215,236,51,0.34,7.372229140588751
E4,216,1026,43,0.2866666666666667,5.796455193826264
E4,216,1367,105,0.7,6.753720210569768
E4,217,238,35,0.23333333333333334,7.894107950253131
E4,218,234,18,0.12,10.784738799210873
E4,218,1207,59,0.3933333333333333,7.573482639108425
E4,219,239,148,0.9866666666666667,7.17750916794238
E4,220,237,87,0.58,7.1700152551844445
E4,220,1748,23,0.15333333333333332,7.584422700399365
E4,221,1138,78,0.52,7.299140800953806
E4,221,1406,32,0.21333333333333335,7.794744103929668
E4,222,1729,64,0.4266666666666667,7.292118121332184
E4,224,269,71,0.47333333333333333,7.086170666427361
E4,226,230,18,0.12,6.643969598402522
E4,226,268,32,0.21333333333333335,9.427982691872016
E4,226,1033,97,0.6466666666666666,6.561423239628805
E4,227,271,107,0.7133333333333334,6.620212418270206
E4,228,243,115,0.7666666666666667,7.136182093805744
E4,229,244,65,0.43333333333333335,7.1036481958869695
E4,231,284,17,0.11333333333333333,10.551815347675742
E4,234,250,145,0.9666666666666667,7.231826855702628
E4,234,1894,44,0.29333333333333333,6.935436511020464
E4,236,247,125,0.8333333333333334,7.025786647753136
E4,237,254,35,0.23333333333333334,6.982722845949735
E4,237,1714,31,0.20666666666666667,7.288093240059288
E4,237,1715,69,0.46,7.196000264063222
E4,238,253,148,0.9866666666666667,7.4424444890074355
E4,238,1406,68,0.4533333333333333,6.352724394443886
E4,238,1907,33,0.22,6.20518688521746
E4,239,255,150,1.0,7.006757649833894
E4,240,245,59,0.3933333333333333,6.740783428136044
E4,240,246,35,0.23333333333333334,9.310874420857651
E4,240,275,23,0.15333333333333332,5.750490243136992
E4,240,282,24,0.16,7.756312115491352
E4,240,1626,45,0.3,8.269622921552571
E4,241,1210,17,0.11333333333333333,0.7522555988119397
E4,242,1811,21,0.14,7.089864013164225
E4,243,257,71,0.47333333333333333,7.111790911983412
E4,243,1454,24,0.16,5.580954200367084
E4,244,281,57,0.38,6.742786310921411
E4,244,1139,85,0.5666666666666667,7.454206537076678
E4,244,2050,60,0.4,6.883567287137057
E4,244,2278,26,0.17333333333333334,7.513033386753294
E4,245,282,63,0.42,6.896564994939952
E4,246,268,32,0.21333333333333335,6.8105345873162095
E4,247,283,86,0.5733333333333334,6.776291311370817
E4,247,1213,57,0.38,7.386812515382759
E4,247,2118,15,0.1,6.481546990834023
E4,248,1251,24,0.16,4.151430232161925
E4,249,264,39,0.26,6.982252324763246
E4,250,287,53,0.35333333333333333,8.133766265631834
E4,250,1040,49,0.32666666666666666,7.3711106558107975
E4,251,266,55,0.36666666666666664,6.8560565780013665
E4,252,260,46,0.30666666666666664,8.012175995055841
E4,252,1138,27,0.18,9.181017481946133
E4,253,265,117,0.78,7.207011126891729
E4,254,267,28,0.18666666666666668,7.719311374206595
E4,255,263,150,1.0,7.0569758855966915
E4,256,287,26,0.17333333333333334,7.260876947268871
E4,256,295,60,0.4,7.29938028973519
E4,257,258,66,0.44,4.540905674862384
E4,258,289,31,0.20666666666666667,6.505538619562788
E4,258,1491,17,0.11333333333333333,6.959044906167443
E4,259,262,131,0.8733333333333333,6.453533383390472
E4,259,285,141,0.94,6.542239790934129
E4,259,2487,15,0.1,5.901906418572007
E4,260,296,141,0.94,6.729639198290734
E4,261,290,38,0.25333333333333335,8.683104574415177
E4,261,1920,26,0.17333333333333334,9.294194455183444
E4,262,264,133,0.8866666666666667,6.52384901715276
E4,263,297,149,0.9933333333333333,7.0334653696676614
E4,264,286,33,0.22,6.899883197749159
E4,264,1811,50,0.3333333333333333,7.179259430563238
E4,264,2487,15,0.1,7.295490053604224
E4,265,303,118,0.7866666666666666,6.875381443925059
E4,266,273,86,0.5733333333333334,5.306448905016205
E4,267,274,145,0.9666666666666667,7.017385501512196
E4,267,1715,72,0.48,7.7530613963472454
E4,268,276,59,0.3933333333333333,5.472146489538326
E4,268,1626,30,0.2,7.757940050730123
E4,269,299,41,0.2733333333333333,7.755552077146179
E4,269,1601,56,0.37333333333333335,6.764699064192886
E4,269,1880,42,0.28,7.0131715070994085
E4,269,2013,19,0.12666666666666668,6.805819803336456
E4,271,272,149,0.9933333333333333,8.175337636183187
E4,272,304,131,0.8733333333333333,8.28858278143153
E4,273,303,46,0.30666666666666664,4.187764080357611
E4,273,309,25,0.16666666666666666,7.154269147152687
E4,273,330,18,0.12,8.108330668489911
E4,274,310,143,0.9533333333333334,7.090466739210827
E4,275,291,38,0.25333333333333335,7.404167757462346
E4,276,291,119,0.7933333333333333,7.087774075032964
E4,277,279,133,0.8866666666666667,4.5829843009507005
E4,277,286,115,0.7666666666666667,6.194854471608538
E4,278,292,86,0.5733333333333334,9.98134883705644
E4,278,1870,15,0.1,8.653553062476725
E4,279,313,57,0.38,8.11800203501209
E4,280,288,136,0.9066666666666666,7.331892109681607
E4,280,1039,57,0.38,7.554467990830317
E4,280,1715,32,0.21333333333333335,8.423982979739082
E4,281,314,51,0.34,8.028485343691147
E4,282,298,55,0.36666666666666664,5.556136086891501
E4,282,1407,18,0.12,7.34752375376397
E4,282,1801,63,0.42,6.888422081416242
E4,283,316,74,0.49333333333333335,6.691393075186233
E4,284,1038,25,0.16666666666666666,7.835961460926408
E4,285,301,45,0.3,6.956784380860754
E4,285,1041,45,0.3,6.541983895406991
E4,287,1040,23,0.15333333333333332,5.162230609230463
E4,287,1141,15,0.1,7.560512850512266
E4,288,350,65,0.43333333333333335,7.5075436371749955
E4,288,1328,69,0.46,7.538961028253986
E4,291,347,17,0.11333333333333333,8.37440588702722
E4,291,1407,63,0.42,8.94915493970515
E4,292,340,24,0.16,9.626266679473636
E4,293,294,88,0.5866666666666667,6.591079370990496
E4,293,311,42,0.28,7.6039351341696415
E4,293,1490,43,0.2866666666666667,7.800236262302495
E4,294,319,110,0.7333333333333333,7.4223463016921984
E4,294,1970,44,0.29333333333333333,7.209695185477473
E4,296,335,147,0.98,6.803177507073795
E4,297,305,40,0.26666666666666666,7.010952109531493
E4,297,1043,100,0.6666666666666666,6.846543615606378
E4,299,331,41,0.2733333333333333,6.178915843918097
E4,301,302,44,0.29333333333333333,8.020031989569365
E4,301,319,96,0.64,6.223767820392645
E4,301,1041,16,0.10666666666666667,5.275936452351593
E4,301,2307,17,0.11333333333333333,6.818250212823721
E4,302,312,80,0.5333333333333333,7.185131054458803
E4,302,333,35,0.23333333333333334,10.218894820787025
E4,303,309,34,0.22666666666666666,7.053169940376596
E4,303,330,18,0.12,8.40339015531544
E4,304,367,144,0.96,7.5340119977993325
E4,304,1212,16,0.10666666666666667,8.64175722147097
E4,305,336,19,0.12666666666666668,7.766582104532337
E4,306,325,45,0.3,5.80812760805848
E4,308,311,21,0.14,9.149427574307833
E4,308,1490,18,0.12,8.960521998903115
E4,308,1769,15,0.1,7.826075048346615
E4,309,345,66,0.44,7.328867273715219
E4,310,351,146,0.9733333333333334,7.012098506128982
E4,311,1970,22,0.14666666666666667,6.9931249121362
E4,312,334,27,0.18,6.575985160622835
E4,312,1993,78,0.52,5.669712239495195
E4,312,2307,28,0.18666666666666668,8.669189218560625
E4,313,328,98,0.6533333333333333,7.436368187862193
E4,313,1326,46,0.30666666666666664,6.113632537228122
E4,314,320,144,0.96,7.054995767321212
E4,314,2050,60,0.4,7.442942903040138
E4,314,2278,24,0.16,7.23947814214457
E4,316,322,53,0.35333333333333333,6.800076838342737
E4,316,1213,57,0.38,6.114631550593753
E4,316,1994,78,0.52,6.838642705844991
E4,317,323,67,0.44666666666666666,7.84168324968945
E4,317,1140,17,0.11333333333333333,8.434508159219941
E4,317,1455,50,0.3333333333333333,5.2192752982723425
E4,317,1600,32,0.21333333333333335,6.644381060140445
E4,320,357,129,0.86,7.161538139336452
E4,321,363,18,0.12,7.31231028460306
E4,321,1144,21,0.14,6.849308390390741
E4,322,359,49,0.32666666666666666,6.921236603083124
E4,322,1661,40,0.26666666666666666,6.922960005930322
E4,323,360,15,0.1,8.034233446733962
E4,324,326,106,0.7066666666666667,8.317786160926184
E4,324,338,76,0.5066666666666667,6.42473927418753
E4,324,1409,43,0.2866666666666667,6.495174227434353
E4,324,2033,23,0.15333333333333332,7.030663872424699
E4,325,329,41,0.2733333333333333,9.204374823631223
E4,325,346,40,0.26666666666666666,12.689621288762105
E4,325,1602,42,0.28,6.126016179160452
E4,325,1996,18,0.12,8.51013305189447
E4,326,333,122,0.8133333333333334,6.49129974561363
E4,327,348,20,0.13333333333333333,7.26828580348782
E4,327,1993,21,0.14,7.157682779992612
E4,328,366,150,1.0,7.184388661620862
E4,329,1628,17,0.11333333333333333,7.648616750127234
E4,330,345,48,0.32,6.227356509898594
E4,331,340,33,0.22,6.502386293264899
E4,331,364,30,0.2,9.547578560718899
E4,331,1601,37,0.24666666666666667,8.082144657191062
E4,331,1880,52,0.3466666666666667,7.08426710984351
E4,332,1253,32,0.21333333333333335,3.0430751356816574
E4,335,343,145,0.9666666666666667,7.249429221020498
E4,336,375,82,0.5466666666666666,7.000142790818312
E4,336,1043,50,0.3333333333333333,6.864576705446686
E4,337,373,25,0.16666666666666666,6.446957565183687
E4,337,1547,18,0.12,9.380311108078883
E4,338,382,36,0.24,6.648127604374016
E4,338,1143,22,0.14666666666666667,5.27016855640089
E4,338,1731,16,0.10666666666666667,8.868855660311704
E4,340,364,89,0.5933333333333334,5.293885697429281
E4,341,348,130,0.8666666666666667,6.6115740311402496
E4,341,376,21,0.14,8.602988327286281
E4,341,1217,22,0.14666666666666667,6.027635135887014
E4,343,352,140,0.9333333333333333,6.84996782548773
E4,344,355,54,0.36,6.867530092643716
E4,345,1861,19,0.12666666666666668,4.794658259677694
E4,346,365,15,0.1,8.690751644734945
E4,346,1628,17,0.11333333333333333,4.924230747349123
E4,347,354,134,0.8933333333333333,6.767769755425234
E4,348,1326,22,0.14666666666666667,9.706558101531252
E4,350,356,71,0.47333333333333333,7.185205602388766
E4,351,362,115,0.7666666666666667,7.858159245589541
E4,352,393,150,1.0,6.589065236168296
E4,353,391,127,0.8466666666666667,7.334101168572098
E4,354,392,78,0.52,6.889167723987583
E4,354,2209,53,0.35333333333333333,6.791282230626033
E4,355,373,116,0.7733333333333333,7.98270835254698
E4,355,1731,28,0.18666666666666668,8.217867251778038
E4,356,395,149,0.9933333333333333,7.088071135978877
E4,356,1328,64,0.4266666666666667,7.18555794667264
E4,357,396,109,0.7266666666666667,7.2970327622028845
E4,358,365,18,0.12,5.6203467213282305
E4,359,371,45,0.3,7.294160739004894
E4,359,1051,18,0.12,6.752483735499272
E4,360,397,15,0.1,2.7615092488612727
E4,362,369,150,1.0,6.841658992266672
E4,362,1575,31,0.20666666666666667,8.610424218559377
E4,363,371,23,0.15333333333333332,6.112453438979448
E4,364,399,82,0.5466666666666666,7.015064336595672
E4,365,1045,15,0.1,10.42406233437691
E4,365,1686,41,0.2733333333333333,5.169946851322833
E4,365,2206,17,0.11333333333333333,7.260076487980615
E4,366,376,37,0.24666666666666667,7.127405845331958
E4,366,1909,112,0.7466666666666667,6.570794243562171
E4,367,380,111,0.74,6.953779755139479
E4,367,1049,25,0.16666666666666666,6.873877107143528
E4,368,380,28,0.18666666666666668,10.091714154238671
E4,368,390,148,0.9866666666666667,7.441216507251796
E4,368,2333,17,0.11333333333333333,8.866710228788786
E4,369,384,61,0.4066666666666667,7.13641032211225
E4,369,1256,70,0.4666666666666667,8.446952432560847
E4,370,381,18,0.12,8.882620230461166
E4,370,398,15,0.1,12.693169931194232
E4,370,1997,19,0.12666666666666668,12.259008123864378
E4,371,414,128,0.8533333333333334,7.4083725492622685
E4,371,1144,28,0.18666666666666668,6.139226806058001
E4,371,1661,16,0.10666666666666667,8.93842963149306
E4,372,1218,21,0.14,9.030088857807577
E4,373,379,20,0.13333333333333333,9.330057567773459
E4,373,397,43,0.2866666666666667,8.608446849567303
E4,374,408,19,0.12666666666666668,8.679344120663734
E4,375,385,148,0.9866666666666667,7.048484923716299
E4,375,1215,67,0.44666666666666666,7.079549264458711
E4,376,388,32,0.21333333333333335,6.478711673046582
E4,378,1330,25,0.16666666666666666,7.560026117551766
E4,380,412,101,0.6733333333333333,8.203485177204987
E4,381,398,31,0.20666666666666667,8.181055746658785
E4,382,389,38,0.25333333333333335,7.000376345309284
E4,382,1409,28,0.18666666666666668,6.410830146745422
E4,385,425,83,0.5533333333333333,6.841921405349921
E4,385,1055,30,0.2,6.66836507433651
E4,387,389,38,0.25333333333333335,4.5670396374993585
E4,387,419,26,0.17333333333333334,9.734863992300445
E4,388,430,148,0.9866666666666667,6.934402341716265
E4,388,1909,106,0.7066666666666667,6.554567740093301
E4,389,1773,28,0.18666666666666668,6.664044708654128
E4,390,415,137,0.9133333333333333,6.6806511358307175
E4,391,429,28,0.18666666666666668,7.963190386267981
E4,391,1577,25,0.16666666666666666,7.832395024835832
E4,392,401,49,0.32666666666666666,7.827900271675967
E4,392,1749,16,0.10666666666666667,12.153305408017834
E4,393,411,115,0.7666666666666667,7.928117578501988
E4,396,404,121,0.8066666666666666,6.9217359547502655
E4,396,1048,41,0.2733333333333333,7.483563244228276
E4,396,1410,27,0.18,7.082401574455664
E4,398,1699,19,0.12666666666666668,5.479242751937507
E4,400,418,28,0.18666666666666668,5.0326489913214525
E4,401,1549,30,0.2,7.708709999892033
E4,401,2209,36,0.24,7.512109641274354
E4,403,407,55,0.36666666666666664,8.90659584472144
E4,403,422,23,0.15333333333333332,8.289086095948825
E4,403,449,15,0.1,8.551624180334622
E4,403,1219,58,0.38666666666666666,6.194346928018227
E4,404,441,109,0.7266666666666667,6.839617566072479
E4,407,417,17,0.11333333333333333,9.100996646695597
E4,407,2086,24,0.16,9.343115453890858
E4,408,410,18,0.12,12.521966875212966
E4,408,1492,52,0.3466666666666667,6.629853363637052
E4,408,2210,18,0.12,4.639202947150629
E4,410,427,84,0.56,7.136877346954816
E4,410,1795,31,0.20666666666666667,6.5222313651412325
E4,410,1938,17,0.11333333333333333,5.812667113084613
E4,411,421,60,0.4,7.105593299312872
E4,411,1147,26,0.17333333333333334,6.2907087173183305
E4,411,1522,90,0.6,7.017216885691307
E4,412,416,148,0.9866666666666667,7.158036313401705
E4,412,1049,48,0.32,8.260688611470085
E4,413,423,19,0.12666666666666668,6.6400231810500046
E4,415,1604,26,0.17333333333333334,10.86140269700314
E4,416,454,148,0.9866666666666667,6.887574111238364
E4,417,422,76,0.5066666666666667,7.116951266897516
E4,417,425,73,0.4866666666666667,7.622370423545144
E4,417,1055,18,0.12,7.145818859593617
E4,417,1256,23,0.15333333333333332,6.263942394598431
E4,418,423,43,0.2866666666666667,7.143681994332181
E4,418,456,38,0.25333333333333335,10.866073205744657
E4,418,1257,26,0.17333333333333334,7.809371325714498
E4,418,1292,39,0.26,7.732880340901082
E4,418,1749,15,0.1,5.985455358643314
E4,419,444,67,0.44666666666666666,4.642543248206756
E4,419,447,18,0.12,7.253017730993182
E4,419,1773,25,0.16666666666666666,8.338868225398699
E4,420,438,121,0.8066666666666666,6.846517755187706
E4,421,433,58,0.38666666666666666,7.036190873755719
E4,422,440,15,0.1,10.255236189461092
E4,423,1998,20,0.13333333333333333,6.572321240239441
E4,424,426,21,0.14,6.676479204534336
E4,424,442,122,0.8133333333333334,6.466098477528684
E4,424,1053,122,0.8133333333333334,6.863046946739645
E4,424,1154,23,0.15333333333333332,10.18922279036636
E4,425,1220,15,0.1,7.5627704438165955
E4,426,1663,18,0.12,7.777564723049223
E4,427,462,24,0.16,7.226891484816298
E4,429,436,15,0.1,6.576574137142537
E4,429,445,41,0.2733333333333333,8.09272096037827
E4,429,1219,44,0.29333333333333333,7.989729331829211
E4,429,1331,21,0.14,8.45351448512267
E4,430,432,47,0.31333333333333335,6.899165671481456
E4,430,439,100,0.6666666666666666,6.66171723690123
E4,432,1295,38,0.25333333333333335,9.089049264031603
E4,433,466,141,0.94,6.9482834621031655
E4,433,1522,79,0.5266666666666666,7.144126472325111
E4,434,455,130,0.8666666666666667,6.938258420686902
E4,434,461,150,1.0,6.991327886412785
E4,436,445,29,0.19333333333333333,7.8460544454130146
E4,436,455,54,0.36,7.806762148021003
E4,438,458,29,0.19333333333333333,7.5076572599654305
E4,438,1524,25,0.16666666666666666,6.844343980209941
E4,439,476,45,0.3,7.432165499261178
E4,439,1295,31,0.20666666666666667,8.802995617142065
E4,440,449,27,0.18,7.659047331438301
E4,441,1410,28,0.18666666666666668,6.72952869113666
E4,441,1550,15,0.1,9.136019741948923
E4,442,1549,24,0.16,6.75915879988623
E4,443,444,68,0.4533333333333333,7.859871984563761
E4,443,475,93,0.62,6.827273332211731
E4,443,2372,35,0.23333333333333334,5.719840612368242
E4,444,1773,17,0.11333333333333333,12.346601336605447
E4,444,2183,26,0.17333333333333334,1.682883589367613
E4,445,455,27,0.18,5.105349795131881
E4,449,473,84,0.56,3.9473838231400604
E4,450,492,62,0.41333333333333333,7.094854625083927
E4,450,1220,29,0.19333333333333333,6.927409053117987
E4,451,478,25,0.16666666666666666,5.543423844366526
E4,451,1550,18,0.12,4.8123627660922095
E4,451,1607,27,0.18,4.441207974943831
E4,454,495,110,0.7333333333333333,7.389814202137754
E4,454,1853,30,0.2,7.505317411226059
E4,455,472,16,0.10666666666666667,6.305656646937389
E4,455,1438,21,0.14,6.090149012599789
E4,456,1056,36,0.24,2.2890189310757556
E4,456,1292,17,0.11333333333333333,4.8839781799961575
E4,456,1607,20,0.13333333333333333,9.672182432882309
E4,456,1997,16,0.10666666666666667,14.921002608742508
E4,457,471,103,0.6866666666666666,6.5617730954426445
E4,457,1260,25,0.16666666666666666,6.969384937376861
E4,459,462,30,0.2,5.958029490113127
E4,459,463,137,0.9133333333333333,5.076423242266858
E4,461,464,43,0.2866666666666667,7.155453250810679
E4,461,1057,32,0.21333333333333335,9.106666998922625
E4,461,1153,19,0.12666666666666668,6.563958666191131
E4,463,479,112,0.7466666666666667,6.538535092898797
E4,465,1607,18,0.12,8.702379481437232
E4,466,480,150,1.0,6.940139007011752
E4,468,470,32,0.21333333333333335,8.806638658756592
E4,468,1154,17,0.11333333333333333,8.005091448910065
E4,468,1688,21,0.14,5.959115000114299
E4,469,477,24,0.16,8.66812277825306
E4,469,504,19,0.12666666666666668,8.552493610909409
E4,470,1156,19,0.12666666666666668,5.905856735692716
E4,470,1688,15,0.1,3.2755588993543268
E4,471,508,17,0.11333333333333333,10.612685306526565
E4,471,1874,20,0.13333333333333333,9.597626885032545
E4,472,491,50,0.3333333333333333,7.069089920298115
E4,473,487,35,0.23333333333333334,7.69654382013778
E4,473,1293,53,0.35333333333333333,6.337130671445124
E4,475,494,19,0.12666666666666668,8.23219008638747
E4,475,1294,23,0.15333333333333332,5.464521452766411
E4,476,1295,22,0.14666666666666667,1.4292221625130967
E4,476,1896,28,0.18666666666666668,5.169077235215794
E4,477,488,19,0.12666666666666668,5.985245171551404
E4,477,1703,28,0.18666666666666668,8.107762094808324
E4,477,1763,27,0.18,6.893950180147058
E4,478,1607,24,0.16,9.284552058829965
E4,480,522,134,0.8933333333333333,6.8389062197475115
E4,480,1497,16,0.10666666666666667,11.791341352240421
E4,481,482,20,0.13333333333333333,7.407597527073744
E4,481,523,57,0.38,7.615730762125428
E4,481,1494,20,0.13333333333333333,6.141575516225502
E4,482,523,38,0.25333333333333335,6.767930985886166
E4,483,493,23,0.15333333333333332,8.109281617988163
E4,486,502,64,0.4266666666666667,5.523983262497314
E4,486,514,46,0.30666666666666664,10.708963767622866
E4,486,542,17,0.11333333333333333,13.69895490368854
E4,487,503,55,0.36666666666666664,7.565680816064174
E4,489,506,49,0.32666666666666666,5.691291342948554
E4,489,1061,22,0.14666666666666667,3.8429368647908677
E4,489,1578,21,0.14,1.4582368748813623
E4,491,511,140,0.9333333333333333,7.129227795166405
E4,491,1438,66,0.44,7.337798695201965
E4,492,505,106,0.7066666666666667,6.787681692704946
E4,492,1550,22,0.14666666666666667,8.75743053502439
E4,492,2070,42,0.28,7.838355272272383
E4,492,2178,15,0.1,12.553929805924474
E4,493,1060,21,0.14,5.071327081293373
E4,495,510,85,0.5666666666666667,6.598477461303623
E4,495,2194,29,0.19333333333333333,7.694389320556645
E4,496,501,28,0.18666666666666668,4.6487729543080585
E4,496,1065,20,0.13333333333333333,4.5835787761993885
E4,496,1495,15,0.1,7.82423993770552
E4,497,506,30,0.2,7.653788691114465
E4,497,543,46,0.30666666666666664,7.287645969628509
E4,498,543,29,0.19333333333333333,9.13116558941262
E4,499,1067,16,0.10666666666666667,2.1256563613894985
E4,500,1786,22,0.14666666666666667,3.292161220517729
E4,501,1065,21,0.14,9.186453663166501
E4,502,542,17,0.11333333333333333,9.705923466976849
E4,503,511,20,0.13333333333333333,7.713263252556934
E4,503,515,33,0.22,7.231526182282518
E4,503,1066,40,0.26666666666666666,4.140116033730028
E4,503,1293,18,0.12,8.067356802031702
E4,504,516,61,0.4066666666666667,7.535178359833257
E4,504,1734,60,0.4,7.280590792771295
E4,504,2045,15,0.1,8.745557445704325
E4,504,2082,18,0.12,8.063126481896685
E4,505,527,49,0.32666666666666666,6.614003934299357
E4,506,507,36,0.24,6.707431589121108
E4,506,1064,24,0.16,9.664874775231795
E4,506,1578,20,0.13333333333333333,5.2809936415357575
E4,508,524,57,0.38,3.284448592814579
E4,510,519,41,0.2733333333333333,7.693324483380373
E4,510,1814,53,0.35333333333333333,6.819733577196562
E4,511,1066,75,0.5,6.499325568407974
E4,511,1158,24,0.16,9.349541249453772
E4,512,552,47,0.31333333333333335,8.061257428110453
E4,512,556,21,0.14,8.72750059473713
E4,512,1815,37,0.24666666666666667,8.988883322545787
E4,513,542,59,0.3933333333333333,8.447321034268873
E4,514,1063,35,0.23333333333333334,8.043659822931133
E4,514,1635,42,0.28,9.13723899157039
E4,515,530,55,0.36666666666666664,7.456860688120207
E4,515,1066,22,0.14666666666666667,7.795356001989264
E4,515,1158,18,0.12,4.77763499663908
E4,516,529,50,0.3333333333333333,6.636608257787258
E4,517,557,33,0.22,8.54263451468223
E4,518,540,83,0.5533333333333333,6.811599640691953
E4,519,528,42,0.28,6.649694415107458
E4,519,1068,15,0.1,7.568586277911832
E4,519,2194,42,0.28,6.648471882852101
E4,519,2375,27,0.18,7.2502852990586995
E4,520,526,137,0.9133333333333333,7.195784279832438
E4,520,537,134,0.8933333333333333,7.0210623160050725
E4,521,1065,31,0.20666666666666667,7.3554957693539755
E4,521,1335,36,0.24,6.566162736031632
E4,522,532,39,0.26,7.053855171774419
E4,522,1497,36,0.24,4.9528976288525985
E4,522,1637,25,0.16666666666666666,10.323666591578652
E4,522,2018,17,0.11333333333333333,7.671648928746711
E4,523,1264,31,0.20666666666666667,6.15003064133964
E4,523,1494,36,0.24,6.938110079185461
E4,524,535,22,0.14666666666666667,9.113207268484466
E4,524,1874,25,0.16666666666666666,4.2111847816142545
E4,525,526,26,0.17333333333333334,7.845979972688225
E4,526,2218,17,0.11333333333333333,6.550840419543179
E4,527,534,62,0.41333333333333333,7.530945126846914
E4,528,570,17,0.11333333333333333,7.224914109701051
E4,528,1636,27,0.18,6.83963062547174
E4,528,1814,49,0.32666666666666666,7.05228247253237
E4,529,1706,29,0.19333333333333333,7.367308676040931
E4,529,1734,33,0.22,6.881613269807742
E4,529,2219,21,0.14,7.456994548732906
E4,530,547,16,0.10666666666666667,10.02695983399121
E4,530,553,19,0.12666666666666668,7.1890108503681605
E4,530,1225,22,0.14666666666666667,5.130176950642558
E4,530,2096,23,0.15333333333333332,6.996256363492547
E4,530,2110,20,0.13333333333333333,4.682694424490305
E4,531,572,41,0.2733333333333333,7.034616280834925
E4,531,1069,15,0.1,7.461423845270958
E4,531,1372,19,0.12666666666666668,9.877673956695737
E4,533,571,39,0.26,7.009832999460584
E4,534,571,71,0.47333333333333333,7.203441937484204
E4,537,553,59,0.3933333333333333,5.58780188715942
E4,537,1225,42,0.28,8.45496259555777
E4,537,2110,27,0.18,9.18659868638742
E4,539,540,69,0.46,7.500836512672915
E4,539,574,28,0.18666666666666668,7.932855775742908
E4,540,1297,16,0.10666666666666667,7.22829153935723
E4,540,2109,43,0.2866666666666667,7.177949608034599
E4,540,2373,37,0.24666666666666667,7.112372170997447
E4,541,551,24,0.16,8.494032148227618
E4,542,1635,67,0.44666666666666666,8.757814978804477
E4,542,1863,26,0.17333333333333334,7.829332036840541
E4,543,554,22,0.14666666666666667,10.179945040739842
E4,543,1064,62,0.41333333333333333,6.6097676022262775
E4,543,1372,30,0.2,7.838048724172723
E4,543,1796,17,0.11333333333333333,8.249497342465723
E4,545,556,90,0.6,7.656571589806086
E4,545,569,138,0.92,6.703066737154485
E4,545,1815,58,0.38666666666666666,7.1884016198176806
E4,546,565,17,0.11333333333333333,5.955547940591855
E4,546,1226,23,0.15333333333333332,8.907214243149884
E4,547,1374,31,0.20666666666666667,5.115469593742346
E4,547,2112,15,0.1,4.6555566474539605
E4,549,560,79,0.5266666666666666,7.915158359659521
E4,550,552,18,0.12,9.41348814094797
E4,550,556,22,0.14666666666666667,7.637548888819948
E4,551,552,58,0.38666666666666666,6.0804906162484595
E4,552,1552,23,0.15333333333333332,7.904140043746719
E4,552,1579,50,0.3333333333333333,7.077883233416325
E4,554,1069,20,0.13333333333333333,12.127489533883946
E4,555,1073,17,0.11333333333333333,10.105406337727459
E4,556,1552,21,0.14,9.609621206662661
E4,557,567,119,0.7933333333333333,7.244598070456629
E4,557,1264,46,0.30666666666666664,8.203791046379594
E4,558,573,16,0.10666666666666667,8.144039558916552
E4,558,574,75,0.5,6.1166573798501345
E4,560,581,88,0.5866666666666667,7.408624762952053
E4,561,575,51,0.34,6.25741385574174
E4,561,578,23,0.15333333333333332,6.7467126591614
E4,561,1160,20,0.13333333333333333,3.9901615817914835
E4,562,564,46,0.30666666666666664,6.681762997864989
E4,562,1226,26,0.17333333333333334,7.221293923607049
E4,562,2051,18,0.12,6.670251319552589
E4,564,569,103,0.6866666666666666,6.583071018031499
E4,564,583,49,0.32666666666666666,6.856910355151209
E4,566,1374,16,0.10666666666666667,4.338352415278144
E4,567,606,36,0.24,9.406523259107713
E4,567,1076,45,0.3,6.719019546735606
E4,569,2051,31,0.20666666666666667,6.718294758619448
E4,570,2018,15,0.1,7.591479564160432
E4,571,586,79,0.5266666666666666,7.2863954698668065
E4,571,1076,26,0.17333333333333334,8.661209819599414
E4,571,1580,26,0.17333333333333334,7.475947631428371
E4,571,1953,20,0.13333333333333333,8.44360276560051
E4,572,2053,26,0.17333333333333334,4.973320103019356
E4,573,1072,26,0.17333333333333334,1.9479340717980254
E4,573,1074,43,0.2866666666666667,3.7341600535052315
E4,573,1075,48,0.32,4.304297358515614
E4,574,1077,43,0.2866666666666667,8.489608635208144
E4,574,1159,23,0.15333333333333332,7.308659911437951
E4,574,2109,24,0.16,7.991358450317389
E4,575,1224,31,0.20666666666666667,6.989668964090534
E4,576,589,145,0.9666666666666667,7.736569647543723
E4,576,1227,17,0.11333333333333333,9.673801283266604
E4,579,605,21,0.14,8.026751821646108
E4,580,1637,15,0.1,9.320555168906099
E4,581,1073,67,0.44666666666666666,7.484886217288611
E4,582,603,17,0.11333333333333333,6.827598207754669
E4,583,1226,19,0.12666666666666668,7.810089849970552
E4,585,606,25,0.16666666666666666,3.8497317400317863
E4,586,602,82,0.5466666666666666,6.751929204996196
E4,588,589,40,0.26666666666666666,8.70815165287848
E4,588,2213,31,0.20666666666666667,7.888377829106143
E4,589,1580,18,0.12,10.636267602896169
E4,590,604,24,0.16,8.613653522563215
E4,590,1227,19,0.12666666666666668,8.337042609418148
E4,591,2214,21,0.14,6.57078841588076
E4,592,602,150,1.0,6.630373225955037
E4,592,621,150,1.0,6.644559916328582
E4,593,619,86,0.5733333333333334,10.399058980192994
E4,594,603,20,0.13333333333333333,8.055182304338764
E4,594,1642,35,0.23333333333333334,8.096605894444494
E4,597,600,33,0.22,6.268048307710844
E4,598,605,22,0.14666666666666667,8.21135947249829
E4,600,603,33,0.22,6.409746141762167
E4,600,1707,16,0.10666666666666667,8.66732401546107
E4,602,1076,34,0.22666666666666666,7.211151448739216
E4,602,1580,22,0.14666666666666667,7.794623888031889
E4,603,607,45,0.3,7.021050877534593
E4,603,1707,18,0.12,2.3194258682362996
E4,603,1939,19,0.12666666666666668,8.14000172414144
E4,605,2006,30,0.2,6.85705275849623
E4,606,1078,21,0.14,9.998581084466998
E4,606,1442,22,0.14666666666666667,5.372000992340753
E4,607,1299,24,0.16,6.369769566156861
E4,607,1465,18,0.12,5.76905228959562
E4,607,1707,21,0.14,4.720289079483168
E4,608,610,33,0.22,6.816719395406005
E4,608,614,53,0.35333333333333333,6.924631891383054
E4,608,635,91,0.6066666666666667,6.774251564038991
E4,609,617,70,0.4666666666666667,6.894485189033424
E4,609,637,114,0.76,7.380086027830733
E4,610,613,70,0.4666666666666667,7.467213547702161
E4,610,1612,33,0.22,6.783749685753127
E4,611,621,122,0.8133333333333334,6.991567870311103
E4,611,633,122,0.8133333333333334,7.759784460411036
E4,612,616,45,0.3,6.24942731233997
E4,612,639,67,0.44666666666666666,7.2924254540178355
E4,612,2433,17,0.11333333333333333,6.271338926699267
E4,613,622,26,0.17333333333333334,6.715347987971825
E4,614,622,89,0.5933333333333334,7.200042648289698
E4,615,616,77,0.5133333333333333,6.879096430069463
E4,615,639,81,0.54,6.6709066377744115
E4,616,1463,20,0.13333333333333333,6.1785262527009115
E4,617,637,20,0.13333333333333333,9.57481154331776
E4,620,623,129,0.86,6.555391941426359
E4,621,2046,28,0.18666666666666668,7.118636650642485
E4,623,1078,79,0.5266666666666666,7.743407738034107
E4,624,646,19,0.12666666666666668,7.748171852555531
E4,624,2047,17,0.11333333333333333,7.808674350682332
E4,626,630,38,0.25333333333333335,7.5547489953163955
E4,626,1081,48,0.32,5.069279011243373
E4,626,1471,26,0.17333333333333334,8.834494673513955
E4,627,628,45,0.3,7.960499567039594
E4,627,634,110,0.7333333333333333,6.15741205145508
E4,628,1583,17,0.11333333333333333,8.588498534192405
E4,628,1940,18,0.12,8.604430857144575
E4,630,648,18,0.12,7.914069820550647
E4,630,1644,21,0.14,5.591472369651997
E4,631,632,20,0.13333333333333333,10.367679263349377
E4,631,651,33,0.22,4.219407263528123
E4,631,653,32,0.21333333333333335,2.1483535256407
E4,631,2087,46,0.30666666666666664,8.925037860417346
E4,632,635,146,0.9733333333333334,6.862320917259786
E4,632,651,60,0.4,6.172826915764667
E4,632,653,15,0.1,12.342773518672734
E4,632,1722,37,0.24666666666666667,7.754117114243488
E4,633,654,149,0.9933333333333333,7.486771456910275
E4,633,2046,28,0.18666666666666668,7.640746832567299
E4,634,639,148,0.9866666666666667,6.570111683666769
E4,634,2284,36,0.24,7.076598858489663
E4,635,1612,51,0.34,6.565943831671656
E4,636,638,21,0.14,6.742129114174364
E4,636,1471,18,0.12,6.492273004316053
E4,638,1644,24,0.16,6.9188405349148905
E4,640,645,27,0.18,8.238212383502987
E4,640,656,149,0.9933333333333333,7.133657639845457
E4,640,1818,24,0.16,7.261561377958911
E4,640,2087,80,0.5333333333333333,6.614615501625448
E4,641,654,150,1.0,6.817701878786568
E4,641,661,38,0.25333333333333335,8.564023286928332
E4,641,1085,40,0.26666666666666666,6.824394150202387
E4,641,1502,53,0.35333333333333333,6.580619588440468
E4,642,649,120,0.8,7.544317659226619
E4,642,650,66,0.44,9.063365627962911
E4,642,687,17,0.11333333333333333,8.368812207305075
E4,642,2377,15,0.1,8.245749933564172
E4,643,665,35,0.23333333333333334,6.746866117466145
E4,644,655,46,0.30666666666666664,6.913979568366715
E4,644,667,91,0.6066666666666667,7.728874690941482
E4,645,653,31,0.20666666666666667,7.497384090629522
E4,645,670,16,0.10666666666666667,6.909220084488622
E4,648,666,52,0.3466666666666667,8.136253187343856
E4,648,1471,23,0.15333333333333332,7.271126055580851
E4,649,1080,118,0.7866666666666666,6.9437856799197855
E4,650,1166,20,0.13333333333333333,8.822973270239888
E4,650,1721,32,0.21333333333333335,6.211465211706304
E4,651,653,31,0.20666666666666667,6.171926672829514
E4,653,1300,16,0.10666666666666667,6.779081087608968
E4,653,1722,25,0.16666666666666666,5.440733754037533
E4,653,1818,28,0.18666666666666668,7.675510979950692
E4,653,2087,28,0.18666666666666668,7.086120602745122
E4,656,701,136,0.9066666666666666,6.416702954107939
E4,657,675,49,0.32666666666666666,7.501663536519359
E4,657,680,72,0.48,2.0510855117503817
E4,657,682,42,0.28,7.954190125947523
E4,659,681,27,0.18,9.197704807610782
E4,659,1302,27,0.18,3.429594216015986
E4,660,684,96,0.64,7.3890651168777675
E4,660,702,38,0.25333333333333335,7.741926081523841
E4,660,1916,33,0.22,7.821917490391486
E4,661,667,40,0.26666666666666666,9.855346801644176
E4,661,700,78,0.52,7.404412752503019
E4,663,674,26,0.17333333333333334,9.204772719360061
E4,663,1167,17,0.11333333333333333,6.555482985744702
E4,663,1378,27,0.18,8.86092709444747
E4,664,1086,24,0.16,7.093988980589358
E4,665,1671,51,0.34,7.211798695940411
E4,666,1084,16,0.10666666666666667,8.181822733438405
E4,666,1269,26,0.17333333333333334,6.885410450935996
E4,666,1379,16,0.10666666666666667,8.347315288889144
E4,667,2019,36,0.24,8.07029154435548
E4,669,670,49,0.32666666666666666,4.780968903068705
E4,669,1818,20,0.13333333333333333,3.3726223172100536
E4,670,671,67,0.44666666666666666,7.1950721640926725
E4,670,1722,16,0.10666666666666667,8.070158168763136
E4,670,1818,16,0.10666666666666667,8.001929404156964
E4,672,1302,17,0.11333333333333333,6.73622770201076
E4,673,678,62,0.41333333333333333,6.543820618908158
E4,673,698,25,0.16666666666666666,10.016888310330332
E4,673,1170,17,0.11333333333333333,10.8775306963198
E4,674,678,89,0.5933333333333334,7.047021379848778
E4,674,1167,73,0.4866666666666667,6.528981238009794
E4,675,680,38,0.25333333333333335,6.888820984955108
E4,675,1167,64,0.4266666666666667,7.102950934049655
E4,676,684,150,1.0,6.9104226448910095
E4,676,699,150,1.0,6.940974190354126
E4,677,681,143,0.9533333333333334,7.2991659109490845
E4,678,688,40,0.26666666666666666,6.57513249217078
E4,680,682,38,0.25333333333333335,7.863212570281788
E4,681,1302,110,0.7333333333333333,7.064495107569348
E4,682,683,66,0.44,6.977923514585843
E4,682,1584,30,0.2,7.090155665503996
E4,683,1171,42,0.28,6.834387098119394
E4,683,2416,21,0.14,6.858367088178742
E4,684,1086,54,0.36,7.15507432348332
E4,685,686,33,0.22,7.558143363909008
E4,685,695,29,0.19333333333333333,7.10666390853223
E4,685,703,16,0.10666666666666667,5.0047571997972575
E4,686,1502,15,0.1,6.858827143715455
E4,688,698,23,0.15333333333333332,9.718439945796604
E4,688,1170,15,0.1,10.612779765337969
E4,689,690,15,0.1,6.344069146102045
E4,689,692,74,0.49333333333333335,6.809705713016128
E4,689,1691,60,0.4,7.417054295289068
E4,689,1723,53,0.35333333333333333,6.845568563180029
E4,689,2397,24,0.16,7.014786044904822
E4,691,692,58,0.38666666666666666,8.243285163189032
E4,691,1270,141,0.94,7.2357865948252
E4,691,1304,17,0.11333333333333333,7.336670550235378
E4,691,1691,70,0.4666666666666667,6.8087034902671535
E4,693,707,76,0.5066666666666667,6.726909153024311
E4,693,711,48,0.32,8.695756844885018
E4,693,1446,20,0.13333333333333333,8.948341364847874
E4,695,713,58,0.38666666666666666,6.795476178172323
E4,695,1671,34,0.22666666666666666,7.237536847498639
E4,695,1925,18,0.12,6.80494937143755
E4,696,1379,19,0.12666666666666668,7.827136681040653
E4,698,714,23,0.15333333333333332,10.209789229679618
E4,698,1170,62,0.41333333333333333,0.9279734149305858
E4,698,1864,17,0.11333333333333333,2.1122113810310736
E4,698,2090,17,0.11333333333333333,10.2622130657028
E4,699,1380,84,0.56,8.212407206406816
E4,700,717,150,1.0,6.74696268106656
E4,700,2019,50,0.3333333333333333,8.107394270639537
E4,701,718,90,0.6,6.923765436028229
E4,701,719,16,0.10666666666666667,6.876684563515564
E4,702,1171,22,0.14666666666666667,7.693712126251351
E4,704,711,98,0.6533333333333333,7.256468450440677
E4,704,751,107,0.7133333333333334,8.159595885741824
E4,704,1446,21,0.14,7.889854386499778
E4,705,712,128,0.8533333333333334,6.956079263368059
E4,705,730,140,0.9333333333333333,6.965505284774612
E4,706,707,150,1.0,6.778973328441065
E4,706,712,150,1.0,6.424069587551883
E4,707,1530,72,0.48,7.138603090152333
E4,709,714,93,0.62,7.330232855767777
E4,709,727,36,0.24,8.139922991596132
E4,709,2090,43,0.2866666666666667,7.450710817304157
E4,710,716,71,0.47333333333333333,7.533943969119517
E4,711,1530,40,0.26666666666666666,7.850796216723732
E4,712,1472,22,0.14666666666666667,6.899483515424577
E4,714,1170,30,0.2,9.410460418465187
E4,714,1864,21,0.14,8.451953010249824
E4,716,1472,25,0.16666666666666666,8.083413694428712
E4,717,1174,27,0.18,7.1772340662977685
E4,717,1836,34,0.22666666666666666,7.558053421202514
E4,717,2048,69,0.46,6.670882617331725
E4,718,719,25,0.16666666666666666,7.196785571499211
E4,721,723,15,0.1,5.603687319662471
E4,721,741,79,0.5266666666666666,7.648924578029165
E4,721,1093,118,0.7866666666666666,7.2524110979337495
E4,721,2020,45,0.3,5.772627556078525
E4,722,727,65,0.43333333333333335,8.504721506602165
E4,722,1347,21,0.14,7.72859654206959
E4,724,733,150,1.0,6.936557732207714
E4,724,750,150,1.0,6.988419440650487
E4,726,744,16,0.10666666666666667,6.342925220951949
E4,726,745,39,0.26,5.959963865365615
E4,727,766,20,0.13333333333333333,11.646662487067882
E4,727,1091,32,0.21333333333333335,8.159890022843305
E4,727,1094,19,0.12666666666666668,10.200771595655327
E4,727,1418,32,0.21333333333333335,5.543726296561828
E4,727,2133,16,0.10666666666666667,7.914288836844831
E4,727,2378,18,0.12,8.345083281526268
E4,728,735,18,0.12,7.818676449040631
E4,728,748,39,0.26,6.441493963915699
E4,728,1381,37,0.24666666666666667,8.49528235717954
E4,728,1846,43,0.2866666666666667,8.744059052220782
E4,728,1956,32,0.21333333333333335,9.006725936347573
E4,728,2121,15,0.1,10.425763718207284
E4,729,730,149,0.9933333333333333,6.971461539132469
E4,729,733,150,1.0,7.02381751066624
E4,734,1230,28,0.18666666666666668,2.767465496748866
E4,735,748,23,0.15333333333333332,5.395793961570756
E4,735,1381,21,0.14,5.197235354370283
E4,736,737,133,0.8866666666666667,7.246495583925804
E4,736,739,149,0.9933333333333333,6.901779503055986
E4,736,1474,17,0.11333333333333333,7.1043428450388655
E4,737,755,128,0.8533333333333334,6.829222279481353
E4,738,743,23,0.15333333333333332,7.911587687041414
E4,738,761,17,0.11333333333333333,6.940844553378285
E4,739,751,150,1.0,7.310372528888061
E4,740,764,150,1.0,6.620244404123979
E4,740,1174,29,0.19333333333333333,8.34349998369004
E4,740,1836,37,0.24666666666666667,6.568550636069271
E4,740,2048,72,0.48,7.4463010942837675
E4,741,742,94,0.6266666666666667,7.052809965584169
E4,741,1305,56,0.37333333333333335,6.14911551768912
E4,742,746,94,0.6266666666666667,5.812186364228833
E4,745,1505,18,0.12,5.447434933875483
E4,745,2325,15,0.1,7.055178242331382
E4,746,750,150,1.0,7.886083294622598
E4,746,1305,56,0.37333333333333335,6.794551650558329
E4,749,751,26,0.17333333333333334,8.602515760138498
E4,749,1446,18,0.12,6.172990086727233
E4,752,757,45,0.3,7.245520939479409
E4,752,780,89,0.5933333333333334,6.648256318815512
E4,752,1177,100,0.6666666666666666,6.593345877526983
E4,752,1942,52,0.3466666666666667,8.764993155391457
E4,753,757,28,0.18666666666666668,6.431638127296487
E4,753,777,107,0.7133333333333334,6.965192348597543
E4,753,1177,81,0.54,6.989672949754929
E4,754,760,53,0.35333333333333333,8.716702296820344
E4,754,763,16,0.10666666666666667,7.613712604208183
E4,755,761,132,0.88,7.090007655743651
E4,755,1474,17,0.11333333333333333,6.968153577271032
E4,756,761,50,0.3333333333333333,6.227931220379277
E4,757,1176,22,0.14666666666666667,6.942891984237517
E4,758,759,55,0.36666666666666664,6.553754196630605
E4,758,1176,19,0.12666666666666668,7.505949419673107
E4,759,762,55,0.36666666666666664,6.475903310263078
E4,759,778,45,0.3,7.4230164286515805
E4,759,1476,21,0.14,8.593540571092742
E4,761,2028,83,0.5533333333333333,7.165344719784799
E4,763,778,27,0.18,6.664341434867906
E4,764,775,150,1.0,6.650314130642865
E4,766,1091,16,0.10666666666666667,3.738325787613751
E4,766,1094,47,0.31333333333333335,2.309806872647823
E4,767,781,20,0.13333333333333333,9.222485996229436
E4,767,1927,20,0.13333333333333333,6.850764763797754
E4,768,799,39,0.26,7.859179275334133
E4,768,1617,27,0.18,7.839602274506016
E4,769,770,17,0.11333333333333333,8.861130704277015
E4,769,776,39,0.26,6.374105501401725
E4,769,1616,19,0.12666666666666668,7.163106824684837
E4,769,1647,26,0.17333333333333334,2.9283314189326144
E4,770,1616,16,0.10666666666666667,3.9865715663876253
E4,770,1647,31,0.20666666666666667,6.821711934586635
E4,770,2220,17,0.11333333333333333,6.151230791466036
E4,772,790,60,0.4,10.67817522608304
E4,772,815,59,0.3933333333333333,9.162570189809149
E4,774,777,147,0.98,6.7979297246673935
E4,774,778,76,0.5066666666666667,7.201395426288307
E4,775,791,149,0.9933333333333333,6.871071773107104
E4,776,781,21,0.14,11.774823569398091
E4,776,782,108,0.72,7.134703817072617
E4,776,1647,18,0.12,8.458458315846398
E4,777,1176,28,0.18666666666666668,7.0912801558991525
E4,778,789,31,0.20666666666666667,9.117513499191713
E4,778,1097,30,0.2,7.1336396185316575
E4,781,782,65,0.43333333333333335,4.706353157925474
E4,781,1475,25,0.16666666666666666,6.924008434805322
E4,781,1927,23,0.15333333333333332,3.695076095198412
E4,782,1927,27,0.18,8.372163465942428
E4,783,786,17,0.11333333333333333,5.71677054769508
E4,783,798,17,0.11333333333333333,11.402816325452308
E4,783,2380,19,0.12666666666666668,7.501121954826905
E4,784,792,150,1.0,7.134732570711279
E4,784,798,150,1.0,7.683996343441701
E4,785,786,21,0.14,2.277136196643341
E4,785,1618,33,0.22,8.344969305739108
E4,786,798,26,0.17333333333333334,9.860129251483302
E4,786,1618,21,0.14,7.068708603251602
E4,787,795,16,0.10666666666666667,2.4913101857693465
E4,787,1233,112,0.7466666666666667,7.02013424393434
E4,787,1274,105,0.7,6.514550631257715
E4,789,1178,20,0.13333333333333333,9.490506916858795
E4,789,1233,58,0.38666666666666666,7.888207745358924
E4,789,1617,32,0.21333333333333335,7.181847006543486
E4,790,812,150,1.0,7.477638280229299
E4,790,1232,16,0.10666666666666667,8.425093915093841
E4,790,1510,62,0.41333333333333333,10.88987379744525
E4,791,811,142,0.9466666666666667,6.7624111658862365
E4,792,793,150,1.0,7.102951828191188
E4,793,794,150,1.0,6.924341746009575
E4,794,795,15,0.1,10.963671125148663
E4,794,1274,120,0.8,6.935764255330394
E4,795,1233,26,0.17333333333333334,9.510684045215276
E4,795,1274,28,0.18666666666666668,4.028991381128893
E4,796,1804,16,0.10666666666666667,6.6787265824932796
E4,798,1419,19,0.12666666666666668,7.107764829142834
E4,799,815,50,0.3333333333333333,8.821087392303047
E4,799,2189,27,0.18,7.313419330743497
E4,799,2198,16,0.10666666666666667,6.234200942962352
E4,800,811,142,0.9466666666666667,6.761602322053255
E4,800,818,150,1.0,6.931736200529139
E4,801,1560,15,0.1,8.378594265572692
E4,802,830,138,0.92,7.1673857919225785
E4,802,831,150,1.0,7.643267910882176
E4,803,821,16,0.10666666666666667,6.873185999154247
E4,803,1917,15,0.1,6.399612850435341
E4,804,808,146,0.9733333333333334,6.821919673615109
E4,804,1104,45,0.3,7.342102348353304
E4,804,2029,32,0.21333333333333335,7.107132099074636
E4,804,2197,44,0.29333333333333333,6.8333984213678685
E4,804,2393,18,0.12,7.399116007787248
E4,805,830,62,0.41333333333333333,7.678395039696955
E4,806,809,52,0.3466666666666667,8.573974987910933
E4,806,831,113,0.7533333333333333,7.447038137795562
E4,806,1804,31,0.20666666666666667,6.8476027960485455
E4,806,1840,44,0.29333333333333333,7.21380598740287
E4,806,2065,23,0.15333333333333332,6.367492470135865
E4,807,813,42,0.28,8.05938815697714
E4,807,1272,29,0.19333333333333333,8.518531599440811
E4,808,812,150,1.0,7.1147278398588565
E4,809,814,35,0.23333333333333334,7.143894829598514
E4,815,1178,40,0.26666666666666666,8.899000332309578
E4,815,1510,55,0.36666666666666664,9.37671318098942
E4,815,1617,33,0.22,8.871446545561973
E4,816,838,109,0.7266666666666667,6.76911611147813
E4,816,1104,28,0.18666666666666668,7.5768810142318355
E4,816,1309,37,0.24666666666666667,10.41100053503062
E4,816,2029,23,0.15333333333333332,7.65585881442784
E4,816,2197,34,0.22666666666666666,7.4387359549611665
E4,817,836,48,0.32,8.297725571025627
E4,817,1103,65,0.43333333333333335,7.438064711898431
E4,818,843,69,0.46,7.080317162035267
E4,818,1693,16,0.10666666666666667,7.245610759374045
E4,818,1856,65,0.43333333333333335,6.656280325961619
E4,819,831,28,0.18666666666666668,7.0879139509279305
E4,819,1386,44,0.29333333333333333,6.398370894317982
E4,820,843,18,0.12,8.156059802304755
E4,820,846,24,0.16,6.247432321589278
E4,820,1179,32,0.21333333333333335,7.491546303775219
E4,820,1386,59,0.3933333333333333,7.555410155491307
E4,820,1901,40,0.26666666666666666,6.530344786341653
E4,820,2327,21,0.14,8.77749915721394
E4,822,829,18,0.12,11.680978682418097
E4,822,842,60,0.4,6.942023571301974
E4,823,825,150,1.0,6.968054238134494
E4,823,847,149,0.9933333333333333,6.850797104170138
E4,824,844,85,0.5666666666666667,7.3959840340976255
E4,824,1103,19,0.12666666666666668,8.844289695981239
E4,825,829,149,0.9933333333333333,7.880324112418547
E4,826,845,71,0.47333333333333333,7.497784444969241
E4,829,1105,32,0.21333333333333335,10.187891684998077
E4,829,2169,23,0.15333333333333332,8.016046540216738
E4,830,1104,38,0.25333333333333335,7.579939288177388
E4,830,2029,18,0.12,7.878900274941146
E4,834,843,82,0.5466666666666666,7.321153739062323
E4,834,1107,18,0.12,8.112727564708997
E4,834,1310,73,0.4866666666666667,6.9709539406445105
E4,834,1856,57,0.38,7.766380445140318
E4,834,2298,39,0.26,7.177635698391977
E4,835,844,56,0.37333333333333335,7.266560728437622
E4,835,845,42,0.28,7.012044150195306
E4,835,859,141,0.94,7.2545716213617455
E4,836,844,41,0.2733333333333333,7.693568095569973
E4,836,860,126,0.84,7.028532455823121
E4,837,841,149,0.9933333333333333,6.793838263936789
E4,837,862,150,1.0,7.24119653830536
E4,838,1309,85,0.5666666666666667,3.643880999100697
E4,840,1180,60,0.4,8.471041791323794
E4,840,1477,15,0.1,5.291105100448852
E4,841,847,149,0.9933333333333333,6.713171698762364
E4,842,1105,60,0.4,6.701980881699114
E4,842,1181,45,0.3,8.248631996866324
E4,842,1737,17,0.11333333333333333,9.363025046680278
E4,844,1725,42,0.28,8.411020630524927
E4,848,851,56,0.37333333333333335,7.174163963271067
E4,848,873,60,0.4,10.843939511499025
E4,848,876,37,0.24666666666666667,7.726009559774884
E4,848,1183,28,0.18666666666666668,11.276811785310965
E4,849,877,32,0.21333333333333335,7.924867454297128
E4,849,878,29,0.19333333333333333,5.984751660587945
E4,850,858,19,0.12666666666666668,5.344350977944267
E4,850,878,72,0.48,7.69579203327987
E4,850,1310,43,0.2866666666666667,7.593210872074539
E4,850,1390,34,0.22666666666666666,6.809622271708951
E4,851,879,23,0.15333333333333332,6.574199277976256
E4,852,860,146,0.9733333333333334,7.382365801530641
E4,853,859,149,0.9933333333333333,6.868776277390518
E4,853,875,142,0.9466666666666667,7.318935230676163
E4,854,855,139,0.9266666666666666,7.030833176681977
E4,854,1182,49,0.32666666666666666,6.543903083475139
E4,854,1943,79,0.5266666666666666,6.311929494500879
E4,855,862,149,0.9933333333333333,6.6787865130471005
E4,857,858,123,0.82,6.885021944519314
E4,857,863,21,0.14,7.010583217965609
E4,857,1182,45,0.3,6.874277644236825
E4,857,1943,77,0.5133333333333333,7.246256751052241
E4,858,1310,24,0.16,6.914359301128062
E4,860,1388,23,0.15333333333333332,7.5131523292313425
E4,863,1106,31,0.20666666666666667,6.001660581505266
E4,864,868,32,0.21333333333333335,8.465212899789245
E4,864,2229,19,0.12666666666666668,7.6444287936150115
E4,864,2387,16,0.10666666666666667,7.892717292802605
E4,865,868,21,0.14,9.879286701161565
E4,866,871,19,0.12666666666666668,6.4173150489626485
E4,866,895,27,0.18,8.341364435618692
E4,867,871,85,0.5666666666666667,7.202472912888901
E4,867,895,71,0.47333333333333333,8.554326694347445
E4,868,872,55,0.36666666666666664,6.936200355848275
E4,870,1390,77,0.5133333333333333,7.875601581839698
E4,871,875,145,0.9666666666666667,7.563762342225138
E4,871,2023,24,0.16,7.950471757321051
E4,872,2387,15,0.1,7.512436403238984
E4,876,879,50,0.3333333333333333,8.90865358582804
E4,876,1791,17,0.11333333333333333,9.055019288985259
E4,877,879,48,0.32,8.071256822310048
E4,877,1875,83,0.5533333333333333,6.347803683409484
E4,878,1875,85,0.5666666666666667,7.823568413101645
E4,878,2367,21,0.14,8.381702800945819
E4,880,904,135,0.9,7.8051518420557695
E4,880,947,26,0.17333333333333334,13.305816789548075
E4,881,903,16,0.10666666666666667,1.7616130345438181
E4,881,975,23,0.15333333333333332,9.84464068005237
E4,881,1280,20,0.13333333333333333,7.753367562539285
E4,881,1821,16,0.10666666666666667,5.9145703534510465
E4,882,969,39,0.26,8.989080546553419
E4,882,1397,21,0.14,8.826475069855752
E4,883,945,88,0.5866666666666667,7.486260289653901
E4,883,1352,15,0.1,8.415471758469913
E4,884,1003,29,0.19333333333333333,6.224690249057889
E4,884,1117,86,0.5733333333333334,4.306808364655441
E4,886,892,53,0.35333333333333333,6.919391383833727
E4,886,1421,26,0.17333333333333334,5.308617215242384
E4,886,1562,40,0.26666666666666666,6.0670952977149355
E4,892,895,76,0.5066666666666667,6.54356004540268
E4,894,1650,81,0.54,9.155877184522298
E4,895,1562,69,0.46,7.2185761249975195
E4,895,2023,25,0.16666666666666666,6.390035935532002
E4,896,1590,20,0.13333333333333333,9.060287362503562
E4,897,912,58,0.38666666666666666,7.527213875009887
E4,897,1000,68,0.4533333333333333,5.617234391780194
E4,897,2225,17,0.11333333333333333,8.135443256397322
E4,898,1241,26,0.17333333333333334,7.260428945825163
E4,899,993,56,0.37333333333333335,9.469804649915659
E4,900,992,72,0.48,6.672194497225069
E4,901,909,58,0.38666666666666666,2.8323303605081067
E4,901,1124,15,0.1,11.56088553782704
E4,901,1243,49,0.32666666666666666,2.3593380830188715
E4,902,1399,28,0.18666666666666668,5.441091013599597
E4,903,975,21,0.14,10.974898656724022
E4,904,1003,20,0.13333333333333333,5.574420710130776
E4,905,1958,45,0.3,9.54135718173017
E4,907,908,38,0.25333333333333335,6.466953578146872
E4,907,962,62,0.41333333333333333,6.969979321683564
E4,907,1352,72,0.48,7.134268921980744
E4,910,963,32,0.21333333333333335,10.54476856972892
E4,910,965,61,0.4066666666666667,6.611676253269746
E4,911,965,16,0.10666666666666667,8.708957773446803
E4,911,968,21,0.14,10.844445381786459
E4,913,916,108,0.72,5.00392367496932
E4,913,941,76,0.5066666666666667,6.726279876466371
E4,913,998,15,0.1,7.775621375802063
E4,914,916,114,0.76,7.743951355367582
E4,914,942,26,0.17333333333333334,5.008064576424145
E4,914,1001,22,0.14666666666666667,8.48066207673196
E4,914,1534,67,0.44666666666666666,8.10017832664171
E4,916,998,23,0.15333333333333332,7.966050362270493
E4,917,919,125,0.8333333333333334,8.0214757067281
E4,917,1988,94,0.6266666666666667,6.699640288915768
E4,919,922,145,0.9666666666666667,7.601370113138929
E4,920,926,31,0.20666666666666667,9.691595251532727
E4,920,974,67,0.44666666666666666,11.501311171221445
E4,922,953,28,0.18666666666666668,12.454291720010202
E4,924,926,20,0.13333333333333333,7.143541171133743
E4,924,951,20,0.13333333333333333,8.735039848180076
E4,925,957,54,0.36,14.355465376347544
E4,930,934,22,0.14666666666666667,6.266576785597149
E4,930,1651,17,0.11333333333333333,8.171451215286242
E4,931,940,68,0.4533333333333333,9.351544311281211
E4,936,938,72,0.48,8.175752273139336
E4,938,1195,16,0.10666666666666667,8.386354698171829
E4,938,1393,24,0.16,9.921213951431174
E4,938,1426,38,0.25333333333333335,6.856740067432949
E4,941,942,96,0.64,6.543594782327698
E4,942,1001,16,0.10666666666666667,9.157509192276216
E4,942,1512,22,0.14666666666666667,4.824655618565779
E4,942,1534,26,0.17333333333333334,9.243802075558653
E4,943,999,24,0.16,10.250484932358075
E4,945,1398,58,0.38666666666666666,7.32091759071883
E4,945,1988,103,0.6866666666666666,6.843190475772165
E4,947,971,88,0.5866666666666667,8.095562615345465
E4,947,972,54,0.36,12.069652460635545
E4,948,969,44,0.29333333333333333,6.985156673884603
E4,948,1397,22,0.14666666666666667,7.110151709915396
E4,948,2146,16,0.10666666666666667,7.896265331530791
E4,950,1115,23,0.15333333333333332,7.2162600157341
E4,950,1422,26,0.17333333333333334,5.684464623535918
E4,951,2181,20,0.13333333333333333,7.734984236489546
E4,952,1115,40,0.26666666666666666,7.209294147856913
E4,952,1422,15,0.1,7.603565776588997
E4,953,954,50,0.3333333333333333,9.921358997381253
E4,953,956,35,0.23333333333333334,6.5800681360233915
E4,953,1481,35,0.23333333333333334,10.159187908283982
E4,953,1513,30,0.2,6.895733632753883
E4,956,1238,19,0.12666666666666668,6.4548458923190575
E4,957,1278,23,0.15333333333333332,8.689857510409912
E4,958,1237,18,0.12,8.22816448967956
E4,962,1004,41,0.2733333333333333,6.982894759817286
E4,963,1197,19,0.12666666666666668,2.666573505042192
E4,965,973,136,0.9066666666666666,7.198616705072757
E4,965,1396,67,0.44666666666666666,8.230509149486505
E4,967,971,43,0.2866666666666667,5.0565620604603545
E4,968,1890,20,0.13333333333333333,10.214074265707684
E4,971,1117,15,0.1,8.351319641572367
E4,977,986,133,0.8866666666666667,6.233549184885245
E4,978,985,29,0.19333333333333333,6.161254793734737
E4,979,987,56,0.37333333333333335,7.173693715342358
E4,980,989,95,0.6333333333333333,6.997899688110137
E4,980,1932,50,0.3333333333333333,6.5408902397662665
E4,981,990,51,0.34,9.904432941578484
E4,981,1119,63,0.42,7.969733509529457
E4,981,1120,58,0.38666666666666666,10.028313284707767
E4,983,988,19,0.12666666666666668,6.410455164365462
E4,983,991,63,0.42,7.875599401974785
E4,984,1428,42,0.28,7.645608589508076
E4,984,1933,33,0.22,6.35286070719755
E4,985,1244,49,0.32666666666666666,6.615397907441966
E4,985,1402,27,0.18,9.076912626827761
E4,985,2187,18,0.12,6.105333922339374
E4,987,1313,59,0.3933333333333333,7.08112876200675
E4,989,1124,26,0.17333333333333334,7.382383693923565
E4,989,1450,17,0.11333333333333333,6.118926964300739
E4,990,1119,24,0.16,1.990949813674702
E4,990,1123,17,0.11333333333333333,2.698886716294225
E4,990,1282,19,0.12666666666666668,7.415752192067025
E4,992,996,37,0.24666666666666667,4.6812785051426316
E4,992,1391,43,0.2866666666666667,6.253434542166181
E4,992,1534,38,0.25333333333333335,10.057622466318993
E4,993,999,16,0.10666666666666667,2.976131706655135
E4,995,998,74,0.49333333333333335,7.188713209342547
E4,998,1389,19,0.12666666666666668,3.7141482240698904
E4,1015,1016,83,0.5533333333333333,7.046576827493983
E4,1016,1022,89,0.5933333333333334,6.911727110011511
E4,1018,1201,15,0.1,4.923389271164649
E4,1025,1201,17,0.11333333333333333,6.848820613873833
E4,1026,2104,16,0.10666666666666667,6.3198242703610354
E4,1043,1215,45,0.3,7.0794823615578695
E4,1048,1215,18,0.12,8.820175494860575
E4,1048,2014,45,0.3,6.837149977731109
E4,1051,1053,136,0.9066666666666666,6.806682792143724
E4,1051,1661,22,0.14666666666666667,6.192672064226124
E4,1051,2015,33,0.22,6.503692675995722
E4,1051,2207,22,0.14666666666666667,6.7765948406447745
E4,1052,1996,24,0.16,8.758398477840545
E4,1056,1607,17,0.11333333333333333,7.398685292585673
E4,1058,1873,24,0.16,9.237128368373932
E4,1060,1607,23,0.15333333333333332,8.811589990255596
E4,1060,1702,16,0.10666666666666667,7.146850814573134
E4,1063,1896,18,0.12,9.406327297535174
E4,1065,1495,20,0.13333333333333333,12.395879024645108
E4,1065,1496,37,0.24666666666666667,5.165467954698191
E4,1065,1705,23,0.15333333333333332,4.144305127428974
E4,1065,1881,36,0.24,6.093209475778159
E4,1072,1074,20,0.13333333333333333,5.369556595266656
E4,1072,1075,17,0.11333333333333333,5.871535449677016
E4,1074,1075,26,0.17333333333333334,0.6136106133762931
E4,1077,1159,32,0.21333333333333335,8.524383657055616
E4,1078,1442,15,0.1,7.527071407300738
E4,1086,1916,25,0.16666666666666666,6.724822719043311
E4,1088,1723,15,0.1,6.891481965332524
E4,1090,1347,20,0.13333333333333333,8.04580991756195
E4,1090,2149,16,0.10666666666666667,6.688360178571667
E4,1094,1347,16,0.10666666666666667,12.08974046235207
E4,1094,2149,19,0.12666666666666668,4.180048861505113
E4,1106,2313,23,0.15333333333333332,6.761591076364918
E4,1115,1422,17,0.11333333333333333,1.5325338303033917
E4,1119,1123,16,0.10666666666666667,4.4071042144239385
E4,1120,1933,20,0.13333333333333333,8.023186864095443
E4,1126,1403,24,0.16,4.889964596790658
E4,1131,1249,42,0.28,7.336702584464744
E4,1133,1203,20,0.13333333333333333,6.864246666270935
E4,1134,1249,47,0.31333333333333335,7.066142660660108
E4,1134,1843,79,0.5266666666666666,6.976205997907336
E4,1146,1492,17,0.11333333333333333,4.950732787315229
E4,1163,1165,16,0.10666666666666667,8.306558162016353
E4,1168,1229,15,0.1,3.6947499485805704
E4,1171,1614,21,0.14,7.0287976036291075
E4,1176,1177,15,0.1,7.786345554706094
E4,1180,1308,39,0.26,5.6374103606916774
E4,1181,1308,34,0.22666666666666666,8.75330203930647
E4,1197,1396,21,0.14,11.475873405911809
E4,1203,1729,31,0.20666666666666667,6.410933182550059
E4,1203,2025,24,0.16,3.4548247622210484
E4,1219,1577,15,0.1,4.993359150348025
E4,1219,2086,20,0.13333333333333333,6.2820981690271545
E4,1222,1786,18,0.12,9.246148568012346
E4,1227,1911,40,0.26666666666666666,8.01122356393574
E4,1230,1885,24,0.16,0.9084036552967
E4,1233,2189,42,0.28,7.002019986484859
E4,1233,2198,20,0.13333333333333333,8.25409968106572
E4,1243,1450,26,0.17333333333333334,12.660867174213868
E4,1243,2448,15,0.1,2.5374338175509115
E4,1270,1380,84,0.56,8.239778157034703
E4,1283,1403,20,0.13333333333333333,8.142538868972643
E4,1283,1967,15,0.1,7.794033930415014
E4,1285,1362,33,0.22,6.910194981647947
E4,1292,1702,17,0.11333333333333333,8.950968086326798
E4,1295,1896,68,0.4533333333333333,3.74772762839794
E4,1313,1401,25,0.16666666666666666,7.213371189469326
E4,1331,2086,19,0.12666666666666668,6.410061770899113
E4,1335,1496,18,0.12,7.6028834852416844
E4,1347,2101,26,0.17333333333333334,8.317896196137
E4,1349,1887,30,0.2,7.1388343902303575
E4,1350,1928,21,0.14,6.022481539023277
E4,1352,1398,17,0.11333333333333333,8.140414261278005
E4,1352,2355,24,0.16,7.2826254164728965
E4,1355,1676,32,0.21333333333333335,7.342572187711062
E4,1395,1422,27,0.18,6.7328042670006765
E4,1403,1967,16,0.10666666666666667,3.760041983523093
E4,1419,1618,18,0.12,7.750627971213282
E4,1438,2001,15,0.1,7.379959538077836
E4,1446,1530,17,0.11333333333333333,7.32336499724832
E4,1468,1916,29,0.19333333333333333,7.128907966678854
E4,1471,1644,19,0.12666666666666668,6.546787325630915
E4,1471,1982,26,0.17333333333333334,8.424120752972623
E4,1490,1970,15,0.1,7.185809571056987
E4,1491,1575,22,0.14666666666666667,6.7843579101968885
E4,1496,2003,16,0.10666666666666667,5.108062417471594
E4,1497,1637,33,0.22,5.439094067900177
E4,1548,1773,16,0.10666666666666667,7.492785535799482
E4,1550,1607,29,0.19333333333333333,7.895066473579928
E4,1568,1905,54,0.36,9.049136416988922
E4,1568,2478,16,0.10666666666666667,1.7188231083620458
E4,1578,1634,18,0.12,7.184872089879682
E4,1579,2211,34,0.22666666666666666,7.956324951985284
E4,1602,1920,22,0.14666666666666667,8.02997320392635
E4,1611,2006,25,0.16666666666666666,9.294537647699002
E4,1629,1862,21,0.14,4.728580637690948
E4,1630,1862,15,0.1,0.9736519171212901
E4,1636,1637,16,0.10666666666666667,8.153853971465285
E4,1676,2124,22,0.14666666666666667,8.038177188519134
E4,1678,1891,29,0.19333333333333333,7.642266333497761
E4,1690,1754,26,0.17333333333333334,7.0171474040585915
E4,1690,1787,21,0.14,6.960940831485572
E4,1715,1748,30,0.2,7.267074617799902
E4,1729,2223,20,0.13333333333333333,6.109924207421891
E4,1786,2211,18,0.12,11.745840076688898
E4,1828,2070,26,0.17333333333333334,7.146327100975448
E4,1840,1928,33,0.22,6.21304082909104
E4,1853,2194,18,0.12,7.562632397678799
E4,1885,2113,26,0.17333333333333334,1.3208313123509048
E4,1905,1906,62,0.41333333333333333,7.598456192479472
E4,1906,2470,17,0.11333333333333333,7.386003740864997
E4,1915,2168,21,0.14,6.77161300536649
E4,1920,2370,16,0.10666666666666667,9.061616461936522
E4,1922,1953,28,0.18666666666666668,8.593281952214296
E4,1928,2065,17,0.11333333333333333,8.309251851526588
E4,1949,1993,17,0.11333333333333333,7.167297768438344
E4,1953,2178,16,0.10666666666666667,10.446669617221367
E4,1953,2213,17,0.11333333333333333,6.961382508660534
E4,1980,2047,31,0.20666666666666667,7.562667944915187
E4,1994,2015,19,0.12666666666666668,7.025623515822987
E4,1994,2207,40,0.26666666666666666,6.9026922681210445
E4,1994,2392,18,0.12,7.161575857121521
E4,2006,2291,21,0.14,7.135243406726152
E4,2053,2213,20,0.13333333333333333,6.108766026454715
E4,2113,2310,21,0.14,1.4846673070583516
E4,2146,2455,15,0.1,8.303359921312099
E4,2149,2378,15,0.1,6.84466373863122
E4,2156,2177,19,0.12666666666666668,6.875079295681667
E4,2156,2183,22,0.14666666666666667,9.61168317987248
E4,2183,2228,19,0.12666666666666668,10.631929716482164
E4,2183,2372,21,0.14,3.8271636507343127
E4,2214,2375,29,0.19333333333333333,7.047919056070437
E4,2298,2367,21,0.14,8.450292501442021
E4,2470,2478,16,0.10666666666666667,7.548444449303032
E5,0,2,67,0.44666666666666666,8.136132744200873
E5,0,1078,19,0.12666666666666668,8.792588472592238
E5,0,1191,26,0.17333333333333334,6.305735774498329
E5,1,996,18,0.12,13.821248366666353
E5,1,1242,24,0.16,7.156958548530469
E5,1,1258,57,0.38,6.626355943483817
E5,2,5,79,0.5266666666666666,8.69404906400892
E5,2,31,20,0.13333333333333333,7.984106933098021
E5,2,1279,24,0.16,7.692401131498896
E5,3,28,150,1.0,7.088498599138181
E5,3,1073,24,0.16,9.285381218958063
E5,3,1228,88,0.5866666666666667,7.099090618206259
E5,3,1494,32,0.21333333333333335,7.901630222422976
E5,4,5,115,0.7666666666666667,7.225358961937101
E5,4,29,48,0.32,8.487361650460585
E5,4,1082,42,0.28,7.2021190385593625
E5,4,1279,23,0.15333333333333332,7.07452105984965
E5,5,1081,45,0.3,6.390337816484225
E5,6,986,148,0.9866666666666667,6.8799847345864755
E5,7,15,31,0.20666666666666667,6.841993758711253
E5,7,990,117,0.78,9.46848955743384
E5,7,1243,19,0.12666666666666668,8.1731165483165
E5,8,987,123,0.82,7.1403718538972
E5,8,1068,147,0.98,6.802258163051814
E5,9,21,127,0.8466666666666667,7.3489269663985
E5,9,962,23,0.15333333333333332,7.382371136800937
E5,9,1083,120,0.8,6.136053733546604
E5,9,1435,22,0.14666666666666667,6.595518720013047
E5,10,983,118,0.7866666666666666,7.205120300554902
E5,10,1062,49,0.32666666666666666,8.511397641216835
E5,11,16,21,0.14,6.126870623222567
E5,11,1048,47,0.31333333333333335,7.559823382431273
E5,12,982,31,0.20666666666666667,6.772928007281414
E5,12,988,149,0.9933333333333333,6.589784671343611
E5,12,1391,26,0.17333333333333334,7.830154640716687
E5,13,963,54,0.36,6.853865592397967
E5,13,1066,23,0.15333333333333332,7.419487515002609
E5,13,1070,32,0.21333333333333335,7.214800895940939
E5,14,20,150,1.0,8.086512930425917
E5,14,960,150,1.0,7.829374208091368
E5,15,16,84,0.56,6.93481147485318
E5,15,1047,150,1.0,6.8631369482902675
E5,16,1060,29,0.19333333333333333,7.087618619693462
E5,16,1063,15,0.1,8.43531458411943
E5,17,1061,143,0.9533333333333334,7.0417083023105125
E5,17,1226,59,0.3933333333333333,6.35564556217108
E5,18,982,35,0.23333333333333334,6.6832043137460655
E5,18,1064,110,0.7333333333333333,6.667560446704657
E5,18,1391,74,0.49333333333333335,6.580439196278568
E5,19,985,39,0.26,7.005053967174735
E5,19,1067,37,0.24666666666666667,7.261103294249471
E5,19,1227,18,0.12,3.6623804465004626
E5,20,1065,150,1.0,7.898016056872314
E5,21,1151,17,0.11333333333333333,6.499971533170483
E5,22,1018,139,0.9266666666666666,8.311263746567834
E5,22,1032,75,0.5,6.517955730849435
E5,22,1514,71,0.47333333333333333,6.90177726671339
E5,23,1011,70,0.4666666666666667,7.128143192867681
E5,23,1015,48,0.32,6.87840088130046
E5,23,1348,79,0.5266666666666666,7.026035732596151
E5,24,992,92,0.6133333333333333,7.998020138595175
E5,24,994,36,0.24,11.763700741426854
E5,24,1033,150,1.0,6.876768584541085
E5,25,1022,27,0.18,6.5701575021718375
E5,26,1010,150,1.0,6.776362494937061
E5,26,1016,150,1.0,6.651734186569733
E5,27,1012,146,0.9733333333333334,7.113158058306863
E5,27,1017,150,1.0,6.918158086072119
E5,28,29,150,1.0,7.114856776327701
E5,29,30,96,0.64,7.815138060998757
E5,31,997,32,0.21333333333333335,5.2525799594539775
E5,31,1076,26,0.17333333333333334,4.7097748772419665
E5,32,44,92,0.6133333333333333,7.75917136210409
E5,33,56,94,0.6266666666666667,7.831439270271374
E5,33,78,24,0.16,7.422494178797557
E5,33,1057,149,0.9933333333333333,7.032056923768172
E5,34,45,133,0.8866666666666667,8.60706957221317
E5,34,74,67,0.44666666666666666,7.875239356204146
E5,34,75,80,0.5333333333333333,8.152974220903728
E5,34,1358,17,0.11333333333333333,7.928171283365302
E5,35,49,150,1.0,6.927059201673835
E5,35,1059,149,0.9933333333333333,7.148254385895314
E5,36,42,104,0.6933333333333334,4.726213642689141
E5,36,54,148,0.9866666666666667,7.382437091362012
E5,36,1060,20,0.13333333333333333,7.414197261407227
E5,37,47,150,1.0,8.074900150366604
E5,37,58,150,1.0,6.853340940526365
E5,38,52,78,0.52,9.279106766272323
E5,38,1062,148,0.9866666666666667,7.080510621728459
E5,39,53,145,0.9666666666666667,6.992823780191481
E5,39,1063,150,1.0,6.9249100350056425
E5,40,51,20,0.13333333333333333,8.01621223086289
E5,40,56,17,0.11333333333333333,9.296062659266443
E5,40,1061,145,0.9666666666666667,6.750948642791428
E5,41,46,120,0.8,7.05310560335255
E5,41,59,70,0.4666666666666667,9.828417540453147
E5,41,1194,57,0.38,7.379012587234726
E5,41,1377,30,0.2,6.780784363134151
E5,41,1563,15,0.1,10.108710988665813
E5,42,1060,25,0.16666666666666666,6.837161355544574
E5,43,61,150,1.0,6.806588260008466
E5,43,1067,150,1.0,6.860722837748224
E5,44,1243,28,0.18666666666666668,6.723231015335083
E5,45,1068,127,0.8466666666666667,7.483726693124796
E5,46,1064,127,0.8466666666666667,6.82592118157378
E5,47,1065,150,1.0,7.705179342070421
E5,48,58,150,1.0,7.226586119699488
E5,48,68,145,0.9666666666666667,7.1608081685402585
E5,49,87,149,0.9933333333333333,6.989628545470758
E5,50,61,147,0.98,6.790841928847505
E5,50,67,137,0.9133333333333333,5.783834752668486
E5,51,56,19,0.12666666666666668,8.116968544775991
E5,52,71,92,0.6133333333333333,5.563349661128499
E5,53,66,90,0.6,7.131064109520292
E5,53,1486,60,0.4,7.09102113130243
E5,54,73,149,0.9933333333333333,7.041488131997413
E5,55,70,78,0.52,5.957738786409994
E5,55,1086,51,0.34,7.2425983187459
E5,55,1244,26,0.17333333333333334,8.460207856913705
E5,56,1195,37,0.24666666666666667,3.6231722132194637
E5,57,77,150,1.0,6.654396609592319
E5,57,1193,88,0.5866666666666667,6.574576517943356
E5,59,69,112,0.7466666666666667,9.324173112871248
E5,59,1194,47,0.31333333333333335,4.5199480200252475
E5,60,79,150,1.0,6.69413260068738
E5,60,1056,101,0.6733333333333333,6.926229270642836
E5,60,1146,49,0.32666666666666666,6.909743278524084
E5,62,76,138,0.92,6.839771021052063
E5,62,1058,105,0.7,7.936699336328029
E5,62,1085,37,0.24666666666666667,7.060324379717353
E5,64,69,95,0.6333333333333333,7.509956306080068
E5,64,81,21,0.14,7.596807242109878
E5,64,127,86,0.5733333333333334,6.753136889099574
E5,64,1300,26,0.17333333333333334,7.21757870930803
E5,65,80,64,0.4266666666666667,5.137879215587709
E5,65,89,56,0.37333333333333335,3.560692270002879
E5,66,84,92,0.6133333333333333,8.035682251785412
E5,67,85,150,1.0,7.075655606976714
E5,68,83,150,1.0,7.237338354007327
E5,69,1311,55,0.36666666666666664,6.568699402766565
E5,69,1563,27,0.18,9.040823262167853
E5,70,1087,18,0.12,6.766124462093384
E5,71,80,43,0.2866666666666667,8.29739786402931
E5,71,88,27,0.18,6.9046566951987565
E5,71,1261,25,0.16666666666666666,5.120393599056771
E5,73,1088,146,0.9733333333333334,6.551266455377262
E5,74,78,38,0.25333333333333335,5.165288384447371
E5,74,90,130,0.8666666666666667,6.350958129791049
E5,75,95,138,0.92,6.564714503820222
E5,76,91,149,0.9933333333333333,6.615083065714821
E5,77,86,126,0.84,7.229136236184704
E5,78,94,85,0.5666666666666667,7.8145101587588215
E5,79,93,150,1.0,7.241552862621913
E5,80,112,68,0.4533333333333333,7.98345929248261
E5,80,1261,26,0.17333333333333334,6.525353468259945
E5,81,102,50,0.3333333333333333,6.6725873545279075
E5,83,107,141,0.94,7.424618887669612
E5,84,99,150,1.0,7.378185875440567
E5,84,1486,55,0.36666666666666664,8.550295220289264
E5,85,105,42,0.28,6.776702849950478
E5,85,1152,45,0.3,7.223399565281649
E5,86,101,58,0.38666666666666666,6.960170631786967
E5,87,108,121,0.8066666666666666,6.856110645797129
E5,87,1518,27,0.18,6.844211963749666
E5,88,98,101,0.6733333333333333,6.995711513026519
E5,89,123,87,0.58,7.28038116367724
E5,89,1261,26,0.17333333333333334,7.0710310709551525
E5,90,126,111,0.74,7.707438969096041
E5,91,106,150,1.0,6.636478896291543
E5,92,100,73,0.4866666666666667,7.662090808251703
E5,92,1245,33,0.22,6.662722107156425
E5,92,1262,41,0.2733333333333333,7.053555925887859
E5,93,104,150,1.0,7.218370170841181
E5,94,110,145,0.9666666666666667,6.951047642903871
E5,94,1195,39,0.26,5.929021525728787
E5,95,111,136,0.9066666666666666,6.920479454882391
E5,96,97,29,0.19333333333333333,8.01514549138664
E5,96,141,36,0.24,9.401021996472371
E5,96,1425,26,0.17333333333333334,9.98274305019046
E5,97,98,37,0.24666666666666667,7.930463057023438
E5,97,141,19,0.12666666666666668,11.295173861538572
E5,98,143,149,0.9933333333333333,5.932406111933057
E5,99,113,122,0.8133333333333334,6.878850721885253
E5,99,1288,24,0.16,7.03014768585683
E5,100,139,148,0.9866666666666667,7.1818033425528185
E5,100,1262,26,0.17333333333333334,5.989025399645176
E5,101,116,150,1.0,6.758082478543038
E5,101,1262,81,0.54,6.929116721480355
E5,102,117,33,0.22,7.245400094470133
E5,102,127,99,0.66,6.99622589959169
E5,102,1325,108,0.72,6.873459687601128
E5,103,1088,144,0.96,6.826846898325023
E5,103,1090,92,0.6133333333333333,6.5201667945726935
E5,104,121,148,0.9866666666666667,6.417908588543608
E5,106,115,150,1.0,6.969319835041331
E5,107,124,103,0.6866666666666666,7.526163767699534
E5,108,142,123,0.82,7.185111794590871
E5,109,120,145,0.9666666666666667,6.743490982016893
E5,110,114,148,0.9866666666666667,6.461698016156406
E5,111,118,150,1.0,6.59830944485066
E5,112,129,111,0.74,6.521134785776461
E5,113,158,120,0.8,6.927071232529501
E5,114,159,146,0.9733333333333334,7.442517167593971
E5,115,155,150,1.0,7.3709615808977995
E5,116,128,150,1.0,6.754432129121034
E5,117,133,38,0.25333333333333335,6.885792373578954
E5,118,131,150,1.0,6.812836027641149
E5,119,156,149,0.9933333333333333,7.712953387950759
E5,119,1311,17,0.11333333333333333,9.040101831036415
E5,120,132,150,1.0,7.16097478142405
E5,121,130,150,1.0,6.940446055653685
E5,123,136,144,0.96,7.1958520872593885
E5,124,135,137,0.9133333333333333,7.607850389896029
E5,124,1197,33,0.22,7.258016226800934
E5,125,140,140,0.9333333333333333,6.846264887969721
E5,125,1196,86,0.5733333333333334,7.741497704359129
E5,126,138,147,0.98,7.27921626407277
E5,127,1311,16,0.10666666666666667,7.944108338932077
E5,128,173,137,0.9133333333333333,6.678745306693692
E5,130,153,40,0.26666666666666666,7.682243184161608
E5,130,172,110,0.7333333333333333,6.622987452544853
E5,131,145,150,1.0,6.6891810525481015
E5,132,170,128,0.8533333333333334,7.944750279907311
E5,133,148,136,0.9066666666666666,7.050440949422737
E5,133,1325,109,0.7266666666666667,6.661566059801328
E5,134,1152,61,0.4066666666666667,6.731749174658516
E5,135,149,150,1.0,7.206060161623628
E5,136,171,136,0.9066666666666666,8.258206965748785
E5,137,150,77,0.5133333333333333,6.717968338772583
E5,137,1090,54,0.36,6.243399680594599
E5,138,154,150,1.0,6.634863544926416
E5,139,147,148,0.9866666666666667,7.249950065055715
E5,141,1199,30,0.2,8.784944652450699
E5,142,157,150,1.0,7.778880271835419
E5,142,1518,27,0.18,7.22274177558102
E5,143,151,148,0.9866666666666667,7.02203395525106
E5,144,154,140,0.9333333333333333,7.0867036884959385
E5,144,190,52,0.3466666666666667,6.751066847804901
E5,144,1263,60,0.4,7.747951983095969
E5,145,162,84,0.56,7.268487427529146
E5,146,153,129,0.86,6.555764975791335
E5,146,184,92,0.6133333333333333,9.485033619280548
E5,147,187,110,0.7333333333333333,8.501787967519896
E5,148,164,145,0.9666666666666667,6.816019286550634
E5,149,165,150,1.0,6.685753240171857
E5,150,160,19,0.12666666666666668,7.062289234506861
E5,150,175,47,0.31333333333333335,7.371198203190716
E5,151,188,104,0.6933333333333334,7.7925926947939095
E5,152,174,145,0.9666666666666667,6.716749515079411
E5,155,162,66,0.44,7.51502506011011
E5,156,163,65,0.43333333333333335,8.332319454238387
E5,156,1198,24,0.16,5.114427506910372
E5,157,191,143,0.9533333333333334,6.792315993693241
E5,158,1288,20,0.13333333333333333,6.91342720093414
E5,159,168,150,1.0,7.04980493571399
E5,160,175,84,0.56,6.254840479820961
E5,160,205,149,0.9933333333333333,7.739937945479993
E5,162,197,148,0.9866666666666667,7.258582456520462
E5,163,173,42,0.28,7.396263584895245
E5,163,203,135,0.9,6.854140484206994
E5,164,198,39,0.26,7.183034160429658
E5,164,1154,90,0.6,6.9267587262613945
E5,164,1282,15,0.1,7.536615124360785
E5,165,176,149,0.9933333333333333,6.851449163974194
E5,168,185,16,0.10666666666666667,6.8252188822203905
E5,168,195,76,0.5066666666666667,9.12009057539293
E5,169,171,26,0.17333333333333334,5.440469206761813
E5,169,189,75,0.5,5.292179799105838
E5,169,1093,60,0.4,5.207871951635421
E5,170,180,73,0.4866666666666667,5.9528364307468875
E5,171,181,21,0.14,8.764432608048352
E5,171,1200,54,0.36,7.06127070653428
E5,172,183,93,0.62,7.094925112261861
E5,173,207,96,0.64,7.683758090483025
E5,174,175,46,0.30666666666666664,8.25464195092216
E5,175,182,91,0.6066666666666667,7.581794225399503
E5,176,212,147,0.98,6.74298255655721
E5,177,222,144,0.96,7.026022718351923
E5,178,199,40,0.26666666666666666,5.816639994764105
E5,178,211,31,0.20666666666666667,8.412987280041024
E5,179,220,149,0.9933333333333333,6.833294077678345
E5,179,1199,76,0.5066666666666667,8.051427840818492
E5,180,181,58,0.38666666666666666,5.635449375342381
E5,180,213,139,0.9266666666666666,7.126069630682923
E5,181,1200,34,0.22666666666666666,4.983587113040162
E5,183,194,150,1.0,7.478413863018179
E5,183,1092,55,0.36666666666666664,7.4701765902779025
E5,184,206,19,0.12666666666666668,10.57367280956929
E5,185,195,23,0.15333333333333332,5.009553504324629
E5,185,201,32,0.21333333333333335,8.289259724064795
E5,186,204,43,0.2866666666666667,6.075987670098064
E5,187,202,66,0.44,7.090910201884534
E5,189,193,42,0.28,9.885293100516657
E5,189,221,22,0.14666666666666667,7.420891149240068
E5,190,196,68,0.4533333333333333,6.314539744295313
E5,191,192,65,0.43333333333333335,8.851755656787681
E5,191,200,23,0.15333333333333332,8.150477932555166
E5,193,209,109,0.7266666666666667,6.7699801466467955
E5,193,1093,32,0.21333333333333335,9.784599333771101
E5,194,237,150,1.0,7.1125748603438605
E5,195,201,26,0.17333333333333334,8.040519100477777
E5,196,232,90,0.6,7.043418431634047
E5,196,1263,64,0.4266666666666667,7.045238076691717
E5,196,1448,33,0.22,6.635020055788298
E5,197,234,141,0.94,6.742146127052278
E5,198,211,36,0.24,6.8545789303364035
E5,199,211,21,0.14,6.410484041880446
E5,199,235,16,0.10666666666666667,7.2532628588968
E5,200,204,106,0.7066666666666667,7.621195041645988
E5,200,230,137,0.9133333333333333,7.310605138952907
E5,201,239,71,0.47333333333333333,7.635465912328115
E5,202,217,63,0.42,7.108547379866389
E5,203,223,135,0.9,6.75548529302431
E5,205,214,134,0.8933333333333333,6.820832581656572
E5,205,1532,16,0.10666666666666667,6.565706784450395
E5,206,215,150,1.0,6.718643468365713
E5,207,218,150,1.0,7.154697003418652
E5,211,250,146,0.9733333333333334,6.794135887215791
E5,211,1154,39,0.26,7.031501862967255
E5,212,251,128,0.8533333333333334,6.648631887517716
E5,213,247,147,0.98,7.209345938140016
E5,214,243,86,0.5733333333333334,6.955081782736165
E5,214,253,46,0.30666666666666664,7.7909464070277785
E5,215,238,150,1.0,6.889516038699577
E5,216,254,88,0.5866666666666667,6.664902291144019
E5,217,255,15,0.1,8.59856210156448
E5,219,246,93,0.62,8.408167289292443
E5,220,252,150,1.0,6.744298741849592
E5,221,1093,15,0.1,7.437465979062708
E5,221,1231,31,0.20666666666666667,6.516386392162424
E5,222,226,149,0.9933333333333333,7.156947128340548
E5,223,227,150,1.0,6.827451812566766
E5,225,271,99,0.66,7.221616848334361
E5,225,285,48,0.32,7.332278150015224
E5,226,240,112,0.7466666666666667,7.264688609476372
E5,227,265,148,0.9866666666666667,6.637619928510221
E5,228,266,132,0.88,6.450287339520946
E5,229,245,134,0.8933333333333333,6.502152790320643
E5,229,267,67,0.44666666666666666,8.884063102066523
E5,230,270,96,0.64,7.471758911051602
E5,230,1503,31,0.20666666666666667,7.758381052017275
E5,232,239,24,0.16,7.457644051509772
E5,232,241,16,0.10666666666666667,8.54623329148057
E5,232,1349,64,0.4266666666666667,7.41810619774054
E5,232,1410,16,0.10666666666666667,6.3351461033628285
E5,233,1154,32,0.21333333333333335,6.685536997869446
E5,233,1282,16,0.10666666666666667,6.168572690240707
E5,234,242,144,0.96,6.930347490059828
E5,235,1155,20,0.13333333333333333,5.740642772833118
E5,237,248,150,1.0,7.141091991980385
E5,238,244,145,0.9666666666666667,7.8223295174389245
E5,240,271,38,0.25333333333333335,7.329075258097311
E5,240,286,150,1.0,7.475047905833334
E5,241,273,18,0.12,8.23574409926923
E5,242,274,139,0.9266666666666666,6.961379966348271
E5,243,1532,15,0.1,7.129639303999371
E5,244,303,92,0.6133333333333333,6.927672108776836
E5,245,281,150,1.0,6.4761180134571035
E5,246,268,18,0.12,9.530387718931363
E5,246,283,33,0.22,7.416902004736882
E5,247,277,15,0.1,8.729976879771725
E5,248,279,150,1.0,6.778741282506841
E5,249,255,115,0.7666666666666667,6.166614275137083
E5,249,258,136,0.9066666666666666,6.129931947453501
E5,249,1156,22,0.14666666666666667,4.187252721984845
E5,250,259,106,0.7066666666666667,7.432799223940886
E5,251,282,147,0.98,6.828704778307255
E5,252,284,150,1.0,6.734614120404012
E5,253,287,45,0.3,8.188141855567592
E5,253,1456,94,0.6266666666666667,7.690858699855294
E5,254,256,89,0.5933333333333334,6.494149787860028
E5,255,257,105,0.7,7.84106848528489
E5,255,262,19,0.12666666666666668,4.445608025391603
E5,256,298,150,1.0,6.772324258366778
E5,257,333,29,0.19333333333333333,12.446517519205688
E5,258,318,49,0.32666666666666666,7.245618850151348
E5,259,1155,43,0.2866666666666667,6.339995579466307
E5,263,299,56,0.37333333333333335,8.086451619238797
E5,264,300,141,0.94,7.2524325772353855
E5,264,1231,93,0.62,6.507298853867767
E5,265,272,107,0.7133333333333334,6.833996219178561
E5,266,276,99,0.66,5.321740398679878
E5,267,276,25,0.16666666666666666,9.25292652146015
E5,268,283,39,0.26,4.2705414886523085
E5,268,290,28,0.18666666666666668,7.739677661935485
E5,268,1378,37,0.24666666666666667,7.842629315890547
E5,270,299,88,0.5866666666666667,7.227892761092309
E5,271,293,17,0.11333333333333333,8.563408391429194
E5,272,315,67,0.44666666666666666,6.914395606617734
E5,272,316,45,0.3,7.432296224659663
E5,273,312,54,0.36,8.050719143663075
E5,273,1349,72,0.48,7.788978348345877
E5,274,297,17,0.11333333333333333,7.618720124414291
E5,274,312,60,0.4,7.111773773842405
E5,274,314,36,0.24,6.240690680883624
E5,275,313,150,1.0,6.832396391538088
E5,276,315,63,0.42,6.767320908918654
E5,277,292,84,0.56,7.578440718339175
E5,277,301,106,0.7066666666666667,5.60378623434379
E5,278,286,148,0.9866666666666667,6.785165898887493
E5,278,317,140,0.9333333333333333,7.111756195321331
E5,279,295,147,0.98,6.609136455662433
E5,280,316,41,0.2733333333333333,7.3140598717714935
E5,280,318,34,0.22666666666666666,6.596691328725429
E5,281,319,150,1.0,6.480957048240371
E5,282,289,150,1.0,6.814718468992355
E5,283,1405,57,0.38,5.06528617861345
E5,284,291,150,1.0,7.04872445851687
E5,285,292,50,0.3333333333333333,6.914831569803286
E5,285,302,28,0.18666666666666668,7.509999590361415
E5,287,294,52,0.3466666666666667,7.005585337195249
E5,288,348,112,0.7466666666666667,8.120980911727424
E5,288,1247,24,0.16,2.555396420330272
E5,289,335,146,0.9733333333333334,7.781472355468467
E5,291,328,150,1.0,7.663842206258018
E5,292,350,19,0.12666666666666668,10.605785725647506
E5,293,306,16,0.10666666666666667,7.470642399824376
E5,293,330,27,0.18,9.31579772329946
E5,294,1456,97,0.6466666666666666,7.237272821115802
E5,295,307,47,0.31333333333333335,7.009550046713413
E5,295,1381,103,0.6866666666666666,7.138595074359512
E5,296,303,102,0.68,8.221394308378072
E5,296,308,147,0.98,6.483872185139769
E5,296,1349,26,0.17333333333333334,8.470064695803917
E5,297,1308,19,0.12666666666666668,7.006557975169953
E5,298,309,150,1.0,6.967949885690848
E5,299,304,147,0.98,7.342949537120047
E5,300,311,38,0.25333333333333335,7.312813795588755
E5,301,329,121,0.8066666666666666,7.578001667516017
E5,302,306,132,0.88,6.651636721922329
E5,303,1097,43,0.2866666666666667,7.387761024368396
E5,304,1101,74,0.49333333333333335,7.4379551784396485
E5,305,340,75,0.5,7.851881291018988
E5,305,1102,72,0.48,7.972180139453305
E5,306,344,116,0.7733333333333333,6.891876244412111
E5,306,1100,27,0.18,7.274960175185438
E5,307,342,46,0.30666666666666664,6.879341432898994
E5,308,351,147,0.98,6.628667035342606
E5,309,343,146,0.9733333333333334,6.7724275869838735
E5,310,324,63,0.42,5.4704576183693705
E5,310,347,43,0.2866666666666667,6.815227586029065
E5,312,320,113,0.7533333333333333,9.063087459728841
E5,313,349,145,0.9666666666666667,7.067881140950476
E5,314,320,19,0.12666666666666668,8.054522713720612
E5,315,325,21,0.14,7.287002955235369
E5,315,347,82,0.5466666666666666,6.704543718703589
E5,316,318,23,0.15333333333333332,6.732149838101294
E5,316,324,30,0.2,6.52885507927951
E5,316,1099,41,0.2733333333333333,6.099050424408325
E5,317,332,136,0.9066666666666666,6.83903434591151
E5,318,1096,89,0.5933333333333334,5.76450667046357
E5,319,326,150,1.0,6.701197651995082
E5,320,337,150,1.0,6.4582677190566775
E5,321,334,38,0.25333333333333335,8.37538351809955
E5,321,352,19,0.12666666666666668,9.733026321584939
E5,321,1202,38,0.25333333333333335,7.68332179699638
E5,322,333,42,0.28,11.452614087058576
E5,322,362,52,0.3466666666666667,7.368193540531167
E5,323,336,150,1.0,5.940364538210891
E5,323,1097,26,0.17333333333333334,7.7747553530012885
E5,324,362,78,0.52,7.646374853905353
E5,324,378,16,0.10666666666666667,10.628825034324525
E5,325,363,57,0.38,5.998173387694378
E5,325,1202,33,0.22,6.908275666885935
E5,326,365,140,0.9333333333333333,7.069238526113781
E5,327,366,131,0.8733333333333333,6.025547340344442
E5,328,360,95,0.6333333333333333,8.10300684838933
E5,329,341,146,0.9733333333333334,7.2907460148904795
E5,330,346,150,1.0,7.4981742076652225
E5,330,1100,23,0.15333333333333332,8.038615890641735
E5,331,346,92,0.6133333333333333,7.8831813235531785
E5,332,345,150,1.0,6.6138710616675915
E5,334,364,26,0.17333333333333334,8.963727922697544
E5,334,1202,30,0.2,4.843695134246452
E5,335,339,90,0.6,7.504780944391937
E5,335,1160,52,0.3466666666666667,6.1563361192494925
E5,337,357,149,0.9933333333333333,6.819315754187623
E5,338,379,141,0.94,6.540373198931105
E5,339,380,61,0.4066666666666667,7.772261609516302
E5,339,1104,42,0.28,7.908117892867576
E5,340,376,72,0.48,8.073375900453678
E5,341,353,142,0.9466666666666667,5.784078576083779
E5,342,382,150,1.0,6.951325232970487
E5,342,1381,103,0.6866666666666666,6.90619883565225
E5,343,383,40,0.26666666666666666,7.633662385008604
E5,344,377,28,0.18666666666666668,8.00050683617805
E5,344,381,122,0.8133333333333334,6.899225560643176
E5,345,359,150,1.0,7.539602915469769
E5,347,363,59,0.3933333333333333,6.77331375272401
E5,347,375,54,0.36,9.18749654769857
E5,348,1247,23,0.15333333333333332,7.2485782359931505
E5,348,1315,23,0.15333333333333332,7.946989882034174
E5,349,358,89,0.5933333333333334,8.096529071778653
E5,349,360,50,0.3333333333333333,8.50789016008551
E5,350,367,150,1.0,7.314504215466502
E5,351,356,150,1.0,6.929220006974479
E5,352,365,64,0.4266666666666667,7.81746049882539
E5,352,415,141,0.94,7.46852773150976
E5,353,367,101,0.6733333333333333,9.192653305157338
E5,353,386,31,0.20666666666666667,7.308737526947383
E5,355,366,98,0.6533333333333333,5.476089204559984
E5,355,394,48,0.32,7.536523978236644
E5,356,398,150,1.0,6.732798054029524
E5,357,383,110,0.7333333333333333,7.202816602996687
E5,358,361,83,0.5533333333333333,6.074980906919304
E5,359,372,147,0.98,6.272191853579478
E5,360,371,150,1.0,7.203733055889478
E5,362,374,149,0.9933333333333333,6.776960979124669
E5,363,364,62,0.41333333333333333,4.953625364831352
E5,363,399,31,0.20666666666666667,8.144019920789844
E5,364,1202,22,0.14666666666666667,4.4123939881027265
E5,366,1461,47,0.31333333333333335,5.812201013309031
E5,367,391,23,0.15333333333333332,8.514848902031957
E5,369,388,50,0.3333333333333333,6.896297500870432
E5,369,1441,84,0.56,7.118522392301011
E5,370,410,150,1.0,7.235634874684854
E5,370,1102,74,0.49333333333333335,8.414678689917526
E5,371,407,16,0.10666666666666667,6.551113312443143
E5,371,1336,134,0.8933333333333333,6.462063292263447
E5,372,1106,137,0.9133333333333333,7.31873091136474
E5,373,409,44,0.29333333333333333,7.319646543856068
E5,373,1105,32,0.21333333333333335,6.929613250418301
E5,374,390,83,0.5533333333333333,7.853866289452512
E5,375,414,58,0.38666666666666666,7.565544954971103
E5,376,406,150,1.0,7.438182809387223
E5,376,1101,74,0.49333333333333335,7.733910783524363
E5,377,393,119,0.7933333333333333,6.925832492417299
E5,377,1100,89,0.5933333333333334,6.828347689161496
E5,378,413,127,0.8466666666666667,7.346109975532166
E5,378,1099,34,0.22666666666666666,10.753170116142378
E5,379,384,131,0.8733333333333333,8.171852415246699
E5,380,385,48,0.32,6.635418397195533
E5,381,392,142,0.9466666666666667,6.878250103180782
E5,382,389,22,0.14666666666666667,7.368119253490165
E5,382,397,122,0.8133333333333334,7.329574893661704
E5,383,395,150,1.0,6.5498063217297995
E5,385,419,21,0.14,8.415956965824089
E5,385,1104,20,0.13333333333333333,6.73790022900718
E5,385,1290,16,0.10666666666666667,3.1809956435904625
E5,385,1306,18,0.12,7.2433088086009505
E5,385,1414,35,0.23333333333333334,7.058170567518366
E5,385,1482,15,0.1,7.593284867157711
E5,386,1248,106,0.7066666666666667,7.045424739812155
E5,387,430,17,0.11333333333333333,7.871340251299672
E5,389,400,133,0.8866666666666667,6.30973750545656
E5,390,413,23,0.15333333333333332,7.319227947544353
E5,391,430,132,0.88,7.353476433672159
E5,392,428,150,1.0,6.820066608531934
E5,393,431,131,0.8733333333333333,7.058136650237807
E5,394,426,132,0.88,7.380022076657993
E5,394,1290,61,0.4066666666666667,7.882793626776151
E5,395,412,150,1.0,6.8641352689425466
E5,396,429,142,0.9466666666666667,7.973433986934915
E5,397,408,150,1.0,6.847085915022824
E5,398,401,36,0.24,7.619438013470929
E5,398,409,52,0.3466666666666667,7.227377221450791
E5,400,435,134,0.8933333333333333,7.938341224552819
E5,400,1411,17,0.11333333333333333,5.671003525718992
E5,401,411,101,0.6733333333333333,7.641903571844206
E5,401,436,56,0.37333333333333335,7.074372844809161
E5,401,441,85,0.5666666666666667,7.123481594837644
E5,402,403,134,0.8933333333333333,7.105741953386817
E5,403,414,141,0.94,6.9053495970397885
E5,404,443,81,0.54,6.995715058827161
E5,404,1104,31,0.20666666666666667,9.604273528577245
E5,404,1107,32,0.21333333333333335,6.261019787543405
E5,404,1490,51,0.34,7.996806636286206
E5,405,442,149,0.9933333333333333,6.6731613746978224
E5,405,1105,45,0.3,6.748312432107754
E5,406,444,150,1.0,7.400987039633871
E5,408,446,150,1.0,6.996757296450065
E5,409,424,75,0.5,6.738946700792635
E5,410,420,148,0.9866666666666667,7.507188771204651
E5,411,1203,21,0.14,6.689675545223181
E5,412,416,150,1.0,7.051345842599142
E5,413,414,51,0.34,7.1512240516246255
E5,413,423,94,0.6266666666666667,6.482946683281777
E5,415,425,149,0.9933333333333333,6.94603126146488
E5,416,455,147,0.98,6.385560663640197
E5,417,423,47,0.31333333333333335,6.8801317964632
E5,417,434,58,0.38666666666666666,7.0958090289810185
E5,417,450,78,0.52,6.48047081746607
E5,419,452,17,0.11333333333333333,5.282103326150504
E5,420,453,133,0.8866666666666667,7.228580946754419
E5,422,479,149,0.9933333333333333,7.054439581485891
E5,422,1106,140,0.9333333333333333,6.884105090707597
E5,423,433,22,0.14666666666666667,7.0362504673598645
E5,423,460,41,0.2733333333333333,6.585964219141298
E5,424,432,60,0.4,7.735318606966801
E5,424,1108,82,0.5466666666666666,6.999630700497465
E5,425,461,150,1.0,7.072266121707737
E5,426,456,122,0.8133333333333334,7.512639813730635
E5,428,458,140,0.9333333333333333,7.098432145756467
E5,429,443,26,0.17333333333333334,6.928061423238069
E5,429,1164,75,0.5,7.724929541900971
E5,430,438,83,0.5533333333333333,7.71134481430206
E5,430,439,67,0.44666666666666666,7.938642382995513
E5,431,440,150,1.0,7.155332067776166
E5,432,441,28,0.18666666666666668,7.711558150923315
E5,432,475,73,0.4866666666666667,6.559206279900333
E5,434,451,47,0.31333333333333335,6.308690507894652
E5,434,472,25,0.16666666666666666,8.064851370885323
E5,435,471,133,0.8866666666666667,6.846651340974419
E5,435,1338,17,0.11333333333333333,6.653017395524122
E5,436,478,58,0.38666666666666666,7.296250630605539
E5,438,477,138,0.92,6.765914154668175
E5,439,473,94,0.6266666666666667,8.072895992535935
E5,440,454,127,0.8466666666666667,7.008359921661099
E5,441,478,82,0.5466666666666666,7.147858681209026
E5,442,449,150,1.0,7.178963191671308
E5,443,1107,20,0.13333333333333333,3.1936942440166716
E5,444,476,148,0.9866666666666667,7.57805916949208
E5,445,1109,66,0.44,5.889839604140203
E5,446,448,75,0.5,6.80438839312766
E5,446,463,75,0.5,8.13821059422726
E5,448,481,92,0.6133333333333333,7.5788118631173775
E5,448,486,47,0.31333333333333335,7.77176709032064
E5,449,482,108,0.72,6.524272292068353
E5,450,468,110,0.7333333333333333,5.572903618176903
E5,450,472,16,0.10666666666666667,6.4187185515549015
E5,451,472,18,0.12,7.6520782775561536
E5,451,488,129,0.86,6.3537554840578165
E5,452,493,105,0.7,7.184007407567362
E5,452,1110,30,0.2,7.485732003033503
E5,452,1306,33,0.22,6.545839269772923
E5,452,1414,56,0.37333333333333335,6.653698744460501
E5,452,1482,27,0.18,7.077588081160321
E5,453,495,120,0.8,7.088580383124854
E5,454,470,116,0.7733333333333333,7.210420785404831
E5,455,467,150,1.0,6.4381165442989365
E5,456,494,145,0.9666666666666667,5.859927249825997
E5,457,464,33,0.22,7.428076823154492
E5,457,491,112,0.7466666666666667,7.135772737859441
E5,457,1163,135,0.9,6.8031402166432455
E5,458,466,150,1.0,7.0570896807236565
E5,460,468,17,0.11333333333333333,7.06462463390363
E5,461,469,41,0.2733333333333333,8.054822144697578
E5,461,1164,92,0.6133333333333333,5.818923281351597
E5,463,474,122,0.8133333333333334,8.048545690099118
E5,463,486,17,0.11333333333333333,8.07964980045555
E5,464,1109,24,0.16,6.9039676918409505
E5,464,1112,63,0.42,6.719910632813949
E5,465,504,77,0.5133333333333333,6.7235535990005655
E5,465,1109,109,0.7266666666666667,6.574269548214203
E5,465,1112,35,0.23333333333333334,6.633565625803216
E5,466,508,150,1.0,7.199009011859737
E5,467,510,145,0.9666666666666667,7.562354264454363
E5,468,472,18,0.12,7.531345677058642
E5,469,492,54,0.36,8.35227423343554
E5,469,498,32,0.21333333333333335,8.28518104688746
E5,470,509,80,0.5333333333333333,7.0146107532336925
E5,471,511,125,0.8333333333333334,6.997488361076
E5,473,477,45,0.3,7.050182209186177
E5,473,507,134,0.8933333333333333,7.630713984509099
E5,474,487,66,0.44,7.583429565519592
E5,475,480,150,1.0,6.673812349594681
E5,475,1108,77,0.5133333333333333,6.285656067283713
E5,476,490,136,0.9066666666666666,7.504665408560715
E5,477,1291,35,0.23333333333333334,6.569005675513214
E5,478,487,84,0.56,7.34333978910428
E5,479,484,133,0.8866666666666667,7.2902232828308104
E5,480,524,136,0.9066666666666666,6.779739080166809
E5,481,520,52,0.3466666666666667,7.414003856369646
E5,482,496,20,0.13333333333333333,7.863968924950798
E5,483,537,38,0.25333333333333335,8.140316207172967
E5,483,1110,29,0.19333333333333333,8.085614415893017
E5,483,1204,27,0.18,5.31748903552388
E5,484,523,80,0.5333333333333333,7.569760384622685
E5,485,526,42,0.28,7.231996395220438
E5,486,527,149,0.9933333333333333,7.111259302310401
E5,487,501,44,0.29333333333333333,7.258432422460396
E5,487,1283,106,0.7066666666666667,7.131329756276094
E5,488,497,147,0.98,6.680796438591294
E5,490,519,137,0.9133333333333333,8.021952839148797
E5,491,500,95,0.6333333333333333,5.81258832629234
E5,491,525,41,0.2733333333333333,6.543684328071348
E5,492,498,77,0.5133333333333333,7.84490703896093
E5,492,1204,18,0.12,8.034971424102258
E5,493,1165,124,0.8266666666666667,6.696520091881181
E5,494,505,136,0.9066666666666666,6.342920423932013
E5,495,521,132,0.88,7.32534478947603
E5,497,536,120,0.8,7.172318020898817
E5,498,541,39,0.26,6.164392621045281
E5,498,559,105,0.7,8.598357744856797
E5,499,1110,100,0.6666666666666666,6.649704691160343
E5,500,543,42,0.28,6.688573975594914
E5,501,517,44,0.29333333333333333,7.684784999485797
E5,502,535,148,0.9866666666666667,7.1031021666330245
E5,503,510,147,0.98,6.981107828110883
E5,503,518,149,0.9933333333333333,6.454481405688524
E5,504,512,38,0.25333333333333335,6.839624714531421
E5,504,513,83,0.5533333333333333,6.636246452276254
E5,505,542,47,0.31333333333333335,7.313638760353992
E5,506,514,150,1.0,8.62403313611654
E5,506,1291,28,0.18666666666666668,7.202116574185682
E5,507,539,43,0.2866666666666667,11.355982738917582
E5,507,1167,45,0.3,6.066023720703146
E5,508,522,150,1.0,6.869198238824392
E5,509,523,59,0.3933333333333333,7.461851643591655
E5,511,515,150,1.0,6.864115840689121
E5,511,1338,25,0.16666666666666666,6.914176515669417
E5,512,549,51,0.34,6.356985828668957
E5,512,1112,26,0.17333333333333334,7.206854015015362
E5,513,549,66,0.44,6.412900952320113
E5,513,1169,36,0.24,7.4068460889030545
E5,514,1169,42,0.28,8.734692602454752
E5,515,558,147,0.98,6.935745740371422
E5,516,554,136,0.9066666666666666,7.596149733542993
E5,517,555,148,0.9866666666666667,6.680787192000638
E5,517,1283,103,0.6866666666666666,7.3055081242006406
E5,518,540,130,0.8666666666666667,7.57086598345393
E5,519,556,82,0.5466666666666666,7.915570228173491
E5,519,1505,47,0.31333333333333335,7.797810293968509
E5,521,531,143,0.9533333333333334,6.950517705709847
E5,522,532,70,0.4666666666666667,6.887473662576928
E5,522,1340,80,0.5333333333333333,7.137875321748045
E5,523,528,39,0.26,7.4385023837449396
E5,523,557,28,0.18666666666666668,7.772193908065231
E5,524,529,150,1.0,6.6877270463709655
E5,525,543,105,0.7,5.233572501598254
E5,526,533,150,1.0,6.958680451713842
E5,527,534,146,0.9733333333333334,7.1328349605064565
E5,528,557,78,0.52,5.9369693068217915
E5,528,560,42,0.28,7.751256012780434
E5,529,570,149,0.9933333333333333,7.450209490280967
E5,530,536,70,0.4666666666666667,6.972291566868723
E5,530,559,60,0.4,5.7124268013065
E5,531,572,147,0.98,6.931130603224003
E5,532,566,66,0.44,6.81217060000242
E5,533,567,133,0.8866666666666667,7.350979899655828
E5,534,568,87,0.58,7.509446459863394
E5,535,562,130,0.8666666666666667,8.131243608496355
E5,536,544,31,0.20666666666666667,6.804912582427104
E5,536,1351,37,0.24666666666666667,6.009173922672618
E5,537,545,74,0.49333333333333335,7.679759501072263
E5,538,564,16,0.10666666666666667,8.35673910973195
E5,538,1113,26,0.17333333333333334,7.022397049226528
E5,538,1165,53,0.35333333333333333,6.705932698118883
E5,539,565,147,0.98,7.5658830477051495
E5,539,1167,93,0.62,7.103452634536083
E5,540,544,61,0.4066666666666667,6.318861221517364
E5,541,552,52,0.3466666666666667,6.808175689730056
E5,542,546,30,0.2,7.062394811415335
E5,543,548,119,0.7933333333333333,7.168285568233627
E5,545,580,76,0.5066666666666667,8.534334557771563
E5,545,1207,35,0.23333333333333334,6.979489309051144
E5,546,581,86,0.5733333333333334,6.951038339379838
E5,547,556,95,0.6333333333333333,6.0907138111291195
E5,547,588,100,0.6666666666666666,8.580278175049424
E5,547,1505,51,0.34,6.069897542951551
E5,548,576,46,0.30666666666666664,8.333800872431542
E5,548,589,96,0.64,6.845216013372326
E5,549,1206,67,0.44666666666666666,6.596216458210422
E5,550,557,146,0.9733333333333334,7.492809996392834
E5,551,575,30,0.2,9.41237954447069
E5,551,582,121,0.8066666666666666,6.967076150172153
E5,552,584,150,1.0,7.202454009503846
E5,554,574,99,0.66,6.6177903731612275
E5,555,561,150,1.0,6.7894265461590555
E5,558,568,60,0.4,7.148283660427428
E5,558,586,27,0.18,8.825278016907514
E5,559,571,72,0.48,6.890838677648581
E5,560,600,56,0.37333333333333335,7.278122909657951
E5,561,603,150,1.0,6.909681796548418
E5,562,578,143,0.9533333333333334,7.360134676995574
E5,563,605,88,0.5866666666666667,7.102594921606621
E5,564,581,57,0.38,7.890357569321218
E5,564,1344,38,0.25333333333333335,7.295867750771178
E5,565,605,48,0.32,6.513587728480551
E5,566,577,150,1.0,7.003332372765588
E5,566,1340,81,0.54,6.876229050883895
E5,567,600,89,0.5933333333333334,7.727995630168368
E5,568,606,150,1.0,6.842280952660573
E5,569,602,147,0.98,7.143638042891066
E5,570,604,113,0.7533333333333333,7.8505367006573525
E5,571,1307,28,0.18666666666666668,8.222155400161657
E5,572,576,98,0.6533333333333333,6.982902428921681
E5,573,585,50,0.3333333333333333,7.128997987593839
E5,574,607,61,0.4066666666666667,7.682669697628943
E5,574,1302,16,0.10666666666666667,7.318422072608761
E5,575,1114,23,0.15333333333333332,7.2861695327241085
E5,576,596,92,0.6133333333333333,7.009912259710611
E5,577,599,136,0.9066666666666666,7.314364383247533
E5,578,597,149,0.9933333333333333,7.052819648494742
E5,579,583,34,0.22666666666666666,7.6008426683460195
E5,579,587,85,0.5666666666666667,7.907361728618633
E5,580,620,38,0.25333333333333335,8.865340205845401
E5,580,1113,39,0.26,7.7593055765183205
E5,580,1267,111,0.74,7.21475118990936
E5,580,1421,22,0.14666666666666667,6.671089672339327
E5,581,618,150,1.0,7.324748193765796
E5,582,1114,136,0.9066666666666666,6.60969793045314
E5,583,592,33,0.22,6.173271559330999
E5,583,593,69,0.46,6.8488757614002465
E5,583,1351,37,0.24666666666666667,6.378566461855754
E5,584,594,150,1.0,7.030778038477611
E5,586,621,120,0.8,7.743448100054921
E5,586,622,27,0.18,7.399275500579283
E5,586,1168,20,0.13333333333333333,7.362244276555604
E5,587,1114,24,0.16,4.753411735257047
E5,587,1116,90,0.6,5.7084529770207535
E5,588,595,131,0.8733333333333333,6.221416585810792
E5,589,596,57,0.38,7.190846955814255
E5,590,598,124,0.8266666666666667,7.006847707045506
E5,590,1169,115,0.7666666666666667,6.501391385470376
E5,591,605,76,0.5066666666666667,8.225458588332495
E5,592,593,34,0.22666666666666666,5.075114427020345
E5,592,635,134,0.8933333333333333,6.475245950756256
E5,593,638,42,0.28,7.223748950861346
E5,594,636,118,0.7866666666666666,6.986956831282511
E5,594,1236,29,0.19333333333333333,7.357445643252326
E5,595,654,133,0.8866666666666667,8.093502109886415
E5,596,629,112,0.7466666666666667,6.838961774426543
E5,596,637,22,0.14666666666666667,7.3209520204973835
E5,597,610,147,0.98,6.787942772612074
E5,598,639,131,0.8733333333333333,7.23918226604757
E5,599,612,120,0.8,6.796395580935266
E5,600,608,139,0.9266666666666666,8.426155368818703
E5,602,615,31,0.20666666666666667,8.836254701531123
E5,603,616,145,0.9666666666666667,7.055685540354653
E5,604,634,36,0.24,9.985668768045137
E5,606,613,54,0.36,7.160511969715362
E5,606,1326,96,0.64,6.664284454706435
E5,607,609,133,0.8866666666666667,7.173183096555258
E5,607,615,15,0.1,8.542248697742435
E5,608,642,150,1.0,7.434573813270659
E5,609,644,34,0.22666666666666666,7.4771400435484585
E5,609,650,113,0.7533333333333333,7.008203989413852
E5,610,652,134,0.8933333333333333,6.831598182337424
E5,611,649,40,0.26666666666666666,7.8368856423427635
E5,611,670,45,0.3,8.081200594700277
E5,611,1415,44,0.29333333333333333,5.676384256878453
E5,613,643,103,0.6866666666666666,7.061124812824631
E5,614,632,15,0.1,6.480905182540651
E5,614,1116,77,0.5133333333333333,6.873901863652708
E5,615,631,88,0.5866666666666667,5.575573275643293
E5,616,646,150,1.0,6.777113775355613
E5,617,633,20,0.13333333333333333,6.48113210483717
E5,617,1207,31,0.20666666666666667,6.756055976681801
E5,618,653,139,0.9266666666666666,6.535197412673474
E5,620,628,38,0.25333333333333335,6.5181477825542355
E5,621,1117,37,0.24666666666666667,7.272440290274258
E5,622,624,118,0.7866666666666666,8.189783921090674
E5,623,626,146,0.9733333333333334,7.250798059303097
E5,624,657,19,0.12666666666666668,9.916832313838771
E5,625,658,81,0.54,7.864427988249075
E5,625,665,34,0.22666666666666666,6.976853810410631
E5,625,1326,88,0.5866666666666667,6.834563876720283
E5,626,659,42,0.28,7.4761666887442235
E5,627,664,79,0.5266666666666666,6.199301489351717
E5,628,660,144,0.96,6.916752798525044
E5,628,1267,111,0.74,6.190570579081633
E5,629,648,84,0.56,6.711137527664908
E5,629,1171,19,0.12666666666666668,7.585710426946882
E5,630,639,69,0.46,7.6339752485103896
E5,630,682,137,0.9133333333333333,7.072095772763045
E5,631,665,78,0.52,7.004110953658822
E5,632,635,24,0.16,8.432235514509019
E5,632,1118,23,0.15333333333333332,5.619920413538422
E5,634,651,73,0.4866666666666667,7.630362034028412
E5,634,666,49,0.32666666666666666,7.8451266214431925
E5,635,1118,38,0.25333333333333335,5.447970140918063
E5,635,1318,16,0.10666666666666667,8.331266907697831
E5,636,647,26,0.17333333333333334,8.730733860281097
E5,636,1172,55,0.36666666666666664,6.525254774322166
E5,637,648,19,0.12666666666666668,8.001290443027242
E5,637,1171,26,0.17333333333333334,6.524686056845996
E5,638,647,42,0.28,5.884968751857985
E5,638,671,71,0.47333333333333333,6.686743653235855
E5,638,1307,87,0.58,6.702909502729346
E5,639,1208,79,0.5266666666666666,7.207444270001492
E5,640,683,142,0.9466666666666667,6.890292399725194
E5,641,649,40,0.26666666666666666,7.210968469835821
E5,641,1284,25,0.16666666666666666,4.9070118983212385
E5,642,656,80,0.5333333333333333,6.669407836399873
E5,643,675,86,0.5733333333333334,7.143975526804691
E5,643,1326,19,0.12666666666666668,8.953824710314644
E5,644,659,85,0.5666666666666667,6.484517526832754
E5,644,684,45,0.3,6.211714690640819
E5,645,685,138,0.92,6.8690758113544
E5,645,1170,87,0.58,6.267893300277261
E5,646,681,147,0.98,7.214728932128365
E5,647,677,22,0.14666666666666667,9.377146262621396
E5,647,1236,16,0.10666666666666667,7.1401130595629505
E5,648,687,83,0.5533333333333333,7.019168538010278
E5,651,663,106,0.7066666666666667,7.419103893244833
E5,652,1120,128,0.8533333333333334,7.008107291352776
E5,653,667,55,0.36666666666666664,6.337191139921488
E5,653,686,90,0.6,6.559321885853495
E5,654,661,111,0.74,7.232213919717519
E5,654,668,31,0.20666666666666667,6.2506628105473965
E5,655,670,28,0.18666666666666668,6.307410488740711
E5,656,662,116,0.7733333333333333,7.437639368723505
E5,656,680,70,0.4666666666666667,7.66046827682358
E5,656,1284,31,0.20666666666666667,7.822841622897771
E5,657,680,81,0.54,7.615172425342202
E5,657,693,31,0.20666666666666667,8.116845740755393
E5,658,675,59,0.3933333333333333,6.338654938623565
E5,658,717,66,0.44,8.52251656126525
E5,659,685,22,0.14666666666666667,7.3625511237852965
E5,659,694,32,0.21333333333333335,7.9834011516812
E5,660,696,145,0.9666666666666667,6.5076970826666045
E5,661,697,72,0.48,7.211061164710311
E5,661,1173,69,0.46,6.462369668455779
E5,662,679,55,0.36666666666666664,7.041271345484693
E5,662,716,48,0.32,7.8488845750973395
E5,663,676,121,0.8066666666666666,7.463715189529101
E5,664,703,150,1.0,6.8267994699085754
E5,665,701,147,0.98,6.507750463873407
E5,666,702,138,0.92,6.742807047043666
E5,667,674,69,0.46,7.179279877086594
E5,669,698,146,0.9733333333333334,7.311513292060603
E5,669,1415,45,0.3,7.2553149822440846
E5,670,1119,25,0.16666666666666666,4.8611350763728
E5,670,1415,45,0.3,6.113073758430706
E5,671,677,116,0.7733333333333333,6.924818013698322
E5,672,673,60,0.4,4.787245389016188
E5,672,708,124,0.8266666666666667,6.456287214026103
E5,672,1172,67,0.44666666666666666,6.820942897438367
E5,673,695,90,0.6,6.705407475250416
E5,674,686,69,0.46,7.033756640535671
E5,674,731,70,0.4666666666666667,8.253547100596446
E5,674,1237,54,0.36,6.790623995130445
E5,675,693,148,0.9866666666666667,6.80338166976747
E5,676,691,22,0.14666666666666667,7.482570005159829
E5,676,1120,78,0.52,4.807217667707948
E5,677,715,150,1.0,6.6705748136650795
E5,678,682,48,0.32,8.302840350957062
E5,678,689,149,0.9933333333333333,6.6164571458258035
E5,679,692,88,0.5866666666666667,7.330153222437062
E5,679,1284,62,0.41333333333333333,6.707084315364616
E5,680,1209,69,0.46,7.0287807374999005
E5,681,719,141,0.94,7.221148351081323
E5,682,1210,17,0.11333333333333333,6.867419335890998
E5,684,690,132,0.88,6.690389624399217
E5,685,694,16,0.10666666666666667,7.135063302767458
E5,687,688,150,1.0,6.6438377127351576
E5,687,1171,46,0.30666666666666664,6.9158466483421375
E5,687,1517,21,0.14,7.727239441524038
E5,688,710,147,0.98,6.658617703350163
E5,689,711,149,0.9933333333333333,6.773536515374962
E5,690,694,110,0.7333333333333333,7.226204532027745
E5,691,707,25,0.16666666666666666,7.699897175277847
E5,691,1120,49,0.32666666666666666,6.936570702137089
E5,692,704,23,0.15333333333333332,7.7158260889467165
E5,692,732,60,0.4,5.596310686286282
E5,693,730,37,0.24666666666666667,6.7176826721627485
E5,693,1209,55,0.36666666666666664,7.601839103227042
E5,694,718,86,0.5733333333333334,6.467996785705324
E5,694,727,20,0.13333333333333333,7.142120384906375
E5,696,733,148,0.9866666666666667,6.500126693600711
E5,697,734,144,0.96,7.00994689752876
E5,699,709,38,0.25333333333333335,6.020940009053222
E5,700,1208,25,0.16666666666666666,6.735542014213103
E5,701,714,150,1.0,7.019816958126391
E5,702,706,149,0.9933333333333333,6.788725305250477
E5,703,707,125,0.8333333333333334,9.03220871197688
E5,705,712,29,0.19333333333333333,9.365095685711555
E5,705,746,150,1.0,6.765908918608801
E5,706,722,150,1.0,6.908362103732876
E5,707,742,106,0.7066666666666667,6.877172945146993
E5,708,743,125,0.8333333333333334,7.179130068682962
E5,709,726,105,0.7,7.029228239039025
E5,709,1173,96,0.64,4.57680849998938
E5,710,749,150,1.0,6.719543216366398
E5,711,751,148,0.9866666666666667,6.615478814249291
E5,712,730,97,0.6466666666666666,6.961593792493336
E5,712,741,35,0.23333333333333334,7.785260790967275
E5,713,731,34,0.22666666666666666,10.036312786344007
E5,714,725,148,0.9866666666666667,7.073913688070608
E5,715,729,150,1.0,6.744041340237907
E5,716,720,53,0.35333333333333333,7.126888625282698
E5,716,732,41,0.2733333333333333,7.776509520088942
E5,717,723,53,0.35333333333333333,6.4212026713058545
E5,717,724,96,0.64,7.258813435173425
E5,718,721,32,0.21333333333333335,8.647393211910217
E5,718,727,44,0.29333333333333333,6.758452030028601
E5,719,728,150,1.0,7.254232863951636
E5,720,745,28,0.18666666666666668,5.596165636774966
E5,720,760,61,0.4066666666666667,6.965351371356777
E5,721,737,22,0.14666666666666667,7.996414961951266
E5,721,764,16,0.10666666666666667,7.686886794494268
E5,722,754,29,0.19333333333333333,8.626084925800592
E5,723,730,20,0.13333333333333333,11.430763864266796
E5,723,761,40,0.26666666666666666,7.176047407125088
E5,723,1383,28,0.18666666666666668,7.77769916032729
E5,724,762,29,0.19333333333333333,6.59217845148113
E5,724,1383,71,0.47333333333333333,6.550747769445939
E5,725,736,96,0.64,7.59397189329908
E5,726,767,70,0.4666666666666667,6.522984842501404
E5,726,1122,38,0.25333333333333335,4.251620097967695
E5,727,737,117,0.78,6.708198314432677
E5,728,764,29,0.19333333333333333,7.291331291570397
E5,728,766,121,0.8066666666666666,6.914937572093544
E5,729,742,88,0.5866666666666667,6.638728850376865
E5,729,765,60,0.4,7.025202658685768
E5,730,1422,89,0.5933333333333334,7.344545750101786
E5,731,739,60,0.4,7.976523615352804
E5,731,1176,30,0.2,7.57965383152232
E5,731,1412,42,0.28,7.924212295131683
E5,732,744,46,0.30666666666666664,7.261079369869764
E5,732,745,77,0.5133333333333333,6.717848069309984
E5,733,747,149,0.9933333333333333,6.921028158040639
E5,734,748,150,1.0,7.039071916980097
E5,735,1210,20,0.13333333333333333,7.005500257618065
E5,737,776,146,0.9733333333333334,7.1349089361685545
E5,739,1416,16,0.10666666666666667,9.212153785422366
E5,740,746,29,0.19333333333333333,5.516151007753315
E5,740,760,20,0.13333333333333333,8.6068331892166
E5,741,783,149,0.9933333333333333,7.154014470371421
E5,743,755,150,1.0,7.263166145358593
E5,744,745,19,0.12666666666666668,8.363997235310105
E5,744,751,41,0.2733333333333333,7.288005468679642
E5,744,756,39,0.26,5.659486809796601
E5,745,760,47,0.31333333333333335,6.754427952345005
E5,746,752,121,0.8066666666666666,6.814986860265862
E5,747,757,150,1.0,6.676476085885874
E5,748,758,150,1.0,7.027033670709089
E5,749,759,150,1.0,6.664679316448437
E5,751,756,94,0.6266666666666667,6.818188615485032
E5,752,797,138,0.92,7.394167398958387
E5,754,795,79,0.5266666666666666,8.161012245494122
E5,754,1352,59,0.3933333333333333,7.809824830298623
E5,756,1453,23,0.15333333333333332,7.195872960510885
E5,757,780,143,0.9533333333333334,6.956261227583422
E5,758,778,148,0.9866666666666667,7.113013705795029
E5,759,779,150,1.0,6.764922551922375
E5,760,772,48,0.32,7.282878246789151
E5,760,1124,85,0.5666666666666667,6.748384525599323
E5,761,770,148,0.9866666666666667,6.688533385633729
E5,761,1422,97,0.6466666666666666,6.898700931095796
E5,762,775,35,0.23333333333333334,6.530195465311579
E5,764,798,68,0.4533333333333333,8.606848139356376
E5,765,773,149,0.9933333333333333,7.302165748368247
E5,766,777,150,1.0,6.848840848990581
E5,767,774,44,0.29333333333333333,8.905514947723946
E5,767,1122,18,0.12,8.21043640709521
E5,768,779,37,0.24666666666666667,7.31777676394165
E5,768,788,150,1.0,6.585289500806776
E5,769,783,110,0.7333333333333333,8.476468100455984
E5,769,1238,40,0.26666666666666666,6.750581011818937
E5,770,810,107,0.7133333333333334,8.11753234471596
E5,770,814,21,0.14,7.949371894347341
E5,771,781,21,0.14,5.314725341578761
E5,771,1416,47,0.31333333333333335,5.662282568667846
E5,772,784,44,0.29333333333333333,8.534556767756111
E5,772,813,68,0.4533333333333333,7.060439362338015
E5,773,786,105,0.7,7.507672269693264
E5,774,782,58,0.38666666666666666,4.400300162450286
E5,774,793,30,0.2,8.647040065549746
E5,775,789,130,0.8666666666666667,7.476652787901315
E5,775,814,18,0.12,8.302523579245966
E5,775,1383,115,0.7666666666666667,6.559348089179407
E5,776,790,138,0.92,7.823842819740063
E5,777,785,111,0.74,6.6189041387377765
E5,778,794,148,0.9866666666666667,6.982516379631657
E5,779,787,113,0.7533333333333333,6.907100022552684
E5,780,791,149,0.9933333333333333,7.212367496044954
E5,781,796,35,0.23333333333333334,6.9854961692075435
E5,784,813,42,0.28,7.873119956044904
E5,784,1453,19,0.12666666666666668,7.801163227693246
E5,785,823,66,0.44,6.958367502278228
E5,785,830,17,0.11333333333333333,6.759419527063939
E5,785,1252,15,0.1,8.044183558625367
E5,786,792,45,0.3,5.193350429425141
E5,786,825,88,0.5866666666666667,7.456034123555497
E5,787,827,27,0.18,7.541373098619409
E5,788,801,150,1.0,6.7267559569146425
E5,789,802,148,0.9866666666666667,6.681037785357736
E5,790,817,131,0.8733333333333333,7.832337016116788
E5,791,812,149,0.9933333333333333,7.133291754902974
E5,792,804,105,0.7,5.996118786174222
E5,792,811,27,0.18,10.067494554029222
E5,793,807,69,0.46,8.398821151827779
E5,793,1239,96,0.64,4.302325623526946
E5,794,808,150,1.0,7.238302330939335
E5,796,806,113,0.7533333333333333,7.5048919505372185
E5,796,1416,80,0.5333333333333333,6.858804839782382
E5,797,805,140,0.9333333333333333,7.430445270301225
E5,801,821,150,1.0,6.706807974892187
E5,802,841,150,1.0,6.737765387662845
E5,804,818,103,0.6866666666666666,6.205876254811983
E5,805,837,56,0.37333333333333335,10.541943377446607
E5,805,845,32,0.21333333333333335,7.841141186792226
E5,806,815,28,0.18666666666666668,4.916470010563241
E5,806,826,127,0.8466666666666667,6.793694955378962
E5,806,1293,22,0.14666666666666667,4.03303663836513
E5,807,820,150,1.0,7.518998835559651
E5,807,1239,27,0.18,8.21133303199957
E5,808,827,122,0.8133333333333334,6.330500750764266
E5,809,810,52,0.3466666666666667,7.182354556897543
E5,809,829,75,0.5,5.921891770451047
E5,809,1238,26,0.17333333333333334,6.713669867124902
E5,810,822,62,0.41333333333333333,7.467625214439243
E5,810,847,43,0.2866666666666667,7.10024763766043
E5,811,824,102,0.68,6.107956371265925
E5,812,819,150,1.0,7.281518830931096
E5,813,828,26,0.17333333333333334,7.157436901989409
E5,814,816,55,0.36666666666666664,7.583622165407127
E5,815,1293,21,0.14,6.801153254972232
E5,816,822,17,0.11333333333333333,7.808661473131873
E5,816,1126,48,0.32,5.683860579801334
E5,817,838,47,0.31333333333333335,5.424529489397657
E5,818,824,63,0.42,7.609545633902114
E5,818,825,18,0.12,8.423651485542722
E5,818,833,67,0.44666666666666666,6.9188539253368
E5,819,840,143,0.9533333333333334,7.565517195862614
E5,820,834,149,0.9933333333333333,7.461104142425421
E5,821,846,150,1.0,6.5980563433363795
E5,822,847,20,0.13333333333333333,7.72044309493194
E5,822,1126,73,0.4866666666666667,7.106562850988848
E5,823,830,23,0.15333333333333332,7.090450521383652
E5,823,832,43,0.2866666666666667,7.4504074924353025
E5,824,839,52,0.3466666666666667,7.074583093842717
E5,825,842,44,0.29333333333333333,6.384354350401973
E5,825,859,66,0.44,7.982320147735741
E5,826,836,148,0.9866666666666667,6.417110318494642
E5,827,843,138,0.92,6.735054953547202
E5,828,837,17,0.11333333333333333,6.798666552780621
E5,829,847,93,0.62,7.192856502271542
E5,830,839,49,0.32666666666666666,6.990335578824677
E5,831,838,93,0.62,6.96649633603446
E5,832,851,28,0.18666666666666668,8.330745747621897
E5,832,1125,53,0.35333333333333333,7.292865385484186
E5,833,1179,43,0.2866666666666667,6.346996853835194
E5,834,1178,74,0.49333333333333335,9.065400346258542
E5,834,1516,45,0.3,8.854272747454669
E5,836,861,125,0.8333333333333334,7.398130321337106
E5,837,844,15,0.1,9.13122315488644
E5,837,1127,30,0.2,7.0518588132063105
E5,838,857,18,0.12,6.040750191838287
E5,838,860,124,0.8266666666666667,6.5479949708746
E5,839,851,112,0.7466666666666667,7.4605433552803015
E5,840,859,30,0.2,8.038263603961278
E5,840,1406,23,0.15333333333333332,6.876073536335949
E5,841,848,22,0.14666666666666667,9.173581328999864
E5,841,857,18,0.12,7.703660308458459
E5,842,858,23,0.15333333333333332,8.17924598499517
E5,843,1177,75,0.5,6.733599074805091
E5,844,846,118,0.7866666666666666,6.931445550366542
E5,844,856,119,0.7933333333333333,6.776201154181874
E5,845,852,28,0.18666666666666668,7.267802700743629
E5,846,1127,32,0.21333333333333335,6.995914899228239
E5,847,863,77,0.5133333333333333,7.098292554164549
E5,848,853,40,0.26666666666666666,12.523501977089445
E5,848,857,119,0.7933333333333333,5.794564339405786
E5,848,876,47,0.31333333333333335,7.738486847514887
E5,849,854,150,1.0,6.809350878370267
E5,849,870,40,0.26666666666666666,8.247442928673237
E5,850,852,50,0.3333333333333333,7.053539047564992
E5,850,874,102,0.68,6.600770882452738
E5,851,870,41,0.2733333333333333,6.707179329066006
E5,853,876,50,0.3333333333333333,6.141134782880761
E5,853,1126,31,0.20666666666666667,7.107659846449695
E5,854,860,142,0.9466666666666667,6.741239312462908
E5,855,872,65,0.43333333333333335,6.842532032557518
E5,855,873,145,0.9666666666666667,6.855346000610836
E5,855,1177,71,0.47333333333333333,6.8413085785272925
E5,856,879,127,0.8466666666666667,6.321910082543462
E5,858,859,100,0.6666666666666666,7.2324555382302
E5,858,878,40,0.26666666666666666,7.243049282203568
E5,858,1406,26,0.17333333333333334,6.472538989756704
E5,858,1444,26,0.17333333333333334,6.997867722610626
E5,858,1501,80,0.5333333333333333,7.2190825715792
E5,861,871,132,0.88,7.501456883473843
E5,863,875,132,0.88,7.915289659327465
E5,864,895,15,0.1,6.973281492474401
E5,865,872,48,0.32,7.4244172994655235
E5,865,890,82,0.5466666666666666,7.229846104998512
E5,866,873,131,0.8733333333333333,6.943116243671021
E5,866,891,51,0.34,6.888673574409575
E5,866,1215,15,0.1,4.924329443409873
E5,867,894,16,0.10666666666666667,7.8024419176975295
E5,867,1130,25,0.16666666666666666,8.313745790088097
E5,868,872,34,0.22666666666666666,5.382025285841843
E5,868,1129,21,0.14,7.063303442302389
E5,868,1178,49,0.32666666666666666,6.300357060992786
E5,868,1297,15,0.1,8.376093765693101
E5,868,1516,37,0.24666666666666667,6.176208053240921
E5,869,879,121,0.8066666666666666,6.360496312391846
E5,869,892,55,0.36666666666666664,6.700973748884211
E5,869,1354,28,0.18666666666666668,6.740310128893805
E5,871,877,64,0.4266666666666667,7.2441984706450935
E5,871,1319,70,0.4666666666666667,6.725691093226611
E5,872,1297,38,0.25333333333333335,7.85593828145454
E5,874,875,144,0.96,7.241049111076404
E5,877,895,69,0.46,6.669095708309307
E5,878,1347,40,0.26666666666666666,7.185268634272115
E5,880,890,138,0.92,6.509990264136933
E5,880,903,141,0.94,6.332440468780309
E5,881,882,30,0.2,8.048115517580584
E5,881,910,71,0.47333333333333333,7.3781605559161045
E5,881,1240,27,0.18,6.753397066972404
E5,882,889,32,0.21333333333333335,7.35918894180549
E5,882,897,26,0.17333333333333334,5.478684321241598
E5,882,1131,64,0.4266666666666667,6.743582878839322
E5,882,1253,18,0.12,6.822846547482495
E5,883,887,150,1.0,6.584972489403614
E5,883,911,150,1.0,6.659570009903773
E5,884,891,108,0.72,7.3457235278471655
E5,884,906,37,0.24666666666666667,9.629744395547192
E5,884,1457,16,0.10666666666666667,8.876130504758093
E5,885,886,46,0.30666666666666664,6.859699822207162
E5,885,907,21,0.14,7.884106298117081
E5,887,894,150,1.0,6.70892033376952
E5,888,892,88,0.5866666666666667,4.498679491565527
E5,888,909,141,0.94,6.635725104402014
E5,889,892,123,0.82,6.831085900148137
E5,889,1240,39,0.26,6.640250815380773
E5,890,1297,57,0.38,7.3095056363619655
E5,891,1181,41,0.2733333333333333,4.653611814927334
E5,891,1215,39,0.26,8.695835403393644
E5,892,1131,16,0.10666666666666667,8.163781920372726
E5,893,1132,17,0.11333333333333333,10.959485903435757
E5,894,1341,38,0.25333333333333335,7.858583372032005
E5,894,1347,96,0.64,6.715784601232172
E5,895,1130,26,0.17333333333333334,8.029747919048416
E5,895,1133,90,0.6,7.776218368915059
E5,895,1319,63,0.42,8.317763162700821
E5,895,1355,18,0.12,8.934830707478845
E5,896,909,93,0.62,5.333412719290835
E5,896,917,54,0.36,5.708166940948185
E5,897,904,120,0.8,6.995105940153888
E5,897,1369,40,0.26666666666666666,6.682036160495264
E5,898,908,142,0.9466666666666667,6.572486997289313
E5,898,919,150,1.0,7.074658200654828
E5,899,922,140,0.9333333333333333,7.156684677731239
E5,899,1130,18,0.12,10.976946548570883
E5,899,1133,107,0.7133333333333334,7.17147885309155
E5,901,921,149,0.9933333333333333,6.6651371923307545
E5,901,1134,27,0.18,6.793240756921539
E5,901,1183,108,0.72,8.180559221144273
E5,902,908,64,0.4266666666666667,5.176063105577837
E5,903,906,38,0.25333333333333335,4.005835819966494
E5,903,927,75,0.5,7.321778796512314
E5,904,909,33,0.22,7.7074166089720055
E5,906,927,19,0.12666666666666668,4.366834266312241
E5,907,910,115,0.7666666666666667,7.458738044542076
E5,907,926,72,0.48,7.584977762082806
E5,911,1134,30,0.2,6.8004663475367035
E5,911,1273,17,0.11333333333333333,8.182532172518151
E5,912,916,87,0.58,6.799516632740308
E5,912,936,55,0.36666666666666664,4.717190645334029
E5,912,939,44,0.29333333333333333,7.546283794562447
E5,913,943,47,0.31333333333333335,7.037544240671453
E5,913,1184,23,0.15333333333333332,6.343610440794888
E5,913,1185,61,0.4066666666666667,6.471535036358832
E5,913,1386,105,0.7,6.611407001676955
E5,914,918,149,0.9933333333333333,8.100692003198583
E5,914,924,31,0.20666666666666667,7.2971929237341415
E5,914,1254,77,0.5133333333333333,7.322376033284737
E5,914,1528,40,0.26666666666666666,7.317329096017941
E5,915,938,83,0.5533333333333333,8.82812014882215
E5,915,1241,53,0.35333333333333333,5.73014457530091
E5,916,922,139,0.9266666666666666,7.3838289986582
E5,916,937,50,0.3333333333333333,6.189390222906776
E5,917,918,119,0.7933333333333333,8.104636106700656
E5,917,923,82,0.5466666666666666,7.137786221242683
E5,918,1218,21,0.14,6.36009818181744
E5,919,1183,104,0.6933333333333334,7.498329997298225
E5,919,1479,31,0.20666666666666667,7.265774558944475
E5,920,925,148,0.9866666666666667,6.7799772799619396
E5,921,1184,16,0.10666666666666667,8.179737799558378
E5,921,1386,107,0.7133333333333334,6.8657382118592345
E5,923,927,127,0.8466666666666667,4.095628794865679
E5,924,942,29,0.19333333333333333,8.047576218705
E5,925,1253,15,0.1,7.323654546891127
E5,925,1254,21,0.14,9.401505049471464
E5,925,1369,42,0.28,6.7400707605779635
E5,928,959,145,0.9666666666666667,5.850527574453408
E5,928,1136,22,0.14666666666666667,6.107864089388076
E5,929,958,15,0.1,12.96886940090098
E5,929,959,98,0.6533333333333333,10.110998046294261
E5,929,1287,17,0.11333333333333333,7.928282586586476
E5,929,1471,17,0.11333333333333333,12.150253183323713
E5,933,1333,27,0.18,3.596663124563228
E5,934,938,15,0.1,10.17579484881825
E5,934,1241,15,0.1,5.239465626938745
E5,935,936,69,0.46,6.955971031029406
E5,935,939,69,0.46,4.27855827322582
E5,935,1135,118,0.7866666666666666,6.230773866752695
E5,936,937,37,0.24666666666666667,5.286887935977499
E5,936,939,18,0.12,4.598823745375807
E5,938,940,135,0.9,7.026837482210802
E5,938,1184,20,0.13333333333333333,9.354848656168835
E5,940,1135,99,0.66,7.551468162150556
E5,940,1479,15,0.1,8.058599016283159
E5,942,943,63,0.42,7.36501722193573
E5,942,1185,69,0.46,6.454672317473875
E5,942,1254,51,0.34,8.392270606843633
E5,942,1528,28,0.18666666666666668,8.729010781660625
E5,943,1241,56,0.37333333333333335,5.681866414079486
E5,944,946,31,0.20666666666666667,4.577205495025573
E5,944,1142,22,0.14666666666666667,9.012666249150712
E5,946,1140,63,0.42,6.875748064849801
E5,946,1141,35,0.23333333333333334,5.76692713989627
E5,946,1468,71,0.47333333333333333,4.615533844015623
E5,947,949,32,0.21333333333333335,8.34145999908373
E5,947,975,91,0.6066666666666667,5.306908625350188
E5,947,1139,83,0.5533333333333333,6.642241300957507
E5,948,1140,26,0.17333333333333334,6.438305432414731
E5,949,1139,27,0.18,3.8321388435570074
E5,949,1140,60,0.4,5.025082286762422
E5,949,1141,19,0.12666666666666668,6.865022364078737
E5,949,1219,33,0.22,5.769289926450749
E5,952,955,25,0.16666666666666666,7.69080751585845
E5,952,956,112,0.7466666666666667,5.9958090585812025
E5,952,1186,29,0.19333333333333333,6.222146692457392
E5,952,1187,25,0.16666666666666666,6.029828752339382
E5,953,954,137,0.9133333333333333,4.117822924433063
E5,953,955,72,0.48,4.96099990927658
E5,954,957,20,0.13333333333333333,9.063578270470524
E5,954,1219,39,0.26,6.65618983077408
E5,955,1137,32,0.21333333333333335,5.944835636143044
E5,955,1138,87,0.58,5.482651302523075
E5,956,1136,55,0.36666666666666664,6.5904991053673205
E5,960,1050,142,0.9466666666666667,7.449049393218915
E5,961,989,23,0.15333333333333332,6.063900111523434
E5,961,1149,68,0.4533333333333333,7.001048282432983
E5,962,1052,31,0.20666666666666667,6.8150378204279525
E5,963,1024,148,0.9866666666666667,6.7237959339420685
E5,963,1150,77,0.5133333333333333,6.514368149400069
E5,964,991,95,0.6333333333333333,6.565724095737504
E5,964,1027,93,0.62,7.644240111955518
E5,965,982,19,0.12666666666666668,9.568048068543442
E5,965,1147,27,0.18,7.245237626202225
E5,965,1391,80,0.5333333333333333,7.995994299900847
E5,966,969,65,0.43333333333333335,6.399146551974383
E5,967,1221,37,0.24666666666666667,9.509790227318168
E5,967,1222,16,0.10666666666666667,6.655467987569422
E5,969,971,111,0.74,5.9898945482326305
E5,969,1221,27,0.18,6.629909749063584
E5,970,971,16,0.10666666666666667,8.141724233138508
E5,970,1142,119,0.7933333333333333,5.856971946074735
E5,971,972,135,0.9,6.59975627626885
E5,972,974,146,0.9733333333333334,6.380933995703215
E5,974,1141,53,0.35333333333333333,7.461729975534001
E5,976,1024,103,0.6866666666666666,7.593029270251403
E5,976,1029,43,0.2866666666666667,7.685846982218473
E5,976,1044,133,0.8866666666666667,7.0080416075130065
E5,977,981,19,0.12666666666666668,7.535530599782642
E5,977,998,62,0.41333333333333333,9.364551341968859
E5,977,1027,15,0.1,9.949636931535103
E5,978,1034,27,0.18,5.298491979538867
E5,978,1433,20,0.13333333333333333,6.396597064345151
E5,979,1003,24,0.16,9.603009055860541
E5,979,1035,57,0.38,7.139263404247866
E5,979,1038,22,0.14666666666666667,8.351570063908191
E5,980,1008,54,0.36,7.088233299085822
E5,980,1009,95,0.6333333333333333,8.827980820647578
E5,981,1002,149,0.9933333333333333,6.9231799126617775
E5,981,1010,104,0.6933333333333334,7.184379146517427
E5,983,1046,27,0.18,7.184265455140294
E5,983,1051,51,0.34,7.6179899517799425
E5,985,1049,148,0.9866666666666667,7.309405961590263
E5,985,1227,42,0.28,7.333828611925958
E5,986,991,149,0.9933333333333333,5.747279786703156
E5,987,1041,150,1.0,6.831431283549265
E5,987,1071,27,0.18,7.8328744560853165
E5,988,1042,150,1.0,6.560965050610245
E5,990,1053,145,0.9666666666666667,7.118052014448265
E5,991,1226,50,0.3333333333333333,4.562735680477592
E5,992,994,56,0.37333333333333335,7.718410301858637
E5,992,1073,32,0.21333333333333335,4.835856933602788
E5,993,1023,96,0.64,7.036354615395422
E5,993,1077,61,0.4066666666666667,6.147985667089602
E5,994,1079,146,0.9733333333333334,6.47296994981326
E5,995,1021,31,0.20666666666666667,2.6276770257970763
E5,995,1077,27,0.18,8.78892808432796
E5,995,1363,20,0.13333333333333333,2.027286247766114
E5,996,1258,57,0.38,7.319876845433702
E5,996,1299,33,0.22,7.009136024624312
E5,997,1076,47,0.31333333333333335,5.516124677384571
E5,998,1029,122,0.8133333333333334,6.985096381682605
E5,998,1144,58,0.38666666666666666,7.266503300042966
E5,999,1030,146,0.9733333333333334,7.133453037765831
E5,999,1054,110,0.7333333333333333,6.655095999628089
E5,999,1143,35,0.23333333333333334,7.0227568481244775
E5,1000,1032,50,0.3333333333333333,7.487255277447716
E5,1000,1052,107,0.7133333333333334,6.801565896217833
E5,1000,1514,58,0.38666666666666666,7.079106171767138
E5,1002,1025,149,0.9933333333333333,7.30102203477892
E5,1003,1026,131,0.8733333333333333,5.597049498029972
E5,1003,1328,41,0.2733333333333333,9.410276503732028
E5,1003,1407,17,0.11333333333333333,5.830040194187235
E5,1004,1052,15,0.1,8.349778659039297
E5,1005,1036,134,0.8933333333333333,6.970337167575679
E5,1005,1051,53,0.35333333333333333,7.014772518546569
E5,1005,1189,52,0.3466666666666667,5.511736448262375
E5,1006,1033,141,0.94,6.99457804137652
E5,1006,1053,150,1.0,6.928323456440124
E5,1007,1031,51,0.34,7.638958206994397
E5,1007,1055,113,0.7533333333333333,7.442885139189738
E5,1008,1223,34,0.22666666666666666,5.346016083419387
E5,1008,1380,16,0.10666666666666667,9.12868293551959
E5,1010,1037,33,0.22,7.323341892541329
E5,1011,1030,150,1.0,6.782724907055401
E5,1011,1034,80,0.5333333333333333,7.429994240812424
E5,1012,1035,139,0.9266666666666666,7.5510406605103855
E5,1013,1043,117,0.78,6.531438453358422
E5,1013,1224,43,0.2866666666666667,3.235459559258286
E5,1013,1380,55,0.36666666666666664,10.64011515782946
E5,1015,1019,51,0.34,6.633743791540819
E5,1016,1020,148,0.9866666666666667,6.774425164543775
E5,1017,1023,57,0.38,8.197086751929682
E5,1018,1072,93,0.62,9.384948307605516
E5,1018,1276,56,0.37333333333333335,7.220457358412432
E5,1019,1348,91,0.6066666666666667,6.576397803913258
E5,1019,1363,25,0.16666666666666666,8.264927771799206
E5,1020,1022,150,1.0,6.547152921786702
E5,1021,1363,29,0.19333333333333333,3.9680372729988465
E5,1022,1277,99,0.66,6.999273556410027
E5,1025,1041,150,1.0,7.398149315845956
E5,1026,1050,146,0.9733333333333334,7.087875994376662
E5,1027,1144,31,0.20666666666666667,8.547057131629813
E5,1028,1043,138,0.92,7.85393518147865
E5,1028,1047,150,1.0,7.412365986665649
E5,1031,1045,37,0.24666666666666667,8.034236819204102
E5,1034,1374,27,0.18,6.4765590843198
E5,1035,1328,79,0.5266666666666666,6.955903618969507
E5,1039,1044,27,0.18,3.393315845799789
E5,1040,1069,50,0.3333333333333333,8.435677535126706
E5,1042,1054,110,0.7333333333333333,6.709292129523501
E5,1042,1143,35,0.23333333333333334,7.2055021224556866
E5,1043,1044,19,0.12666666666666668,7.545371414953566
E5,1044,1493,15,0.1,4.989355696587683
E5,1046,1189,101,0.6733333333333333,7.167408190799021
E5,1052,1404,27,0.18,6.884973490432086
E5,1055,1083,119,0.7933333333333333,7.921417296777368
E5,1056,1070,99,0.66,7.1518265749670045
E5,1057,1071,106,0.7066666666666667,7.432036459546743
E5,1059,1145,122,0.8133333333333334,6.568826500722974
E5,1064,1365,36,0.24,6.618023928264513
E5,1064,1377,23,0.15333333333333332,7.162894027900793
E5,1066,1146,23,0.15333333333333332,7.524633140017208
E5,1066,1150,84,0.56,7.89249404469777
E5,1067,1227,37,0.24666666666666667,6.022147655838584
E5,1068,1069,21,0.14,7.563533688300338
E5,1069,1085,47,0.31333333333333335,13.065435688225392
E5,1069,1358,23,0.15333333333333332,6.650226932526549
E5,1070,1146,28,0.18666666666666668,7.6210555507776085
E5,1070,1227,19,0.12666666666666668,6.147723994602047
E5,1072,1073,16,0.10666666666666667,10.334725100472099
E5,1072,1228,58,0.38666666666666666,7.587795144650238
E5,1072,1494,19,0.12666666666666668,8.664923519264967
E5,1074,1191,27,0.18,2.6991600774740725
E5,1074,1220,23,0.15333333333333332,6.122077546859469
E5,1075,1079,24,0.16,7.268726387893278
E5,1076,1078,51,0.34,6.702101780841215
E5,1077,1363,27,0.18,8.489992024040994
E5,1078,1080,105,0.7,5.9893613090626
E5,1078,1465,23,0.15333333333333332,5.441011511422044
E5,1079,1082,64,0.4266666666666667,6.973291290324965
E5,1079,1277,55,0.36666666666666664,7.79708976550532
E5,1080,1191,55,0.36666666666666664,8.568370272489055
E5,1080,1220,30,0.2,5.880895902140364
E5,1084,1145,125,0.8333333333333334,4.0224864258868225
E5,1084,1149,88,0.5866666666666667,4.526502669592842
E5,1086,1087,62,0.41333333333333333,7.026455111674274
E5,1091,1424,19,0.12666666666666668,6.982507244375721
E5,1103,1160,53,0.35333333333333333,6.870856177311503
E5,1109,1534,48,0.32,6.0595730776178645
E5,1113,1344,43,0.2866666666666667,7.29571177887229
E5,1116,1318,21,0.14,7.513783561552232
E5,1131,1240,16,0.10666666666666667,7.2153839360580845
E5,1135,1445,15,0.1,7.354030838302642
E5,1136,1186,19,0.12666666666666668,5.848645170572652
E5,1139,1219,39,0.26,3.4468054457299666
E5,1140,1141,18,0.12,3.5239814144836634
E5,1142,1468,43,0.2866666666666667,8.972705427807847
E5,1163,1336,126,0.84,6.181806885764971
E5,1165,1344,55,0.36666666666666664,6.643863173329142
E5,1169,1206,20,0.13333333333333333,8.028608972125097
E5,1191,1465,15,0.1,8.414931312868731
E5,1199,1425,22,0.14666666666666667,8.129852202071373
E5,1214,1216,23,0.15333333333333332,8.142627166315712
E5,1216,1319,16,0.10666666666666667,6.885484605080695
E5,1228,1276,31,0.20666666666666667,7.68880195856206
E5,1290,1394,24,0.16,4.987423870327337
E5,1292,1344,27,0.18,6.793776987291267
E5,1341,1501,20,0.13333333333333333,6.6954853762717566
E5,1347,1417,29,0.19333333333333333,7.915597270221267
E5,1365,1391,29,0.19333333333333333,7.018131617171909
E5,1378,1405,64,0.4266666666666667,8.080446145422655
E5,1394,1414,17,0.11333333333333333,6.9144528952735165
E5,1402,1517,15,0.1,6.721112849126478
E5,1404,1514,16,0.10666666666666667,6.953252190170397
